Ax,Ay,Az,Gx,Gy,Gz,Label
-0.000,0.007,1.027,1.138,-3.675,-0.884,Idle
-0.001,0.008,1.024,1.120,-3.631,-0.928,Idle
-0.004,0.008,1.025,1.085,-3.631,-0.919,Idle
-0.002,0.008,1.025,1.085,-3.640,-0.936,Idle
0.000,0.008,1.025,1.094,-3.631,-0.910,Idle
-0.002,0.009,1.025,1.102,-3.658,-0.910,Idle
-0.003,0.008,1.024,1.033,-3.631,-0.919,Idle
-0.000,0.007,1.025,1.129,-3.649,-0.901,Idle
-0.000,0.008,1.026,1.085,-3.614,-0.901,Idle
-0.003,0.009,1.026,1.129,-3.605,-0.919,Idle
-0.002,0.008,1.024,1.129,-3.631,-0.910,Idle
-0.001,0.008,1.025,1.076,-3.631,-0.901,Idle
0.000,0.007,1.025,1.102,-3.710,-0.945,Idle
-0.002,0.008,1.026,1.138,-3.658,-0.901,Idle
-0.003,0.009,1.025,1.085,-3.640,-0.928,Idle
-0.001,0.007,1.025,1.076,-3.666,-0.998,Idle
-0.002,0.007,1.024,1.041,-3.649,-0.901,Idle
-0.003,0.008,1.026,1.094,-3.666,-0.919,Idle
-0.001,0.008,1.024,1.111,-3.614,-0.901,Idle
-0.001,0.008,1.025,1.085,-3.622,-0.945,Idle
-0.003,0.008,1.026,1.120,-3.614,-0.901,Idle
-0.002,0.008,1.026,1.111,-3.649,-0.919,Idle
0.000,0.008,1.026,1.094,-3.579,-0.928,Idle
-0.002,0.008,1.025,1.094,-3.658,-0.954,Idle
-0.004,0.008,1.026,1.085,-3.622,-0.892,Idle
-0.002,0.008,1.026,1.102,-3.649,-0.928,Idle
-0.001,0.008,1.025,1.138,-3.631,-0.884,Idle
-0.000,0.007,1.025,1.094,-3.684,-0.866,Idle
-0.003,0.008,1.026,1.102,-3.675,-0.901,Idle
-0.003,0.008,1.026,1.059,-3.640,-0.884,Idle
-0.001,0.008,1.024,1.067,-3.649,-0.884,Idle
-0.001,0.007,1.025,1.050,-3.596,-0.928,Idle
-0.002,0.009,1.026,1.041,-3.640,-0.910,Idle
-0.002,0.008,1.027,1.129,-3.631,-0.901,Idle
-0.001,0.008,1.025,1.111,-3.649,-0.910,Idle
-0.001,0.008,1.026,1.067,-3.622,-0.928,Idle
-0.006,0.007,1.022,1.015,-3.614,-0.910,Idle
-0.001,0.009,1.026,0.954,-3.553,-0.892,Idle
-0.003,0.006,1.028,1.067,-3.658,-0.936,Idle
-0.004,0.009,1.027,1.050,-3.588,-0.919,Idle
-0.002,0.008,1.027,1.111,-3.622,-0.875,Idle
-0.001,0.008,1.031,1.155,-3.710,-0.945,Idle
-0.001,0.007,1.025,1.033,-3.622,-0.910,Idle
-0.003,0.008,1.026,1.102,-3.666,-0.919,Idle
-0.001,0.007,1.025,1.102,-3.675,-0.892,Idle
-0.000,0.008,1.026,1.085,-3.701,-0.928,Idle
-0.002,0.007,1.025,1.041,-3.605,-0.936,Idle
-0.003,0.009,1.026,1.111,-3.675,-0.910,Idle
-0.000,0.010,1.023,1.067,-3.658,-0.901,Idle
-0.001,0.009,1.027,1.120,-3.666,-0.928,Idle
-0.003,0.008,1.023,1.067,-3.561,-0.910,Idle
-0.002,0.008,1.023,1.006,-3.631,-0.884,Idle
-0.001,0.008,1.026,1.102,-3.614,-0.936,Idle
-0.002,0.008,1.025,1.041,-3.631,-0.892,Idle
-0.004,0.009,1.027,1.059,-3.649,-0.919,Idle
-0.002,0.008,1.024,1.111,-3.622,-0.875,Idle
0.001,0.006,1.026,1.120,-3.658,-0.884,Idle
-0.003,0.009,1.026,1.076,-3.605,-0.892,Idle
-0.002,0.009,1.025,1.129,-3.640,-0.928,Idle
-0.000,0.010,1.027,1.120,-3.649,-0.919,Idle
0.001,0.008,1.024,1.102,-3.631,-0.875,Idle
-0.001,0.008,1.024,1.085,-3.605,-0.901,Idle
-0.002,0.009,1.025,1.146,-3.622,-0.901,Idle
0.000,0.008,1.025,1.076,-3.649,-0.928,Idle
-0.004,0.012,1.028,1.067,-3.675,-0.936,Idle
-0.002,0.009,1.031,1.120,-3.701,-0.945,Idle
-0.003,0.008,1.032,1.041,-3.596,-0.910,Idle
-0.001,0.006,1.027,1.094,-3.622,-0.928,Idle
0.001,0.009,1.026,1.094,-3.649,-0.919,Idle
0.000,0.007,1.024,1.129,-3.693,-0.945,Idle
-0.002,0.007,1.027,1.111,-3.614,-0.901,Idle
-0.002,0.008,1.027,1.033,-3.614,-0.901,Idle
-0.002,0.009,1.024,1.067,-3.666,-0.928,Idle
0.002,0.007,1.031,1.190,-3.675,-0.936,Idle
-0.003,0.007,1.027,0.998,-3.588,-0.936,Idle
-0.004,0.008,1.028,1.094,-3.622,-0.910,Idle
-0.000,0.009,1.025,1.120,-3.675,-0.840,Idle
0.001,0.007,1.027,1.094,-3.658,-0.919,Idle
-0.004,0.008,1.026,1.094,-3.693,-0.910,Idle
-0.003,0.009,1.025,1.146,-3.666,-0.910,Idle
-0.001,0.007,1.026,1.138,-3.605,-0.919,Idle
-0.002,0.008,1.024,1.050,-3.605,-0.936,Idle
-0.004,0.009,1.025,1.050,-3.631,-0.928,Idle
-0.002,0.009,1.025,1.102,-3.666,-0.945,Idle
0.000,0.008,1.026,1.067,-3.675,-0.910,Idle
-0.001,0.008,1.026,1.094,-3.631,-0.928,Idle
-0.003,0.009,1.024,1.085,-3.649,-0.945,Idle
-0.002,0.008,1.027,1.111,-3.649,-0.954,Idle
0.000,0.010,1.025,1.024,-3.596,-0.919,Idle
-0.002,0.009,1.026,1.181,-3.675,-0.910,Idle
-0.004,0.009,1.026,1.024,-3.622,-0.901,Idle
-0.000,0.007,1.026,1.111,-3.631,-0.884,Idle
0.000,0.008,1.024,1.120,-3.666,-0.954,Idle
-0.002,0.008,1.025,1.076,-3.649,-0.910,Idle
-0.002,0.008,1.023,1.111,-3.666,-0.892,Idle
0.000,0.007,1.029,1.164,-3.658,-0.901,Idle
-0.004,0.006,1.023,0.980,-3.561,-0.928,Idle
-0.002,0.009,1.027,1.076,-3.675,-0.919,Idle
-0.001,0.009,1.024,1.059,-3.622,-0.928,Idle
-0.000,0.008,1.027,1.138,-3.675,-0.901,Idle
-0.002,0.008,1.024,1.067,-3.675,-0.901,Idle
-0.002,0.008,1.025,1.050,-3.622,-0.928,Idle
-0.000,0.007,1.025,1.102,-3.640,-0.962,Idle
0.000,0.009,1.024,1.102,-3.631,-0.945,Idle
-0.002,0.007,1.025,1.050,-3.684,-0.901,Idle
-0.002,0.008,1.027,1.155,-3.675,-0.919,Idle
-0.001,0.008,1.024,1.041,-3.579,-0.928,Idle
-0.001,0.009,1.025,1.129,-3.649,-0.954,Idle
-0.002,0.009,1.027,1.085,-3.622,-0.971,Idle
-0.002,0.008,1.024,1.094,-3.631,-0.919,Idle
-0.000,0.007,1.026,1.059,-3.605,-0.928,Idle
-0.001,0.009,1.024,1.033,-3.570,-0.919,Idle
-0.001,0.007,1.028,1.111,-3.666,-0.919,Idle
-0.000,0.009,1.027,1.111,-3.605,-0.866,Idle
-0.002,0.008,1.025,1.076,-3.588,-0.910,Idle
-0.002,0.007,1.027,1.102,-3.640,-0.936,Idle
-0.001,0.008,1.026,1.102,-3.614,-0.945,Idle
0.000,0.006,1.027,1.085,-3.640,-0.884,Idle
-0.003,0.008,1.022,1.033,-3.579,-0.892,Idle
-0.003,0.007,1.027,1.041,-3.588,-0.928,Idle
-0.001,0.008,1.028,1.120,-3.675,-0.901,Idle
-0.002,0.007,1.021,0.962,-3.553,-0.919,Idle
-0.002,0.008,1.024,1.024,-3.631,-0.919,Idle
-0.001,0.009,1.026,1.085,-3.675,-0.928,Idle
-0.003,0.008,1.025,1.085,-3.588,-0.884,Idle
-0.001,0.010,1.024,1.102,-3.631,-0.849,Idle
-0.002,0.008,1.026,1.006,-3.605,-0.892,Idle
-0.001,0.008,1.028,1.076,-3.631,-0.928,Idle
-0.002,0.006,1.024,1.024,-3.588,-0.928,Idle
-0.001,0.008,1.026,1.059,-3.614,-0.928,Idle
0.000,0.008,1.025,1.120,-3.693,-0.962,Idle
-0.002,0.009,1.028,1.111,-3.640,-0.936,Idle
-0.002,0.009,1.027,1.085,-3.588,-0.928,Idle
-0.001,0.008,1.026,1.076,-3.649,-0.910,Idle
-0.001,0.007,1.025,1.085,-3.640,-0.892,Idle
-0.002,0.008,1.027,1.085,-3.622,-0.919,Idle
-0.002,0.008,1.025,1.041,-3.605,-0.910,Idle
-0.002,0.008,1.025,1.085,-3.622,-0.910,Idle
-0.000,0.008,1.023,1.102,-3.640,-0.892,Idle
-0.003,0.008,1.027,1.120,-3.701,-0.884,Idle
-0.001,0.008,1.026,1.138,-3.649,-0.936,Idle
-0.001,0.008,1.025,1.041,-3.614,-0.910,Idle
-0.001,0.009,1.023,1.120,-3.631,-0.945,Idle
-0.003,0.009,1.027,1.094,-3.605,-0.945,Idle
-0.001,0.009,1.028,1.164,-3.649,-0.928,Idle
0.001,0.008,1.026,1.076,-3.596,-0.954,Idle
-0.004,0.009,1.024,1.094,-3.588,-0.875,Idle
-0.003,0.010,1.024,1.129,-3.675,-0.892,Idle
-0.001,0.008,1.027,1.138,-3.701,-0.945,Idle
-0.001,0.008,1.025,1.033,-3.579,-0.928,Idle
-0.002,0.008,1.025,1.102,-3.666,-0.971,Idle
-0.001,0.008,1.024,1.129,-3.640,-0.919,Idle
-0.001,0.008,1.027,1.111,-3.596,-0.954,Idle
-0.001,0.009,1.024,1.094,-3.588,-0.936,Idle
-0.002,0.008,1.025,1.076,-3.596,-0.901,Idle
-0.001,0.009,1.026,1.120,-3.666,-0.901,Idle
-0.002,0.009,1.026,1.041,-3.631,-0.936,Idle
-0.002,0.008,1.024,1.050,-3.596,-0.910,Idle
-0.001,0.008,1.023,1.085,-3.631,-0.919,Idle
0.000,0.008,1.025,1.102,-3.640,-0.919,Idle
-0.001,0.008,1.025,1.059,-3.596,-0.989,Idle
-0.003,0.009,1.026,1.094,-3.614,-0.928,Idle
-0.001,0.009,1.024,1.120,-3.622,-0.928,Idle
0.001,0.008,1.027,1.102,-3.658,-0.928,Idle
-0.002,0.009,1.025,1.094,-3.649,-0.928,Idle
-0.002,0.009,1.027,1.102,-3.605,-0.954,Idle
-0.000,0.008,1.025,1.102,-3.614,-0.954,Idle
-0.001,0.008,1.026,1.076,-3.588,-0.910,Idle
0.001,0.008,1.025,1.050,-3.605,-0.936,Idle
-0.004,0.009,1.025,1.076,-3.622,-0.858,Idle
-0.003,0.009,1.023,1.033,-3.622,-0.936,Idle
0.000,0.008,1.026,1.085,-3.631,-0.892,Idle
-0.001,0.007,1.025,1.129,-3.649,-0.884,Idle
-0.005,0.009,1.027,1.102,-3.622,-0.928,Idle
-0.001,0.008,1.027,1.173,-3.649,-0.954,Idle
-0.002,0.006,1.024,1.006,-3.553,-0.910,Idle
-0.002,0.008,1.027,1.085,-3.614,-0.936,Idle
-0.002,0.010,1.027,1.120,-3.658,-0.910,Idle
-0.001,0.009,1.026,1.102,-3.640,-0.936,Idle
0.000,0.008,1.026,1.120,-3.596,-0.945,Idle
-0.000,0.007,1.023,1.050,-3.588,-0.919,Idle
-0.001,0.010,1.029,1.173,-3.658,-0.919,Idle
-0.000,0.008,1.029,1.129,-3.640,-0.910,Idle
0.001,0.007,1.020,1.050,-3.666,-0.945,Idle
-0.002,0.008,1.027,1.138,-3.675,-0.936,Idle
-0.003,0.008,1.026,1.067,-3.614,-0.928,Idle
-0.001,0.009,1.026,1.067,-3.596,-0.936,Idle
-0.000,0.008,1.024,1.094,-3.605,-0.928,Idle
-0.002,0.009,1.025,1.094,-3.605,-0.936,Idle
-0.003,0.008,1.024,1.076,-3.596,-0.919,Idle
-0.001,0.009,1.027,1.129,-3.640,-0.919,Idle
0.000,0.008,1.026,1.067,-3.658,-0.954,Idle
-0.002,0.008,1.025,1.094,-3.640,-0.928,Idle
-0.002,0.010,1.026,1.059,-3.631,-0.954,Idle
-0.000,0.008,1.024,1.050,-3.631,-0.954,Idle
-0.000,0.008,1.026,1.129,-3.605,-0.875,Idle
-0.003,0.009,1.026,1.059,-3.631,-0.910,Idle
-0.003,0.010,1.026,1.094,-3.666,-0.954,Idle
-0.001,0.009,1.024,1.076,-3.605,-0.919,Idle
0.000,0.009,1.024,1.094,-3.640,-0.884,Idle
-0.003,0.009,1.026,1.050,-3.596,-0.901,Idle
-0.003,0.010,1.026,1.094,-3.596,-0.945,Idle
-0.000,0.009,1.025,1.085,-3.666,-0.866,Idle
-0.001,0.008,1.026,1.120,-3.658,-0.910,Idle
-0.003,0.008,1.024,1.085,-3.649,-0.945,Idle
-0.003,0.007,1.024,1.138,-3.588,-0.928,Idle
-0.002,0.009,1.024,1.085,-3.658,-0.892,Idle
-0.001,0.009,1.026,1.094,-3.631,-0.928,Idle
-0.001,0.009,1.025,1.129,-3.640,-0.945,Idle
-0.001,0.010,1.025,1.085,-3.614,-0.901,Idle
-0.001,0.009,1.025,1.094,-3.666,-0.945,Idle
-0.000,0.008,1.025,1.085,-3.631,-0.901,Idle
-0.002,0.009,1.025,1.059,-3.605,-0.936,Idle
-0.001,0.008,1.025,1.059,-3.631,-0.919,Idle
0.000,0.008,1.027,1.076,-3.605,-0.936,Idle
-0.002,0.009,1.023,1.085,-3.588,-0.892,Idle
-0.001,0.009,1.025,1.120,-3.640,-0.945,Idle
-0.001,0.008,1.025,1.120,-3.614,-0.936,Idle
-0.001,0.008,1.025,1.120,-3.614,-0.928,Idle
-0.002,0.009,1.025,1.085,-3.658,-0.884,Idle
-0.001,0.008,1.025,1.102,-3.684,-0.910,Idle
-0.000,0.009,1.024,1.111,-3.684,-0.998,Idle
-0.001,0.008,1.028,1.138,-3.658,-0.936,Idle
-0.002,0.007,1.025,1.024,-3.570,-0.866,Idle
-0.002,0.010,1.026,1.111,-3.666,-0.936,Idle
-0.002,0.009,1.024,1.067,-3.622,-0.910,Idle
-0.002,0.008,1.026,1.024,-3.675,-0.901,Idle
0.000,0.010,1.026,1.085,-3.588,-0.910,Idle
-0.002,0.009,1.024,1.155,-3.631,-0.866,Idle
-0.002,0.009,1.027,1.094,-3.561,-0.928,Idle
-0.001,0.008,1.026,1.085,-3.649,-0.928,Idle
0.000,0.010,1.025,1.120,-3.675,-0.901,Idle
-0.002,0.010,1.025,1.094,-3.622,-0.928,Idle
-0.002,0.009,1.025,1.059,-3.666,-0.936,Idle
-0.002,0.009,1.026,1.111,-3.614,-0.928,Idle
-0.001,0.009,1.025,1.024,-3.614,-0.901,Idle
-0.000,0.009,1.025,1.102,-3.631,-0.928,Idle
-0.002,0.010,1.026,1.102,-3.605,-0.971,Idle
-0.001,0.009,1.026,1.102,-3.631,-0.919,Idle
-0.001,0.009,1.026,1.076,-3.605,-0.919,Idle
-0.002,0.009,1.026,1.085,-3.614,-0.875,Idle
-0.002,0.009,1.024,1.076,-3.631,-0.945,Idle
-0.002,0.009,1.025,1.076,-3.631,-0.945,Idle
0.000,0.009,1.025,1.129,-3.596,-0.910,Idle
0.000,0.008,1.024,1.076,-3.649,-0.901,Idle
-0.003,0.009,1.025,1.059,-3.658,-0.919,Idle
-0.002,0.009,1.026,1.094,-3.640,-0.910,Idle
0.000,0.009,1.026,1.129,-3.631,-0.910,Idle
0.000,0.009,1.026,1.067,-3.622,-0.901,Idle
-0.003,0.009,1.026,1.050,-3.640,-0.892,Idle
-0.001,0.009,1.025,1.076,-3.640,-0.901,Idle
-0.002,0.009,1.025,1.102,-3.640,-0.892,Idle
-0.000,0.009,1.024,1.041,-3.622,-0.936,Idle
-0.002,0.009,1.027,1.120,-3.640,-0.910,Idle
-0.002,0.010,1.024,1.102,-3.640,-0.910,Idle
-0.001,0.009,1.027,1.094,-3.605,-0.928,Idle
-0.001,0.008,1.025,1.138,-3.649,-0.910,Idle
-0.004,0.008,1.024,1.033,-3.570,-0.936,Idle
-0.001,0.008,1.026,1.111,-3.658,-0.875,Idle
-0.000,0.010,1.026,1.102,-3.684,-0.919,Idle
-0.001,0.008,1.025,1.085,-3.649,-0.910,Idle
-0.002,0.008,1.027,1.094,-3.640,-0.919,Idle
-0.001,0.009,1.025,1.059,-3.640,-0.892,Idle
-0.001,0.009,1.026,1.085,-3.596,-0.928,Idle
-0.002,0.010,1.025,1.059,-3.622,-0.919,Idle
-0.003,0.009,1.024,1.059,-3.614,-0.866,Idle
-0.001,0.009,1.026,1.094,-3.631,-0.928,Idle
-0.001,0.009,1.026,1.085,-3.631,-0.892,Idle
-0.001,0.009,1.024,1.085,-3.605,-0.910,Idle
-0.001,0.009,1.024,1.102,-3.631,-0.945,Idle
-0.002,0.009,1.024,1.067,-3.605,-0.919,Idle
-0.001,0.008,1.026,1.111,-3.658,-0.910,Idle
-0.002,0.009,1.025,1.094,-3.631,-0.936,Idle
-0.001,0.008,1.025,1.041,-3.631,-0.980,Idle
-0.001,0.009,1.026,1.094,-3.649,-0.892,Idle
-0.002,0.008,1.025,1.050,-3.570,-0.936,Idle
-0.003,0.009,1.027,1.085,-3.658,-0.945,Idle
-0.001,0.009,1.024,1.085,-3.640,-0.919,Idle
-0.001,0.009,1.026,1.094,-3.605,-0.892,Idle
-0.001,0.009,1.026,1.102,-3.579,-0.936,Idle
-0.001,0.009,1.025,1.059,-3.605,-0.866,Idle
-0.001,0.009,1.025,1.076,-3.622,-0.901,Idle
-0.000,0.009,1.027,1.094,-3.684,-0.962,Idle
-0.001,0.009,1.026,1.102,-3.640,-0.928,Idle
-0.002,0.009,1.025,1.059,-3.596,-0.954,Idle
-0.001,0.009,1.024,1.085,-3.622,-0.954,Idle
-0.000,0.009,1.024,1.076,-3.649,-0.884,Idle
-0.002,0.009,1.026,1.067,-3.622,-0.919,Idle
-0.001,0.009,1.025,1.102,-3.570,-0.936,Idle
-0.001,0.008,1.025,1.050,-3.614,-0.936,Idle
-0.000,0.009,1.024,1.041,-3.596,-0.884,Idle
-0.001,0.008,1.027,1.085,-3.631,-0.936,Idle
-0.002,0.009,1.025,1.059,-3.605,-0.884,Idle
-0.001,0.008,1.026,1.129,-3.640,-0.945,Idle
-0.002,0.009,1.026,1.102,-3.631,-0.945,Idle
-0.001,0.010,1.027,1.111,-3.622,-0.884,Idle
-0.001,0.009,1.025,1.076,-3.614,-0.892,Idle
-0.002,0.009,1.024,1.067,-3.640,-0.901,Idle
-0.003,0.009,1.025,1.085,-3.622,-0.945,Idle
-0.001,0.008,1.027,1.085,-3.640,-0.901,Idle
-0.001,0.008,1.025,1.041,-3.640,-0.919,Idle
-0.002,0.009,1.024,1.041,-3.596,-0.928,Idle
-0.002,0.009,1.025,1.138,-3.640,-0.928,Idle
-0.000,0.008,1.026,1.120,-3.640,-0.910,Idle
-0.001,0.009,1.026,1.102,-3.631,-0.892,Idle
-0.001,0.009,1.025,1.059,-3.640,-0.866,Idle
-0.001,0.009,1.025,1.076,-3.622,-0.866,Idle
-0.001,0.009,1.024,1.076,-3.658,-0.928,Idle
-0.001,0.009,1.025,1.067,-3.640,-0.928,Idle
-0.001,0.009,1.025,1.050,-3.649,-0.928,Idle
-0.001,0.010,1.026,1.094,-3.640,-0.980,Idle
-0.002,0.009,1.026,1.067,-3.622,-0.928,Idle
-0.002,0.010,1.026,1.085,-3.622,-0.936,Idle
0.000,0.008,1.023,1.094,-3.640,-0.954,Idle
0.001,0.009,1.025,1.138,-3.640,-0.928,Idle
-0.001,0.009,1.025,1.120,-3.631,-0.980,Idle
-0.003,0.009,1.025,1.076,-3.596,-0.962,Idle
-0.001,0.009,1.024,1.076,-3.649,-0.954,Idle
-0.000,0.008,1.026,1.076,-3.666,-0.936,Idle
-0.002,0.009,1.025,1.059,-3.693,-0.901,Idle
-0.003,0.010,1.025,1.041,-3.649,-0.945,Idle
-0.000,0.009,1.024,1.059,-3.614,-0.866,Idle
-0.001,0.009,1.023,1.076,-3.649,-0.936,Idle
-0.002,0.009,1.025,1.102,-3.631,-0.910,Idle
-0.002,0.009,1.026,1.111,-3.588,-0.928,Idle
-0.000,0.009,1.023,1.050,-3.631,-0.936,Idle
-0.001,0.009,1.025,1.111,-3.666,-0.901,Idle
-0.001,0.009,1.026,1.129,-3.666,-0.928,Idle
-0.001,0.010,1.026,1.050,-3.640,-0.928,Idle
-0.001,0.009,1.026,1.094,-3.614,-0.971,Idle
-0.001,0.008,1.024,1.076,-3.631,-0.928,Idle
-0.000,0.009,1.027,1.129,-3.684,-0.936,Idle
-0.001,0.009,1.024,1.085,-3.596,-0.919,Idle
-0.001,0.009,1.025,1.111,-3.614,-0.945,Idle
-0.001,0.009,1.025,1.050,-3.640,-0.928,Idle
-0.001,0.009,1.026,1.076,-3.622,-0.954,Idle
-0.000,0.009,1.026,1.067,-3.631,-0.928,Idle
0.000,0.010,1.023,1.041,-3.570,-0.954,Idle
0.000,0.008,1.025,1.094,-3.605,-0.945,Idle
-0.003,0.009,1.027,1.094,-3.614,-0.910,Idle
-0.002,0.010,1.026,1.059,-3.658,-0.928,Idle
0.000,0.009,1.024,1.111,-3.631,-0.919,Idle
-0.000,0.009,1.026,1.102,-3.675,-0.936,Idle
-0.002,0.010,1.026,1.059,-3.614,-0.971,Idle
0.000,0.009,1.026,1.085,-3.614,-0.962,Idle
0.000,0.009,1.025,1.094,-3.640,-0.928,Idle
-0.001,0.009,1.025,1.059,-3.579,-0.919,Idle
-0.001,0.010,1.025,1.050,-3.666,-0.936,Idle
-0.000,0.009,1.027,1.076,-3.640,-0.954,Idle
0.001,0.010,1.024,1.094,-3.622,-0.919,Idle
-0.003,0.010,1.026,1.085,-3.614,-0.936,Idle
-0.003,0.010,1.024,1.094,-3.640,-0.936,Idle
0.001,0.008,1.025,1.085,-3.631,-0.919,Idle
-0.000,0.009,1.026,1.059,-3.658,-0.919,Idle
-0.001,0.009,1.025,1.094,-3.649,-0.962,Idle
-0.000,0.009,1.025,1.102,-3.649,-0.928,Idle
-0.001,0.009,1.025,1.102,-3.605,-0.901,Idle
-0.000,0.008,1.025,1.067,-3.649,-0.928,Idle
-0.002,0.010,1.026,1.129,-3.649,-0.919,Idle
-0.001,0.010,1.025,1.085,-3.596,-0.954,Idle
-0.001,0.009,1.025,1.094,-3.631,-0.954,Idle
-0.001,0.009,1.025,1.094,-3.649,-0.971,Idle
-0.001,0.009,1.024,1.102,-3.658,-0.971,Idle
-0.001,0.009,1.026,1.111,-3.640,-0.936,Idle
0.000,0.009,1.025,1.085,-3.649,-0.945,Idle
-0.001,0.009,1.024,1.067,-3.622,-0.945,Idle
-0.002,0.009,1.025,1.059,-3.631,-0.954,Idle
-0.001,0.010,1.025,1.085,-3.596,-0.928,Idle
-0.000,0.009,1.026,1.067,-3.640,-0.928,Idle
-0.000,0.009,1.026,1.076,-3.658,-0.901,Idle
-0.001,0.009,1.025,1.094,-3.614,-0.919,Idle
-0.001,0.009,1.025,1.085,-3.649,-0.910,Idle
-0.000,0.010,1.025,1.111,-3.605,-0.945,Idle
-0.000,0.010,1.026,1.085,-3.693,-0.962,Idle
-0.001,0.009,1.025,1.076,-3.622,-0.919,Idle
-0.002,0.010,1.026,1.085,-3.666,-0.962,Idle
-0.000,0.009,1.024,1.094,-3.640,-0.928,Idle
-0.001,0.009,1.026,1.102,-3.614,-0.910,Idle
-0.001,0.010,1.025,1.085,-3.631,-0.936,Idle
-0.001,0.009,1.027,1.094,-3.614,-0.928,Idle
-0.003,0.009,1.024,1.120,-3.605,-0.901,Idle
-0.001,0.008,1.026,1.085,-3.675,-0.962,Idle
-0.001,0.009,1.025,1.033,-3.622,-0.919,Idle
-0.000,0.010,1.026,1.041,-3.640,-0.884,Idle
-0.001,0.009,1.026,1.085,-3.622,-0.945,Idle
-0.001,0.009,1.026,1.102,-3.675,-0.936,Idle
-0.002,0.009,1.026,1.041,-3.614,-0.919,Idle
-0.001,0.010,1.026,1.085,-3.622,-0.910,Idle
-0.001,0.010,1.026,1.076,-3.640,-0.945,Idle
-0.001,0.010,1.026,1.111,-3.675,-0.901,Idle
-0.000,0.009,1.026,1.102,-3.684,-0.928,Idle
-0.001,0.009,1.025,1.102,-3.631,-0.962,Idle
-0.001,0.009,1.025,1.094,-3.640,-0.919,Idle
-0.001,0.009,1.026,1.120,-3.631,-0.928,Idle
-0.001,0.009,1.025,1.102,-3.605,-0.954,Idle
-0.001,0.010,1.026,1.076,-3.605,-0.919,Idle
-0.001,0.009,1.026,1.059,-3.631,-0.928,Idle
-0.002,0.009,1.026,1.067,-3.622,-0.919,Idle
-0.002,0.010,1.027,1.120,-3.622,-0.928,Idle
-0.000,0.009,1.024,1.024,-3.631,-0.945,Idle
-0.001,0.009,1.025,1.120,-3.649,-0.928,Idle
-0.001,0.009,1.026,1.050,-3.614,-0.910,Idle
-0.001,0.010,1.027,1.076,-3.622,-0.954,Idle
-0.001,0.009,1.026,1.111,-3.622,-0.910,Idle
-0.001,0.009,1.026,1.085,-3.605,-0.910,Idle
-0.001,0.009,1.026,1.120,-3.649,-0.954,Idle
-0.001,0.009,1.026,1.076,-3.701,-0.928,Idle
-0.001,0.009,1.025,1.015,-3.596,-0.962,Idle
-0.002,0.009,1.026,1.033,-3.649,-0.980,Idle
-0.000,0.009,1.027,1.094,-3.666,-0.954,Idle
0.000,0.010,1.026,1.015,-3.614,-0.910,Idle
-0.001,0.009,1.026,1.067,-3.649,-0.928,Idle
-0.001,0.010,1.025,1.102,-3.666,-0.945,Idle
-0.001,0.010,1.026,1.067,-3.675,-0.945,Idle
-0.000,0.009,1.027,1.041,-3.596,-0.954,Idle
-0.000,0.009,1.026,1.076,-3.622,-0.910,Idle
-0.001,0.010,1.024,1.041,-3.640,-0.945,Idle
-0.000,0.009,1.027,1.120,-3.649,-0.954,Idle
0.000,0.009,1.025,1.085,-3.614,-0.910,Idle
-0.001,0.010,1.028,1.059,-3.588,-0.954,Idle
-0.000,0.009,1.024,1.067,-3.658,-0.858,Idle
-0.000,0.009,1.025,1.076,-3.631,-0.910,Idle
-0.001,0.009,1.025,1.076,-3.666,-0.884,Idle
-0.002,0.009,1.025,1.050,-3.605,-0.928,Idle
-0.001,0.010,1.027,1.085,-3.614,-0.901,Idle
-0.001,0.010,1.027,1.024,-3.640,-0.954,Idle
-0.000,0.009,1.027,1.067,-3.614,-0.919,Idle
-0.001,0.009,1.026,1.050,-3.631,-0.945,Idle
0.000,0.009,1.024,1.102,-3.640,-0.928,Idle
-0.001,0.009,1.026,1.076,-3.631,-0.936,Idle
-0.001,0.009,1.026,1.111,-3.649,-0.901,Idle
-0.001,0.009,1.025,1.033,-3.631,-0.936,Idle
-0.001,0.009,1.025,1.094,-3.649,-0.892,Idle
-0.000,0.009,1.025,1.085,-3.675,-0.971,Idle
-0.000,0.009,1.027,1.076,-3.649,-0.936,Idle
-0.001,0.010,1.025,1.102,-3.631,-0.928,Idle
-0.001,0.010,1.025,1.120,-3.649,-0.936,Idle
-0.001,0.009,1.025,1.067,-3.658,-0.892,Idle
-0.000,0.009,1.027,1.102,-3.614,-0.928,Idle
-0.001,0.009,1.025,1.033,-3.622,-0.892,Idle
-0.001,0.009,1.025,0.998,-3.622,-0.936,Idle
-0.001,0.009,1.025,1.085,-3.658,-0.945,Idle
-0.000,0.009,1.025,1.076,-3.631,-0.936,Idle
0.000,0.009,1.025,1.111,-3.658,-0.945,Idle
-0.001,0.009,1.025,1.050,-3.605,-0.989,Idle
-0.001,0.009,1.026,1.050,-3.622,-0.919,Idle
-0.000,0.009,1.026,1.076,-3.631,-0.901,Idle
-0.000,0.009,1.026,1.067,-3.658,-0.919,Idle
-0.001,0.010,1.025,1.085,-3.640,-0.892,Idle
-0.001,0.010,1.026,1.085,-3.693,-0.910,Idle
-0.001,0.009,1.024,1.094,-3.596,-0.928,Idle
-0.001,0.010,1.026,1.111,-3.675,-0.910,Idle
-0.002,0.009,1.024,1.111,-3.631,-0.919,Idle
-0.001,0.010,1.025,1.129,-3.640,-0.928,Idle
0.001,0.010,1.026,1.138,-3.666,-0.971,Idle
-0.001,0.009,1.026,1.041,-3.631,-0.910,Idle
-0.002,0.009,1.025,1.076,-3.614,-0.945,Idle
-0.002,0.010,1.026,1.050,-3.675,-0.910,Idle
-0.000,0.009,1.025,1.111,-3.649,-0.910,Idle
-0.001,0.010,1.026,1.085,-3.658,-0.936,Idle
-0.000,0.009,1.025,1.102,-3.640,-0.858,Idle
-0.001,0.009,1.025,1.111,-3.640,-0.919,Idle
-0.001,0.010,1.027,1.076,-3.649,-0.936,Idle
-0.001,0.010,1.026,1.076,-3.622,-0.936,Idle
-0.001,0.009,1.024,1.067,-3.605,-0.936,Idle
-0.002,0.009,1.026,1.094,-3.622,-0.919,Idle
-0.000,0.008,1.026,1.120,-3.579,-0.892,Idle
0.000,0.009,1.026,1.050,-3.640,-0.884,Idle
-0.001,0.009,1.025,1.059,-3.622,-0.884,Idle
-0.001,0.009,1.025,1.033,-3.649,-0.928,Idle
-0.001,0.010,1.026,1.085,-3.614,-0.919,Idle
-0.001,0.009,1.026,1.076,-3.631,-0.884,Idle
-0.001,0.010,1.026,1.067,-3.631,-0.884,Idle
-0.000,0.009,1.025,1.067,-3.614,-0.928,Idle
-0.001,0.009,1.026,1.085,-3.693,-0.919,Idle
-0.001,0.009,1.026,1.076,-3.649,-0.866,Idle
-0.001,0.009,1.024,1.050,-3.605,-0.919,Idle
-0.000,0.009,1.025,1.050,-3.605,-0.945,Idle
-0.001,0.010,1.025,1.102,-3.614,-0.875,Idle
-0.001,0.009,1.027,1.067,-3.666,-0.884,Idle
-0.001,0.010,1.026,1.076,-3.631,-0.901,Idle
-0.001,0.009,1.026,1.120,-3.640,-0.884,Idle
-0.001,0.009,1.026,1.076,-3.614,-0.875,Idle
-0.001,0.009,1.026,1.059,-3.614,-0.875,Idle
-0.001,0.009,1.026,1.024,-3.640,-0.892,Idle
-0.000,0.009,1.025,1.094,-3.631,-0.884,Idle
-0.000,0.009,1.024,1.085,-3.631,-0.884,Idle
-0.002,0.010,1.026,1.085,-3.622,-0.892,Idle
-0.002,0.009,1.025,1.085,-3.658,-0.884,Idle
-0.001,0.010,1.025,1.041,-3.640,-0.919,Idle
-0.000,0.008,1.025,1.094,-3.658,-0.901,Idle
-0.001,0.010,1.027,1.085,-3.631,-0.875,Idle
-0.001,0.009,1.023,1.041,-3.631,-0.945,Idle
-0.000,0.009,1.026,1.067,-3.684,-0.919,Idle
-0.001,0.009,1.025,1.059,-3.649,-0.954,Idle
-0.000,0.010,1.026,1.094,-3.631,-0.928,Idle
-0.000,0.009,1.025,1.059,-3.649,-0.936,Idle
-0.001,0.009,1.026,1.094,-3.614,-0.901,Idle
-0.001,0.009,1.025,1.067,-3.666,-0.910,Idle
-0.002,0.009,1.025,1.067,-3.640,-0.901,Idle
-0.001,0.010,1.025,1.041,-3.640,-0.910,Idle
-0.001,0.009,1.025,1.111,-3.684,-0.928,Idle
-0.001,0.009,1.026,1.094,-3.640,-0.936,Idle
-0.001,0.010,1.026,1.085,-3.666,-0.928,Idle
-0.001,0.009,1.025,1.094,-3.596,-0.919,Idle
-0.001,0.009,1.026,1.111,-3.649,-0.901,Idle
-0.001,0.009,1.026,1.111,-3.649,-0.919,Idle
-0.003,0.009,1.026,1.059,-3.622,-0.884,Idle
-0.002,0.009,1.027,1.041,-3.640,-0.936,Idle
0.001,0.009,1.025,1.050,-3.614,-0.910,Idle
-0.002,0.009,1.025,1.085,-3.640,-0.884,Idle
-0.002,0.010,1.026,1.085,-3.614,-0.919,Idle
-0.001,0.010,1.027,1.085,-3.631,-0.910,Idle
-0.000,0.010,1.025,1.102,-3.631,-0.928,Idle
-0.002,0.009,1.026,1.102,-3.640,-0.928,Idle
-0.001,0.009,1.025,1.076,-3.622,-0.962,Idle
-0.001,0.008,1.027,1.059,-3.631,-0.919,Idle
-0.001,0.010,1.026,1.067,-3.614,-0.954,Idle
-0.001,0.010,1.026,1.094,-3.631,-0.910,Idle
-0.001,0.010,1.027,1.067,-3.649,-0.919,Idle
-0.000,0.009,1.025,1.050,-3.649,-0.901,Idle
-0.001,0.009,1.026,1.059,-3.605,-0.919,Idle
-0.001,0.009,1.023,1.067,-3.631,-0.936,Idle
-0.002,0.010,1.026,1.067,-3.666,-0.884,Idle
-0.000,0.009,1.023,1.067,-3.622,-0.919,Idle
-0.000,0.009,1.026,1.138,-3.666,-0.901,Idle
-0.002,0.009,1.025,1.094,-3.675,-0.892,Idle
-0.002,0.010,1.025,1.006,-3.614,-0.936,Idle
0.000,0.010,1.026,1.111,-3.666,-0.919,Idle
-0.000,0.010,1.026,1.094,-3.631,-0.928,Idle
-0.002,0.009,1.025,1.067,-3.640,-0.928,Idle
-0.000,0.010,1.024,1.050,-3.658,-0.945,Idle
-0.001,0.010,1.026,1.041,-3.666,-0.962,Idle
-0.002,0.009,1.026,1.033,-3.588,-0.884,Idle
-0.001,0.009,1.026,1.006,-3.570,-0.901,Idle
-0.001,0.010,1.026,1.111,-3.649,-0.919,Idle
0.001,0.009,1.026,1.076,-3.622,-0.901,Idle
0.000,0.008,1.025,1.067,-3.640,-0.928,Idle
-0.001,0.009,1.026,1.094,-3.684,-0.928,Idle
-0.001,0.009,1.025,1.076,-3.658,-0.875,Idle
-0.001,0.009,1.026,1.050,-3.649,-0.928,Idle
-0.002,0.009,1.026,1.033,-3.596,-0.910,Idle
-0.001,0.009,1.026,1.111,-3.614,-0.884,Idle
-0.001,0.009,1.026,1.067,-3.640,-0.919,Idle
0.000,0.010,1.026,1.076,-3.614,-0.945,Idle
-0.001,0.009,1.026,1.155,-3.614,-0.892,Idle
-0.002,0.009,1.025,1.094,-3.649,-0.910,Idle
-0.000,0.010,1.026,1.085,-3.622,-0.945,Idle
-0.001,0.008,1.027,1.094,-3.666,-0.892,Idle
-0.001,0.009,1.026,1.041,-3.614,-0.928,Idle
-0.001,0.009,1.026,1.041,-3.605,-0.892,Idle
-0.000,0.010,1.026,1.138,-3.649,-0.936,Idle
-0.000,0.010,1.024,1.067,-3.622,-0.884,Idle
-0.000,0.009,1.027,1.129,-3.640,-0.866,Idle
-0.001,0.008,1.026,1.102,-3.614,-0.954,Idle
-0.001,0.009,1.026,1.015,-3.614,-0.928,Idle
-0.002,0.009,1.025,1.102,-3.649,-0.866,Idle
-0.000,0.008,1.026,1.094,-3.693,-0.892,Idle
-0.001,0.009,1.026,1.155,-3.666,-0.945,Idle
0.000,0.007,1.023,1.041,-3.596,-0.954,Idle
-0.002,0.010,1.025,1.120,-3.675,-0.892,Idle
-0.001,0.010,1.027,1.146,-3.614,-0.954,Idle
-0.001,0.010,1.027,1.024,-3.622,-0.901,Idle
0.000,0.009,1.025,1.085,-3.640,-0.901,Idle
-0.002,0.009,1.026,1.111,-3.596,-0.971,Idle
0.000,0.010,1.026,1.138,-3.684,-0.919,Idle
-0.002,0.009,1.024,1.015,-3.570,-0.901,Idle
-0.001,0.011,1.026,1.138,-3.701,-0.901,Idle
-0.003,0.010,1.026,1.050,-3.658,-0.945,Idle
-0.002,0.009,1.024,1.050,-3.640,-0.928,Idle
0.000,0.008,1.025,1.041,-3.579,-0.936,Idle
-0.001,0.008,1.025,1.067,-3.649,-0.919,Idle
-0.001,0.009,1.025,1.059,-3.631,-0.962,Idle
-0.002,0.008,1.027,1.033,-3.649,-0.919,Idle
-0.001,0.010,1.026,1.067,-3.605,-0.901,Idle
-0.002,0.010,1.024,1.085,-3.640,-0.954,Idle
-0.001,0.008,1.023,1.085,-3.631,-0.901,Idle
0.000,0.009,1.028,1.138,-3.675,-0.936,Idle
-0.000,0.009,1.025,1.059,-3.605,-0.919,Idle
-0.002,0.009,1.024,1.076,-3.614,-0.901,Idle
-0.000,0.009,1.025,1.085,-3.614,-0.945,Idle
-0.001,0.008,1.027,1.059,-3.666,-0.945,Idle
-0.001,0.009,1.024,1.059,-3.622,-0.936,Idle
-0.002,0.008,1.026,1.015,-3.649,-0.919,Idle
-0.001,0.009,1.028,1.173,-3.675,-0.910,Idle
-0.001,0.009,1.024,1.006,-3.553,-0.919,Idle
-0.002,0.009,1.025,1.041,-3.622,-0.989,Idle
-0.001,0.009,1.024,1.067,-3.649,-0.945,Idle
-0.000,0.009,1.027,1.102,-3.666,-0.901,Idle
-0.001,0.010,1.026,1.094,-3.605,-0.962,Idle
-0.002,0.009,1.025,1.085,-3.640,-0.945,Idle
-0.002,0.009,1.025,1.076,-3.684,-0.928,Idle
-0.000,0.009,1.027,1.085,-3.658,-0.892,Idle
-0.000,0.009,1.025,1.050,-3.622,-0.928,Idle
-0.001,0.009,1.025,1.085,-3.675,-0.858,Idle
-0.002,0.009,1.025,1.076,-3.640,-0.910,Idle
-0.001,0.009,1.027,1.094,-3.666,-0.945,Idle
0.001,0.008,1.027,1.111,-3.649,-0.901,Idle
-0.002,0.009,1.024,1.050,-3.631,-0.962,Idle
-0.001,0.009,1.026,1.076,-3.666,-0.919,Idle
-0.001,0.009,1.024,1.050,-3.605,-0.936,Idle
0.000,0.010,1.028,1.059,-3.649,-0.945,Idle
-0.002,0.009,1.026,1.076,-3.614,-0.901,Idle
-0.001,0.009,1.025,1.094,-3.640,-0.936,Idle
-0.002,0.009,1.025,1.076,-3.640,-0.919,Idle
-0.000,0.009,1.026,1.085,-3.605,-0.928,Idle
-0.001,0.010,1.025,1.085,-3.614,-0.945,Idle
-0.000,0.009,1.026,1.111,-3.701,-0.971,Idle
-0.001,0.009,1.026,1.059,-3.622,-0.936,Idle
-0.001,0.009,1.026,1.059,-3.640,-0.910,Idle
-0.001,0.009,1.026,1.059,-3.588,-0.936,Idle
-0.001,0.009,1.026,1.102,-3.658,-0.936,Idle
-0.000,0.009,1.025,1.076,-3.640,-0.936,Idle
-0.002,0.009,1.026,1.120,-3.631,-0.892,Idle
-0.002,0.009,1.025,1.059,-3.666,-0.936,Idle
-0.002,0.009,1.025,1.059,-3.614,-0.884,Idle
-0.000,0.009,1.025,1.067,-3.640,-0.901,Idle
-0.001,0.009,1.026,1.138,-3.640,-0.901,Idle
-0.001,0.009,1.026,1.129,-3.649,-0.928,Idle
-0.001,0.009,1.026,1.059,-3.579,-0.901,Idle
-0.000,0.009,1.026,1.102,-3.675,-0.892,Idle
-0.001,0.009,1.026,1.085,-3.605,-0.910,Idle
-0.002,0.010,1.026,1.076,-3.622,-0.928,Idle
-0.002,0.009,1.025,1.050,-3.622,-0.884,Idle
-0.000,0.009,1.025,1.085,-3.640,-0.936,Idle
0.000,0.009,1.025,1.085,-3.666,-0.866,Idle
-0.001,0.009,1.026,1.067,-3.614,-0.901,Idle
-0.000,0.010,1.026,1.067,-3.596,-0.884,Idle
-0.001,0.010,1.026,1.085,-3.605,-0.928,Idle
-0.001,0.009,1.024,1.067,-3.658,-0.936,Idle
-0.001,0.009,1.026,1.111,-3.622,-0.910,Idle
-0.001,0.009,1.024,1.050,-3.614,-0.892,Idle
-0.001,0.009,1.025,1.129,-3.640,-0.928,Idle
-0.000,0.009,1.025,1.067,-3.614,-0.954,Idle
-0.001,0.010,1.025,1.102,-3.631,-0.919,Idle
-0.001,0.009,1.024,1.050,-3.640,-0.928,Idle
-0.000,0.009,1.026,1.067,-3.614,-0.928,Idle
-0.000,0.009,1.025,1.076,-3.675,-0.919,Idle
-0.002,0.010,1.026,1.094,-3.631,-0.954,Idle
-0.002,0.009,1.025,1.041,-3.631,-0.928,Idle
-0.000,0.009,1.026,1.024,-3.614,-0.919,Idle
-0.001,0.009,1.025,1.102,-3.614,-0.936,Idle
-0.002,0.010,1.025,1.085,-3.605,-0.928,Idle
-0.001,0.010,1.025,1.067,-3.631,-0.936,Idle
-0.001,0.009,1.026,1.033,-3.640,-0.919,Idle
-0.001,0.008,1.026,1.041,-3.622,-0.910,Idle
-0.002,0.010,1.025,1.059,-3.675,-0.901,Idle
-0.000,0.010,1.025,1.059,-3.640,-0.945,Idle
-0.001,0.009,1.024,1.094,-3.658,-0.928,Idle
0.000,0.009,1.025,1.076,-3.666,-0.919,Idle
-0.002,0.009,1.025,1.050,-3.649,-0.928,Idle
-0.002,0.010,1.026,1.076,-3.622,-0.892,Idle
0.000,0.009,1.025,1.076,-3.614,-0.928,Idle
-0.001,0.010,1.026,1.094,-3.614,-0.884,Idle
-0.002,0.009,1.026,1.050,-3.640,-0.945,Idle
-0.001,0.009,1.025,1.094,-3.675,-0.954,Idle
-0.000,0.009,1.025,1.033,-3.596,-0.910,Idle
-0.001,0.009,1.026,1.067,-3.666,-0.954,Idle
-0.001,0.009,1.025,1.076,-3.649,-0.875,Idle
-0.002,0.009,1.027,1.111,-3.658,-0.936,Idle
-0.000,0.010,1.026,1.041,-3.614,-0.936,Idle
-0.000,0.009,1.025,1.076,-3.622,-0.910,Idle
-0.001,0.010,1.026,1.076,-3.675,-0.936,Idle
-0.001,0.009,1.026,1.085,-3.605,-0.945,Idle
0.000,0.009,1.023,1.102,-3.622,-0.945,Idle
-0.000,0.009,1.025,1.085,-3.614,-0.901,Idle
-0.002,0.009,1.024,1.111,-3.631,-0.884,Idle
-0.002,0.009,1.026,1.085,-3.614,-0.919,Idle
-0.001,0.009,1.025,1.085,-3.605,-0.884,Idle
0.000,0.009,1.024,1.033,-3.596,-0.919,Idle
-0.001,0.010,1.026,1.094,-3.684,-0.928,Idle
-0.002,0.009,1.025,1.067,-3.658,-0.875,Idle
-0.000,0.010,1.026,1.059,-3.640,-0.928,Idle
0.001,0.008,1.025,1.059,-3.579,-0.910,Idle
-0.003,0.010,1.027,1.111,-3.666,-0.892,Idle
-0.003,0.009,1.027,1.120,-3.649,-0.928,Idle
0.000,0.009,1.025,1.094,-3.658,-0.928,Idle
0.001,0.008,1.025,1.094,-3.640,-0.892,Idle
-0.002,0.010,1.027,1.076,-3.614,-0.954,Idle
-0.002,0.009,1.026,1.076,-3.622,-0.928,Idle
0.000,0.009,1.026,1.094,-3.596,-0.945,Idle
0.000,0.009,1.025,1.094,-3.658,-0.919,Idle
-0.002,0.009,1.023,1.085,-3.640,-0.919,Idle
-0.000,0.009,1.027,1.102,-3.649,-0.901,Idle
0.000,0.008,1.024,1.059,-3.631,-0.945,Idle
-0.001,0.010,1.026,1.085,-3.640,-0.954,Idle
-0.002,0.010,1.025,1.059,-3.631,-0.901,Idle
-0.001,0.009,1.026,1.041,-3.649,-0.980,Idle
0.000,0.008,1.025,1.085,-3.631,-0.884,Idle
-0.001,0.009,1.026,1.085,-3.631,-0.901,Idle
-0.002,0.010,1.026,1.085,-3.649,-0.919,Idle
-0.001,0.009,1.026,1.076,-3.640,-0.919,Idle
0.001,0.009,1.025,1.033,-3.640,-0.954,Idle
-0.000,0.009,1.026,1.067,-3.631,-0.919,Idle
-0.002,0.008,1.025,1.033,-3.622,-0.884,Idle
-0.000,0.009,1.025,1.076,-3.588,-0.892,Idle
-0.000,0.009,1.024,1.067,-3.614,-0.901,Idle
-0.001,0.009,1.025,1.120,-3.666,-0.954,Idle
-0.000,0.009,1.027,1.076,-3.640,-0.980,Idle
-0.001,0.008,1.025,1.076,-3.605,-0.928,Idle
-0.001,0.009,1.026,1.111,-3.579,-0.954,Idle
-0.001,0.009,1.025,1.111,-3.631,-0.910,Idle
-0.001,0.010,1.025,1.076,-3.605,-0.936,Idle
-0.001,0.009,1.026,1.067,-3.596,-0.936,Idle
-0.000,0.010,1.026,1.076,-3.614,-0.892,Idle
-0.001,0.010,1.025,1.067,-3.561,-0.901,Idle
-0.000,0.009,1.025,1.059,-3.649,-0.892,Idle
-0.000,0.009,1.025,1.024,-3.631,-0.945,Idle
-0.000,0.009,1.025,1.102,-3.588,-0.919,Idle
-0.001,0.008,1.025,1.102,-3.622,-0.901,Idle
-0.001,0.009,1.025,1.076,-3.622,-0.936,Idle
-0.002,0.010,1.026,1.050,-3.605,-0.962,Idle
0.000,0.009,1.027,1.059,-3.622,-0.884,Idle
-0.002,0.009,1.026,1.067,-3.640,-0.910,Idle
-0.001,0.009,1.025,1.085,-3.649,-0.954,Idle
0.000,0.008,1.026,1.076,-3.666,-0.954,Idle
-0.000,0.009,1.025,1.041,-3.622,-0.928,Idle
-0.001,0.009,1.025,1.094,-3.622,-0.901,Idle
-0.001,0.009,1.024,1.041,-3.631,-0.901,Idle
-0.000,0.009,1.026,1.102,-3.622,-0.936,Idle
-0.002,0.009,1.025,1.059,-3.614,-0.919,Idle
-0.001,0.009,1.025,1.102,-3.640,-0.919,Idle
-0.001,0.009,1.026,1.129,-3.649,-0.884,Idle
-0.001,0.010,1.026,1.085,-3.649,-0.901,Idle
-0.001,0.009,1.024,1.085,-3.579,-0.892,Idle
-0.001,0.009,1.025,1.102,-3.614,-0.945,Idle
-0.001,0.009,1.025,1.085,-3.666,-0.910,Idle
0.000,0.010,1.026,1.085,-3.640,-0.945,Idle
-0.002,0.010,1.025,1.041,-3.631,-0.936,Idle
-0.002,0.009,1.024,1.120,-3.622,-0.928,Idle
-0.001,0.009,1.025,1.076,-3.640,-0.954,Idle
0.000,0.009,1.025,1.076,-3.622,-0.901,Idle
-0.001,0.009,1.026,1.067,-3.640,-0.919,Idle
-0.001,0.009,1.023,1.102,-3.614,-0.936,Idle
-0.001,0.009,1.025,1.111,-3.649,-0.945,Idle
-0.001,0.009,1.024,1.094,-3.588,-0.945,Idle
-0.002,0.009,1.026,1.067,-3.666,-0.945,Idle
-0.001,0.009,1.024,1.033,-3.649,-0.945,Idle
-0.001,0.010,1.024,1.102,-3.588,-0.928,Idle
-0.000,0.010,1.025,1.076,-3.631,-0.954,Idle
-0.001,0.009,1.026,1.076,-3.614,-0.901,Idle
-0.000,0.009,1.026,1.059,-3.666,-0.866,Idle
-0.000,0.010,1.024,1.050,-3.622,-0.892,Idle
-0.001,0.009,1.026,1.085,-3.631,-0.901,Idle
-0.001,0.008,1.024,1.059,-3.622,-0.945,Idle
-0.002,0.009,1.025,1.111,-3.649,-0.892,Idle
-0.002,0.009,1.025,1.085,-3.605,-0.936,Idle
-0.000,0.009,1.024,1.111,-3.666,-0.901,Idle
-0.000,0.009,1.025,1.015,-3.588,-0.928,Idle
-0.001,0.009,1.026,1.102,-3.640,-0.919,Idle
-0.001,0.009,1.024,1.076,-3.631,-0.919,Idle
-0.000,0.009,1.025,1.102,-3.649,-0.892,Idle
-0.000,0.009,1.025,1.085,-3.640,-0.892,Idle
-0.000,0.009,1.026,1.085,-3.631,-0.919,Idle
-0.001,0.009,1.025,1.076,-3.684,-0.954,Idle
-0.001,0.009,1.024,1.085,-3.649,-0.892,Idle
-0.001,0.010,1.026,1.059,-3.640,-0.919,Idle
0.000,0.010,1.026,1.094,-3.614,-0.910,Idle
-0.001,0.010,1.025,1.059,-3.640,-0.910,Idle
-0.001,0.009,1.025,1.059,-3.666,-0.919,Idle
-0.001,0.010,1.026,1.094,-3.658,-0.928,Idle
-0.000,0.009,1.027,1.111,-3.675,-0.901,Idle
-0.002,0.009,1.026,1.094,-3.640,-0.910,Idle
-0.002,0.008,1.025,1.111,-3.640,-0.919,Idle
-0.002,0.010,1.026,1.094,-3.631,-0.936,Idle
-0.001,0.009,1.027,1.085,-3.666,-0.928,Idle
-0.000,0.009,1.023,1.076,-3.614,-0.954,Idle
-0.002,0.009,1.025,1.120,-3.631,-0.962,Idle
-0.002,0.009,1.025,1.094,-3.675,-0.936,Idle
-0.000,0.008,1.025,1.067,-3.631,-0.901,Idle
-0.001,0.009,1.024,1.041,-3.622,-0.901,Idle
-0.000,0.010,1.027,1.120,-3.675,-0.945,Idle
0.000,0.009,1.026,1.102,-3.640,-0.919,Idle
-0.001,0.009,1.025,1.102,-3.640,-0.936,Idle
-0.001,0.009,1.022,1.094,-3.631,-0.945,Idle
-0.000,0.009,1.026,1.059,-3.649,-0.936,Idle
-0.001,0.009,1.025,1.102,-3.658,-0.910,Idle
-0.001,0.009,1.025,1.067,-3.614,-0.928,Idle
-0.001,0.009,1.025,1.120,-3.658,-0.910,Idle
-0.000,0.009,1.024,1.094,-3.658,-0.936,Idle
-0.001,0.008,1.027,1.094,-3.614,-0.901,Idle
-0.002,0.010,1.026,1.094,-3.631,-0.954,Idle
-0.001,0.009,1.025,1.129,-3.614,-0.928,Idle
-0.000,0.008,1.025,1.067,-3.640,-0.910,Idle
-0.001,0.010,1.026,1.076,-3.605,-0.945,Idle
-0.001,0.009,1.024,1.059,-3.614,-0.928,Idle
-0.001,0.010,1.025,1.085,-3.658,-0.945,Idle
-0.001,0.010,1.024,1.067,-3.658,-0.901,Idle
-0.002,0.009,1.025,1.076,-3.631,-0.928,Idle
-0.002,0.009,1.026,1.076,-3.640,-0.919,Idle
-0.001,0.009,1.026,1.067,-3.631,-0.910,Idle
0.001,0.009,1.026,1.085,-3.675,-0.936,Idle
-0.001,0.009,1.026,1.076,-3.658,-0.892,Idle
-0.000,0.009,1.025,1.129,-3.649,-0.892,Idle
0.000,0.010,1.026,1.129,-3.649,-0.936,Idle
-0.001,0.010,1.025,1.033,-3.631,-0.936,Idle
-0.001,0.009,1.025,1.094,-3.622,-0.884,Idle
-0.001,0.009,1.025,1.102,-3.640,-0.910,Idle
-0.001,0.009,1.026,1.094,-3.622,-0.928,Idle
-0.000,0.009,1.024,1.094,-3.622,-0.919,Idle
-0.001,0.009,1.025,1.076,-3.596,-0.928,Idle
-0.001,0.009,1.025,1.102,-3.596,-0.910,Idle
-0.002,0.009,1.025,1.102,-3.622,-0.910,Idle
-0.000,0.008,1.025,1.111,-3.640,-0.936,Idle
-0.001,0.009,1.025,1.094,-3.649,-0.928,Idle
-0.003,0.010,1.026,1.138,-3.640,-0.928,Idle
-0.001,0.009,1.026,1.041,-3.622,-0.901,Idle
-0.002,0.010,1.026,1.059,-3.614,-0.919,Idle
-0.001,0.009,1.025,1.024,-3.596,-0.884,Idle
-0.001,0.009,1.025,1.094,-3.631,-0.928,Idle
0.000,0.009,1.025,1.059,-3.614,-0.866,Idle
-0.001,0.008,1.024,1.067,-3.649,-0.928,Idle
-0.000,0.010,1.026,1.067,-3.631,-0.901,Idle
-0.002,0.009,1.027,1.129,-3.605,-0.936,Idle
-0.000,0.009,1.024,1.050,-3.640,-0.901,Idle
0.000,0.009,1.026,1.076,-3.596,-0.928,Idle
-0.000,0.010,1.025,1.033,-3.622,-0.892,Idle
-0.002,0.009,1.026,1.094,-3.658,-0.971,Idle
-0.001,0.010,1.026,1.076,-3.631,-0.954,Idle
-0.001,0.009,1.025,1.067,-3.631,-0.962,Idle
-0.001,0.009,1.025,1.067,-3.622,-0.910,Idle
-0.001,0.010,1.024,1.102,-3.614,-0.884,Idle
-0.000,0.010,1.027,1.076,-3.658,-0.945,Idle
-0.000,0.009,1.025,1.102,-3.622,-0.919,Idle
-0.001,0.009,1.025,1.059,-3.631,-0.884,Idle
-0.001,0.009,1.025,1.085,-3.658,-0.936,Idle
-0.000,0.009,1.026,1.094,-3.631,-0.928,Idle
-0.002,0.009,1.025,1.050,-3.631,-0.901,Idle
-0.001,0.010,1.027,1.076,-3.622,-0.945,Idle
-0.001,0.009,1.025,1.111,-3.658,-0.928,Idle
-0.002,0.010,1.025,1.085,-3.640,-0.928,Idle
-0.000,0.009,1.026,1.076,-3.631,-0.910,Idle
-0.001,0.009,1.025,1.067,-3.631,-0.936,Idle
-0.002,0.009,1.025,1.120,-3.658,-0.928,Idle
-0.001,0.009,1.026,1.120,-3.631,-0.875,Idle
-0.000,0.010,1.025,1.085,-3.579,-0.892,Idle
-0.000,0.008,1.024,1.067,-3.622,-0.928,Idle
-0.000,0.008,1.025,1.085,-3.631,-0.919,Idle
-0.001,0.010,1.026,1.085,-3.622,-0.875,Idle
-0.001,0.010,1.026,1.085,-3.622,-0.936,Idle
-0.001,0.008,1.026,1.067,-3.631,-0.936,Idle
-0.001,0.009,1.025,1.067,-3.658,-0.928,Idle
-0.001,0.009,1.026,1.076,-3.649,-0.910,Idle
-0.000,0.010,1.026,1.094,-3.658,-0.928,Idle
0.000,0.009,1.024,1.111,-3.658,-0.892,Idle
-0.001,0.008,1.026,1.076,-3.658,-0.919,Idle
0.000,0.009,1.026,1.094,-3.658,-0.875,Idle
-0.001,0.009,1.027,1.094,-3.596,-0.936,Idle
-0.000,0.008,1.024,1.076,-3.622,-0.919,Idle
-0.002,0.010,1.027,1.111,-3.622,-0.936,Idle
-0.001,0.009,1.025,1.111,-3.605,-0.919,Idle
-0.001,0.009,1.026,1.120,-3.631,-0.901,Idle
-0.000,0.009,1.024,1.067,-3.640,-0.945,Idle
-0.001,0.009,1.026,1.129,-3.649,-0.936,Idle
-0.000,0.009,1.027,1.094,-3.649,-0.910,Idle
-0.001,0.009,1.026,1.094,-3.596,-0.928,Idle
-0.000,0.009,1.024,1.120,-3.658,-0.928,Idle
-0.001,0.008,1.026,1.067,-3.622,-0.928,Idle
-0.001,0.009,1.025,1.050,-3.640,-0.866,Idle
-0.000,0.009,1.025,1.067,-3.631,-0.910,Idle
-0.001,0.010,1.024,1.059,-3.622,-0.945,Idle
-0.001,0.009,1.025,1.059,-3.631,-0.945,Idle
-0.001,0.010,1.027,1.085,-3.649,-0.919,Idle
-0.001,0.009,1.025,1.111,-3.614,-0.884,Idle
-0.002,0.009,1.026,1.041,-3.622,-0.936,Idle
-0.001,0.009,1.025,1.076,-3.622,-0.919,Idle
-0.001,0.009,1.026,1.059,-3.649,-0.919,Idle
-0.002,0.009,1.024,1.076,-3.640,-0.892,Idle
-0.001,0.010,1.025,1.033,-3.588,-0.910,Idle
0.002,0.009,1.025,1.094,-3.693,-0.945,Idle
-0.001,0.009,1.026,1.076,-3.640,-0.910,Idle
-0.001,0.009,1.026,1.067,-3.596,-0.910,Idle
0.001,0.009,1.024,1.033,-3.588,-0.910,Idle
-0.001,0.009,1.026,1.085,-3.649,-0.928,Idle
-0.002,0.010,1.027,1.067,-3.631,-0.954,Idle
0.001,0.010,1.027,1.146,-3.658,-0.936,Idle
0.000,0.010,1.024,1.041,-3.649,-0.928,Idle
-0.003,0.009,1.026,1.085,-3.649,-0.936,Idle
-0.005,0.010,1.026,1.138,-3.675,-0.971,Idle
-0.001,0.010,1.029,1.216,-4.069,-0.875,Idle
-0.003,0.009,1.019,0.971,-3.369,-0.892,Idle
0.002,0.009,1.027,1.024,-3.342,-0.901,Idle
0.003,0.007,1.025,1.059,-3.517,-0.980,Idle
-0.002,0.009,1.026,0.971,-3.622,-0.892,Idle
-0.002,0.009,1.025,1.164,-3.658,-0.936,Idle
-0.000,0.009,1.027,1.138,-3.771,-0.928,Idle
-0.001,0.010,1.026,1.102,-3.789,-0.945,Idle
-0.002,0.010,1.025,1.033,-3.631,-0.919,Idle
0.001,0.009,1.025,1.094,-3.561,-0.901,Idle
0.003,0.009,1.026,1.006,-3.561,-0.936,Idle
-0.002,0.009,1.024,1.067,-3.640,-0.919,Idle
-0.004,0.010,1.025,1.111,-3.693,-0.919,Idle
0.000,0.009,1.026,1.146,-3.675,-0.919,Idle
0.002,0.008,1.025,1.067,-3.649,-0.962,Idle
-0.001,0.009,1.026,1.111,-3.622,-0.892,Idle
-0.002,0.010,1.025,1.067,-3.588,-0.875,Idle
0.000,0.009,1.025,1.111,-3.658,-0.928,Idle
0.002,0.009,1.025,1.094,-3.658,-0.954,Idle
-0.001,0.009,1.027,1.111,-3.622,-0.936,Idle
-0.001,0.009,1.024,1.050,-3.596,-0.928,Idle
0.001,0.010,1.025,1.050,-3.596,-0.919,Idle
0.000,0.009,1.024,1.067,-3.649,-0.901,Idle
-0.003,0.010,1.026,1.050,-3.649,-0.901,Idle
-0.001,0.009,1.026,1.085,-3.631,-0.910,Idle
-0.000,0.009,1.024,1.050,-3.614,-0.919,Idle
-0.001,0.010,1.024,1.067,-3.596,-0.954,Idle
-0.001,0.010,1.026,1.094,-3.649,-0.901,Idle
0.001,0.009,1.026,1.129,-3.614,-0.919,Idle
-0.001,0.009,1.025,1.059,-3.614,-0.919,Idle
-0.001,0.009,1.025,1.102,-3.640,-0.884,Idle
-0.002,0.009,1.025,1.102,-3.649,-0.901,Idle
0.000,0.009,1.027,1.059,-3.658,-0.971,Idle
-0.001,0.009,1.025,1.102,-3.631,-0.884,Idle
-0.001,0.010,1.025,1.094,-3.649,-0.901,Idle
-0.000,0.009,1.025,1.085,-3.658,-0.919,Idle
-0.000,0.009,1.025,1.024,-3.649,-0.901,Idle
-0.001,0.009,1.025,1.085,-3.658,-0.910,Idle
0.000,0.010,1.027,1.067,-3.649,-0.910,Idle
-0.000,0.009,1.027,1.085,-3.622,-0.892,Idle
-0.001,0.009,1.025,1.041,-3.622,-0.910,Idle
-0.001,0.009,1.024,1.076,-3.649,-0.928,Idle
-0.000,0.010,1.025,1.102,-3.649,-0.910,Idle
0.000,0.009,1.026,1.041,-3.588,-0.971,Idle
-0.001,0.009,1.024,1.059,-3.614,-0.945,Idle
0.000,0.009,1.024,1.067,-3.640,-0.928,Idle
-0.000,0.009,1.026,1.067,-3.596,-0.936,Idle
-0.001,0.010,1.025,1.059,-3.649,-0.892,Idle
0.000,0.009,1.025,1.076,-3.622,-0.919,Idle
-0.000,0.009,1.024,1.085,-3.622,-0.910,Idle
-0.003,0.009,1.026,1.102,-3.631,-0.901,Idle
-0.001,0.009,1.024,1.111,-3.605,-0.928,Idle
0.004,0.009,1.024,1.076,-3.561,-0.901,Idle
0.001,0.010,1.025,1.076,-3.570,-0.936,Idle
-0.006,0.010,1.025,1.050,-3.640,-0.919,Idle
-0.001,0.008,1.025,1.085,-3.658,-0.936,Idle
0.005,0.008,1.025,1.059,-3.640,-0.875,Idle
0.002,0.008,1.026,1.067,-3.579,-0.928,Idle
-0.009,0.010,1.026,1.059,-3.640,-0.840,Idle
-0.001,0.009,1.024,1.111,-3.658,-0.892,Idle
0.006,0.008,1.026,1.059,-3.553,-0.971,Idle
0.001,0.009,1.026,1.041,-3.579,-0.919,Idle
-0.008,0.010,1.026,1.050,-3.631,-0.928,Idle
-0.003,0.009,1.024,1.076,-3.622,-0.928,Idle
0.005,0.008,1.025,1.033,-3.605,-0.919,Idle
-0.001,0.007,1.024,1.059,-3.588,-0.910,Idle
-0.005,0.010,1.026,1.111,-3.614,-0.954,Idle
-0.002,0.011,1.026,1.155,-3.684,-0.936,Idle
0.003,0.010,1.020,1.024,-3.544,-0.884,Idle
-0.001,0.009,1.024,1.190,-3.675,-0.919,Idle
-0.006,0.009,1.024,1.085,-3.622,-0.901,Idle
-0.002,0.009,1.025,1.041,-3.596,-0.919,Idle
0.004,0.009,1.026,1.076,-3.605,-0.910,Idle
-0.002,0.010,1.025,1.067,-3.631,-0.884,Idle
-0.005,0.009,1.026,1.094,-3.658,-0.892,Idle
-0.001,0.008,1.023,1.033,-3.596,-0.901,Idle
0.003,0.008,1.026,1.102,-3.596,-0.919,Idle
-0.002,0.010,1.025,1.067,-3.596,-0.945,Idle
-0.004,0.011,1.026,1.120,-3.631,-0.928,Idle
-0.000,0.008,1.024,1.041,-3.588,-0.910,Idle
0.002,0.008,1.025,1.076,-3.658,-0.936,Idle
-0.001,0.010,1.024,1.067,-3.622,-0.928,Idle
-0.004,0.010,1.026,1.094,-3.640,-0.936,Idle
0.000,0.009,1.024,1.094,-3.622,-0.858,Idle
-0.000,0.009,1.024,1.085,-3.666,-0.936,Idle
-0.002,0.010,1.025,1.076,-3.631,-0.858,Idle
-0.002,0.010,1.028,1.111,-3.658,-0.962,Idle
0.001,0.008,1.025,1.076,-3.640,-0.910,Idle
0.002,0.009,1.025,1.085,-3.640,-0.945,Idle
-0.003,0.010,1.025,1.120,-3.640,-0.945,Idle
-0.001,0.010,1.026,1.076,-3.684,-0.884,Idle
0.002,0.009,1.024,1.102,-3.596,-0.936,Idle
-0.001,0.009,1.024,1.067,-3.596,-0.962,Idle
-0.002,0.009,1.025,1.138,-3.658,-0.919,Idle
-0.000,0.009,1.027,1.102,-3.596,-0.936,Idle
0.001,0.008,1.025,1.059,-3.631,-0.928,Idle
-0.001,0.009,1.024,1.076,-3.658,-0.892,Idle
-0.003,0.009,1.025,1.102,-3.631,-0.919,Idle
0.000,0.009,1.026,1.059,-3.588,-0.858,Idle
0.000,0.009,1.025,1.050,-3.588,-0.892,Idle
-0.002,0.010,1.025,1.102,-3.605,-0.936,Idle
-0.001,0.010,1.026,1.102,-3.631,-0.919,Idle
-0.000,0.009,1.024,1.041,-3.614,-0.936,Idle
0.000,0.009,1.026,1.050,-3.588,-0.866,Idle
0.000,0.008,1.024,1.120,-3.605,-0.936,Idle
-0.002,0.010,1.025,1.085,-3.622,-0.892,Idle
-0.001,0.010,1.026,1.085,-3.588,-0.936,Idle
0.002,0.009,1.024,1.033,-3.622,-0.919,Idle
-0.002,0.009,1.025,1.094,-3.622,-0.936,Idle
-0.002,0.009,1.026,1.120,-3.640,-0.901,Idle
-0.001,0.009,1.027,1.094,-3.640,-0.945,Idle
0.001,0.009,1.025,1.067,-3.631,-0.866,Idle
0.000,0.009,1.024,1.085,-3.675,-0.962,Idle
-0.002,0.010,1.026,1.059,-3.666,-0.919,Idle
-0.000,0.009,1.027,1.094,-3.649,-0.910,Idle
0.002,0.009,1.023,1.067,-3.658,-0.910,Idle
-0.001,0.010,1.025,1.129,-3.640,-0.892,Idle
-0.002,0.010,1.025,1.024,-3.658,-0.884,Idle
-0.000,0.009,1.027,1.076,-3.658,-0.884,Idle
0.000,0.009,1.025,1.059,-3.658,-0.945,Idle
-0.002,0.009,1.025,1.076,-3.605,-0.901,Idle
-0.003,0.009,1.024,1.059,-3.640,-0.910,Idle
-0.000,0.009,1.024,1.085,-3.588,-0.945,Idle
0.000,0.009,1.025,1.050,-3.649,-0.910,Idle
-0.001,0.010,1.026,1.050,-3.622,-0.919,Idle
-0.002,0.009,1.025,1.111,-3.640,-0.919,Idle
0.000,0.009,1.025,1.076,-3.631,-0.919,Idle
0.001,0.008,1.024,1.050,-3.614,-0.910,Idle
-0.002,0.009,1.024,1.076,-3.640,-0.954,Idle
-0.001,0.010,1.026,1.129,-3.658,-0.928,Idle
0.000,0.009,1.025,1.041,-3.614,-0.998,Idle
-0.002,0.009,1.025,1.050,-3.640,-0.928,Idle
-0.002,0.009,1.025,1.050,-3.658,-0.919,Idle
-0.001,0.009,1.025,1.050,-3.649,-0.901,Idle
-0.000,0.009,1.025,1.041,-3.631,-0.936,Idle
0.000,0.009,1.025,1.085,-3.640,-0.866,Idle
-0.002,0.010,1.025,1.076,-3.605,-0.892,Idle
-0.002,0.007,1.026,1.085,-3.614,-0.910,Idle
-0.001,0.009,1.026,1.059,-3.588,-0.919,Idle
0.001,0.009,1.026,1.085,-3.640,-0.928,Idle
-0.002,0.009,1.026,1.067,-3.622,-0.884,Idle
-0.001,0.010,1.026,1.059,-3.605,-0.901,Idle
-0.001,0.009,1.026,1.050,-3.605,-0.866,Idle
-0.000,0.009,1.024,1.067,-3.614,-0.919,Idle
-0.002,0.009,1.025,1.076,-3.596,-0.910,Idle
-0.001,0.009,1.025,1.050,-3.640,-0.928,Idle
0.000,0.009,1.025,1.111,-3.614,-0.936,Idle
-0.002,0.009,1.027,1.076,-3.666,-0.936,Idle
-0.002,0.009,1.024,1.050,-3.666,-0.892,Idle
-0.000,0.009,1.025,1.076,-3.649,-0.919,Idle
-0.002,0.009,1.026,1.085,-3.658,-0.936,Idle
-0.001,0.009,1.024,1.094,-3.675,-0.919,Idle
0.002,0.008,1.025,1.094,-3.666,-0.919,Idle
-0.004,0.009,1.024,1.076,-3.640,-0.936,Idle
-0.002,0.009,1.025,1.067,-3.631,-0.910,Idle
0.002,0.009,1.025,1.067,-3.622,-0.928,Idle
0.004,0.009,1.025,1.033,-3.570,-0.936,Idle
-0.003,0.009,1.023,1.059,-3.544,-0.936,Idle
-0.004,0.009,1.027,1.111,-3.666,-0.901,Idle
-0.000,0.009,1.024,1.050,-3.605,-0.892,Idle
0.002,0.008,1.025,1.041,-3.649,-0.910,Idle
-0.002,0.010,1.027,1.102,-3.649,-0.901,Idle
-0.000,0.010,1.026,1.024,-3.570,-0.928,Idle
0.002,0.010,1.028,1.006,-3.535,-0.919,Idle
-0.003,0.009,1.025,1.067,-3.596,-0.910,Idle
-0.004,0.009,1.022,1.015,-3.614,-0.910,Idle
-0.002,0.010,1.027,1.076,-3.658,-0.884,Idle
0.002,0.009,1.027,1.102,-3.666,-0.919,Idle
-0.002,0.009,1.024,1.050,-3.553,-0.919,Idle
-0.001,0.009,1.024,1.129,-3.649,-0.910,Idle
0.002,0.008,1.025,1.129,-3.631,-0.936,Idle
0.001,0.009,1.027,1.094,-3.614,-0.892,Idle
-0.002,0.009,1.025,1.067,-3.605,-0.901,Idle
-0.006,0.010,1.025,1.111,-3.658,-0.954,Idle
-0.004,0.010,1.025,1.129,-3.666,-0.901,Idle
0.003,0.009,1.026,1.102,-3.605,-0.884,Idle
0.002,0.009,1.025,1.094,-3.614,-0.901,Idle
-0.003,0.009,1.025,1.111,-3.666,-0.901,Idle
-0.003,0.009,1.023,1.085,-3.666,-0.919,Idle
0.002,0.009,1.026,1.050,-3.631,-0.971,Idle
0.001,0.009,1.025,1.059,-3.631,-0.919,Idle
-0.002,0.010,1.025,1.050,-3.640,-0.910,Idle
-0.003,0.009,1.024,1.085,-3.640,-0.945,Idle
-0.000,0.009,1.026,1.076,-3.631,-0.919,Idle
-0.001,0.009,1.023,1.033,-3.579,-0.954,Idle
-0.003,0.009,1.024,1.041,-3.622,-0.936,Idle
-0.002,0.010,1.026,1.102,-3.649,-0.945,Idle
0.000,0.009,1.025,1.138,-3.605,-0.954,Idle
-0.001,0.010,1.026,1.050,-3.649,-0.919,Idle
-0.002,0.009,1.025,1.041,-3.605,-0.919,Idle
-0.000,0.009,1.027,1.129,-3.640,-0.936,Idle
0.000,0.009,1.025,1.094,-3.622,-0.936,Idle
-0.000,0.010,1.026,1.102,-3.614,-0.936,Idle
-0.001,0.009,1.024,1.076,-3.631,-0.919,Idle
-0.001,0.010,1.026,1.120,-3.622,-0.901,Idle
-0.001,0.009,1.026,1.094,-3.658,-0.936,Idle
-0.001,0.010,1.027,1.050,-3.596,-0.919,Idle
-0.001,0.009,1.025,1.050,-3.640,-0.962,Idle
-0.001,0.010,1.026,1.094,-3.614,-0.936,Idle
-0.001,0.009,1.026,1.111,-3.684,-0.910,Idle
-0.001,0.009,1.025,1.050,-3.605,-0.962,Idle
-0.001,0.009,1.024,1.076,-3.614,-0.910,Idle
0.000,0.009,1.025,1.059,-3.658,-0.892,Idle
-0.000,0.010,1.026,1.041,-3.596,-0.875,Idle
-0.000,0.009,1.025,1.033,-3.649,-0.980,Idle
-0.002,0.010,1.025,1.111,-3.640,-0.884,Idle
-0.002,0.009,1.026,1.085,-3.605,-0.901,Idle
-0.002,0.010,1.026,1.102,-3.622,-0.936,Idle
-0.001,0.009,1.024,1.041,-3.622,-0.884,Idle
-0.002,0.009,1.024,1.085,-3.666,-0.919,Idle
-0.001,0.008,1.025,1.067,-3.614,-0.919,Idle
-0.000,0.010,1.027,1.111,-3.649,-0.892,Idle
-0.001,0.009,1.025,1.015,-3.596,-0.919,Idle
-0.001,0.009,1.024,1.041,-3.614,-0.901,Idle
-0.001,0.009,1.025,1.050,-3.710,-0.919,Idle
-0.000,0.009,1.025,1.102,-3.675,-0.928,Idle
-0.002,0.009,1.024,1.041,-3.658,-0.945,Idle
-0.002,0.009,1.024,1.041,-3.622,-0.892,Idle
0.001,0.010,1.028,1.076,-3.684,-0.919,Idle
-0.000,0.009,1.024,1.076,-3.693,-0.858,Idle
-0.003,0.010,1.025,1.033,-3.500,-0.936,Idle
-0.002,0.009,1.025,1.067,-3.570,-0.945,Idle
0.000,0.010,1.024,1.085,-3.649,-0.945,Idle
-0.002,0.010,1.027,1.076,-3.631,-0.910,Idle
-0.002,0.010,1.025,1.094,-3.658,-0.962,Idle
-0.001,0.009,1.026,1.076,-3.675,-0.971,Idle
0.000,0.009,1.026,1.120,-3.622,-0.919,Idle
0.001,0.010,1.025,1.094,-3.666,-0.928,Idle
-0.002,0.009,1.024,1.041,-3.658,-0.928,Idle
-0.001,0.008,1.026,1.085,-3.649,-0.936,Idle
-0.000,0.009,1.025,1.067,-3.631,-0.910,Idle
-0.000,0.009,1.026,1.094,-3.658,-0.928,Idle
-0.000,0.009,1.024,1.059,-3.631,-0.936,Idle
0.002,0.009,1.026,1.129,-3.675,-0.945,Idle
-0.000,0.009,1.027,1.102,-3.631,-0.884,Idle
-0.003,0.009,1.025,1.050,-3.693,-0.901,Idle
0.002,0.010,1.024,1.076,-3.640,-0.892,Idle
0.001,0.009,1.027,1.076,-3.631,-0.919,Idle
-0.003,0.010,1.025,1.094,-3.631,-0.901,Idle
-0.003,0.009,1.025,1.094,-3.631,-0.936,Idle
0.002,0.009,1.027,1.094,-3.640,-0.884,Idle
0.003,0.009,1.025,1.050,-3.622,-0.928,Idle
-0.003,0.009,1.026,1.094,-3.658,-0.901,Idle
-0.003,0.009,1.025,1.076,-3.666,-0.980,Idle
0.001,0.008,1.025,1.067,-3.614,-0.928,Idle
0.001,0.009,1.026,1.094,-3.658,-0.980,Idle
-0.003,0.010,1.026,1.076,-3.631,-0.936,Idle
-0.001,0.009,1.024,1.067,-3.675,-0.901,Idle
0.001,0.009,1.026,1.085,-3.622,-0.962,Idle
0.001,0.010,1.025,1.094,-3.605,-0.954,Idle
-0.003,0.009,1.025,1.094,-3.622,-0.901,Idle
-0.002,0.009,1.024,1.102,-3.596,-0.892,Idle
0.001,0.009,1.025,1.059,-3.631,-0.919,Idle
-0.001,0.010,1.025,1.102,-3.631,-0.910,Idle
-0.002,0.009,1.026,1.041,-3.596,-0.901,Idle
-0.002,0.009,1.024,1.129,-3.614,-0.910,Idle
-0.000,0.009,1.025,1.059,-3.640,-0.962,Idle
-0.001,0.010,1.026,1.076,-3.622,-0.884,Idle
-0.002,0.009,1.025,1.085,-3.649,-0.945,Idle
-0.001,0.010,1.026,1.085,-3.640,-0.892,Idle
0.001,0.009,1.025,1.102,-3.614,-0.928,Idle
0.001,0.010,1.027,1.050,-3.658,-0.954,Idle
-0.003,0.009,1.024,1.050,-3.622,-0.945,Idle
-0.002,0.009,1.026,1.059,-3.579,-0.892,Idle
0.000,0.009,1.025,1.085,-3.640,-0.945,Idle
-0.001,0.010,1.026,1.076,-3.684,-0.936,Idle
-0.002,0.010,1.027,1.041,-3.588,-0.936,Idle
-0.001,0.009,1.025,1.067,-3.675,-0.954,Idle
0.001,0.009,1.026,1.094,-3.640,-0.954,Idle
-0.001,0.009,1.025,1.067,-3.622,-0.936,Idle
-0.003,0.010,1.027,1.102,-3.596,-0.971,Idle
-0.000,0.008,1.025,1.024,-3.579,-0.919,Idle
0.000,0.008,1.025,1.059,-3.675,-0.919,Idle
0.001,0.009,1.026,1.102,-3.614,-0.866,Idle
-0.001,0.010,1.026,1.085,-3.631,-0.866,Idle
-0.001,0.010,1.024,1.067,-3.614,-0.901,Idle
-0.000,0.009,1.026,1.085,-3.649,-0.928,Idle
-0.001,0.009,1.026,1.085,-3.701,-0.928,Idle
-0.003,0.010,1.027,1.050,-3.631,-0.928,Idle
-0.001,0.008,1.024,1.076,-3.622,-0.945,Idle
-0.000,0.009,1.027,1.102,-3.658,-0.910,Idle
-0.001,0.009,1.026,1.111,-3.640,-0.875,Idle
0.001,0.009,1.026,1.059,-3.666,-0.936,Idle
0.000,0.009,1.024,1.006,-3.553,-0.945,Idle
-0.001,0.009,1.023,1.059,-3.658,-0.936,Idle
-0.002,0.009,1.027,1.085,-3.658,-0.962,Idle
-0.001,0.009,1.026,1.111,-3.631,-0.884,Idle
0.002,0.009,1.024,1.102,-3.666,-0.919,Idle
-0.001,0.008,1.024,1.033,-3.622,-0.928,Idle
-0.003,0.010,1.027,1.111,-3.622,-0.936,Idle
-0.001,0.009,1.025,1.006,-3.622,-0.945,Idle
0.000,0.008,1.026,1.138,-3.631,-0.928,Idle
0.001,0.009,1.024,1.102,-3.631,-0.928,Idle
-0.003,0.009,1.027,1.076,-3.649,-0.919,Idle
-0.002,0.009,1.024,1.024,-3.622,-0.936,Idle
-0.002,0.008,1.025,1.006,-3.596,-0.954,Idle
0.001,0.009,1.025,1.085,-3.675,-0.919,Idle
-0.002,0.009,1.027,1.041,-3.614,-0.919,Idle
-0.001,0.009,1.024,1.015,-3.605,-0.901,Idle
-0.001,0.009,1.024,1.006,-3.614,-0.901,Idle
-0.001,0.010,1.025,1.120,-3.684,-0.892,Idle
-0.001,0.009,1.026,1.033,-3.579,-0.919,Idle
-0.001,0.011,1.027,1.050,-3.605,-0.936,Idle
-0.002,0.009,1.024,1.059,-3.631,-0.936,Idle
-0.002,0.009,1.027,1.129,-3.658,-0.884,Idle
-0.001,0.009,1.026,1.094,-3.605,-0.901,Idle
-0.002,0.010,1.027,1.059,-3.605,-0.919,Idle
-0.000,0.009,1.024,1.076,-3.622,-0.901,Idle
-0.001,0.009,1.026,1.120,-3.640,-0.892,Idle
-0.002,0.009,1.026,1.138,-3.693,-0.936,Idle
-0.001,0.009,1.025,1.050,-3.605,-0.919,Idle
-0.001,0.009,1.024,1.111,-3.649,-0.892,Idle
-0.001,0.009,1.027,1.085,-3.649,-0.919,Idle
0.000,0.010,1.027,1.111,-3.631,-0.875,Idle
-0.002,0.009,1.025,1.076,-3.588,-0.954,Idle
0.000,0.010,1.025,1.120,-3.596,-0.954,Idle
-0.001,0.010,1.025,1.094,-3.649,-0.892,Idle
-0.001,0.009,1.026,1.111,-3.605,-0.962,Idle
-0.000,0.010,1.025,1.041,-3.622,-0.936,Idle
-0.001,0.009,1.025,1.102,-3.640,-0.945,Idle
-0.000,0.009,1.025,1.102,-3.596,-0.919,Idle
-0.001,0.009,1.026,1.059,-3.622,-0.901,Idle
-0.001,0.009,1.025,1.041,-3.614,-0.945,Idle
-0.001,0.009,1.025,1.102,-3.675,-0.919,Idle
-0.001,0.009,1.026,1.067,-3.675,-0.919,Idle
-0.001,0.009,1.024,1.050,-3.631,-0.866,Idle
-0.000,0.010,1.025,1.102,-3.640,-0.884,Idle
0.000,0.009,1.026,1.059,-3.640,-0.936,Idle
-0.001,0.009,1.024,1.059,-3.605,-0.936,Idle
-0.001,0.009,1.026,1.041,-3.596,-0.936,Idle
-0.001,0.008,1.025,1.076,-3.631,-0.910,Idle
0.000,0.009,1.025,1.041,-3.588,-0.910,Idle
-0.002,0.009,1.025,1.059,-3.640,-0.954,Idle
-0.002,0.009,1.025,1.146,-3.640,-0.910,Idle
-0.001,0.009,1.026,1.111,-3.640,-0.884,Idle
-0.001,0.008,1.025,1.085,-3.622,-0.910,Idle
-0.002,0.009,1.025,1.067,-3.649,-0.919,Idle
0.000,0.009,1.025,1.059,-3.631,-0.892,Idle
-0.000,0.009,1.026,1.076,-3.658,-0.936,Idle
-0.000,0.008,1.026,1.085,-3.614,-0.884,Idle
-0.001,0.009,1.024,1.059,-3.614,-0.928,Idle
-0.000,0.010,1.025,1.059,-3.640,-0.910,Idle
-0.001,0.009,1.025,1.102,-3.640,-0.954,Idle
-0.000,0.010,1.025,1.129,-3.596,-0.901,Idle
-0.001,0.009,1.025,1.129,-3.658,-0.954,Idle
-0.002,0.009,1.024,1.155,-3.640,-0.910,Idle
-0.000,0.010,1.026,1.067,-3.640,-0.840,Idle
0.001,0.010,1.024,1.076,-3.675,-0.954,Idle
0.001,0.009,1.025,1.076,-3.640,-0.919,Idle
-0.003,0.009,1.026,1.076,-3.596,-0.928,Idle
-0.002,0.009,1.025,1.076,-3.588,-0.884,Idle
0.000,0.009,1.025,1.111,-3.588,-0.928,Idle
-0.000,0.010,1.026,1.085,-3.596,-0.919,Idle
-0.001,0.009,1.025,1.041,-3.614,-0.910,Idle
-0.001,0.009,1.027,1.050,-3.596,-0.936,Idle
-0.002,0.009,1.027,1.129,-3.631,-0.928,Idle
-0.001,0.009,1.025,1.094,-3.649,-0.919,Idle
-0.001,0.009,1.025,1.059,-3.640,-0.884,Idle
-0.001,0.009,1.026,1.076,-3.666,-0.875,Idle
-0.000,0.009,1.028,1.094,-3.631,-0.875,Idle
-0.001,0.009,1.024,1.059,-3.614,-0.875,Idle
-0.001,0.009,1.026,1.102,-3.658,-0.910,Idle
-0.002,0.009,1.026,1.085,-3.649,-0.919,Idle
-0.000,0.010,1.025,1.094,-3.649,-0.928,Idle
-0.000,0.008,1.025,1.076,-3.658,-0.919,Idle
-0.001,0.010,1.026,1.050,-3.605,-0.962,Idle
-0.001,0.010,1.024,1.076,-3.631,-0.928,Idle
-0.001,0.009,1.026,1.067,-3.631,-0.866,Idle
0.001,0.009,1.025,1.111,-3.640,-0.954,Idle
-0.002,0.009,1.026,1.059,-3.640,-0.866,Idle
-0.002,0.009,1.026,1.094,-3.640,-0.971,Idle
-0.000,0.010,1.026,1.076,-3.614,-0.901,Idle
-0.000,0.009,1.025,1.059,-3.622,-0.901,Idle
-0.002,0.009,1.024,1.050,-3.614,-0.910,Idle
-0.002,0.009,1.026,1.085,-3.605,-0.936,Idle
-0.000,0.009,1.026,1.094,-3.614,-0.945,Idle
-0.000,0.009,1.024,1.059,-3.605,-0.936,Idle
-0.001,0.009,1.026,1.050,-3.640,-0.892,Idle
-0.001,0.010,1.025,1.085,-3.640,-0.954,Idle
-0.000,0.009,1.024,1.094,-3.588,-0.892,Idle
-0.001,0.010,1.026,1.076,-3.596,-0.928,Idle
-0.002,0.009,1.024,1.076,-3.658,-0.919,Idle
-0.000,0.009,1.027,1.094,-3.658,-0.928,Idle
-0.001,0.009,1.025,1.067,-3.605,-0.936,Idle
-0.001,0.009,1.025,1.041,-3.622,-0.910,Idle
-0.001,0.010,1.025,1.085,-3.614,-0.892,Idle
-0.002,0.010,1.027,1.129,-3.631,-0.901,Idle
-0.000,0.011,1.027,1.076,-3.631,-0.919,Idle
-0.000,0.009,1.024,1.067,-3.596,-0.901,Idle
-0.000,0.009,1.025,1.067,-3.658,-0.901,Idle
-0.001,0.009,1.026,1.067,-3.622,-0.971,Idle
-0.001,0.009,1.024,1.094,-3.614,-0.919,Idle
0.000,0.009,1.025,1.050,-3.622,-0.945,Idle
-0.000,0.010,1.026,1.094,-3.614,-0.910,Idle
-0.002,0.010,1.026,1.085,-3.596,-0.919,Idle
-0.002,0.009,1.026,1.120,-3.614,-0.928,Idle
0.000,0.009,1.024,1.050,-3.605,-0.928,Idle
0.001,0.010,1.027,1.094,-3.649,-0.919,Idle
0.000,0.009,1.027,1.085,-3.675,-0.971,Idle
-0.001,0.009,1.026,1.067,-3.596,-0.892,Idle
-0.000,0.009,1.023,1.033,-3.622,-0.866,Idle
-0.001,0.010,1.025,1.129,-3.675,-0.928,Idle
-0.001,0.009,1.025,1.120,-3.631,-0.884,Idle
-0.000,0.009,1.025,1.085,-3.588,-0.840,Idle
-0.000,0.009,1.025,1.067,-3.614,-0.936,Idle
-0.002,0.009,1.024,1.024,-3.605,-0.892,Idle
-0.001,0.010,1.026,1.138,-3.622,-0.945,Idle
-0.002,0.010,1.025,1.059,-3.588,-0.945,Idle
-0.000,0.009,1.025,1.067,-3.649,-0.954,Idle
-0.001,0.009,1.024,1.129,-3.649,-0.901,Idle
-0.002,0.010,1.027,1.076,-3.649,-0.936,Idle
0.001,0.009,1.024,1.076,-3.596,-0.928,Idle
-0.001,0.009,1.024,1.067,-3.675,-0.875,Idle
-0.000,0.009,1.025,1.111,-3.658,-0.901,Idle
-0.002,0.010,1.025,1.059,-3.640,-0.892,Idle
0.000,0.009,1.025,1.059,-3.614,-0.875,Idle
0.000,0.009,1.024,1.076,-3.614,-0.928,Idle
-0.001,0.010,1.026,1.102,-3.605,-0.928,Idle
-0.001,0.009,1.025,1.059,-3.631,-0.928,Idle
-0.001,0.009,1.026,1.085,-3.605,-0.875,Idle
0.001,0.009,1.024,1.076,-3.614,-0.954,Idle
-0.001,0.009,1.026,1.076,-3.640,-0.884,Idle
-0.001,0.009,1.025,1.111,-3.570,-0.884,Idle
-0.001,0.009,1.024,1.050,-3.596,-0.875,Idle
-0.000,0.009,1.024,1.085,-3.649,-0.866,Idle
-0.001,0.009,1.026,1.076,-3.631,-0.954,Idle
-0.001,0.009,1.024,1.076,-3.561,-0.884,Idle
-0.001,0.009,1.024,1.050,-3.666,-0.884,Idle
0.000,0.009,1.026,1.033,-3.658,-0.892,Idle
-0.001,0.009,1.024,1.120,-3.614,-0.936,Idle
-0.002,0.009,1.026,1.067,-3.605,-0.945,Idle
-0.000,0.009,1.024,1.024,-3.596,-0.919,Idle
-0.001,0.009,1.026,1.067,-3.622,-0.910,Idle
-0.001,0.009,1.025,1.059,-3.631,-0.901,Idle
-0.001,0.009,1.026,1.094,-3.614,-0.936,Idle
-0.000,0.008,1.025,1.067,-3.631,-0.971,Idle
-0.001,0.009,1.027,1.111,-3.614,-0.954,Idle
-0.002,0.010,1.025,1.094,-3.570,-0.928,Idle
-0.000,0.010,1.025,1.085,-3.596,-0.928,Idle
-0.000,0.009,1.026,1.094,-3.649,-0.892,Idle
-0.001,0.009,1.025,1.120,-3.666,-0.884,Idle
-0.001,0.010,1.026,1.111,-3.631,-0.936,Idle
-0.001,0.009,1.024,1.033,-3.596,-0.989,Idle
-0.001,0.008,1.025,1.076,-3.631,-0.945,Idle
-0.001,0.010,1.025,1.120,-3.631,-0.901,Idle
-0.001,0.009,1.026,1.076,-3.658,-0.910,Idle
-0.001,0.008,1.025,1.076,-3.684,-0.892,Idle
-0.001,0.008,1.025,1.111,-3.649,-0.919,Idle
-0.001,0.009,1.025,1.067,-3.605,-0.936,Idle
0.000,0.010,1.026,1.076,-3.640,-0.980,Idle
0.001,0.010,1.024,1.085,-3.622,-0.954,Idle
-0.002,0.009,1.025,1.120,-3.605,-0.945,Idle
-0.001,0.009,1.026,1.129,-3.666,-0.858,Idle
-0.001,0.009,1.026,1.085,-3.622,-0.945,Idle
-0.001,0.009,1.024,1.006,-3.631,-0.936,Idle
-0.001,0.009,1.025,1.067,-3.596,-0.866,Idle
-0.001,0.009,1.025,1.138,-3.649,-0.936,Idle
-0.001,0.009,1.025,1.076,-3.631,-0.910,Idle
-0.001,0.009,1.024,1.050,-3.631,-0.910,Idle
-0.001,0.009,1.025,1.033,-3.614,-0.936,Idle
-0.001,0.010,1.026,1.111,-3.622,-0.892,Idle
-0.002,0.009,1.025,1.102,-3.631,-0.910,Idle
-0.001,0.009,1.025,1.033,-3.640,-0.901,Idle
-0.001,0.009,1.023,1.067,-3.640,-0.936,Idle
-0.000,0.010,1.027,1.111,-3.666,-0.892,Idle
-0.001,0.009,1.025,1.041,-3.596,-0.919,Idle
-0.001,0.010,1.026,1.059,-3.614,-0.875,Idle
-0.001,0.009,1.025,1.076,-3.605,-0.954,Idle
-0.002,0.010,1.026,1.111,-3.640,-0.892,Idle
-0.001,0.010,1.026,1.146,-3.666,-0.892,Idle
-0.001,0.008,1.025,1.067,-3.561,-0.892,Idle
-0.000,0.009,1.024,1.041,-3.631,-0.901,Idle
-0.000,0.008,1.027,1.111,-3.693,-0.892,Idle
-0.001,0.010,1.027,1.111,-3.640,-0.919,Idle
-0.001,0.009,1.024,1.041,-3.622,-0.936,Idle
-0.001,0.009,1.025,1.067,-3.649,-0.892,Idle
-0.000,0.010,1.023,1.059,-3.614,-0.919,Idle
-0.000,0.009,1.029,1.120,-3.675,-0.919,Idle
-0.000,0.009,1.025,1.076,-3.622,-0.901,Idle
-0.000,0.009,1.025,1.120,-3.570,-0.954,Idle
-0.000,0.009,1.026,1.120,-3.666,-0.892,Idle
-0.003,0.010,1.027,1.076,-3.631,-0.919,Idle
-0.002,0.009,1.023,0.989,-3.622,-0.936,Idle
-0.002,0.008,1.022,1.111,-3.649,-0.875,Idle
-0.000,0.009,1.025,1.111,-3.658,-0.928,Idle
-0.001,0.009,1.026,1.067,-3.596,-0.910,Idle
-0.001,0.010,1.023,1.059,-3.605,-0.892,Idle
-0.001,0.009,1.024,1.059,-3.596,-0.910,Idle
-0.001,0.009,1.026,1.138,-3.675,-0.919,Idle
-0.001,0.009,1.026,1.102,-3.614,-0.919,Idle
-0.002,0.009,1.024,1.111,-3.675,-0.892,Idle
-0.001,0.009,1.024,1.059,-3.631,-0.936,Idle
-0.000,0.009,1.027,1.138,-3.666,-0.910,Idle
-0.002,0.008,1.026,1.033,-3.605,-0.936,Idle
-0.001,0.008,1.026,1.102,-3.588,-0.936,Idle
-0.001,0.008,1.025,1.076,-3.658,-0.945,Idle
-0.001,0.009,1.028,1.138,-3.640,-0.901,Idle
-0.001,0.009,1.023,1.059,-3.579,-0.919,Idle
-0.001,0.009,1.027,1.067,-3.605,-0.892,Idle
0.000,0.010,1.024,1.076,-3.631,-0.901,Idle
-0.001,0.010,1.025,1.050,-3.622,-0.928,Idle
-0.001,0.009,1.026,1.076,-3.622,-0.919,Idle
-0.001,0.009,1.023,1.041,-3.579,-0.928,Idle
-0.000,0.010,1.024,1.059,-3.666,-0.910,Idle
-0.001,0.009,1.026,1.059,-3.588,-0.928,Idle
-0.002,0.009,1.028,1.085,-3.684,-0.901,Idle
-0.001,0.008,1.026,1.024,-3.614,-0.936,Idle
-0.001,0.010,1.027,1.085,-3.640,-0.910,Idle
-0.001,0.009,1.024,1.041,-3.640,-0.928,Idle
-0.001,0.009,1.027,1.041,-3.588,-0.884,Idle
-0.001,0.009,1.025,1.059,-3.622,-0.936,Idle
-0.001,0.009,1.024,1.111,-3.649,-0.901,Idle
-0.001,0.009,1.024,1.094,-3.640,-0.919,Idle
-0.002,0.008,1.025,1.085,-3.605,-0.892,Idle
-0.001,0.009,1.025,1.041,-3.649,-0.892,Idle
-0.001,0.009,1.024,1.059,-3.675,-0.901,Idle
-0.000,0.009,1.026,1.111,-3.658,-0.901,Idle
-0.001,0.009,1.026,1.146,-3.640,-0.910,Idle
-0.002,0.010,1.025,1.067,-3.666,-0.910,Idle
-0.000,0.009,1.025,1.067,-3.640,-0.928,Idle
-0.001,0.010,1.025,1.076,-3.658,-0.928,Idle
-0.001,0.009,1.025,1.067,-3.579,-0.901,Idle
-0.000,0.008,1.025,1.102,-3.622,-0.919,Idle
-0.001,0.009,1.024,1.050,-3.631,-0.910,Idle
-0.002,0.009,1.026,1.085,-3.631,-0.919,Idle
-0.001,0.009,1.026,1.059,-3.640,-0.954,Idle
-0.001,0.009,1.026,1.024,-3.605,-0.910,Idle
-0.000,0.009,1.025,1.041,-3.649,-0.919,Idle
-0.001,0.009,1.026,1.138,-3.640,-0.875,Idle
0.000,0.009,1.024,1.076,-3.614,-0.884,Idle
0.000,0.009,1.025,1.076,-3.614,-0.919,Idle
0.000,0.009,1.025,1.102,-3.605,-0.901,Idle
-0.001,0.010,1.025,1.067,-3.622,-0.910,Idle
0.000,0.010,1.025,1.067,-3.614,-0.910,Idle
-0.002,0.010,1.026,1.033,-3.640,-0.884,Idle
-0.001,0.009,1.025,1.076,-3.631,-0.945,Idle
-0.002,0.009,1.026,1.076,-3.640,-0.919,Idle
0.000,0.009,1.025,1.085,-3.622,-0.892,Idle
-0.002,0.010,1.025,1.094,-3.588,-0.892,Idle
-0.001,0.009,1.026,1.094,-3.640,-0.910,Idle
-0.001,0.009,1.025,1.094,-3.640,-0.910,Idle
-0.001,0.008,1.026,1.076,-3.596,-0.954,Idle
-0.001,0.009,1.025,1.059,-3.631,-0.901,Idle
-0.000,0.009,1.025,1.050,-3.649,-0.971,Idle
0.000,0.009,1.025,1.085,-3.640,-0.875,Idle
-0.002,0.010,1.025,1.050,-3.596,-0.919,Idle
-0.001,0.010,1.026,1.102,-3.631,-0.884,Idle
-0.001,0.010,1.024,1.085,-3.596,-0.884,Idle
0.000,0.009,1.025,1.059,-3.622,-0.901,Idle
-0.001,0.009,1.026,1.102,-3.631,-0.892,Idle
-0.001,0.009,1.025,1.050,-3.631,-0.884,Idle
-0.001,0.009,1.025,1.059,-3.579,-0.910,Idle
-0.000,0.009,1.024,1.041,-3.631,-0.962,Idle
-0.002,0.009,1.025,1.102,-3.649,-0.910,Idle
-0.000,0.009,1.027,1.067,-3.640,-0.928,Idle
-0.001,0.009,1.024,1.111,-3.640,-0.928,Idle
0.000,0.008,1.025,1.067,-3.614,-0.919,Idle
-0.002,0.010,1.026,1.085,-3.631,-0.910,Idle
-0.001,0.010,1.026,1.111,-3.614,-0.875,Idle
0.000,0.010,1.025,1.085,-3.579,-0.910,Idle
-0.000,0.009,1.023,1.085,-3.614,-0.936,Idle
-0.001,0.009,1.027,1.059,-3.631,-0.901,Idle
-0.001,0.009,1.026,1.076,-3.658,-0.919,Idle
-0.001,0.010,1.025,1.050,-3.588,-0.936,Idle
-0.001,0.009,1.025,1.041,-3.640,-0.910,Idle
0.000,0.009,1.024,1.067,-3.605,-0.936,Idle
-0.002,0.010,1.027,1.129,-3.631,-0.928,Idle
-0.001,0.009,1.026,1.050,-3.588,-0.945,Idle
-0.000,0.009,1.027,1.085,-3.649,-0.901,Idle
-0.001,0.009,1.025,1.076,-3.649,-0.945,Idle
-0.001,0.009,1.026,1.076,-3.640,-0.901,Idle
-0.001,0.009,1.025,1.085,-3.622,-0.901,Idle
-0.000,0.008,1.026,1.059,-3.588,-0.919,Idle
-0.000,0.009,1.026,1.067,-3.684,-0.919,Idle
-0.001,0.008,1.025,1.067,-3.658,-0.936,Idle
-0.000,0.009,1.024,1.050,-3.614,-0.884,Idle
-0.000,0.008,1.025,1.067,-3.596,-0.875,Idle
-0.001,0.009,1.024,1.076,-3.666,-0.936,Idle
-0.001,0.008,1.026,1.050,-3.596,-0.936,Idle
-0.001,0.009,1.024,1.076,-3.640,-0.928,Idle
-0.001,0.009,1.025,1.076,-3.605,-0.884,Idle
-0.001,0.009,1.028,1.076,-3.596,-0.901,Idle
-0.001,0.009,1.026,1.085,-3.631,-0.919,Idle
-0.002,0.009,1.023,1.094,-3.631,-0.901,Idle
-0.001,0.009,1.024,1.085,-3.588,-0.910,Idle
-0.002,0.009,1.027,1.076,-3.666,-0.901,Idle
-0.002,0.009,1.025,1.076,-3.631,-0.892,Idle
-0.001,0.009,1.025,1.094,-3.622,-0.962,Idle
-0.000,0.009,1.025,1.041,-3.596,-0.919,Idle
-0.001,0.009,1.027,1.102,-3.675,-0.910,Idle
-0.001,0.009,1.027,1.076,-3.614,-0.892,Idle
-0.001,0.009,1.025,1.041,-3.631,-0.928,Idle
-0.001,0.008,1.025,1.059,-3.631,-0.910,Idle
-0.001,0.010,1.024,1.102,-3.631,-0.936,Idle
0.000,0.010,1.027,1.076,-3.631,-0.928,Idle
-0.001,0.010,1.025,1.094,-3.649,-0.901,Idle
-0.000,0.010,1.024,1.067,-3.605,-0.901,Idle
-0.000,0.009,1.025,1.076,-3.614,-0.901,Idle
-0.000,0.009,1.028,1.094,-3.649,-0.936,Idle
-0.002,0.009,1.026,1.050,-3.605,-0.866,Idle
-0.001,0.009,1.026,1.146,-3.631,-0.910,Idle
0.000,0.009,1.025,1.111,-3.658,-0.936,Idle
-0.002,0.010,1.024,1.120,-3.588,-0.919,Idle
-0.002,0.009,1.026,1.094,-3.631,-0.910,Idle
-0.000,0.009,1.025,1.059,-3.658,-0.936,Idle
-0.000,0.009,1.027,1.076,-3.710,-0.910,Idle
-0.002,0.010,1.025,1.041,-3.640,-0.919,Idle
-0.001,0.009,1.024,1.102,-3.605,-0.928,Idle
-0.001,0.008,1.025,1.102,-3.640,-0.910,Idle
-0.001,0.009,1.026,1.111,-3.622,-0.954,Idle
-0.002,0.009,1.025,1.076,-3.596,-0.910,Idle
-0.001,0.009,1.025,1.129,-3.605,-0.928,Idle
-0.001,0.009,1.026,1.041,-3.605,-0.875,Idle
-0.001,0.009,1.025,1.085,-3.631,-0.875,Idle
-0.002,0.009,1.025,1.050,-3.631,-0.945,Idle
-0.001,0.008,1.025,1.076,-3.631,-0.954,Idle
-0.001,0.009,1.025,1.024,-3.658,-0.936,Idle
-0.000,0.010,1.025,1.041,-3.649,-0.901,Idle
-0.001,0.009,1.025,1.059,-3.614,-0.892,Idle
-0.001,0.009,1.025,1.085,-3.640,-0.875,Idle
-0.000,0.009,1.027,1.111,-3.622,-0.884,Idle
-0.000,0.009,1.025,1.085,-3.631,-0.892,Idle
-0.001,0.010,1.024,1.094,-3.649,-0.954,Idle
-0.001,0.009,1.026,1.059,-3.622,-0.919,Idle
-0.001,0.010,1.028,1.102,-3.710,-0.866,Idle
-0.001,0.009,1.025,1.094,-3.649,-0.919,Idle
-0.001,0.009,1.025,1.067,-3.622,-0.954,Idle
-0.000,0.009,1.025,1.076,-3.631,-0.910,Idle
-0.000,0.010,1.027,1.138,-3.640,-0.875,Idle
-0.001,0.010,1.027,1.015,-3.622,-0.884,Idle
-0.002,0.010,1.026,1.067,-3.588,-0.901,Idle
-0.000,0.009,1.025,1.076,-3.631,-0.884,Idle
-0.000,0.010,1.026,1.041,-3.614,-0.919,Idle
-0.001,0.009,1.027,1.102,-3.666,-0.910,Idle
-0.002,0.008,1.023,1.059,-3.675,-0.945,Idle
-0.001,0.009,1.025,1.111,-3.675,-0.919,Idle
-0.000,0.009,1.025,1.076,-3.640,-0.866,Idle
-0.002,0.009,1.028,1.120,-3.614,-0.901,Idle
-0.002,0.009,1.025,1.024,-3.640,-0.919,Idle
-0.000,0.009,1.027,1.129,-3.649,-0.954,Idle
-0.000,0.010,1.026,1.111,-3.614,-0.910,Idle
-0.002,0.010,1.026,1.102,-3.605,-0.919,Idle
-0.002,0.009,1.023,1.050,-3.649,-0.892,Idle
-0.000,0.009,1.026,1.102,-3.649,-0.831,Idle
0.000,0.009,1.026,1.138,-3.666,-0.910,Idle
-0.001,0.009,1.026,1.041,-3.631,-0.910,Idle
-0.001,0.009,1.025,1.111,-3.640,-0.910,Idle
-0.001,0.008,1.024,1.050,-3.605,-0.901,Idle
-0.001,0.009,1.029,1.120,-3.649,-0.971,Idle
-0.000,0.008,1.024,1.033,-3.596,-0.945,Idle
-0.001,0.008,1.025,1.094,-3.631,-0.928,Idle
-0.001,0.009,1.024,1.050,-3.675,-0.892,Idle
-0.002,0.009,1.027,1.111,-3.658,-0.936,Idle
-0.000,0.009,1.024,1.033,-3.553,-0.928,Idle
-0.001,0.008,1.025,1.024,-3.570,-0.971,Idle
-0.000,0.009,1.024,1.111,-3.588,-0.954,Idle
-0.002,0.010,1.028,1.102,-3.622,-0.919,Idle
-0.001,0.008,1.024,1.024,-3.614,-0.892,Idle
-0.001,0.009,1.024,1.041,-3.579,-0.928,Idle
-0.001,0.008,1.024,1.102,-3.658,-0.901,Idle
-0.001,0.009,1.025,1.094,-3.666,-0.892,Idle
-0.001,0.010,1.027,1.067,-3.614,-0.936,Idle
-0.002,0.009,1.023,1.050,-3.605,-0.980,Idle
0.000,0.010,1.026,1.094,-3.684,-0.910,Idle
-0.001,0.008,1.028,1.094,-3.622,-0.945,Idle
-0.002,0.009,1.025,1.076,-3.649,-0.875,Idle
-0.001,0.009,1.024,1.050,-3.631,-0.954,Idle
-0.000,0.009,1.028,1.102,-3.693,-0.901,Idle
-0.001,0.009,1.027,1.102,-3.631,-0.910,Idle
-0.002,0.008,1.027,1.076,-3.605,-0.945,Idle
-0.001,0.009,1.024,1.050,-3.649,-0.910,Idle
-0.001,0.009,1.027,1.129,-3.640,-0.910,Idle
-0.001,0.010,1.028,1.085,-3.649,-0.910,Idle
-0.001,0.009,1.025,1.067,-3.579,-0.884,Idle
-0.001,0.008,1.025,1.076,-3.588,-0.892,Idle
-0.001,0.010,1.027,1.120,-3.605,-0.901,Idle
-0.001,0.009,1.026,1.120,-3.666,-0.928,Idle
-0.001,0.009,1.026,1.111,-3.614,-0.875,Idle
-0.001,0.008,1.026,1.111,-3.658,-0.910,Idle
-0.000,0.009,1.024,1.076,-3.658,-0.936,Idle
-0.001,0.009,1.027,1.085,-3.622,-0.910,Idle
-0.002,0.009,1.025,1.041,-3.614,-0.901,Idle
-0.001,0.010,1.025,1.102,-3.614,-0.928,Idle
0.000,0.010,1.025,1.024,-3.675,-0.936,Idle
-0.001,0.009,1.027,1.050,-3.596,-0.892,Idle
-0.001,0.009,1.024,1.085,-3.622,-0.919,Idle
-0.001,0.009,1.025,1.102,-3.649,-0.901,Idle
0.000,0.009,1.025,1.085,-3.631,-0.892,Idle
-0.001,0.009,1.024,1.138,-3.614,-0.884,Idle
-0.001,0.009,1.025,1.059,-3.666,-0.919,Idle
0.000,0.009,1.025,1.059,-3.614,-0.945,Idle
-0.000,0.009,1.025,1.067,-3.658,-0.892,Idle
-0.001,0.009,1.026,1.085,-3.605,-0.919,Idle
-0.002,0.009,1.026,1.050,-3.666,-0.928,Idle
-0.000,0.008,1.025,1.067,-3.614,-0.928,Idle
-0.002,0.010,1.025,1.138,-3.631,-0.910,Idle
-0.001,0.008,1.026,1.041,-3.596,-0.919,Idle
0.000,0.009,1.025,1.033,-3.666,-0.901,Idle
-0.001,0.009,1.025,1.024,-3.640,-0.840,Idle
-0.002,0.009,1.025,1.146,-3.658,-0.936,Idle
-0.000,0.009,1.025,1.085,-3.622,-0.892,Idle
-0.001,0.009,1.025,1.050,-3.640,-0.936,Idle
-0.001,0.009,1.024,1.094,-3.631,-0.858,Idle
-0.001,0.009,1.026,1.111,-3.649,-0.919,Idle
-0.001,0.008,1.025,1.094,-3.631,-0.945,Idle
-0.001,0.009,1.026,1.076,-3.588,-0.901,Idle
-0.001,0.009,1.025,1.085,-3.640,-0.954,Idle
-0.001,0.009,1.026,1.076,-3.666,-0.945,Idle
-0.001,0.009,1.024,1.102,-3.649,-0.892,Idle
-0.001,0.008,1.026,1.041,-3.622,-0.945,Idle
-0.001,0.008,1.025,1.094,-3.640,-0.875,Idle
-0.001,0.009,1.026,1.059,-3.658,-0.936,Idle
-0.001,0.009,1.027,1.085,-3.579,-0.884,Idle
-0.001,0.009,1.024,1.059,-3.605,-0.971,Idle
-0.001,0.008,1.026,1.102,-3.640,-0.928,Idle
-0.001,0.008,1.025,1.094,-3.649,-0.928,Idle
-0.001,0.008,1.026,1.059,-3.649,-0.892,Idle
-0.001,0.009,1.026,1.059,-3.614,-0.928,Idle
-0.001,0.008,1.026,1.076,-3.605,-0.892,Idle
-0.001,0.009,1.025,1.111,-3.658,-0.901,Idle
-0.002,0.009,1.026,1.050,-3.658,-0.910,Idle
-0.000,0.009,1.027,1.033,-3.596,-0.901,Idle
-0.001,0.009,1.027,1.102,-3.570,-0.945,Idle
-0.002,0.009,1.025,1.085,-3.622,-0.919,Idle
-0.002,0.009,1.024,1.076,-3.622,-0.919,Idle
-0.002,0.009,1.026,1.067,-3.622,-0.945,Idle
-0.002,0.009,1.025,1.067,-3.631,-0.910,Idle
-0.001,0.009,1.026,1.024,-3.614,-0.936,Idle
-0.000,0.008,1.025,1.041,-3.622,-0.919,Idle
-0.001,0.008,1.024,1.033,-3.605,-0.919,Idle
-0.002,0.009,1.025,1.138,-3.614,-0.910,Idle
-0.001,0.009,1.025,1.085,-3.605,-0.936,Idle
-0.001,0.009,1.026,1.067,-3.622,-0.919,Idle
-0.001,0.009,1.025,1.041,-3.622,-0.936,Idle
-0.002,0.010,1.027,1.094,-3.666,-0.945,Idle
-0.001,0.009,1.025,1.085,-3.640,-0.910,Idle
-0.002,0.009,1.025,1.059,-3.614,-0.910,Idle
0.000,0.009,1.025,1.076,-3.614,-0.884,Idle
-0.001,0.009,1.026,1.129,-3.614,-0.901,Idle
-0.004,0.010,1.026,1.067,-3.579,-0.928,Idle
-0.001,0.009,1.026,1.138,-3.701,-0.892,Idle
0.000,0.009,1.026,1.059,-3.605,-0.945,Idle
-0.003,0.009,1.024,1.033,-3.622,-0.928,Idle
-0.002,0.008,1.027,1.120,-3.588,-0.919,Idle
0.000,0.008,1.024,1.050,-3.631,-0.910,Idle
-0.000,0.010,1.027,1.129,-3.622,-0.892,Idle
-0.001,0.009,1.025,1.024,-3.596,-0.901,Idle
-0.001,0.009,1.026,1.067,-3.605,-0.910,Idle
0.000,0.008,1.025,1.085,-3.622,-0.928,Idle
-0.002,0.009,1.026,1.094,-3.622,-0.919,Idle
-0.002,0.009,1.025,1.067,-3.570,-0.892,Idle
-0.000,0.009,1.025,1.067,-3.605,-0.858,Idle
0.001,0.009,1.025,1.067,-3.631,-0.901,Idle
-0.002,0.009,1.027,1.129,-3.622,-0.892,Idle
-0.002,0.010,1.027,1.067,-3.622,-0.919,Idle
-0.001,0.009,1.024,1.076,-3.596,-0.919,Idle
-0.001,0.009,1.026,1.102,-3.666,-0.919,Idle
-0.002,0.008,1.026,1.094,-3.614,-0.919,Idle
-0.001,0.009,1.028,1.085,-3.666,-0.884,Idle
-0.000,0.010,1.024,1.059,-3.640,-0.919,Idle
0.001,0.009,1.025,1.094,-3.649,-0.928,Idle
-0.001,0.009,1.026,1.094,-3.649,-0.919,Idle
-0.002,0.010,1.026,1.076,-3.596,-0.901,Idle
0.000,0.009,1.024,1.059,-3.605,-0.928,Idle
0.000,0.009,1.025,1.067,-3.666,-0.910,Idle
-0.001,0.009,1.025,1.076,-3.631,-0.901,Idle
-0.001,0.009,1.026,1.067,-3.622,-0.901,Idle
-0.000,0.008,1.025,1.067,-3.649,-0.954,Idle
-0.000,0.009,1.026,1.067,-3.649,-0.901,Idle
-0.000,0.009,1.027,1.129,-3.658,-0.945,Idle
-0.001,0.009,1.025,1.111,-3.666,-0.919,Idle
0.000,0.008,1.026,1.120,-3.640,-0.910,Idle
-0.001,0.009,1.025,1.059,-3.631,-0.945,Idle
-0.001,0.009,1.025,1.041,-3.649,-0.884,Idle
-0.002,0.009,1.024,1.059,-3.588,-0.919,Idle
-0.001,0.009,1.028,1.094,-3.640,-0.945,Idle
-0.000,0.009,1.025,1.076,-3.631,-0.954,Idle
-0.000,0.009,1.025,1.138,-3.649,-0.962,Idle
-0.002,0.011,1.029,1.085,-3.658,-0.936,Idle
0.000,0.008,1.028,1.173,-3.631,-0.875,Idle
-0.000,0.008,1.027,1.094,-3.658,-0.892,Idle
-0.001,0.009,1.024,1.024,-3.605,-0.875,Idle
-0.003,0.009,1.026,1.094,-3.605,-0.858,Idle
-0.001,0.009,1.022,1.076,-3.631,-0.892,Idle
-0.000,0.008,1.025,1.050,-3.649,-0.892,Idle
-0.001,0.009,1.024,1.094,-3.588,-0.910,Idle
-0.002,0.009,1.024,1.076,-3.605,-0.901,Idle
-0.002,0.009,1.026,1.102,-3.640,-0.919,Idle
0.000,0.008,1.024,1.059,-3.588,-0.945,Idle
0.000,0.009,1.026,1.033,-3.614,-0.884,Idle
-0.002,0.010,1.027,1.155,-3.640,-0.892,Idle
0.001,0.008,1.028,1.102,-3.675,-0.936,Idle
0.001,0.009,1.024,1.085,-3.588,-0.936,Idle
-0.001,0.010,1.026,1.041,-3.622,-0.892,Idle
-0.004,0.008,1.024,1.033,-3.649,-0.945,Idle
-0.001,0.008,1.025,1.067,-3.622,-0.928,Idle
0.001,0.007,1.025,1.024,-3.596,-0.945,Idle
-0.000,0.009,1.025,1.111,-3.649,-0.928,Idle
-0.002,0.009,1.026,1.085,-3.622,-0.954,Idle
-0.001,0.009,1.025,1.076,-3.605,-0.928,Idle
0.000,0.009,1.026,1.041,-3.622,-0.919,Idle
-0.002,0.008,1.023,1.033,-3.640,-0.945,Idle
-0.002,0.010,1.024,1.102,-3.614,-0.928,Idle
-0.001,0.009,1.026,1.120,-3.640,-0.928,Idle
-0.000,0.009,1.026,1.067,-3.605,-0.919,Idle
-0.001,0.009,1.025,1.059,-3.596,-0.910,Idle
-0.001,0.009,1.025,1.085,-3.658,-0.901,Idle
-0.000,0.009,1.024,1.033,-3.649,-0.901,Idle
-0.000,0.008,1.025,1.094,-3.649,-0.919,Idle
-0.002,0.009,1.026,1.094,-3.614,-0.954,Idle
-0.000,0.008,1.024,1.102,-3.631,-0.910,Idle
-0.001,0.010,1.026,1.041,-3.640,-0.928,Idle
-0.000,0.009,1.025,1.085,-3.614,-0.945,Idle
-0.002,0.009,1.025,1.076,-3.622,-0.928,Idle
-0.001,0.009,1.023,1.067,-3.596,-0.884,Idle
-0.001,0.010,1.027,1.067,-3.614,-0.892,Idle
-0.001,0.009,1.027,1.067,-3.614,-0.910,Idle
-0.002,0.008,1.024,1.050,-3.622,-0.901,Idle
-0.001,0.009,1.024,1.076,-3.588,-0.919,Idle
0.000,0.009,1.025,1.059,-3.640,-0.919,Idle
-0.002,0.009,1.026,1.111,-3.588,-0.910,Idle
-0.002,0.009,1.023,1.033,-3.631,-0.928,Idle
-0.001,0.009,1.024,1.015,-3.596,-0.919,Idle
0.000,0.009,1.025,1.094,-3.666,-0.919,Idle
-0.001,0.009,1.025,1.050,-3.640,-0.954,Idle
-0.002,0.009,1.027,1.094,-3.631,-0.919,Idle
-0.001,0.008,1.024,1.041,-3.596,-0.858,Idle
-0.001,0.010,1.027,1.129,-3.684,-0.910,Idle
-0.002,0.010,1.026,1.059,-3.614,-0.962,Idle
-0.001,0.009,1.025,1.067,-3.614,-0.910,Idle
-0.001,0.009,1.023,1.033,-3.622,-0.901,Idle
-0.001,0.009,1.027,1.155,-3.658,-0.901,Idle
-0.000,0.009,1.026,1.120,-3.588,-0.928,Idle
-0.002,0.008,1.025,1.111,-3.631,-0.919,Idle
-0.001,0.009,1.024,1.094,-3.675,-0.919,Idle
-0.000,0.009,1.027,1.129,-3.622,-0.936,Idle
0.000,0.010,1.026,1.111,-3.675,-0.945,Idle
0.000,0.009,1.026,1.050,-3.605,-0.928,Idle
-0.001,0.010,1.028,1.138,-3.701,-0.928,Idle
0.000,0.009,1.028,1.102,-3.614,-0.928,Idle
-0.000,0.009,1.029,1.094,-3.649,-0.884,Idle
-0.001,0.008,1.022,1.006,-3.719,-0.936,Idle
-0.001,0.010,1.024,1.059,-3.614,-0.936,Idle
-0.000,0.009,1.024,1.120,-3.649,-0.892,Idle
-0.001,0.009,1.026,1.076,-3.614,-0.928,Idle
-0.002,0.010,1.025,1.076,-3.605,-0.910,Idle
-0.001,0.009,1.024,1.085,-3.649,-0.919,Idle
-0.002,0.009,1.021,1.059,-3.570,-0.919,Idle
-0.000,0.008,1.024,1.085,-3.614,-0.910,Idle
-0.002,0.009,1.025,1.094,-3.605,-0.884,Idle
-0.001,0.010,1.025,1.059,-3.649,-0.892,Idle
-0.003,0.009,1.024,1.067,-3.561,-0.945,Idle
-0.002,0.010,1.024,1.041,-3.622,-0.892,Idle
-0.001,0.009,1.025,1.094,-3.631,-0.910,Idle
0.001,0.008,1.025,1.085,-3.658,-0.936,Idle
-0.002,0.010,1.028,1.155,-3.622,-0.884,Idle
-0.001,0.009,1.024,1.050,-3.622,-0.936,Idle
-0.001,0.009,1.027,1.059,-3.614,-0.901,Idle
0.000,0.008,1.023,1.076,-3.570,-0.901,Idle
-0.002,0.009,1.026,1.076,-3.605,-0.945,Idle
-0.002,0.009,1.029,1.102,-3.570,-0.866,Idle
-0.001,0.009,1.026,1.138,-3.640,-0.875,Idle
0.000,0.008,1.024,1.041,-3.649,-0.919,Idle
-0.001,0.009,1.024,1.102,-3.596,-0.901,Idle
-0.004,0.010,1.025,1.111,-3.684,-0.954,Idle
0.000,0.009,1.022,0.998,-3.561,-0.928,Idle
-0.001,0.009,1.026,1.085,-3.640,-0.936,Idle
-0.004,0.009,1.025,1.041,-3.622,-0.936,Idle
-0.003,0.009,1.025,1.085,-3.631,-0.901,Idle
0.001,0.008,1.023,1.033,-3.579,-0.928,Idle
-0.001,0.009,1.026,1.059,-3.631,-0.962,Idle
-0.005,0.010,1.021,1.111,-3.710,-0.936,Idle
-0.000,0.009,1.026,1.190,-3.701,-0.919,Idle
0.002,0.009,1.027,1.059,-3.605,-0.945,Idle
-0.005,0.010,1.029,1.129,-3.622,-0.945,Idle
-0.003,0.011,1.029,1.190,-3.693,-0.936,Idle
0.001,0.009,1.024,1.076,-3.596,-0.910,Idle
0.002,0.007,1.023,1.059,-3.666,-0.928,Idle
-0.003,0.011,1.028,1.164,-3.666,-0.928,Idle
-0.002,0.009,1.026,1.138,-3.649,-0.892,Idle
0.001,0.009,1.027,1.094,-3.570,-0.971,Idle
0.001,0.008,1.025,1.006,-3.614,-0.919,Idle
-0.004,0.008,1.026,1.033,-3.588,-0.901,Idle
-0.003,0.009,1.024,1.094,-3.614,-0.919,Idle
0.001,0.008,1.026,1.059,-3.631,-0.919,Idle
0.001,0.008,1.026,1.041,-3.649,-0.954,Idle
-0.002,0.009,1.026,1.120,-3.631,-0.858,Idle
-0.001,0.009,1.028,1.164,-3.658,-0.919,Idle
0.000,0.008,1.036,1.067,-3.719,-0.875,Idle
0.000,0.009,1.020,1.006,-3.544,-0.962,Idle
-0.002,0.009,1.027,1.085,-3.640,-0.945,Idle
-0.002,0.010,1.026,1.050,-3.614,-0.910,Idle
0.001,0.009,1.024,1.076,-3.640,-0.919,Idle
0.001,0.009,1.024,1.120,-3.658,-0.954,Idle
-0.002,0.009,1.024,1.076,-3.596,-0.901,Idle
-0.002,0.009,1.021,1.102,-3.675,-0.884,Idle
0.001,0.009,1.028,1.050,-3.570,-0.910,Idle
-0.002,0.009,1.023,1.067,-3.614,-0.919,Idle
-0.002,0.009,1.027,1.076,-3.622,-0.919,Idle
-0.001,0.010,1.025,1.120,-3.588,-0.945,Idle
-0.001,0.009,1.026,1.102,-3.675,-0.884,Idle
0.002,0.008,1.024,1.102,-3.666,-0.919,Idle
0.001,0.009,1.025,1.216,-3.710,-0.945,Idle
-0.001,0.009,1.024,1.067,-3.570,-0.901,Idle
-0.002,0.009,1.026,1.050,-3.579,-0.919,Idle
-0.000,0.010,1.024,1.094,-3.596,-0.928,Idle
-0.002,0.009,1.026,1.050,-3.640,-0.919,Idle
-0.002,0.009,1.027,1.129,-3.614,-0.928,Idle
-0.001,0.012,1.026,1.085,-3.640,-0.884,Idle
0.002,0.010,1.022,1.164,-3.649,-0.910,Idle
-0.002,0.010,1.030,1.138,-3.622,-0.936,Idle
-0.003,0.010,1.026,1.146,-3.684,-0.901,Idle
-0.001,0.009,1.026,1.067,-3.666,-0.919,Idle
0.003,0.008,1.023,1.138,-3.658,-0.945,Idle
0.000,0.009,1.022,1.085,-3.658,-0.936,Idle
-0.001,0.009,1.022,1.190,-3.710,-0.928,Idle
0.003,0.009,1.025,1.181,-3.622,-0.936,Idle
0.000,0.009,1.027,1.111,-3.666,-0.875,Idle
-0.004,0.010,1.027,1.120,-3.605,-0.892,Idle
-0.003,0.008,1.025,1.050,-3.614,-0.928,Idle
0.001,0.009,1.023,1.033,-3.640,-0.962,Idle
0.002,0.008,1.023,1.059,-3.605,-0.919,Idle
-0.004,0.011,1.027,1.173,-3.754,-0.892,Idle
-0.003,0.008,1.020,0.936,-3.447,-0.936,Idle
0.002,0.007,1.023,1.129,-3.675,-0.892,Idle
0.001,0.008,1.021,1.076,-3.666,-0.919,Idle
-0.002,0.010,1.024,1.129,-3.658,-0.910,Idle
-0.001,0.010,1.025,1.076,-3.588,-0.954,Idle
0.001,0.009,1.025,1.102,-3.622,-0.928,Idle
0.001,0.008,1.023,1.102,-3.701,-0.919,Idle
-0.001,0.009,1.024,1.059,-3.631,-0.910,Idle
-0.002,0.010,1.025,1.085,-3.631,-0.919,Idle
-0.001,0.009,1.023,1.111,-3.614,-0.928,Idle
0.001,0.009,1.027,1.085,-3.631,-0.919,Idle
-0.002,0.009,1.023,1.050,-3.631,-0.901,Idle
-0.003,0.010,1.026,1.067,-3.754,-0.919,Idle
-0.002,0.009,1.016,0.980,-3.517,-0.954,Idle
-0.002,0.009,1.026,1.120,-3.640,-0.928,Idle
-0.002,0.010,1.027,1.067,-3.588,-0.919,Idle
-0.002,0.010,1.027,1.120,-3.640,-0.884,Idle
0.000,0.010,1.024,1.094,-3.675,-0.910,Idle
0.002,0.009,1.023,1.146,-3.640,-0.866,Idle
-0.000,0.009,1.023,1.102,-3.622,-0.901,Idle
-0.002,0.008,1.026,0.998,-3.579,-0.936,Idle
-0.002,0.009,1.023,1.085,-3.640,-0.910,Idle
0.001,0.009,1.026,1.067,-3.622,-0.910,Idle
-0.001,0.009,1.027,1.138,-3.649,-0.919,Idle
-0.002,0.009,1.024,1.067,-3.614,-0.901,Idle
-0.001,0.009,1.025,1.102,-3.631,-0.892,Idle
0.000,0.010,1.026,1.067,-3.631,-0.910,Idle
0.000,0.009,1.026,1.067,-3.631,-0.910,Idle
-0.003,0.009,1.025,1.094,-3.640,-0.884,Idle
-0.001,0.008,1.024,1.094,-3.622,-0.919,Idle
0.000,0.009,1.025,1.076,-3.596,-0.884,Idle
-0.001,0.009,1.026,1.067,-3.596,-0.884,Idle
-0.001,0.009,1.025,1.111,-3.631,-0.910,Idle
-0.001,0.009,1.026,1.111,-3.605,-0.945,Idle
-0.001,0.010,1.026,1.120,-3.631,-0.936,Idle
-0.001,0.010,1.026,1.085,-3.622,-0.954,Idle
-0.002,0.009,1.025,1.076,-3.649,-0.954,Idle
-0.001,0.009,1.025,1.024,-3.649,-0.892,Idle
-0.001,0.009,1.025,1.094,-3.622,-0.962,Idle
-0.001,0.010,1.026,1.094,-3.605,-0.919,Idle
-0.001,0.009,1.024,1.076,-3.579,-0.910,Idle
-0.000,0.008,1.024,1.085,-3.658,-0.910,Idle
-0.001,0.009,1.026,1.033,-3.649,-0.901,Idle
-0.001,0.009,1.026,1.050,-3.596,-0.910,Idle
-0.001,0.010,1.026,1.067,-3.614,-0.954,Idle
-0.001,0.009,1.025,1.067,-3.649,-0.919,Idle
-0.000,0.009,1.025,1.094,-3.614,-0.910,Idle
-0.002,0.008,1.025,1.067,-3.631,-0.910,Idle
-0.001,0.008,1.025,1.085,-3.614,-0.945,Idle
-0.001,0.009,1.024,1.094,-3.666,-0.919,Idle
-0.002,0.009,1.024,1.094,-3.658,-0.945,Idle
-0.001,0.009,1.025,1.059,-3.631,-0.901,Idle
-0.000,0.009,1.025,1.076,-3.588,-0.919,Idle
-0.000,0.009,1.024,1.111,-3.649,-0.962,Idle
-0.000,0.010,1.025,1.102,-3.693,-0.936,Idle
-0.001,0.009,1.024,1.067,-3.622,-0.936,Idle
-0.002,0.008,1.026,1.067,-3.631,-0.919,Idle
-0.000,0.009,1.024,1.050,-3.640,-0.910,Idle
-0.001,0.009,1.026,1.076,-3.631,-0.919,Idle
-0.001,0.009,1.025,1.059,-3.622,-0.892,Idle
-0.002,0.009,1.025,1.102,-3.622,-0.936,Idle
-0.000,0.008,1.026,1.085,-3.640,-0.910,Idle
-0.000,0.008,1.023,1.094,-3.631,-0.884,Idle
-0.001,0.009,1.026,1.076,-3.588,-0.901,Idle
-0.001,0.009,1.026,1.111,-3.622,-0.919,Idle
-0.000,0.010,1.025,1.111,-3.658,-0.875,Idle
0.001,0.008,1.025,1.111,-3.658,-0.919,Idle
-0.003,0.009,1.025,0.989,-3.596,-0.954,Idle
-0.004,0.009,1.026,1.102,-3.631,-0.936,Idle
-0.003,0.011,1.026,1.041,-3.640,-0.901,Idle
0.003,0.007,1.025,1.006,-3.561,-0.936,Idle
-0.005,0.007,1.024,1.015,-3.596,-0.919,Idle
-0.006,0.008,1.025,1.041,-3.561,-0.936,Idle
0.002,0.009,1.027,1.207,-3.693,-0.910,Idle
0.004,0.009,1.026,1.138,-3.631,-0.928,Idle
-0.003,0.010,1.026,1.094,-3.649,-0.962,Idle
-0.006,0.010,1.025,1.067,-3.631,-0.910,Idle
0.000,0.009,1.026,1.085,-3.684,-0.910,Idle
0.004,0.008,1.024,1.015,-3.596,-0.919,Idle
-0.004,0.009,1.025,1.111,-3.622,-0.910,Idle
-0.006,0.010,1.025,1.059,-3.605,-0.936,Idle
0.001,0.009,1.027,1.085,-3.614,-0.910,Idle
0.002,0.008,1.024,1.006,-3.570,-0.892,Idle
-0.005,0.010,1.027,1.085,-3.605,-0.945,Idle
-0.004,0.009,1.027,1.146,-3.614,-0.910,Idle
0.001,0.009,1.024,1.067,-3.526,-0.919,Idle
0.001,0.008,1.025,1.050,-3.570,-0.919,Idle
-0.003,0.009,1.024,1.067,-3.622,-0.875,Idle
-0.003,0.009,1.025,1.146,-3.614,-0.884,Idle
0.001,0.009,1.025,1.067,-3.622,-0.901,Idle
0.001,0.008,1.025,1.085,-3.649,-0.875,Idle
-0.002,0.010,1.024,1.024,-3.614,-0.901,Idle
-0.003,0.010,1.027,1.102,-3.605,-0.928,Idle
0.000,0.009,1.025,1.067,-3.622,-0.928,Idle
0.001,0.008,1.025,1.094,-3.614,-0.901,Idle
-0.002,0.009,1.025,1.076,-3.666,-0.928,Idle
-0.003,0.009,1.026,1.129,-3.649,-0.945,Idle
0.000,0.008,1.024,1.041,-3.588,-0.892,Idle
-0.000,0.009,1.026,1.120,-3.605,-0.910,Idle
-0.002,0.009,1.024,1.085,-3.631,-0.892,Idle
-0.002,0.009,1.026,1.120,-3.631,-0.910,Idle
0.000,0.008,1.027,1.111,-3.614,-0.875,Idle
0.002,0.008,1.026,1.094,-3.649,-0.928,Idle
-0.001,0.009,1.027,1.102,-3.658,-0.919,Idle
-0.002,0.010,1.026,1.111,-3.631,-0.875,Idle
0.002,0.012,1.025,1.111,-3.658,-0.928,Idle
0.002,0.009,1.025,1.138,-3.684,-0.884,Idle
-0.002,0.009,1.025,1.085,-3.605,-0.928,Idle
-0.003,0.008,1.026,1.059,-3.614,-0.928,Idle
-0.000,0.011,1.031,1.120,-3.727,-0.910,Idle
0.001,0.012,1.030,1.173,-3.658,-0.892,Idle
0.002,0.011,1.024,1.181,-3.693,-0.919,Idle
-0.002,0.008,1.024,1.120,-3.658,-0.919,Idle
-0.002,0.008,1.021,0.971,-3.622,-0.892,Idle
-0.001,0.010,1.028,1.033,-3.605,-0.866,Idle
-0.001,0.008,1.028,1.033,-3.614,-0.892,Idle
-0.003,0.008,1.027,1.041,-3.614,-0.901,Idle
-0.003,0.009,1.024,1.111,-3.640,-0.962,Idle
0.001,0.010,1.026,1.155,-3.693,-0.884,Idle
0.003,0.009,1.025,1.050,-3.622,-0.928,Idle
-0.002,0.009,1.024,1.067,-3.605,-0.936,Idle
-0.002,0.009,1.024,1.059,-3.614,-0.892,Idle
0.001,0.008,1.026,1.120,-3.588,-0.945,Idle
0.003,0.009,1.026,1.076,-3.649,-0.919,Idle
-0.004,0.010,1.025,1.076,-3.658,-0.892,Idle
-0.002,0.009,1.024,1.076,-3.622,-0.945,Idle
-0.000,0.009,1.023,1.102,-3.675,-0.945,Idle
0.001,0.008,1.027,1.041,-3.640,-0.936,Idle
-0.004,0.010,1.025,1.076,-3.596,-0.919,Idle
-0.003,0.009,1.024,1.085,-3.631,-0.892,Idle
0.001,0.008,1.024,1.085,-3.666,-0.875,Idle
-0.000,0.010,1.027,1.129,-3.640,-0.884,Idle
-0.005,0.009,1.025,1.085,-3.622,-0.936,Idle
-0.002,0.010,1.025,1.120,-3.640,-0.928,Idle
0.003,0.009,1.025,1.041,-3.622,-0.910,Idle
-0.000,0.009,1.026,1.076,-3.640,-0.928,Idle
-0.006,0.010,1.025,1.059,-3.640,-0.919,Idle
-0.003,0.009,1.026,1.067,-3.666,-0.901,Idle
0.001,0.009,1.024,1.059,-3.588,-0.928,Idle
0.000,0.009,1.025,1.085,-3.649,-0.910,Idle
-0.002,0.009,1.026,1.015,-3.596,-0.936,Idle
-0.002,0.009,1.024,1.085,-3.640,-0.901,Idle
0.003,0.009,1.026,1.067,-3.622,-0.875,Idle
-0.002,0.009,1.028,1.067,-3.631,-0.901,Idle
-0.003,0.010,1.026,1.138,-3.658,-0.936,Idle
-0.001,0.008,1.025,1.094,-3.666,-0.954,Idle
-0.006,0.009,1.029,0.962,-3.517,-0.901,Idle
-0.005,0.005,1.018,0.936,-3.526,-0.936,Idle
-0.004,0.015,1.024,1.015,-3.570,-0.936,Idle
0.002,0.008,1.016,1.059,-3.649,-0.866,Idle
0.000,0.012,1.028,1.155,-3.719,-0.892,Idle
-0.003,0.009,1.022,1.155,-3.710,-0.901,Idle
-0.003,0.011,1.029,1.138,-3.649,-0.919,Idle
0.001,0.007,1.023,0.919,-3.561,-0.954,Idle
0.001,0.009,1.024,1.085,-3.614,-0.971,Idle
-0.004,0.009,1.024,1.120,-3.675,-0.936,Idle
-0.003,0.009,1.025,1.111,-3.631,-0.928,Idle
0.002,0.008,1.026,1.006,-3.596,-0.849,Idle
0.000,0.009,1.024,1.102,-3.693,-0.892,Idle
-0.004,0.010,1.028,1.146,-3.596,-0.910,Idle
-0.001,0.009,1.025,1.076,-3.605,-0.901,Idle
0.001,0.008,1.026,1.059,-3.640,-0.928,Idle
-0.002,0.008,1.023,1.024,-3.605,-0.936,Idle
-0.003,0.010,1.027,1.085,-3.605,-0.910,Idle
-0.001,0.009,1.025,1.059,-3.588,-0.945,Idle
0.001,0.008,1.026,1.041,-3.640,-0.901,Idle
-0.002,0.009,1.025,1.094,-3.640,-0.910,Idle
-0.002,0.010,1.026,1.111,-3.658,-0.910,Idle
0.001,0.009,1.023,1.041,-3.614,-0.901,Idle
0.000,0.009,1.024,1.015,-3.614,-0.962,Idle
-0.002,0.010,1.027,1.129,-3.658,-0.928,Idle
-0.002,0.009,1.027,1.102,-3.614,-0.910,Idle
-0.000,0.008,1.023,1.041,-3.614,-0.919,Idle
-0.001,0.008,1.022,1.050,-3.588,-0.892,Idle
-0.001,0.009,1.027,1.120,-3.649,-0.875,Idle
-0.001,0.009,1.026,1.041,-3.579,-0.875,Idle
0.001,0.009,1.026,1.085,-3.596,-0.892,Idle
-0.001,0.009,1.023,1.076,-3.605,-0.910,Idle
-0.002,0.009,1.028,1.164,-3.649,-0.910,Idle
-0.001,0.009,1.024,1.050,-3.588,-0.884,Idle
-0.001,0.010,1.024,1.076,-3.631,-0.910,Idle
-0.001,0.009,1.024,1.076,-3.631,-0.928,Idle
-0.000,0.009,1.028,1.155,-3.649,-0.901,Idle
0.000,0.010,1.026,1.120,-3.622,-0.919,Idle
-0.002,0.009,1.024,1.033,-3.579,-0.901,Idle
-0.002,0.010,1.024,1.111,-3.666,-0.892,Idle
-0.002,0.009,1.025,1.111,-3.631,-0.919,Idle
-0.000,0.010,1.027,1.050,-3.658,-0.910,Idle
0.000,0.010,1.024,1.050,-3.614,-0.875,Idle
-0.001,0.009,1.024,1.102,-3.719,-0.919,Idle
-0.002,0.009,1.024,1.120,-3.605,-0.919,Idle
-0.001,0.010,1.027,1.102,-3.649,-0.936,Idle
-0.001,0.009,1.024,1.085,-3.631,-0.919,Idle
-0.001,0.012,1.029,1.190,-3.684,-0.910,Idle
-0.000,0.009,1.027,1.146,-3.693,-0.936,Idle
0.001,0.010,1.025,1.085,-3.588,-0.954,Idle
-0.000,0.008,1.022,1.067,-3.622,-0.945,Idle
-0.002,0.009,1.025,1.129,-3.666,-0.928,Idle
0.002,0.010,1.022,1.085,-3.666,-0.919,Idle
0.015,0.010,1.019,1.374,-3.789,-0.980,Idle
0.002,0.006,1.029,1.260,-3.693,-0.892,Idle
-0.009,0.011,1.024,0.980,-3.588,-0.954,Idle
-0.003,0.011,1.028,1.102,-3.588,-0.910,Idle
0.002,0.008,1.023,1.015,-3.649,-0.936,Idle
0.000,0.008,1.021,1.050,-3.684,-0.936,Idle
-0.005,0.010,1.020,1.006,-3.596,-0.919,Idle
-0.001,0.010,1.027,1.190,-3.640,-0.928,Idle
0.001,0.009,1.026,1.085,-3.622,-0.919,Idle
0.001,0.009,1.024,1.050,-3.622,-0.962,Idle
-0.002,0.006,1.014,1.129,-3.658,-0.892,Idle
0.000,0.007,1.022,1.050,-3.605,-0.928,Idle
-0.000,0.008,1.023,1.033,-3.640,-0.901,Idle
-0.002,0.011,1.027,1.138,-3.658,-0.892,Idle
-0.002,0.010,1.027,1.155,-3.658,-0.928,Idle
0.000,0.009,1.026,1.102,-3.622,-0.919,Idle
-0.000,0.010,1.025,1.076,-3.614,-0.866,Idle
-0.002,0.009,1.023,1.076,-3.631,-0.910,Idle
-0.002,0.010,1.023,1.111,-3.675,-0.831,Idle
0.001,0.009,1.025,1.094,-3.666,-0.945,Idle
0.000,0.009,1.025,1.050,-3.658,-0.936,Idle
-0.001,0.010,1.025,1.102,-3.622,-0.901,Idle
-0.005,0.011,1.024,1.076,-3.640,-0.901,Idle
-0.002,0.008,1.025,1.067,-3.631,-0.910,Idle
0.005,0.009,1.026,1.094,-3.684,-0.866,Idle
-0.002,0.009,1.024,1.024,-3.649,-0.928,Idle
-0.005,0.009,1.024,1.111,-3.684,-0.945,Idle
-0.000,0.009,1.025,1.111,-3.693,-0.892,Idle
0.004,0.009,1.026,1.120,-3.596,-0.910,Idle
-0.001,0.010,1.025,1.085,-3.596,-0.919,Idle
-0.006,0.010,1.025,1.120,-3.719,-0.884,Idle
-0.001,0.011,1.020,1.146,-3.693,-0.945,Idle
0.002,0.009,1.019,1.120,-3.675,-0.892,Idle
0.002,0.008,1.023,1.155,-3.640,-0.910,Idle
-0.002,0.008,1.024,0.980,-3.605,-0.945,Idle
-0.006,0.011,1.025,1.067,-3.622,-0.858,Idle
-0.001,0.010,1.020,1.076,-3.622,-0.928,Idle
0.001,0.008,1.026,1.085,-3.710,-0.910,Idle
-0.001,0.008,1.019,1.015,-3.631,-0.910,Idle
-0.003,0.011,1.023,1.164,-3.622,-0.928,Idle
-0.001,0.010,1.022,1.041,-3.605,-0.919,Idle
0.000,0.009,1.025,1.050,-3.666,-0.910,Idle
-0.002,0.010,1.024,1.076,-3.649,-0.910,Idle
-0.001,0.009,1.025,1.111,-3.640,-0.901,Idle
0.000,0.009,1.025,1.094,-3.675,-0.892,Idle
-0.000,0.010,1.026,1.111,-3.684,-0.884,Idle
-0.001,0.010,1.026,1.138,-3.658,-0.884,Idle
-0.001,0.009,1.025,1.094,-3.649,-0.901,Idle
-0.001,0.009,1.025,1.138,-3.693,-0.954,Idle
-0.000,0.009,1.025,1.129,-3.649,-0.892,Idle
-0.001,0.011,1.026,1.138,-3.684,-0.919,Idle
0.000,0.009,1.025,1.076,-3.631,-0.866,Idle
-0.001,0.009,1.025,1.067,-3.640,-0.936,Idle
-0.001,0.009,1.024,1.102,-3.658,-0.910,Idle
-0.001,0.009,1.025,1.111,-3.640,-0.910,Idle
0.000,0.009,1.024,1.102,-3.622,-0.910,Idle
-0.001,0.009,1.025,1.085,-3.631,-0.928,Idle
-0.000,0.010,1.026,1.138,-3.684,-0.936,Idle
0.001,0.010,1.025,1.067,-3.640,-0.928,Idle
-0.001,0.010,1.026,1.076,-3.640,-0.928,Idle
-0.000,0.009,1.023,1.102,-3.649,-0.945,Idle
-0.001,0.010,1.026,1.138,-3.649,-0.910,Idle
-0.000,0.010,1.025,1.076,-3.596,-0.910,Idle
-0.001,0.010,1.025,1.102,-3.649,-0.928,Idle
-0.001,0.009,1.025,1.067,-3.622,-0.936,Idle
-0.001,0.011,1.026,1.111,-3.614,-0.945,Idle
-0.000,0.011,1.026,1.138,-3.649,-0.919,Idle
-0.001,0.010,1.024,1.050,-3.640,-0.936,Idle
-0.001,0.010,1.025,1.111,-3.693,-0.919,Idle
-0.001,0.010,1.026,1.111,-3.622,-0.910,Idle
-0.000,0.009,1.026,1.076,-3.605,-0.954,Idle
-0.001,0.010,1.025,1.050,-3.631,-0.919,Idle
-0.001,0.009,1.026,1.085,-3.631,-0.928,Idle
0.000,0.010,1.025,1.041,-3.588,-0.936,Idle
-0.001,0.010,1.025,1.111,-3.649,-0.928,Idle
-0.001,0.009,1.024,1.111,-3.605,-0.936,Idle
-0.000,0.010,1.027,1.094,-3.649,-0.928,Idle
0.000,0.009,1.025,1.138,-3.596,-0.901,Idle
-0.001,0.010,1.025,1.059,-3.614,-0.919,Idle
-0.001,0.010,1.025,1.059,-3.614,-0.901,Idle
-0.001,0.009,1.027,1.120,-3.631,-0.910,Idle
-0.000,0.010,1.026,1.129,-3.631,-0.910,Idle
-0.001,0.010,1.025,1.102,-3.588,-0.910,Idle
-0.000,0.011,1.025,1.138,-3.640,-0.945,Idle
-0.000,0.010,1.026,1.033,-3.640,-0.910,Idle
-0.000,0.010,1.026,1.050,-3.614,-0.945,Idle
-0.000,0.010,1.024,1.076,-3.596,-0.919,Idle
-0.001,0.010,1.026,1.067,-3.658,-0.998,Idle
-0.001,0.010,1.026,1.076,-3.658,-0.875,Idle
-0.001,0.010,1.025,1.059,-3.640,-0.928,Idle
0.000,0.009,1.025,1.111,-3.640,-0.901,Idle
-0.000,0.010,1.025,1.102,-3.649,-0.936,Idle
-0.001,0.010,1.025,1.094,-3.666,-0.928,Idle
-0.001,0.010,1.024,1.085,-3.605,-0.910,Idle
-0.000,0.010,1.026,1.102,-3.631,-0.945,Idle
-0.000,0.010,1.026,1.120,-3.666,-0.919,Idle
-0.001,0.010,1.025,1.041,-3.631,-0.919,Idle
0.000,0.009,1.026,1.094,-3.614,-0.919,Idle
-0.001,0.010,1.026,1.059,-3.675,-0.928,Idle
-0.000,0.009,1.027,1.094,-3.675,-0.962,Idle
0.000,0.010,1.026,1.067,-3.622,-0.945,Idle
-0.000,0.011,1.025,1.146,-3.631,-0.875,Idle
-0.000,0.010,1.025,1.076,-3.649,-0.919,Idle
0.000,0.010,1.027,1.120,-3.658,-0.945,Idle
-0.001,0.010,1.024,1.050,-3.666,-0.945,Idle
-0.000,0.010,1.025,1.076,-3.622,-0.945,Idle
-0.000,0.009,1.024,1.085,-3.605,-0.945,Idle
0.000,0.010,1.026,1.146,-3.614,-0.936,Idle
-0.001,0.010,1.024,1.050,-3.658,-0.945,Idle
-0.000,0.010,1.024,1.094,-3.684,-0.962,Idle
-0.000,0.009,1.026,1.138,-3.658,-0.971,Idle
-0.000,0.010,1.025,1.164,-3.684,-0.945,Idle
0.000,0.009,1.025,1.146,-3.622,-0.971,Idle
-0.001,0.010,1.024,1.138,-3.658,-0.971,Idle
-0.000,0.010,1.025,1.111,-3.631,-0.910,Idle
-0.002,0.011,1.026,1.059,-3.658,-0.910,Idle
-0.000,0.010,1.026,1.111,-3.640,-0.936,Idle
-0.001,0.010,1.024,1.067,-3.622,-0.919,Idle
-0.000,0.010,1.025,1.120,-3.658,-0.928,Idle
-0.001,0.010,1.026,1.094,-3.640,-0.945,Idle
-0.000,0.011,1.026,1.085,-3.658,-0.892,Idle
-0.001,0.010,1.024,1.111,-3.675,-0.936,Idle
0.001,0.010,1.026,1.102,-3.658,-0.910,Idle
0.000,0.010,1.025,1.094,-3.614,-0.980,Idle
-0.000,0.010,1.025,1.146,-3.622,-0.962,Idle
-0.001,0.010,1.024,1.085,-3.666,-0.919,Idle
-0.000,0.010,1.025,1.102,-3.649,-0.892,Idle
-0.000,0.010,1.026,1.094,-3.640,-0.971,Idle
-0.001,0.010,1.025,1.067,-3.622,-0.928,Idle
-0.000,0.009,1.024,1.041,-3.596,-0.945,Idle
-0.001,0.010,1.027,1.111,-3.614,-0.901,Idle
0.000,0.010,1.026,1.129,-3.658,-0.928,Idle
-0.001,0.010,1.026,1.067,-3.640,-0.901,Idle
0.000,0.009,1.024,1.085,-3.649,-0.919,Idle
0.000,0.009,1.024,1.050,-3.649,-0.858,Idle
0.000,0.011,1.026,1.094,-3.640,-0.884,Idle
-0.001,0.011,1.025,1.024,-3.614,-0.901,Idle
-0.001,0.011,1.024,1.085,-3.675,-0.954,Idle
0.000,0.010,1.024,1.041,-3.649,-0.901,Idle
0.000,0.010,1.026,1.067,-3.640,-0.936,Idle
-0.001,0.010,1.025,1.094,-3.605,-0.919,Idle
-0.001,0.011,1.025,1.085,-3.570,-0.928,Idle
0.000,0.010,1.025,1.111,-3.614,-0.901,Idle
-0.001,0.010,1.027,1.085,-3.640,-0.928,Idle
0.000,0.010,1.023,1.059,-3.605,-0.910,Idle
-0.001,0.011,1.025,1.085,-3.631,-0.980,Idle
-0.001,0.011,1.024,1.085,-3.684,-0.945,Idle
-0.001,0.011,1.027,1.094,-3.640,-0.901,Idle
0.000,0.010,1.027,1.015,-3.605,-0.936,Idle
-0.001,0.010,1.023,1.094,-3.631,-0.901,Idle
-0.000,0.010,1.025,1.085,-3.658,-0.910,Idle
-0.000,0.010,1.027,1.111,-3.640,-0.919,Idle
-0.002,0.010,1.027,1.102,-3.666,-0.928,Idle
-0.000,0.009,1.024,1.050,-3.605,-0.919,Idle
0.000,0.009,1.026,1.138,-3.666,-0.962,Idle
0.001,0.010,1.025,1.085,-3.640,-0.919,Idle
-0.001,0.010,1.027,1.094,-3.649,-0.928,Idle
-0.001,0.009,1.024,1.024,-3.631,-0.910,Idle
-0.000,0.010,1.027,1.085,-3.622,-0.919,Idle
-0.000,0.010,1.025,1.085,-3.666,-0.901,Idle
-0.001,0.010,1.026,1.120,-3.640,-0.910,Idle
0.000,0.010,1.024,1.076,-3.640,-0.892,Idle
0.000,0.010,1.026,1.129,-3.622,-0.928,Idle
0.001,0.011,1.027,1.111,-3.675,-0.962,Idle
-0.000,0.009,1.025,1.102,-3.631,-0.892,Idle
0.000,0.011,1.024,1.067,-3.631,-0.892,Idle
0.000,0.010,1.022,1.076,-3.622,-0.910,Idle
-0.000,0.011,1.026,1.138,-3.631,-0.901,Idle
-0.001,0.011,1.024,1.033,-3.649,-0.892,Idle
-0.000,0.010,1.026,1.085,-3.649,-0.936,Idle
0.001,0.010,1.025,1.094,-3.666,-0.858,Idle
-0.000,0.010,1.027,1.129,-3.693,-0.901,Idle
-0.001,0.010,1.024,1.059,-3.614,-0.919,Idle
-0.001,0.010,1.025,1.067,-3.605,-0.910,Idle
0.000,0.010,1.025,1.067,-3.649,-0.849,Idle
0.000,0.011,1.026,1.085,-3.614,-0.919,Idle
-0.001,0.010,1.023,1.050,-3.640,-0.892,Idle
0.001,0.010,1.024,1.067,-3.622,-0.945,Idle
0.000,0.010,1.026,1.059,-3.658,-0.884,Idle
-0.001,0.009,1.026,1.059,-3.614,-0.936,Idle
-0.001,0.010,1.025,1.076,-3.631,-0.910,Idle
-0.000,0.010,1.025,1.059,-3.596,-0.884,Idle
0.001,0.011,1.026,1.129,-3.631,-0.892,Idle
-0.000,0.010,1.025,1.033,-3.605,-0.936,Idle
-0.001,0.010,1.024,1.085,-3.614,-0.884,Idle
-0.000,0.010,1.025,1.059,-3.596,-0.936,Idle
-0.001,0.010,1.026,1.076,-3.649,-0.962,Idle
-0.000,0.010,1.024,1.024,-3.614,-0.910,Idle
-0.001,0.009,1.025,1.085,-3.596,-0.954,Idle
-0.000,0.009,1.026,1.085,-3.684,-0.892,Idle
-0.001,0.011,1.025,1.076,-3.631,-0.928,Idle
-0.001,0.010,1.026,1.085,-3.614,-0.866,Idle
-0.000,0.010,1.024,1.102,-3.622,-0.884,Idle
-0.001,0.010,1.027,1.111,-3.631,-0.910,Idle
-0.001,0.011,1.024,1.076,-3.622,-0.919,Idle
-0.001,0.009,1.026,1.129,-3.622,-0.919,Idle
-0.001,0.010,1.025,0.998,-3.649,-0.936,Idle
-0.001,0.010,1.025,1.076,-3.605,-0.919,Idle
-0.000,0.011,1.026,1.067,-3.631,-0.892,Idle
-0.000,0.010,1.025,1.085,-3.614,-0.919,Idle
-0.000,0.011,1.025,1.102,-3.622,-0.866,Idle
0.001,0.011,1.027,1.120,-3.649,-0.901,Idle
0.000,0.010,1.025,1.085,-3.684,-0.910,Idle
-0.000,0.010,1.025,1.076,-3.649,-0.910,Idle
-0.000,0.010,1.026,1.102,-3.640,-0.910,Idle
-0.001,0.010,1.026,1.076,-3.640,-0.919,Idle
-0.001,0.010,1.025,1.067,-3.640,-0.910,Idle
-0.001,0.011,1.025,1.085,-3.614,-0.910,Idle
0.001,0.009,1.026,1.138,-3.622,-0.962,Idle
0.001,0.010,1.026,1.120,-3.631,-0.884,Idle
0.000,0.011,1.026,1.102,-3.631,-0.936,Idle
-0.001,0.010,1.024,1.076,-3.605,-0.892,Idle
-0.001,0.010,1.026,1.111,-3.614,-0.919,Idle
-0.002,0.011,1.026,1.094,-3.631,-0.936,Idle
0.001,0.010,1.024,1.111,-3.640,-0.892,Idle
0.000,0.010,1.023,1.059,-3.658,-0.919,Idle
-0.000,0.009,1.024,1.033,-3.614,-0.901,Idle
0.000,0.011,1.026,1.111,-3.631,-0.884,Idle
-0.002,0.011,1.027,1.111,-3.684,-0.910,Idle
-0.000,0.008,1.022,0.980,-3.570,-0.928,Idle
-0.005,0.010,1.022,0.910,-3.517,-0.901,Idle
0.000,0.011,1.028,1.155,-3.658,-0.901,Idle
0.000,0.010,1.024,0.980,-3.605,-0.928,Idle
-0.002,0.011,1.026,1.111,-3.579,-0.928,Idle
-0.005,0.011,1.025,1.076,-3.640,-0.884,Idle
0.006,0.009,1.026,1.120,-3.596,-0.910,Idle
0.000,0.010,1.025,1.015,-3.596,-0.971,Idle
-0.009,0.010,1.024,1.015,-3.579,-0.901,Idle
-0.002,0.008,1.025,1.050,-3.588,-0.884,Idle
0.004,0.010,1.027,1.076,-3.588,-0.945,Idle
0.000,0.008,1.025,0.998,-3.588,-0.892,Idle
-0.005,0.010,1.022,1.024,-3.561,-0.875,Idle
-0.002,0.010,1.026,1.033,-3.631,-0.936,Idle
0.001,0.010,1.027,1.111,-3.649,-0.892,Idle
-0.002,0.011,1.026,1.120,-3.658,-0.892,Idle
-0.001,0.010,1.024,1.111,-3.631,-0.884,Idle
0.001,0.009,1.025,1.067,-3.640,-0.910,Idle
0.001,0.010,1.026,1.076,-3.553,-0.919,Idle
-0.003,0.011,1.027,1.129,-3.605,-0.901,Idle
-0.001,0.010,1.024,1.050,-3.596,-0.919,Idle
0.002,0.010,1.026,1.111,-3.605,-0.980,Idle
0.001,0.010,1.025,1.076,-3.684,-0.892,Idle
-0.001,0.010,1.026,1.120,-3.588,-0.910,Idle
-0.001,0.010,1.024,1.102,-3.640,-0.919,Idle
0.001,0.009,1.026,1.076,-3.649,-0.901,Idle
0.000,0.009,1.026,1.102,-3.658,-0.875,Idle
-0.001,0.010,1.025,1.085,-3.631,-0.936,Idle
0.001,0.011,1.025,1.085,-3.649,-0.919,Idle
0.000,0.010,1.024,1.050,-3.588,-0.910,Idle
-0.001,0.011,1.026,1.094,-3.631,-0.901,Idle
-0.000,0.010,1.024,1.067,-3.605,-0.901,Idle
0.001,0.010,1.025,1.059,-3.614,-0.919,Idle
-0.000,0.010,1.023,1.076,-3.596,-0.928,Idle
-0.000,0.010,1.026,1.094,-3.622,-0.901,Idle
-0.001,0.010,1.026,1.076,-3.614,-0.954,Idle
-0.001,0.009,1.026,1.085,-3.588,-0.936,Idle
-0.000,0.010,1.024,1.094,-3.658,-0.866,Idle
-0.001,0.010,1.025,1.102,-3.693,-0.928,Idle
-0.001,0.009,1.024,1.059,-3.588,-0.936,Idle
-0.001,0.009,1.025,1.033,-3.640,-0.928,Idle
0.001,0.010,1.025,1.050,-3.614,-0.884,Idle
-0.000,0.011,1.027,1.111,-3.614,-0.910,Idle
0.000,0.010,1.026,1.085,-3.614,-0.910,Idle
-0.001,0.010,1.025,1.059,-3.622,-0.928,Idle
0.000,0.010,1.025,1.102,-3.622,-0.928,Idle
0.000,0.009,1.024,1.059,-3.614,-0.919,Idle
-0.001,0.010,1.026,1.094,-3.622,-0.910,Idle
-0.001,0.010,1.025,1.041,-3.622,-0.919,Idle
-0.001,0.010,1.025,1.076,-3.649,-0.954,Idle
-0.001,0.010,1.025,1.050,-3.622,-0.945,Idle
-0.002,0.010,1.026,1.129,-3.631,-0.910,Idle
0.000,0.009,1.025,1.085,-3.649,-0.919,Idle
0.002,0.010,1.026,1.076,-3.622,-0.919,Idle
-0.001,0.010,1.025,1.076,-3.588,-0.928,Idle
-0.003,0.010,1.026,1.041,-3.649,-0.919,Idle
0.001,0.010,1.026,1.094,-3.631,-0.919,Idle
0.002,0.010,1.025,1.120,-3.622,-0.910,Idle
-0.003,0.011,1.025,1.138,-3.622,-0.901,Idle
-0.002,0.010,1.024,1.076,-3.631,-0.945,Idle
0.003,0.010,1.025,1.076,-3.614,-0.936,Idle
0.004,0.009,1.026,1.041,-3.631,-0.936,Idle
-0.004,0.010,1.024,1.102,-3.675,-0.919,Idle
-0.002,0.009,1.025,1.085,-3.622,-0.919,Idle
0.006,0.009,1.025,1.067,-3.631,-0.980,Idle
0.002,0.010,1.027,1.076,-3.640,-0.936,Idle
-0.004,0.010,1.024,1.111,-3.649,-0.884,Idle
-0.001,0.010,1.026,1.111,-3.614,-0.962,Idle
0.002,0.009,1.026,1.006,-3.631,-0.892,Idle
0.001,0.010,1.026,1.085,-3.614,-0.980,Idle
-0.004,0.010,1.025,1.111,-3.640,-0.936,Idle
0.000,0.010,1.027,1.085,-3.649,-0.858,Idle
0.001,0.009,1.026,1.041,-3.631,-0.901,Idle
-0.000,0.010,1.026,1.041,-3.622,-0.901,Idle
-0.003,0.010,1.026,1.050,-3.640,-0.901,Idle
-0.001,0.010,1.025,1.138,-3.614,-0.936,Idle
0.001,0.010,1.027,1.085,-3.631,-0.892,Idle
0.001,0.010,1.025,1.041,-3.588,-0.901,Idle
-0.001,0.009,1.027,1.050,-3.640,-0.884,Idle
0.003,0.009,1.043,1.207,-3.850,-0.884,Idle
0.009,0.015,1.047,1.487,-3.841,-0.910,Idle
0.007,0.011,1.023,1.155,-3.666,-0.892,Idle
-0.002,0.013,1.031,1.050,-3.684,-0.936,Idle
-0.003,0.008,1.014,0.875,-3.553,-0.910,Idle
0.001,0.010,1.024,1.181,-3.658,-0.936,Idle
0.000,0.010,1.031,1.024,-3.570,-0.919,Idle
-0.000,0.013,1.028,1.164,-3.675,-0.901,Idle
-0.003,0.011,1.025,1.085,-3.614,-0.910,Idle
0.000,0.012,1.024,1.094,-3.614,-0.910,Idle
-0.001,0.012,1.032,1.164,-3.763,-0.892,Idle
-0.004,0.010,1.015,0.989,-3.588,-0.892,Idle
-0.003,0.005,1.022,0.971,-3.588,-0.936,Idle
0.001,0.009,1.030,1.076,-3.614,-0.884,Idle
0.002,0.013,1.030,1.207,-3.727,-0.910,Idle
-0.005,0.011,1.025,1.024,-3.570,-0.928,Idle
0.000,0.009,1.024,1.129,-3.684,-0.892,Idle
0.002,0.010,1.026,1.129,-3.649,-0.910,Idle
0.001,0.010,1.024,1.059,-3.658,-0.945,Idle
-0.003,0.010,1.025,1.076,-3.605,-0.936,Idle
0.000,0.011,1.026,1.120,-3.640,-0.928,Idle
0.002,0.009,1.028,1.076,-3.675,-0.945,Idle
-0.001,0.010,1.027,1.094,-3.622,-0.910,Idle
-0.002,0.010,1.024,1.120,-3.605,-0.919,Idle
0.000,0.010,1.025,1.120,-3.614,-0.910,Idle
0.001,0.010,1.025,1.041,-3.649,-0.928,Idle
-0.002,0.010,1.025,1.050,-3.596,-0.910,Idle
-0.001,0.010,1.024,1.076,-3.640,-0.910,Idle
-0.001,0.009,1.023,1.076,-3.622,-0.919,Idle
0.000,0.010,1.025,1.094,-3.596,-0.901,Idle
-0.002,0.011,1.026,1.067,-3.605,-0.936,Idle
0.000,0.010,1.025,1.129,-3.605,-0.936,Idle
0.001,0.009,1.024,1.050,-3.649,-0.954,Idle
0.001,0.010,1.025,1.102,-3.675,-0.884,Idle
-0.001,0.009,1.024,1.067,-3.631,-0.954,Idle
-0.002,0.010,1.025,1.059,-3.605,-0.928,Idle
0.002,0.010,1.026,1.076,-3.622,-0.910,Idle
0.000,0.010,1.026,1.076,-3.658,-0.892,Idle
-0.001,0.010,1.024,1.067,-3.649,-0.936,Idle
-0.001,0.010,1.025,1.024,-3.658,-0.945,Idle
-0.000,0.009,1.024,1.120,-3.631,-0.892,Idle
0.000,0.010,1.027,1.085,-3.596,-0.910,Idle
-0.003,0.011,1.024,1.059,-3.614,-0.919,Idle
-0.003,0.008,1.024,0.989,-3.561,-0.928,Idle
0.000,0.010,1.024,1.041,-3.561,-0.954,Idle
0.000,0.009,1.029,1.225,-3.719,-0.910,Idle
0.000,0.011,1.025,1.216,-3.710,-0.901,Idle
0.001,0.009,1.026,1.067,-3.588,-0.945,Idle
-0.000,0.009,1.024,1.085,-3.649,-0.901,Idle
0.001,0.010,1.030,1.251,-3.754,-0.919,Idle
0.004,0.004,1.025,1.155,-3.693,-0.928,Idle
0.003,0.010,1.030,0.980,-3.614,-0.884,Idle
0.002,0.007,1.027,1.050,-3.553,-0.919,Idle
-0.003,0.017,1.025,1.242,-3.684,-0.910,Idle
-0.000,0.014,1.020,1.138,-3.684,-0.936,Idle
0.006,0.013,1.029,1.374,-3.850,-0.892,Idle
-0.003,0.012,1.025,1.164,-3.649,-0.884,Idle
-0.004,0.009,1.022,0.910,-3.517,-0.945,Idle
0.001,0.010,1.027,1.033,-3.579,-0.910,Idle
0.000,0.010,1.026,1.033,-3.588,-0.910,Idle
-0.002,0.010,1.025,1.129,-3.588,-0.910,Idle
-0.002,0.010,1.024,1.146,-3.631,-0.936,Idle
0.004,0.009,1.025,1.102,-3.622,-0.884,Idle
-0.000,0.012,1.027,1.094,-3.675,-0.919,Idle
-0.003,0.010,1.023,0.989,-3.596,-0.892,Idle
0.001,0.010,1.027,1.181,-3.675,-0.910,Idle
-0.002,0.008,1.024,0.892,-3.456,-0.892,Idle
0.002,0.011,1.024,1.076,-3.649,-0.901,Idle
0.003,0.015,1.028,1.426,-3.894,-0.910,Idle
0.008,0.011,1.031,1.321,-3.771,-0.875,Idle
0.004,0.013,1.018,1.033,-3.579,-0.928,Idle
-0.005,0.004,1.040,1.015,-3.553,-0.989,Idle
-0.001,0.010,1.028,1.067,-3.588,-0.919,Idle
0.013,0.008,1.027,1.146,-3.666,-0.945,Idle
0.008,0.015,1.031,1.067,-3.640,-0.954,Idle
-0.009,0.008,1.021,1.138,-3.658,-0.971,Idle
-0.008,0.011,1.029,1.207,-3.666,-0.954,Idle
0.000,0.009,1.025,1.006,-3.570,-0.910,Idle
0.006,0.008,1.027,1.076,-3.640,-0.936,Idle
-0.005,0.011,1.026,1.067,-3.605,-0.936,Idle
-0.004,0.009,1.025,1.120,-3.658,-0.936,Idle
0.006,0.010,1.024,1.006,-3.579,-0.928,Idle
0.004,0.010,1.023,1.085,-3.605,-0.919,Idle
-0.005,0.012,1.027,1.129,-3.649,-0.884,Idle
0.001,0.011,1.025,1.155,-3.640,-0.901,Idle
0.004,0.009,1.025,1.059,-3.588,-0.971,Idle
0.000,0.010,1.025,1.033,-3.605,-0.928,Idle
-0.004,0.010,1.026,1.094,-3.605,-0.910,Idle
0.000,0.009,1.024,1.094,-3.631,-0.901,Idle
0.003,0.010,1.024,1.067,-3.649,-0.910,Idle
-0.001,0.010,1.026,1.076,-3.588,-0.945,Idle
-0.004,0.011,1.026,1.111,-3.649,-0.892,Idle
-0.000,0.011,1.026,1.120,-3.605,-0.954,Idle
0.001,0.009,1.024,1.033,-3.622,-0.945,Idle
-0.000,0.010,1.025,1.138,-3.666,-0.910,Idle
-0.002,0.011,1.025,1.059,-3.675,-0.919,Idle
0.000,0.011,1.026,1.120,-3.614,-0.928,Idle
0.001,0.009,1.025,1.033,-3.631,-0.936,Idle
-0.001,0.010,1.027,1.164,-3.675,-0.936,Idle
-0.001,0.011,1.025,1.076,-3.614,-0.919,Idle
-0.000,0.010,1.026,1.085,-3.631,-0.928,Idle
0.000,0.010,1.023,1.033,-3.614,-0.962,Idle
-0.002,0.011,1.027,1.120,-3.666,-0.910,Idle
-0.001,0.011,1.026,1.164,-3.666,-0.962,Idle
0.000,0.012,1.026,1.015,-3.570,-0.919,Idle
0.000,0.011,1.024,1.076,-3.614,-0.892,Idle
-0.001,0.010,1.027,1.120,-3.675,-0.962,Idle
-0.000,0.011,1.026,1.146,-3.693,-0.910,Idle
0.000,0.009,1.026,1.050,-3.596,-0.936,Idle
0.001,0.010,1.025,1.067,-3.649,-0.936,Idle
0.000,0.010,1.024,1.120,-3.631,-0.892,Idle
0.000,0.011,1.027,1.111,-3.649,-0.919,Idle
-0.000,0.010,1.025,1.033,-3.579,-0.910,Idle
-0.000,0.011,1.025,1.085,-3.631,-0.858,Idle
-0.001,0.010,1.025,1.102,-3.622,-0.901,Idle
-0.001,0.010,1.028,1.155,-3.658,-0.936,Idle
0.000,0.010,1.024,1.067,-3.605,-0.892,Idle
-0.000,0.010,1.024,1.050,-3.631,-0.936,Idle
-0.001,0.011,1.026,1.085,-3.614,-0.901,Idle
0.001,0.011,1.026,1.102,-3.640,-0.901,Idle
0.000,0.010,1.023,1.041,-3.622,-0.901,Idle
-0.000,0.009,1.024,1.067,-3.553,-0.892,Idle
-0.001,0.010,1.025,1.164,-3.658,-0.919,Idle
-0.001,0.011,1.026,1.085,-3.605,-0.910,Idle
-0.000,0.011,1.027,1.085,-3.614,-0.910,Idle
-0.001,0.010,1.024,1.050,-3.631,-0.901,Idle
-0.001,0.011,1.025,1.111,-3.649,-0.892,Idle
0.000,0.011,1.025,1.050,-3.588,-0.928,Idle
-0.001,0.011,1.026,1.041,-3.631,-0.901,Idle
-0.001,0.010,1.025,1.067,-3.684,-0.928,Idle
-0.000,0.011,1.028,1.085,-3.622,-0.919,Idle
0.000,0.010,1.026,1.050,-3.588,-0.910,Idle
-0.001,0.010,1.025,1.067,-3.588,-0.901,Idle
-0.000,0.011,1.024,1.076,-3.666,-0.901,Idle
-0.001,0.010,1.026,1.085,-3.614,-0.928,Idle
0.000,0.011,1.028,1.085,-3.640,-0.892,Idle
0.000,0.010,1.024,1.102,-3.658,-0.910,Idle
-0.000,0.010,1.026,1.076,-3.640,-0.928,Idle
-0.001,0.010,1.025,1.094,-3.614,-0.954,Idle
-0.001,0.010,1.026,1.085,-3.605,-0.928,Idle
0.000,0.011,1.024,1.067,-3.649,-0.910,Idle
0.000,0.011,1.026,1.094,-3.622,-0.919,Idle
-0.000,0.011,1.026,1.085,-3.596,-0.910,Idle
-0.001,0.010,1.025,1.041,-3.649,-0.919,Idle
-0.001,0.010,1.024,1.085,-3.693,-0.910,Idle
0.000,0.010,1.026,1.094,-3.658,-0.901,Idle
-0.000,0.011,1.026,1.129,-3.622,-0.928,Idle
-0.001,0.010,1.025,1.094,-3.631,-0.919,Idle
0.000,0.010,1.026,1.041,-3.640,-0.875,Idle
-0.000,0.010,1.025,1.076,-3.605,-0.936,Idle
-0.000,0.011,1.026,1.094,-3.684,-0.945,Idle
-0.001,0.010,1.025,1.059,-3.605,-0.954,Idle
-0.000,0.010,1.025,1.094,-3.640,-0.884,Idle
0.000,0.011,1.025,1.076,-3.622,-0.954,Idle
-0.000,0.011,1.026,1.059,-3.622,-0.875,Idle
-0.000,0.010,1.025,1.085,-3.622,-0.901,Idle
0.001,0.010,1.025,1.015,-3.631,-0.884,Idle
-0.000,0.010,1.026,1.067,-3.631,-0.928,Idle
0.000,0.011,1.026,1.050,-3.605,-0.919,Idle
-0.000,0.010,1.026,1.041,-3.622,-0.919,Idle
-0.001,0.010,1.026,1.059,-3.649,-0.892,Idle
0.000,0.010,1.027,1.085,-3.614,-0.892,Idle
-0.001,0.010,1.025,1.059,-3.622,-0.901,Idle
-0.000,0.010,1.025,1.085,-3.614,-0.936,Idle
0.000,0.011,1.025,1.067,-3.666,-0.945,Idle
-0.000,0.011,1.027,1.076,-3.658,-0.884,Idle
-0.001,0.010,1.025,1.067,-3.614,-0.892,Idle
-0.001,0.011,1.024,1.085,-3.666,-0.910,Idle
0.000,0.010,1.026,1.085,-3.605,-0.892,Idle
-0.000,0.010,1.026,1.085,-3.622,-0.901,Idle
-0.000,0.011,1.026,1.050,-3.605,-0.910,Idle
-0.001,0.010,1.024,1.050,-3.596,-0.866,Idle
-0.001,0.010,1.025,1.076,-3.640,-0.849,Idle
-0.000,0.010,1.026,1.059,-3.640,-0.901,Idle
-0.000,0.010,1.026,1.094,-3.649,-0.910,Idle
-0.000,0.010,1.025,1.067,-3.588,-0.910,Idle
-0.000,0.010,1.025,1.094,-3.658,-0.892,Idle
-0.001,0.010,1.026,1.085,-3.658,-0.892,Idle
0.000,0.010,1.027,1.111,-3.622,-0.910,Idle
-0.001,0.011,1.026,1.067,-3.622,-0.884,Idle
-0.001,0.011,1.026,1.146,-3.640,-0.901,Idle
0.000,0.010,1.026,1.111,-3.649,-0.892,Idle
0.000,0.012,1.026,1.059,-3.570,-0.936,Idle
-0.000,0.010,1.023,1.024,-3.614,-0.945,Idle
0.000,0.010,1.027,1.076,-3.666,-0.884,Idle
0.000,0.010,1.025,1.085,-3.605,-0.901,Idle
-0.000,0.010,1.027,1.041,-3.631,-0.892,Idle
-0.001,0.010,1.024,1.059,-3.675,-0.910,Idle
-0.000,0.010,1.023,1.041,-3.675,-0.858,Idle
0.001,0.009,1.027,1.094,-3.701,-0.910,Idle
0.000,0.010,1.025,1.050,-3.596,-0.919,Idle
0.001,0.010,1.024,1.067,-3.614,-0.936,Idle
0.000,0.010,1.024,1.059,-3.631,-0.892,Idle
-0.000,0.010,1.027,1.111,-3.640,-0.892,Idle
0.001,0.010,1.024,1.067,-3.570,-0.910,Idle
0.001,0.010,1.026,1.094,-3.666,-0.884,Idle
0.000,0.010,1.024,1.076,-3.605,-0.892,Idle
-0.000,0.010,1.028,1.102,-3.675,-0.866,Idle
0.000,0.010,1.025,1.059,-3.614,-0.892,Idle
0.000,0.010,1.024,1.067,-3.588,-0.884,Idle
-0.001,0.010,1.025,1.111,-3.640,-0.866,Idle
-0.001,0.010,1.026,1.102,-3.658,-0.945,Idle
0.000,0.010,1.024,1.024,-3.605,-0.901,Idle
0.001,0.010,1.024,1.033,-3.596,-0.901,Idle
0.000,0.011,1.027,1.129,-3.666,-0.919,Idle
-0.001,0.010,1.027,1.059,-3.640,-0.945,Idle
0.001,0.010,1.028,1.129,-3.640,-0.910,Idle
0.000,0.010,1.025,1.006,-3.570,-0.892,Idle
0.000,0.010,1.026,1.076,-3.649,-0.945,Idle
-0.001,0.010,1.026,1.120,-3.622,-0.892,Idle
-0.001,0.011,1.027,1.102,-3.596,-0.945,Idle
-0.001,0.011,1.024,1.076,-3.596,-0.936,Idle
-0.000,0.011,1.026,1.129,-3.614,-0.892,Idle
-0.001,0.010,1.027,1.067,-3.658,-0.910,Idle
-0.001,0.010,1.026,1.024,-3.622,-0.892,Idle
0.000,0.010,1.024,1.094,-3.605,-0.884,Idle
-0.001,0.010,1.026,1.094,-3.666,-0.901,Idle
-0.000,0.010,1.026,1.138,-3.666,-0.866,Idle
0.000,0.010,1.025,1.059,-3.622,-0.919,Idle
-0.000,0.009,1.026,1.094,-3.622,-0.928,Idle
0.000,0.010,1.025,1.067,-3.631,-0.892,Idle
-0.001,0.010,1.026,1.111,-3.649,-0.928,Idle
-0.001,0.010,1.027,1.050,-3.596,-0.884,Idle
-0.001,0.010,1.025,1.085,-3.640,-0.945,Idle
-0.001,0.009,1.025,1.076,-3.631,-0.936,Idle
-0.001,0.011,1.025,1.094,-3.605,-0.901,Idle
-0.001,0.010,1.025,1.076,-3.622,-0.858,Idle
-0.001,0.010,1.025,1.102,-3.658,-0.901,Idle
-0.000,0.010,1.025,1.076,-3.605,-0.910,Idle
-0.001,0.010,1.026,1.085,-3.631,-0.910,Idle
0.000,0.010,1.026,1.033,-3.658,-0.901,Idle
0.000,0.010,1.026,1.033,-3.605,-0.858,Idle
-0.001,0.010,1.027,1.094,-3.614,-0.919,Idle
-0.000,0.010,1.027,1.102,-3.666,-0.928,Idle
-0.000,0.011,1.025,1.094,-3.622,-0.901,Idle
-0.000,0.010,1.026,1.076,-3.631,-0.945,Idle
0.000,0.010,1.026,1.076,-3.666,-0.875,Idle
-0.000,0.010,1.027,1.120,-3.596,-0.884,Idle
-0.000,0.011,1.026,1.067,-3.622,-0.910,Idle
-0.000,0.010,1.026,1.085,-3.614,-0.945,Idle
-0.001,0.010,1.024,1.041,-3.658,-0.866,Idle
0.001,0.010,1.027,1.050,-3.658,-0.884,Idle
0.000,0.011,1.026,1.085,-3.596,-0.928,Idle
-0.000,0.010,1.024,1.085,-3.614,-0.901,Idle
-0.000,0.010,1.025,1.102,-3.666,-0.901,Idle
-0.000,0.010,1.024,1.111,-3.622,-0.901,Idle
0.000,0.010,1.027,1.111,-3.684,-0.936,Idle
0.001,0.009,1.025,1.102,-3.649,-0.910,Idle
0.000,0.010,1.024,1.076,-3.614,-0.875,Idle
-0.000,0.010,1.024,1.067,-3.605,-0.919,Idle
-0.001,0.011,1.027,1.111,-3.640,-0.919,Idle
-0.001,0.011,1.026,1.059,-3.640,-0.892,Idle
-0.001,0.010,1.027,1.059,-3.596,-0.919,Idle
-0.001,0.010,1.024,1.102,-3.622,-0.892,Idle
-0.001,0.011,1.026,1.076,-3.640,-0.901,Idle
-0.000,0.010,1.025,1.050,-3.614,-0.849,Idle
-0.000,0.011,1.026,1.076,-3.631,-0.901,Idle
-0.001,0.010,1.026,1.067,-3.666,-0.884,Idle
-0.000,0.011,1.025,1.067,-3.614,-0.945,Idle
0.000,0.011,1.027,1.050,-3.588,-0.884,Idle
-0.001,0.010,1.026,1.050,-3.622,-0.875,Idle
-0.001,0.010,1.026,1.138,-3.640,-0.936,Idle
0.000,0.010,1.026,1.067,-3.614,-0.919,Idle
-0.000,0.010,1.025,1.102,-3.649,-0.910,Idle
-0.001,0.011,1.025,1.067,-3.640,-0.936,Idle
0.000,0.010,1.026,1.111,-3.649,-0.928,Idle
0.001,0.010,1.025,1.111,-3.631,-0.919,Idle
0.000,0.011,1.026,1.076,-3.605,-0.875,Idle
-0.001,0.010,1.024,1.094,-3.631,-0.884,Idle
0.000,0.011,1.026,1.059,-3.605,-0.901,Idle
0.000,0.010,1.025,1.120,-3.649,-0.875,Idle
-0.001,0.010,1.026,1.094,-3.649,-0.919,Idle
-0.000,0.011,1.025,1.111,-3.614,-0.910,Idle
-0.000,0.010,1.026,1.094,-3.640,-0.875,Idle
0.000,0.010,1.026,1.076,-3.640,-0.892,Idle
0.000,0.010,1.026,1.111,-3.622,-0.936,Idle
-0.000,0.009,1.024,1.041,-3.614,-0.919,Idle
-0.001,0.010,1.024,1.076,-3.649,-0.919,Idle
0.000,0.010,1.025,1.067,-3.649,-0.901,Idle
0.000,0.010,1.026,1.094,-3.631,-0.910,Idle
-0.001,0.010,1.025,1.076,-3.605,-0.875,Idle
-0.001,0.011,1.025,1.050,-3.666,-0.849,Idle
0.000,0.011,1.027,1.120,-3.605,-0.892,Idle
-0.000,0.010,1.026,1.094,-3.570,-0.901,Idle
0.001,0.011,1.027,1.041,-3.649,-0.919,Idle
-0.000,0.009,1.026,1.033,-3.588,-0.928,Idle
-0.001,0.011,1.025,1.120,-3.658,-0.945,Idle
-0.001,0.009,1.026,1.076,-3.649,-0.910,Idle
-0.001,0.011,1.025,1.085,-3.666,-0.936,Idle
-0.001,0.011,1.029,1.067,-3.675,-0.901,Idle
-0.001,0.011,1.026,1.085,-3.631,-0.936,Idle
-0.001,0.011,1.027,1.076,-3.658,-0.901,Idle
-0.000,0.010,1.023,1.024,-3.631,-0.901,Idle
0.001,0.009,1.024,1.094,-3.622,-0.945,Idle
-0.002,0.011,1.026,1.102,-3.614,-0.936,Idle
-0.001,0.011,1.027,1.111,-3.614,-0.910,Idle
0.001,0.010,1.025,1.050,-3.588,-0.919,Idle
0.001,0.010,1.022,1.094,-3.622,-0.910,Idle
-0.001,0.011,1.028,1.094,-3.675,-0.928,Idle
-0.000,0.010,1.026,1.111,-3.658,-0.875,Idle
0.000,0.010,1.025,1.085,-3.658,-0.919,Idle
0.000,0.011,1.027,1.067,-3.640,-0.884,Idle
-0.002,0.010,1.025,1.059,-3.658,-0.884,Idle
0.000,0.011,1.026,1.076,-3.631,-0.928,Idle
0.001,0.010,1.025,1.085,-3.649,-0.962,Idle
0.000,0.010,1.026,1.067,-3.631,-0.910,Idle
-0.001,0.011,1.024,1.076,-3.640,-0.928,Idle
-0.000,0.010,1.025,1.041,-3.640,-0.892,Idle
0.000,0.010,1.025,1.076,-3.658,-0.936,Idle
-0.000,0.011,1.025,1.033,-3.622,-0.919,Idle
-0.001,0.011,1.024,1.085,-3.631,-0.901,Idle
0.001,0.010,1.024,1.059,-3.588,-0.910,Idle
0.000,0.010,1.026,1.094,-3.640,-0.919,Idle
-0.001,0.010,1.025,1.076,-3.649,-0.884,Idle
0.000,0.010,1.026,1.033,-3.658,-0.962,Idle
0.000,0.010,1.025,1.076,-3.570,-0.866,Idle
0.000,0.010,1.024,1.076,-3.666,-0.892,Idle
-0.001,0.010,1.026,1.067,-3.666,-0.928,Idle
-0.000,0.011,1.026,1.076,-3.649,-0.892,Idle
0.000,0.010,1.025,1.067,-3.649,-0.910,Idle
0.000,0.010,1.024,1.094,-3.649,-0.928,Idle
-0.000,0.011,1.026,1.120,-3.649,-0.866,Idle
-0.001,0.010,1.026,1.094,-3.605,-0.954,Idle
-0.000,0.010,1.026,1.076,-3.658,-0.928,Idle
0.000,0.011,1.025,1.067,-3.649,-0.928,Idle
0.000,0.011,1.026,1.111,-3.631,-0.919,Idle
-0.001,0.010,1.025,1.041,-3.640,-0.928,Idle
-0.001,0.010,1.024,1.076,-3.640,-0.892,Idle
0.000,0.011,1.025,1.076,-3.649,-0.954,Idle
-0.001,0.010,1.027,1.111,-3.640,-0.928,Idle
-0.001,0.011,1.024,1.050,-3.640,-0.910,Idle
-0.001,0.010,1.024,1.033,-3.658,-0.892,Idle
0.000,0.011,1.026,1.102,-3.658,-0.884,Idle
-0.001,0.010,1.024,1.085,-3.614,-0.945,Idle
-0.000,0.010,1.026,1.067,-3.675,-0.919,Idle
0.001,0.009,1.023,1.024,-3.588,-0.928,Idle
0.000,0.011,1.027,1.102,-3.684,-0.945,Idle
-0.001,0.011,1.025,1.076,-3.570,-0.875,Idle
0.000,0.009,1.025,1.076,-3.622,-0.910,Idle
-0.000,0.009,1.024,1.059,-3.605,-0.936,Idle
-0.001,0.011,1.026,1.085,-3.622,-0.901,Idle
-0.000,0.011,1.026,1.094,-3.666,-0.901,Idle
-0.000,0.010,1.027,1.067,-3.631,-0.892,Idle
0.001,0.010,1.025,1.102,-3.631,-0.910,Idle
-0.000,0.011,1.026,1.076,-3.684,-0.945,Idle
0.000,0.011,1.028,1.129,-3.649,-0.936,Idle
-0.000,0.010,1.024,1.041,-3.614,-0.892,Idle
0.001,0.009,1.025,1.111,-3.631,-0.928,Idle
-0.000,0.010,1.023,1.102,-3.658,-0.954,Idle
0.000,0.011,1.027,1.102,-3.658,-0.919,Idle
0.000,0.010,1.024,1.033,-3.649,-0.892,Idle
-0.000,0.010,1.025,1.067,-3.640,-0.910,Idle
-0.001,0.010,1.025,1.102,-3.684,-0.892,Idle
0.000,0.011,1.027,1.129,-3.658,-0.875,Idle
0.000,0.009,1.023,1.076,-3.570,-0.936,Idle
-0.001,0.011,1.024,1.102,-3.605,-0.919,Idle
-0.000,0.011,1.026,1.120,-3.693,-0.884,Idle
0.001,0.011,1.028,1.076,-3.596,-0.954,Idle
0.000,0.011,1.023,1.015,-3.622,-0.901,Idle
-0.002,0.010,1.024,1.050,-3.614,-0.945,Idle
-0.001,0.011,1.025,1.111,-3.631,-0.866,Idle
0.001,0.011,1.026,1.085,-3.622,-0.954,Idle
0.000,0.009,1.024,1.059,-3.588,-0.892,Idle
-0.002,0.010,1.024,1.033,-3.622,-0.919,Idle
-0.002,0.011,1.026,1.155,-3.640,-0.928,Idle
0.001,0.010,1.026,1.024,-3.588,-0.875,Idle
0.001,0.010,1.026,1.102,-3.614,-0.910,Idle
-0.001,0.009,1.022,1.067,-3.640,-0.928,Idle
-0.000,0.011,1.026,1.111,-3.675,-0.901,Idle
0.000,0.010,1.025,1.059,-3.622,-0.901,Idle
0.001,0.010,1.027,1.076,-3.631,-0.866,Idle
-0.003,0.010,1.024,1.050,-3.605,-0.849,Idle
-0.001,0.011,1.027,1.102,-3.649,-0.884,Idle
0.003,0.010,1.026,1.120,-3.579,-0.892,Idle
0.003,0.010,1.026,1.076,-3.631,-0.901,Idle
-0.003,0.011,1.025,1.033,-3.658,-0.910,Idle
-0.000,0.011,1.027,1.120,-3.675,-0.910,Idle
0.003,0.010,1.028,1.138,-3.675,-0.910,Idle
-0.000,0.010,1.025,1.059,-3.588,-0.910,Idle
-0.003,0.013,1.025,1.138,-3.666,-0.892,Idle
-0.001,0.010,1.023,1.076,-3.640,-0.954,Idle
0.003,0.010,1.027,1.138,-3.649,-0.884,Idle
0.000,0.010,1.025,1.094,-3.614,-0.919,Idle
0.006,0.009,1.027,1.076,-3.666,-0.901,Idle
-0.000,0.012,1.027,1.164,-3.658,-0.919,Idle
-0.009,0.012,1.026,1.041,-3.666,-0.875,Idle
-0.000,0.008,1.024,1.041,-3.640,-0.901,Idle
0.009,0.009,1.026,1.059,-3.631,-0.892,Idle
0.004,0.010,1.025,1.102,-3.605,-0.901,Idle
-0.008,0.012,1.025,1.120,-3.658,-0.910,Idle
-0.002,0.011,1.025,1.129,-3.719,-0.884,Idle
0.005,0.009,1.026,1.076,-3.596,-0.884,Idle
0.003,0.010,1.026,1.041,-3.614,-0.910,Idle
-0.006,0.011,1.025,1.067,-3.649,-0.928,Idle
0.000,0.011,1.024,1.111,-3.666,-0.910,Idle
0.005,0.010,1.025,1.067,-3.631,-0.858,Idle
-0.001,0.011,1.026,1.085,-3.614,-0.875,Idle
-0.004,0.011,1.025,1.041,-3.605,-0.901,Idle
-0.002,0.010,1.026,1.129,-3.684,-0.875,Idle
0.004,0.010,1.026,1.050,-3.614,-0.901,Idle
-0.002,0.010,1.027,1.102,-3.614,-0.919,Idle
-0.003,0.011,1.025,1.102,-3.631,-0.858,Idle
0.000,0.010,1.026,1.085,-3.649,-0.901,Idle
0.001,0.011,1.026,1.059,-3.640,-0.884,Idle
-0.000,0.009,1.026,1.085,-3.622,-0.910,Idle
-0.001,0.010,1.025,1.094,-3.640,-0.919,Idle
-0.001,0.011,1.026,1.085,-3.631,-0.919,Idle
0.001,0.010,1.027,1.085,-3.622,-0.936,Idle
-0.001,0.011,1.026,1.120,-3.605,-0.919,Idle
-0.001,0.010,1.027,1.129,-3.570,-0.884,Idle
-0.001,0.010,1.025,1.033,-3.640,-0.875,Idle
0.000,0.011,1.025,1.085,-3.658,-0.892,Idle
0.001,0.009,1.025,1.059,-3.588,-0.928,Idle
-0.002,0.010,1.025,1.102,-3.649,-0.884,Idle
-0.002,0.011,1.024,1.033,-3.640,-0.919,Idle
0.003,0.009,1.025,1.120,-3.666,-0.954,Idle
0.003,0.010,1.025,1.102,-3.640,-0.928,Idle
-0.002,0.011,1.026,1.076,-3.622,-0.945,Idle
-0.002,0.010,1.026,1.102,-3.640,-0.936,Idle
0.001,0.010,1.026,1.102,-3.631,-0.910,Idle
0.000,0.011,1.027,1.067,-3.649,-0.901,Idle
-0.001,0.011,1.026,1.102,-3.622,-0.910,Idle
-0.001,0.010,1.026,1.085,-3.640,-0.875,Idle
0.000,0.010,1.025,1.094,-3.605,-0.936,Idle
0.001,0.010,1.024,1.059,-3.693,-0.910,Idle
-0.001,0.010,1.025,1.059,-3.640,-0.936,Idle
-0.001,0.011,1.026,1.102,-3.649,-0.928,Idle
0.001,0.011,1.026,1.111,-3.605,-0.928,Idle
0.000,0.011,1.026,1.138,-3.622,-0.919,Idle
-0.001,0.010,1.025,1.067,-3.666,-0.901,Idle
-0.001,0.011,1.026,1.102,-3.631,-0.910,Idle
-0.000,0.012,1.029,1.111,-3.649,-0.901,Idle
0.000,0.011,1.026,1.076,-3.658,-0.919,Idle
-0.001,0.011,1.026,1.085,-3.605,-0.962,Idle
0.000,0.009,1.023,1.059,-3.588,-0.884,Idle
0.000,0.009,1.025,1.138,-3.649,-0.910,Idle
-0.000,0.009,1.025,1.094,-3.596,-0.962,Idle
-0.001,0.010,1.024,1.094,-3.684,-0.910,Idle
0.001,0.012,1.028,1.181,-3.649,-0.892,Idle
-0.001,0.012,1.027,1.146,-3.588,-0.892,Idle
-0.002,0.010,1.028,1.050,-3.640,-0.901,Idle
0.001,0.009,1.021,1.111,-3.658,-0.936,Idle
0.000,0.010,1.026,1.059,-3.649,-0.901,Idle
-0.002,0.010,1.025,1.076,-3.605,-0.875,Idle
-0.002,0.010,1.026,1.085,-3.631,-0.901,Idle
0.001,0.009,1.021,1.111,-3.658,-0.919,Idle
-0.001,0.011,1.028,1.059,-3.605,-0.910,Idle
-0.002,0.010,1.025,1.094,-3.658,-0.919,Idle
0.000,0.010,1.027,1.015,-3.649,-0.919,Idle
0.000,0.010,1.027,1.111,-3.658,-0.919,Idle
-0.002,0.011,1.026,1.094,-3.614,-0.901,Idle
-0.001,0.010,1.025,1.059,-3.622,-0.954,Idle
0.004,0.010,1.025,1.059,-3.675,-0.910,Idle
0.001,0.008,1.018,1.146,-3.658,-0.954,Idle
-0.003,0.010,1.025,1.085,-3.675,-0.901,Idle
-0.000,0.013,1.030,1.111,-3.666,-0.910,Idle
0.002,0.010,1.026,1.024,-3.658,-0.928,Idle
-0.003,0.011,1.027,1.120,-3.631,-0.910,Idle
-0.002,0.011,1.027,1.085,-3.693,-0.919,Idle
0.003,0.010,1.009,1.173,-3.745,-0.936,Idle
0.001,0.009,1.024,1.024,-3.640,-0.919,Idle
-0.004,0.011,1.026,1.094,-3.684,-0.919,Idle
-0.000,0.012,1.029,1.155,-3.631,-0.892,Idle
0.004,0.011,1.027,1.067,-3.666,-0.875,Idle
-0.004,0.011,1.025,1.076,-3.596,-0.892,Idle
-0.002,0.011,1.026,1.102,-3.658,-0.936,Idle
0.001,0.007,1.019,1.067,-3.631,-0.910,Idle
0.004,0.010,1.031,1.216,-3.710,-0.998,Idle
-0.003,0.012,1.024,1.094,-3.658,-0.936,Idle
-0.001,0.010,1.027,1.164,-3.614,-0.910,Idle
0.003,0.009,1.026,1.067,-3.649,-0.919,Idle
-0.001,0.011,1.026,1.050,-3.658,-0.892,Idle
-0.003,0.011,1.026,1.094,-3.666,-0.901,Idle
0.004,0.010,1.033,1.164,-3.701,-0.919,Idle
0.004,0.010,1.019,1.094,-3.684,-0.919,Idle
-0.003,0.011,1.023,1.085,-3.658,-0.901,Idle
-0.003,0.012,1.028,1.085,-3.649,-0.928,Idle
0.003,0.010,1.027,1.076,-3.649,-0.936,Idle
0.001,0.011,1.026,1.059,-3.614,-0.901,Idle
-0.004,0.010,1.024,1.102,-3.631,-0.945,Idle
-0.000,0.011,1.025,1.111,-3.649,-0.892,Idle
0.004,0.008,1.024,1.129,-3.658,-1.015,Idle
-0.002,0.009,1.024,1.094,-3.658,-0.928,Idle
-0.004,0.011,1.026,1.085,-3.605,-0.892,Idle
0.001,0.011,1.028,1.129,-3.675,-0.901,Idle
0.002,0.011,1.025,1.059,-3.605,-0.928,Idle
-0.003,0.011,1.026,1.111,-3.631,-0.884,Idle
-0.003,0.010,1.022,1.094,-3.631,-0.919,Idle
0.003,0.009,1.034,1.129,-3.675,-0.884,Idle
0.002,0.009,1.024,1.094,-3.631,-0.919,Idle
-0.003,0.012,1.023,1.102,-3.640,-0.910,Idle
-0.000,0.012,1.026,1.120,-3.675,-0.962,Idle
0.003,0.011,1.028,1.102,-3.675,-0.901,Idle
-0.002,0.011,1.025,1.076,-3.614,-0.919,Idle
-0.004,0.011,1.024,1.076,-3.596,-0.901,Idle
0.001,0.011,1.025,1.111,-3.701,-0.928,Idle
0.003,0.007,1.018,1.041,-3.622,-0.945,Idle
-0.002,0.010,1.024,1.041,-3.640,-0.919,Idle
-0.003,0.011,1.026,1.085,-3.649,-0.919,Idle
0.003,0.011,1.027,1.085,-3.631,-0.919,Idle
0.002,0.010,1.027,1.033,-3.622,-0.945,Idle
-0.002,0.011,1.026,1.059,-3.605,-0.901,Idle
-0.002,0.011,1.025,1.094,-3.649,-0.945,Idle
0.002,0.010,1.024,1.050,-3.658,-0.910,Idle
-0.001,0.010,1.023,1.076,-3.622,-0.928,Idle
-0.002,0.011,1.026,1.094,-3.649,-0.928,Idle
-0.001,0.011,1.023,1.111,-3.622,-0.892,Idle
0.002,0.011,1.025,1.138,-3.658,-0.919,Idle
0.002,0.011,1.024,1.076,-3.622,-0.919,Idle
-0.003,0.011,1.025,1.059,-3.622,-0.884,Idle
-0.001,0.010,1.025,1.111,-3.640,-0.910,Idle
0.001,0.012,1.029,1.120,-3.631,-0.901,Idle
0.002,0.010,1.022,1.094,-3.693,-0.936,Idle
-0.002,0.011,1.023,1.111,-3.622,-0.919,Idle
0.001,0.011,1.024,1.076,-3.675,-0.928,Idle
0.003,0.011,1.026,1.094,-3.658,-0.919,Idle
-0.000,0.011,1.027,1.102,-3.666,-0.928,Idle
-0.003,0.011,1.027,1.094,-3.658,-0.901,Idle
0.002,0.011,1.026,1.041,-3.614,-0.901,Idle
0.004,0.011,1.024,1.067,-3.622,-0.919,Idle
0.000,0.009,1.021,1.111,-3.622,-0.919,Idle
-0.002,0.011,1.024,1.094,-3.631,-0.919,Idle
0.001,0.011,1.023,1.050,-3.640,-0.884,Idle
0.004,0.011,1.026,1.050,-3.666,-0.919,Idle
-0.001,0.012,1.027,1.085,-3.640,-0.945,Idle
-0.004,0.011,1.025,1.050,-3.631,-0.892,Idle
0.002,0.011,1.024,1.076,-3.614,-0.892,Idle
0.002,0.011,1.027,1.059,-3.649,-0.936,Idle
-0.001,0.013,1.032,1.164,-3.666,-0.928,Idle
-0.002,0.011,1.024,1.067,-3.605,-0.884,Idle
0.000,0.009,1.021,1.059,-3.605,-0.884,Idle
0.003,0.011,1.024,1.102,-3.631,-0.901,Idle
-0.003,0.011,1.026,1.094,-3.631,-0.928,Idle
-0.002,0.011,1.027,1.050,-3.622,-0.901,Idle
0.001,0.010,1.024,1.033,-3.622,-0.919,Idle
0.002,0.012,1.029,1.076,-3.658,-0.910,Idle
-0.003,0.013,1.029,1.146,-3.675,-0.892,Idle
-0.002,0.010,1.026,1.155,-3.666,-0.884,Idle
0.003,0.009,1.022,1.006,-3.605,-0.875,Idle
0.004,0.010,1.024,1.111,-3.693,-0.910,Idle
-0.000,0.011,1.025,1.076,-3.622,-0.901,Idle
-0.003,0.012,1.026,1.146,-3.622,-0.892,Idle
0.002,0.010,1.024,1.085,-3.649,-0.928,Idle
0.003,0.011,1.027,1.129,-3.622,-0.954,Idle
0.000,0.013,1.028,1.164,-3.666,-0.936,Idle
-0.004,0.012,1.026,1.041,-3.614,-0.892,Idle
0.001,0.010,1.027,1.041,-3.631,-0.919,Idle
0.004,0.011,1.028,1.138,-3.666,-0.928,Idle
0.001,0.011,1.026,1.146,-3.693,-0.936,Idle
-0.003,0.012,1.025,1.041,-3.596,-0.928,Idle
0.001,0.011,1.024,1.024,-3.640,-0.901,Idle
0.003,0.010,1.024,1.024,-3.605,-0.892,Idle
0.000,0.012,1.032,1.164,-3.684,-0.910,Idle
-0.003,0.011,1.024,0.998,-3.579,-0.875,Idle
0.001,0.012,1.026,1.120,-3.675,-0.962,Idle
0.003,0.009,1.022,1.111,-3.649,-0.910,Idle
-0.000,0.011,1.025,1.102,-3.666,-0.962,Idle
-0.003,0.011,1.024,1.024,-3.605,-0.892,Idle
-0.000,0.011,1.023,1.006,-3.658,-0.936,Idle
0.003,0.011,1.025,1.102,-3.675,-0.928,Idle
-0.001,0.009,1.021,1.041,-3.605,-0.936,Idle
-0.002,0.010,1.022,1.033,-3.649,-0.875,Idle
-0.000,0.010,1.025,1.085,-3.588,-0.919,Idle
0.003,0.011,1.026,1.102,-3.640,-0.875,Idle
-0.001,0.011,1.026,1.085,-3.596,-0.928,Idle
-0.004,0.011,1.025,1.111,-3.658,-0.919,Idle
0.001,0.011,1.023,1.050,-3.658,-0.928,Idle
0.004,0.011,1.028,1.181,-3.666,-0.919,Idle
-0.000,0.012,1.024,1.033,-3.614,-0.936,Idle
-0.003,0.012,1.028,1.059,-3.666,-0.901,Idle
-0.001,0.011,1.024,1.067,-3.649,-0.919,Idle
0.003,0.010,1.026,1.129,-3.658,-0.901,Idle
0.001,0.010,1.024,0.998,-3.640,-0.928,Idle
-0.001,0.011,1.025,1.085,-3.622,-0.910,Idle
0.000,0.011,1.025,1.050,-3.631,-0.962,Idle
0.002,0.011,1.024,1.094,-3.614,-0.936,Idle
0.001,0.011,1.026,1.085,-3.666,-0.928,Idle
-0.001,0.011,1.025,1.067,-3.640,-0.919,Idle
0.000,0.010,1.026,1.067,-3.675,-0.936,Idle
0.002,0.011,1.025,1.076,-3.588,-0.936,Idle
0.000,0.011,1.026,1.076,-3.614,-0.945,Idle
-0.001,0.011,1.024,1.094,-3.614,-0.919,Idle
0.002,0.011,1.026,1.059,-3.649,-0.919,Idle
0.002,0.011,1.026,1.059,-3.631,-0.954,Idle
-0.000,0.011,1.026,1.033,-3.631,-0.928,Idle
-0.001,0.011,1.025,1.041,-3.622,-0.892,Idle
0.001,0.011,1.027,1.111,-3.649,-0.901,Idle
0.001,0.011,1.026,1.129,-3.649,-0.901,Idle
-0.000,0.010,1.025,1.102,-3.614,-0.910,Idle
-0.000,0.010,1.026,1.059,-3.588,-0.884,Idle
0.001,0.011,1.025,1.102,-3.684,-0.901,Idle
-0.000,0.011,1.024,1.050,-3.622,-0.936,Idle
-0.003,0.010,1.025,1.102,-3.658,-0.901,Idle
0.001,0.010,1.026,1.111,-3.649,-0.919,Idle
0.006,0.010,1.027,1.059,-3.640,-0.901,Idle
0.001,0.012,1.025,1.102,-3.605,-0.884,Idle
-0.004,0.011,1.025,1.085,-3.640,-0.928,Idle
-0.002,0.011,1.024,1.129,-3.649,-0.936,Idle
0.004,0.011,1.025,1.076,-3.640,-0.901,Idle
0.001,0.010,1.025,1.094,-3.640,-0.875,Idle
-0.003,0.011,1.024,1.076,-3.605,-0.901,Idle
-0.002,0.011,1.025,1.076,-3.614,-0.945,Idle
0.002,0.011,1.025,1.094,-3.605,-0.892,Idle
0.001,0.011,1.026,1.094,-3.649,-0.928,Idle
-0.002,0.011,1.025,1.076,-3.640,-0.919,Idle
0.000,0.010,1.025,1.085,-3.640,-0.901,Idle
-0.001,0.011,1.025,1.050,-3.614,-0.892,Idle
-0.003,0.013,1.024,1.085,-3.579,-0.892,Idle
0.001,0.011,1.025,1.085,-3.622,-0.936,Idle
0.005,0.010,1.025,1.041,-3.658,-0.919,Idle
-0.003,0.011,1.026,1.085,-3.622,-0.954,Idle
-0.003,0.011,1.025,1.076,-3.658,-0.910,Idle
0.003,0.010,1.026,1.059,-3.640,-0.919,Idle
0.002,0.010,1.026,1.120,-3.631,-0.928,Idle
-0.003,0.011,1.026,1.111,-3.605,-0.919,Idle
-0.003,0.012,1.026,1.102,-3.727,-0.910,Idle
0.001,0.011,1.024,1.015,-3.649,-0.919,Idle
0.001,0.011,1.025,1.076,-3.614,-0.910,Idle
-0.002,0.011,1.025,1.050,-3.649,-0.919,Idle
-0.001,0.012,1.026,1.129,-3.614,-0.954,Idle
0.002,0.010,1.024,1.067,-3.631,-0.875,Idle
0.000,0.011,1.026,1.111,-3.605,-0.945,Idle
-0.001,0.011,1.025,1.094,-3.622,-0.892,Idle
-0.000,0.011,1.026,1.120,-3.649,-0.884,Idle
0.001,0.010,1.024,1.015,-3.631,-0.919,Idle
0.001,0.011,1.027,1.094,-3.605,-0.892,Idle
-0.001,0.011,1.026,1.102,-3.675,-0.910,Idle
-0.002,0.011,1.026,1.102,-3.658,-0.945,Idle
0.001,0.010,1.023,1.024,-3.666,-0.945,Idle
0.001,0.009,1.026,1.094,-3.684,-0.875,Idle
0.000,0.010,1.027,1.102,-3.675,-0.945,Idle
-0.000,0.011,1.025,1.041,-3.631,-0.928,Idle
0.001,0.010,1.023,1.050,-3.666,-0.928,Idle
0.001,0.011,1.025,1.067,-3.649,-0.910,Idle
-0.000,0.011,1.025,1.120,-3.649,-0.971,Idle
-0.001,0.010,1.024,1.006,-3.605,-0.901,Idle
0.001,0.011,1.028,1.120,-3.658,-0.954,Idle
0.001,0.010,1.024,1.067,-3.640,-0.945,Idle
-0.000,0.011,1.026,1.120,-3.622,-0.901,Idle
0.000,0.010,1.023,1.067,-3.605,-0.928,Idle
0.000,0.011,1.024,1.024,-3.631,-0.866,Idle
0.001,0.010,1.025,1.102,-3.666,-0.971,Idle
-0.000,0.011,1.026,1.102,-3.640,-0.910,Idle
0.000,0.010,1.024,1.041,-3.631,-0.892,Idle
-0.001,0.010,1.024,1.024,-3.640,-0.928,Idle
0.001,0.011,1.025,1.102,-3.640,-0.919,Idle
-0.000,0.011,1.027,1.076,-3.614,-0.945,Idle
-0.000,0.011,1.025,1.102,-3.588,-0.936,Idle
-0.001,0.011,1.025,1.094,-3.614,-0.945,Idle
0.001,0.011,1.027,1.094,-3.658,-0.910,Idle
-0.000,0.011,1.025,1.050,-3.596,-0.919,Idle
0.000,0.011,1.026,1.102,-3.658,-0.910,Idle
-0.001,0.010,1.024,1.067,-3.614,-0.840,Idle
-0.001,0.011,1.026,1.102,-3.658,-0.962,Idle
0.000,0.012,1.026,1.050,-3.649,-0.892,Idle
-0.002,0.011,1.025,1.067,-3.649,-0.892,Idle
0.000,0.011,1.025,1.085,-3.658,-0.919,Idle
0.003,0.010,1.025,1.094,-3.649,-0.945,Idle
0.001,0.011,1.026,1.111,-3.640,-0.980,Idle
0.000,0.011,1.023,1.076,-3.631,-0.945,Idle
-0.000,0.011,1.026,1.120,-3.684,-0.892,Idle
0.002,0.010,1.026,1.094,-3.622,-0.901,Idle
0.000,0.011,1.025,1.067,-3.614,-0.892,Idle
-0.002,0.011,1.025,1.085,-3.605,-0.954,Idle
0.000,0.011,1.024,1.102,-3.596,-0.928,Idle
0.001,0.010,1.025,1.102,-3.649,-0.866,Idle
0.000,0.011,1.026,1.067,-3.631,-0.901,Idle
-0.002,0.011,1.025,1.085,-3.640,-0.954,Idle
0.000,0.010,1.027,1.067,-3.658,-0.910,Idle
0.002,0.010,1.025,1.120,-3.684,-0.892,Idle
0.001,0.011,1.026,1.059,-3.622,-0.919,Idle
-0.002,0.011,1.026,1.041,-3.658,-0.919,Idle
-0.001,0.011,1.024,1.076,-3.649,-0.858,Idle
0.001,0.010,1.025,1.076,-3.640,-0.919,Idle
0.001,0.011,1.026,1.076,-3.631,-0.858,Idle
-0.001,0.011,1.025,1.111,-3.579,-0.919,Idle
-0.000,0.012,1.024,1.041,-3.622,-0.901,Idle
0.001,0.011,1.025,1.059,-3.631,-0.901,Idle
0.000,0.011,1.026,1.067,-3.666,-0.892,Idle
-0.001,0.011,1.026,1.102,-3.640,-0.928,Idle
-0.000,0.011,1.023,1.111,-3.631,-0.954,Idle
0.001,0.010,1.024,1.085,-3.614,-0.919,Idle
-0.000,0.011,1.026,1.085,-3.622,-0.945,Idle
-0.001,0.010,1.025,1.076,-3.605,-0.945,Idle
0.000,0.011,1.026,1.085,-3.631,-0.945,Idle
0.003,0.010,1.025,1.120,-3.596,-0.919,Idle
0.000,0.012,1.024,1.094,-3.640,-0.875,Idle
-0.004,0.012,1.025,1.085,-3.614,-0.936,Idle
0.001,0.010,1.027,1.102,-3.640,-0.901,Idle
0.004,0.010,1.025,1.059,-3.649,-0.945,Idle
0.000,0.011,1.025,1.041,-3.605,-0.901,Idle
-0.003,0.011,1.025,1.102,-3.622,-0.945,Idle
0.003,0.010,1.025,1.067,-3.605,-0.945,Idle
0.004,0.010,1.025,1.094,-3.622,-0.901,Idle
-0.001,0.011,1.024,1.059,-3.614,-0.884,Idle
-0.002,0.011,1.026,1.067,-3.631,-0.919,Idle
0.002,0.010,1.024,1.059,-3.588,-0.928,Idle
0.001,0.010,1.025,1.067,-3.614,-0.919,Idle
0.001,0.010,1.026,1.067,-3.640,-0.936,Idle
-0.000,0.012,1.025,1.129,-3.649,-0.910,Idle
-0.003,0.010,1.026,1.050,-3.622,-0.901,Idle
0.147,0.136,0.875,18.769,6.247,-23.931,Pitch
0.144,0.115,0.882,33.810,25.629,-4.515,Pitch
0.054,0.125,0.873,47.408,38.640,-4.358,Pitch
0.079,0.159,1.301,36.365,36.269,-9.599,Pitch
0.094,0.208,1.149,13.895,-8.829,12.775,Pitch
0.023,0.135,1.090,2.126,-19.819,30.188,Pitch
-0.028,0.002,1.021,-8.470,-2.993,22.435,Pitch
-0.014,0.071,1.202,-63.228,17.929,-6.545,Pitch
0.004,0.094,1.075,-157.290,18.331,-35.464,Pitch
0.121,0.030,0.854,-205.590,6.090,-35.438,Pitch
0.167,-0.162,0.705,-226.564,7.569,-32.182,Pitch
0.241,-0.342,0.570,-220.133,22.829,-47.381,Pitch
0.101,-0.501,0.587,-171.614,40.539,-47.994,Pitch
-0.190,-0.448,1.060,-74.699,62.510,-103.241,Pitch
0.218,-0.401,0.756,87.054,-67.007,-24.211,Pitch
0.364,-0.091,0.431,286.519,-81.944,72.380,Pitch
-0.379,0.468,0.906,286.685,13.414,95.051,Pitch
-0.271,0.616,1.154,286.685,56.840,4.786,Pitch
-0.549,0.498,0.872,286.685,5.294,-88.839,Pitch
0.124,0.808,0.945,286.685,-18.261,-115.859,Pitch
0.141,0.847,1.203,164.544,-39.594,-97.860,Pitch
0.028,0.890,1.125,-241.867,29.024,-54.469,Pitch
-0.223,1.051,1.393,-286.685,26.058,-32.139,Pitch
-0.342,1.047,0.928,-286.685,3.264,-69.064,Pitch
-0.085,0.399,0.568,-286.685,-71.689,-24.815,Pitch
0.053,-0.303,0.013,-286.685,-63.088,-21.997,Pitch
0.021,-0.678,0.406,-179.489,-44.214,-3.080,Pitch
0.015,-0.888,0.520,36.050,-59.658,-12.084,Pitch
0.093,-0.233,0.517,286.685,-68.539,46.139,Pitch
-0.099,0.132,0.938,286.685,-35.376,81.156,Pitch
-0.212,0.624,1.035,286.685,-28.534,41.466,Pitch
0.078,1.161,0.918,286.685,-14.901,-15.059,Pitch
0.058,1.192,1.094,251.851,23.782,-18.786,Pitch
-0.025,0.966,0.982,-44.835,21.980,-27.029,Pitch
0.028,0.876,0.697,-198.669,5.766,-41.396,Pitch
0.060,1.187,1.205,-286.475,16.695,-55.877,Pitch
0.014,0.853,1.001,-286.685,84.158,-31.028,Pitch
-0.173,0.504,0.476,-286.685,49.149,-38.482,Pitch
-0.054,0.058,0.230,-286.685,-17.876,-24.535,Pitch
-0.005,-0.488,0.720,-284.681,-41.939,-8.864,Pitch
-0.133,-0.588,0.702,-140.919,-28.000,-3.999,Pitch
-0.078,-0.729,0.635,-13.641,-24.097,-19.556,Pitch
0.125,-0.405,0.882,239.181,-46.541,-3.010,Pitch
0.008,-0.129,0.809,286.685,-45.544,3.780,Pitch
-0.074,0.015,0.857,286.685,-50.190,13.099,Pitch
-0.198,0.520,0.847,286.685,-51.083,11.156,Pitch
0.053,1.217,0.857,286.685,-51.651,10.360,Pitch
0.101,0.954,0.857,259.219,0.516,-5.075,Pitch
-0.021,0.899,0.896,70.884,12.416,-2.503,Pitch
0.124,0.786,0.390,-148.776,47.110,-19.792,Pitch
0.124,1.026,0.690,-282.179,44.713,-22.339,Pitch
0.058,0.917,0.795,-286.685,71.575,-31.526,Pitch
-0.040,0.439,0.575,-286.685,52.579,-20.878,Pitch
-0.194,0.336,0.353,-286.685,23.975,-24.185,Pitch
-0.016,-0.285,0.631,-286.685,-31.596,-65.389,Pitch
-0.098,-0.461,0.804,-260.654,-39.156,-58.756,Pitch
0.006,-0.678,0.705,-115.789,-33.766,-37.389,Pitch
-0.033,-0.582,0.527,63.079,-27.256,-9.826,Pitch
-0.024,-0.416,0.322,285.714,-53.410,-4.375,Pitch
-0.070,-0.173,0.732,286.685,-62.107,-8.592,Pitch
0.085,0.508,1.102,286.685,-75.355,-9.511,Pitch
0.020,1.251,1.586,286.685,-67.970,20.020,Pitch
0.375,1.248,1.258,215.390,40.311,-43.514,Pitch
0.168,1.212,0.785,-26.670,46.279,-30.468,Pitch
0.212,0.880,1.005,-181.090,43.269,-52.281,Pitch
0.112,0.849,1.388,-286.685,61.530,2.678,Pitch
-0.029,0.820,1.416,-286.685,39.944,-9.984,Pitch
0.162,0.537,0.900,-286.685,26.381,-4.900,Pitch
0.018,-0.761,-0.378,-286.685,-20.965,61.574,Pitch
-0.098,-0.492,0.329,-219.152,-77.604,66.412,Pitch
-0.147,-0.685,0.721,-83.571,-70.079,8.076,Pitch
-0.159,-0.962,0.401,131.075,-8.916,-22.837,Pitch
-0.022,-0.600,0.518,286.685,-42.630,-28.901,Pitch
0.039,0.045,1.372,286.685,-27.554,-12.504,Pitch
0.075,0.523,1.102,286.685,-28.744,3.553,Pitch
0.123,1.073,0.686,286.685,-50.662,5.320,Pitch
0.239,0.872,1.052,284.830,-43.479,8.689,Pitch
0.015,0.938,1.536,70.857,-45.780,43.076,Pitch
0.198,1.366,1.060,-286.177,3.841,27.843,Pitch
0.052,0.656,1.174,-286.685,78.015,-15.365,Pitch
0.152,0.356,0.851,-286.685,63.770,-10.019,Pitch
-0.095,0.286,0.391,-286.685,36.846,44.651,Pitch
-0.073,-0.236,-0.386,-286.685,3.824,14.420,Pitch
-0.110,-0.901,-0.094,-76.143,11.856,-46.384,Pitch
-0.049,-0.716,0.445,182.096,34.072,-85.173,Pitch
0.290,-0.906,0.690,284.865,16.861,-78.409,Pitch
0.229,-0.590,1.150,286.685,59.806,-31.850,Pitch
0.073,0.425,1.344,286.685,32.322,8.243,Pitch
0.202,0.726,0.950,286.685,25.218,67.314,Pitch
-0.203,0.740,1.390,286.685,2.747,59.062,Pitch
-0.019,0.939,1.383,213.649,14.481,9.380,Pitch
-0.118,0.824,1.231,-210.446,-42.254,27.545,Pitch
0.058,0.819,1.121,-286.685,-28.744,15.724,Pitch
0.074,0.528,1.356,-286.685,18.165,-15.382,Pitch
0.074,0.236,0.689,-286.685,74.952,7.621,Pitch
-0.026,-0.033,0.289,-286.685,29.496,48.729,Pitch
-0.183,-0.742,-0.047,-286.685,-19.233,75.679,Pitch
-0.124,-0.667,0.581,-101.019,-5.031,-6.003,Pitch
-0.044,-0.683,0.919,7.210,21.044,-23.993,Pitch
0.008,-0.695,0.566,68.539,33.031,-39.060,Pitch
0.098,-0.520,0.279,286.519,5.171,-46.935,Pitch
0.129,-0.166,1.079,286.685,-34.318,-15.733,Pitch
-0.049,0.471,0.992,286.685,-37.056,20.414,Pitch
0.137,0.883,0.504,286.685,-0.577,34.107,Pitch
-0.008,0.758,1.012,286.685,-61.049,49.901,Pitch
0.047,1.111,1.084,94.098,-32.611,-8.076,Pitch
0.116,1.118,1.205,-147.928,-43.619,0.884,Pitch
0.235,1.014,1.151,-286.685,19.250,2.721,Pitch
0.150,0.522,1.430,-286.685,52.719,2.852,Pitch
0.055,0.152,0.619,-286.685,72.100,1.059,Pitch
-0.099,-0.041,0.087,-286.685,33.618,17.413,Pitch
-0.095,-0.894,-0.009,-286.685,5.040,-46.725,Pitch
-0.208,-0.726,0.368,-28.455,-3.596,-18.506,Pitch
-0.044,-0.574,0.869,111.545,20.799,-38.404,Pitch
0.170,-0.701,0.845,231.770,27.055,-20.353,Pitch
0.015,-0.337,0.630,286.685,-1.400,-9.511,Pitch
0.052,0.005,1.096,286.685,-13.632,-15.837,Pitch
-0.020,0.261,0.871,286.685,-1.234,29.146,Pitch
-0.105,0.481,1.113,286.685,0.157,30.993,Pitch
0.070,0.878,1.295,283.754,-59.482,-8.785,Pitch
0.085,0.971,1.651,-65.686,-14.507,-14.184,Pitch
0.120,1.058,1.269,-283.491,-8.531,3.693,Pitch
0.192,0.685,1.283,-286.685,52.518,12.889,Pitch
-0.063,0.331,0.660,-286.685,50.391,9.214,Pitch
-0.097,0.034,-0.036,-286.685,30.406,13.466,Pitch
-0.025,-0.743,-0.074,-261.328,-22.103,-2.380,Pitch
-0.154,-0.468,0.657,43.409,-34.834,-7.499,Pitch
0.064,-0.483,0.694,179.025,-14.613,-1.619,Pitch
0.060,-0.385,0.526,284.568,-19.110,4.769,Pitch
-0.109,0.017,1.069,286.685,-35.254,1.934,Pitch
0.175,0.479,0.935,286.685,-69.186,56.998,Pitch
-0.104,0.794,0.965,286.685,-81.375,105.499,Pitch
0.157,1.035,1.107,284.891,-63.674,86.616,Pitch
0.292,1.036,1.311,-6.545,-3.316,48.020,Pitch
0.243,1.096,1.074,-279.904,40.583,22.461,Pitch
0.332,1.060,1.119,-286.685,65.082,-14.814,Pitch
0.126,0.656,1.349,-286.685,149.117,-33.434,Pitch
0.041,0.321,0.569,-286.685,150.150,-2.030,Pitch
-0.453,-0.101,-0.322,-286.685,100.109,-47.591,Pitch
0.067,-1.153,-0.288,-277.576,32.095,-78.426,Pitch
-0.085,-0.581,0.477,34.965,-18.060,-40.539,Pitch
0.036,-0.554,0.749,89.092,16.625,-57.794,Pitch
0.136,-0.491,0.401,261.275,30.730,-50.479,Pitch
0.101,-0.272,0.483,286.685,-4.961,-79.520,Pitch
-0.021,0.037,1.122,286.685,-30.126,-26.924,Pitch
0.243,0.398,1.291,286.685,14.149,-6.921,Pitch
-0.140,0.720,1.032,286.685,-18.891,56.166,Pitch
0.087,0.526,0.976,228.629,41.002,40.346,Pitch
-0.010,1.081,1.086,-28.499,-24.299,20.878,Pitch
0.141,0.856,1.112,-278.399,-22.067,-15.024,Pitch
0.247,0.463,1.085,-286.685,2.713,-21.866,Pitch
0.178,0.105,0.773,-286.685,44.222,0.140,Pitch
-0.102,-0.080,0.440,-286.685,17.491,22.339,Pitch
-0.038,-0.255,0.550,-286.685,-32.778,11.769,Pitch
-0.137,-0.466,0.715,-240.686,-48.991,11.699,Pitch
-0.145,-0.531,0.546,-134.794,-36.680,-8.102,Pitch
-0.168,-0.644,0.623,116.620,4.996,-45.981,Pitch
0.128,-0.447,0.529,285.521,-17.885,-43.829,Pitch
0.190,0.182,1.004,286.685,21.341,-31.946,Pitch
0.329,0.254,0.872,286.685,-10.141,17.089,Pitch
0.071,0.864,0.971,286.685,-10.062,92.750,Pitch
0.226,0.714,0.942,286.685,-36.925,54.329,Pitch
0.139,1.084,1.228,128.966,-23.949,32.375,Pitch
0.160,1.055,1.042,-208.626,18.952,27.326,Pitch
0.279,1.178,1.183,-286.685,25.865,-3.430,Pitch
0.180,1.029,1.374,-286.685,71.872,-39.585,Pitch
0.176,0.343,0.882,-286.685,55.326,-13.073,Pitch
0.283,-0.101,-0.103,-286.685,84.927,75.836,Pitch
-0.426,-0.382,-0.417,-286.545,26.696,18.419,Pitch
-0.019,-0.777,0.316,-26.696,-31.360,-16.231,Pitch
-0.016,-0.529,1.083,106.348,-2.389,-45.946,Pitch
-0.005,-0.574,0.893,93.275,31.089,-47.110,Pitch
-0.074,-0.502,0.494,267.733,12.898,-56.175,Pitch
0.005,-0.276,0.686,286.685,13.501,-79.739,Pitch
-0.103,0.599,1.117,286.685,28.009,-3.159,Pitch
0.120,0.612,1.066,286.685,3.859,12.337,Pitch
0.139,0.847,1.047,286.685,-6.142,85.811,Pitch
0.157,1.041,1.297,276.596,72.975,39.970,Pitch
-0.031,1.169,0.969,94.579,40.906,14.700,Pitch
-0.029,0.911,1.251,-232.575,-5.425,-11.839,Pitch
0.113,0.962,1.181,-286.685,-3.666,-7.910,Pitch
-0.038,0.545,0.845,-286.685,13.703,-19.950,Pitch
-0.027,0.173,0.608,-286.685,15.592,-37.310,Pitch
-0.038,-0.215,0.047,-286.685,9.100,-15.977,Pitch
0.084,-0.738,0.336,-143.133,-23.048,-19.058,Pitch
-0.066,-0.584,0.401,108.701,-28.700,-8.575,Pitch
-0.058,-0.413,0.729,258.851,-13.974,1.636,Pitch
-0.039,-0.120,0.917,286.685,-11.436,0.726,Pitch
-0.117,0.334,0.974,286.685,-37.695,-10.649,Pitch
0.042,0.478,1.173,286.685,-64.330,19.862,Pitch
0.271,1.028,0.856,286.685,-83.799,58.791,Pitch
0.240,1.083,1.019,260.951,-41.650,4.681,Pitch
0.273,1.036,0.939,8.208,21.744,-12.154,Pitch
0.165,0.848,0.957,-111.055,33.110,-25.366,Pitch
0.175,0.777,1.169,-253.348,44.476,-32.130,Pitch
0.142,0.690,1.431,-286.685,70.595,9.546,Pitch
0.026,0.705,1.279,-286.685,82.757,0.945,Pitch
-0.201,0.253,0.462,-286.685,89.285,-14.613,Pitch
-0.139,-0.159,0.030,-286.685,13.580,-45.062,Pitch
0.052,-0.602,0.148,-267.645,-50.094,-37.616,Pitch
0.073,-0.628,0.617,-106.540,-48.370,-26.469,Pitch
0.088,-0.750,0.806,31.465,11.086,-10.316,Pitch
-0.014,-0.612,0.643,214.279,17.028,-0.254,Pitch
0.083,-0.288,0.823,286.685,-22.767,11.795,Pitch
-0.010,0.077,0.965,286.685,-38.640,30.415,Pitch
0.102,0.510,0.984,286.685,-30.292,7.061,Pitch
0.204,1.110,0.710,286.685,-78.234,49.700,Pitch
0.084,1.125,1.321,286.685,-50.925,-7.088,Pitch
0.134,0.980,0.946,212.634,-21.000,-39.121,Pitch
0.142,0.901,0.834,-3.824,-5.162,-29.549,Pitch
0.132,0.832,0.909,-191.380,26.294,-9.118,Pitch
0.159,0.869,1.022,-286.361,49.647,-1.523,Pitch
-0.020,0.958,1.134,-286.685,101.518,21.647,Pitch
-0.053,0.583,0.712,-286.685,91.683,-29.050,Pitch
-0.065,0.140,0.391,-286.685,24.903,-23.406,Pitch
-0.085,-0.284,0.033,-286.685,-27.090,-12.049,Pitch
0.001,-0.563,0.611,-200.174,-22.409,-22.715,Pitch
0.008,-0.590,1.098,-71.234,1.619,-15.304,Pitch
-0.079,-0.670,1.030,-11.970,15.208,-14.630,Pitch
-0.089,-0.729,0.595,80.106,2.039,-5.915,Pitch
0.132,-0.457,0.768,286.676,-39.629,15.977,Pitch
0.125,0.021,0.941,286.685,-34.020,22.312,Pitch
0.116,0.156,0.901,286.685,-7.892,10.561,Pitch
0.113,0.668,0.853,286.685,-38.185,35.779,Pitch
0.075,0.845,0.921,286.685,-61.294,44.774,Pitch
0.041,0.898,1.230,267.234,-28.350,19.836,Pitch
-0.002,0.785,0.985,71.916,-54.399,16.292,Pitch
0.197,0.875,1.144,-207.935,-17.378,8.820,Pitch
0.122,0.974,1.032,-286.685,55.606,12.810,Pitch
-0.019,0.672,1.084,-286.685,85.452,-20.300,Pitch
0.047,0.400,0.763,-286.685,114.476,-57.146,Pitch
-0.211,-0.063,0.309,-286.685,46.007,-24.080,Pitch
-0.072,-0.505,0.055,-286.685,-39.550,-21.263,Pitch
-0.057,-1.056,0.372,-190.312,-44.511,-20.641,Pitch
-0.017,-0.684,1.088,53.156,-15.216,-24.229,Pitch
0.062,-0.672,0.954,126.507,27.860,-37.126,Pitch
0.129,-0.438,0.855,286.685,42.341,-29.400,Pitch
0.236,-0.204,1.031,286.685,35.595,-10.631,Pitch
0.117,-0.001,0.855,286.685,0.525,47.661,Pitch
-0.028,0.240,0.748,286.685,-8.461,59.561,Pitch
0.037,0.552,0.938,286.685,1.444,36.925,Pitch
-0.078,0.793,0.941,286.685,-29.654,6.606,Pitch
0.041,0.759,0.916,192.535,-37.161,-22.802,Pitch
0.033,0.689,0.876,-19.661,-43.312,-2.914,Pitch
0.102,0.716,1.014,-163.371,-18.253,2.345,Pitch
0.060,0.678,1.169,-286.685,24.176,1.164,Pitch
-0.027,0.527,0.877,-286.685,57.619,-27.388,Pitch
-0.073,0.112,0.309,-286.685,29.417,-19.460,Pitch
-0.146,-0.277,0.286,-286.685,-16.476,-4.182,Pitch
-0.077,-0.571,0.847,-188.667,-19.215,-13.694,Pitch
0.005,-0.482,1.175,-57.899,-17.903,-25.471,Pitch
-0.002,-0.620,0.905,90.247,6.073,-4.891,Pitch
0.049,-0.434,0.815,210.980,7.446,1.216,Pitch
0.027,-0.227,0.745,286.685,-6.633,10.850,Pitch
0.136,0.227,0.908,286.685,-39.498,12.145,Pitch
0.162,0.365,0.706,286.685,-35.770,19.950,Pitch
0.027,0.816,0.798,286.685,-22.059,31.045,Pitch
-0.070,0.940,1.669,286.177,-14.831,-0.726,Pitch
0.091,0.955,1.181,95.419,-13.624,-12.556,Pitch
0.098,0.947,1.198,-131.915,4.270,-3.509,Pitch
0.069,0.861,1.018,-286.685,20.282,-7.892,Pitch
0.003,0.559,0.991,-286.685,15.015,-10.815,Pitch
0.077,0.323,0.695,-286.685,9.940,-10.535,Pitch
-0.042,0.075,0.420,-286.685,23.503,-6.510,Pitch
-0.139,-0.152,0.463,-286.685,-5.477,-31.526,Pitch
0.106,-0.891,0.445,-101.150,-26.862,-32.506,Pitch
-0.026,-0.469,0.919,134.811,-15.977,-10.474,Pitch
0.031,-0.237,1.118,270.909,7.184,0.009,Pitch
0.026,-0.093,0.886,286.685,7.639,0.262,Pitch
0.044,0.321,1.346,286.685,29.103,8.041,Pitch
0.257,0.551,1.227,286.685,29.208,12.259,Pitch
0.029,0.461,1.107,286.685,39.594,34.493,Pitch
-0.002,0.554,0.839,237.562,25.323,34.107,Pitch
-0.040,0.594,0.789,180.057,10.071,29.619,Pitch
-0.036,0.718,0.916,36.540,-23.135,14.866,Pitch
0.066,0.549,1.003,-217.805,-37.135,-6.221,Pitch
0.106,0.499,0.845,-286.685,18.917,12.731,Pitch
-0.017,0.371,0.854,-286.685,41.676,-7.394,Pitch
-0.115,0.252,0.900,-286.685,59.798,-24.211,Pitch
0.059,-0.159,0.993,-286.685,2.144,-30.888,Pitch
-0.144,-0.197,0.706,-286.353,-14.341,-22.129,Pitch
-0.057,-0.392,0.892,-162.391,-20.335,-28.298,Pitch
-0.013,-0.583,0.652,8.444,-23.214,-4.427,Pitch
-0.140,-0.401,0.743,265.633,-11.743,26.022,Pitch
-0.097,-0.055,0.824,286.685,-29.540,18.121,Pitch
0.041,0.461,1.057,286.685,-61.653,3.815,Pitch
0.116,0.700,0.794,286.685,-65.152,15.225,Pitch
0.136,0.939,1.172,286.685,-22.724,9.012,Pitch
0.130,0.880,1.043,206.115,-7.569,-0.210,Pitch
0.158,0.826,1.087,-18.007,16.275,-18.077,Pitch
0.124,0.764,0.837,-246.619,16.118,-9.590,Pitch
0.143,0.607,1.276,-286.685,14.376,-0.639,Pitch
-0.082,0.436,0.949,-286.685,15.225,0.166,Pitch
0.005,0.043,0.229,-286.685,4.471,-5.793,Pitch
-0.120,-0.162,0.385,-286.685,21.744,-12.591,Pitch
0.021,-0.558,0.265,-285.591,10.036,-23.966,Pitch
0.022,-0.691,0.891,-25.690,-13.834,-1.269,Pitch
0.082,-0.578,1.133,102.375,1.803,7.105,Pitch
-0.123,-0.405,0.824,272.781,6.116,29.584,Pitch
-0.160,-0.273,0.825,286.685,-9.677,15.575,Pitch
-0.147,0.224,0.971,286.685,-44.651,16.555,Pitch
-0.032,0.726,0.965,286.685,-72.905,24.316,Pitch
0.077,0.774,0.959,286.685,-49.893,4.060,Pitch
0.056,0.921,0.975,250.311,-18.174,-8.024,Pitch
0.169,0.981,0.716,81.121,19.267,-46.664,Pitch
0.261,0.897,1.150,-60.716,15.829,-28.192,Pitch
0.242,0.929,1.259,-230.755,20.904,-8.496,Pitch
0.067,0.809,1.037,-286.685,17.465,-7.945,Pitch
0.017,0.341,0.988,-286.685,51.249,-42.884,Pitch
-0.080,0.090,0.577,-286.685,41.134,-22.698,Pitch
-0.203,-0.255,0.085,-286.685,0.647,-11.760,Pitch
-0.150,-0.351,0.500,-154.158,-27.160,-32.681,Pitch
0.051,-0.430,0.969,-32.655,-21.114,-43.068,Pitch
0.165,-0.438,0.983,102.384,3.666,-3.360,Pitch
-0.067,-0.391,0.813,268.117,-0.971,30.774,Pitch
-0.146,-0.049,0.999,286.685,-26.670,20.326,Pitch
0.016,0.369,1.192,286.685,-63.306,-4.384,Pitch
0.080,0.868,1.065,286.685,-64.137,-1.006,Pitch
0.034,0.837,0.728,286.685,-24.850,-31.343,Pitch
-0.003,0.759,0.681,272.309,-50.873,-85.024,Pitch
0.063,0.956,0.977,32.095,-14.595,-76.125,Pitch
0.073,1.024,0.797,-206.894,-15.347,-35.105,Pitch
0.098,0.920,0.712,-286.685,-20.396,11.961,Pitch
0.049,0.452,0.704,-286.685,-42.586,49.096,Pitch
0.123,-0.026,0.620,-286.685,-66.736,59.570,Pitch
-0.089,-0.084,0.450,-286.685,-57.838,31.045,Pitch
0.003,-0.380,0.669,-286.685,-1.750,-21.481,Pitch
0.095,-0.724,0.836,-124.119,26.180,-29.593,Pitch
0.116,-0.742,0.967,38.028,27.650,-33.285,Pitch
0.254,-0.542,0.849,243.985,17.833,-35.840,Pitch
0.187,0.041,1.223,286.685,34.020,-0.822,Pitch
0.045,0.246,1.191,286.685,64.776,25.462,Pitch
0.011,0.329,1.037,286.685,48.912,32.533,Pitch
-0.023,0.573,0.718,286.685,14.542,-18.410,Pitch
-0.144,0.795,0.623,286.685,31.894,-38.019,Pitch
-0.177,0.879,0.815,195.300,-10.631,-27.038,Pitch
-0.083,1.006,0.824,-180.827,-6.186,-7.534,Pitch
-0.139,0.924,0.808,-286.685,-41.423,35.875,Pitch
-0.019,0.546,0.865,-286.685,-83.668,56.315,Pitch
0.246,-0.102,0.699,-286.685,-84.149,60.419,Pitch
0.075,-0.367,0.347,-286.685,-26.031,63.534,Pitch
0.044,-0.532,0.709,-276.456,-25.323,27.519,Pitch
0.124,-0.586,0.924,-164.421,-21.788,12.337,Pitch
0.053,-0.727,1.009,-14.507,11.629,0.403,Pitch
0.071,-0.672,1.010,184.161,18.944,-2.371,Pitch
0.188,-0.480,0.993,286.685,32.016,-15.111,Pitch
0.106,-0.232,0.901,286.685,45.106,-11.865,Pitch
0.068,0.146,0.768,286.685,38.990,-1.374,Pitch
-0.025,0.532,0.747,286.685,19.495,4.358,Pitch
0.007,0.641,0.710,286.685,4.515,-27.326,Pitch
-0.023,0.746,0.646,285.215,-15.059,-28.875,Pitch
-0.071,0.866,0.627,131.232,-24.185,-17.150,Pitch
-0.126,0.993,0.701,-8.243,-38.255,-18.226,Pitch
-0.092,1.054,0.879,-128.467,-44.546,-10.456,Pitch
0.005,1.157,1.160,-286.685,-17.850,38.833,Pitch
0.022,0.977,1.114,-286.685,-11.086,100.021,Pitch
-0.024,0.451,1.037,-286.685,-26.337,81.821,Pitch
0.022,-0.112,0.429,-286.685,3.780,46.594,Pitch
-0.010,-0.619,0.037,-286.685,23.993,-7.394,Pitch
0.166,-0.645,0.527,-17.885,-10.203,3.132,Pitch
0.041,-0.393,0.798,106.067,-33.075,21.368,Pitch
0.053,-0.635,0.671,143.465,-0.656,-5.880,Pitch
0.090,-0.330,0.740,286.685,19.180,-16.546,Pitch
0.018,-0.048,1.040,286.685,35.630,-35.000,Pitch
0.095,0.271,1.045,286.685,7.166,-16.966,Pitch
0.029,0.618,1.028,286.685,-25.279,-22.776,Pitch
-0.010,0.808,0.893,286.685,-21.192,-16.520,Pitch
-0.046,0.921,0.921,255.745,-16.853,-29.243,Pitch
-0.049,0.983,0.742,67.743,-10.570,-39.279,Pitch
0.079,0.943,1.243,-129.727,-26.784,-20.247,Pitch
0.034,1.069,1.160,-286.685,86.091,22.032,Pitch
-0.312,0.979,0.859,-286.685,55.230,44.713,Pitch
-0.086,0.493,0.864,-286.685,-79.940,56.026,Pitch
-0.003,-0.226,0.261,-286.685,-30.170,57.225,Pitch
0.020,-0.549,0.094,-280.149,-12.294,18.375,Pitch
0.081,-0.456,0.669,-11.331,-17.684,-6.029,Pitch
0.079,-0.418,1.024,26.434,7.262,7.149,Pitch
0.095,-0.623,0.359,107.747,10.509,22.680,Pitch
-0.043,-0.513,0.313,284.515,-6.807,36.015,Pitch
0.009,0.155,0.967,286.685,-64.181,-6.239,Pitch
0.292,0.751,0.956,286.685,-69.037,-18.235,Pitch
-0.032,0.983,1.113,286.685,-59.868,-7.079,Pitch
0.084,0.866,0.937,286.685,-26.093,-81.629,Pitch
0.092,0.833,0.857,189.508,-24.833,-85.155,Pitch
0.063,0.914,0.769,-2.100,-11.279,-46.944,Pitch
0.034,0.929,0.965,-156.520,-28.962,-20.510,Pitch
0.083,0.955,0.888,-286.685,-0.245,23.844,Pitch
0.033,0.876,1.214,-286.685,9.371,44.502,Pitch
0.076,0.335,0.956,-286.685,-24.763,51.284,Pitch
-0.073,0.047,0.528,-286.685,6.169,53.331,Pitch
-0.173,-0.255,0.354,-286.685,9.739,6.510,Pitch
0.166,-0.911,0.432,-156.712,-31.850,-17.124,Pitch
0.115,-0.786,0.719,24.281,-20.659,14.980,Pitch
0.012,-0.660,0.639,113.155,16.677,0.446,Pitch
0.155,-0.402,0.668,286.641,0.271,12.521,Pitch
0.041,-0.139,0.749,286.685,5.512,2.905,Pitch
0.089,0.013,1.083,286.685,-10.054,-10.693,Pitch
0.020,0.787,0.612,286.685,-36.015,37.730,Pitch
-0.052,0.958,0.817,286.685,-41.239,-13.029,Pitch
0.130,0.933,1.235,281.741,-53.699,-42.088,Pitch
0.149,0.991,0.903,-14.201,-3.876,-52.955,Pitch
0.103,1.065,0.848,-272.536,10.815,5.985,Pitch
0.043,1.027,0.849,-286.685,-3.894,13.729,Pitch
0.022,0.759,1.058,-286.685,-4.427,12.443,Pitch
0.064,0.202,0.816,-286.685,52.334,6.449,Pitch
-0.231,-0.128,0.370,-286.685,46.331,13.703,Pitch
-0.167,-0.517,0.329,-286.484,-1.120,5.871,Pitch
-0.180,-0.548,0.691,-72.397,-42.131,17.141,Pitch
-0.048,-0.493,0.730,42.928,-32.585,8.592,Pitch
0.048,-0.380,0.823,272.046,-21.149,13.886,Pitch
0.083,-0.133,0.883,286.685,-22.190,5.206,Pitch
0.081,0.197,1.004,286.685,-27.073,-1.356,Pitch
0.124,0.828,0.927,286.685,-37.240,1.776,Pitch
-0.043,1.072,1.278,286.685,-47.399,-2.476,Pitch
0.099,0.858,0.875,265.300,-34.834,-28.175,Pitch
0.094,0.891,0.748,-6.536,-14.158,-22.050,Pitch
0.148,0.842,0.821,-226.730,-23.835,-12.626,Pitch
0.232,0.882,1.018,-286.685,15.321,-15.671,Pitch
0.228,0.671,0.964,-286.685,8.689,7.403,Pitch
0.046,0.008,0.713,-286.685,20.851,21.726,Pitch
0.033,-0.124,0.550,-286.685,20.589,21.980,Pitch
-0.186,-0.074,0.441,-286.685,24.456,-15.391,Pitch
-0.016,-1.190,0.760,-82.906,-40.792,2.984,Pitch
-0.076,-0.366,1.071,219.712,-58.170,-20.667,Pitch
0.061,-0.295,1.008,286.510,-23.109,-38.036,Pitch
0.035,-0.115,0.848,286.685,27.562,-33.364,Pitch
0.132,0.622,1.162,286.685,30.966,-33.722,Pitch
0.111,0.846,0.929,286.685,15.234,27.003,Pitch
0.137,0.616,1.180,286.676,-60.305,4.909,Pitch
0.062,0.640,0.795,84.560,-23.030,-22.907,Pitch
0.073,0.797,0.782,-173.784,40.583,-22.181,Pitch
0.060,0.879,0.590,-286.685,59.614,6.790,Pitch
0.028,0.432,0.771,-286.685,-20.038,49.499,Pitch
0.081,-0.063,0.814,-286.685,16.441,19.399,Pitch
0.032,-0.218,0.654,-286.685,5.898,33.845,Pitch
0.037,-0.230,0.751,-285.915,-2.975,18.795,Pitch
-0.120,-0.732,0.938,-65.573,-20.344,-7.088,Pitch
0.005,-0.520,0.929,208.416,-4.970,-35.324,Pitch
0.125,-0.295,1.030,286.685,-0.114,-18.515,Pitch
0.036,0.143,1.141,286.685,22.208,-19.871,Pitch
0.001,0.653,0.978,286.685,11.165,29.085,Pitch
-0.074,0.661,0.875,286.685,-20.589,19.784,Pitch
-0.030,0.726,0.819,286.685,-28.017,-32.646,Pitch
0.025,0.822,0.641,187.915,-34.064,-32.533,Pitch
0.019,0.898,0.618,-123.393,-21.175,12.408,Pitch
0.078,0.955,0.716,-285.731,-5.810,49.429,Pitch
0.124,0.904,0.721,-286.685,12.915,76.974,Pitch
0.177,0.172,0.748,-286.685,18.795,51.467,Pitch
0.071,-0.139,0.776,-286.685,58.039,18.165,Pitch
-0.031,-0.205,0.763,-286.685,58.686,-10.526,Pitch
0.044,-1.043,0.415,-263.358,26.618,-50.566,Pitch
-0.064,-0.713,0.601,113.488,-8.916,-3.588,Pitch
-0.075,-0.523,0.924,286.685,-15.969,-10.036,Pitch
0.066,-0.212,0.967,286.685,-13.361,-17.824,Pitch
0.049,0.323,1.063,286.685,-9.109,-55.536,Pitch
0.011,0.572,1.072,286.685,30.564,-30.651,Pitch
-0.081,0.886,0.510,286.685,21.971,-8.557,Pitch
-0.240,0.905,1.046,286.134,-83.029,0.621,Pitch
-0.105,0.945,0.498,39.611,16.940,-19.635,Pitch
-0.055,1.066,0.711,-246.916,-12.451,35.761,Pitch
0.102,0.994,0.826,-286.685,-8.592,54.241,Pitch
0.171,0.824,0.647,-286.685,-0.009,75.066,Pitch
0.185,0.135,0.765,-286.685,27.685,57.549,Pitch
0.054,-0.152,0.509,-286.685,16.844,52.561,Pitch
-0.054,-0.533,0.323,-263.323,1.278,18.051,Pitch
-0.095,-0.531,0.632,104.335,9.275,-21.411,Pitch
0.187,-0.235,1.027,286.685,-18.917,-18.909,Pitch
0.065,-0.065,1.096,286.685,-29.663,10.159,Pitch
0.094,0.451,1.066,286.685,-34.842,-45.684,Pitch
0.069,0.922,0.796,286.685,-1.881,-2.599,Pitch
0.031,0.864,0.785,286.685,-2.809,-23.292,Pitch
0.004,1.044,0.897,238.770,-53.585,-30.135,Pitch
0.039,1.177,0.582,-198.223,15.908,19.548,Pitch
0.061,1.204,0.756,-286.685,0.376,52.054,Pitch
0.124,0.806,0.828,-286.685,33.862,70.875,Pitch
0.089,0.128,0.762,-286.685,55.344,8.619,Pitch
-0.040,-0.211,0.617,-286.685,73.001,8.208,Pitch
-0.060,-0.203,0.670,-286.685,34.361,-6.414,Pitch
0.050,-0.601,0.473,-280.840,22.312,-30.608,Pitch
0.011,-0.818,0.575,-4.392,1.041,-8.260,Pitch
0.032,-0.557,0.563,247.319,10.421,-13.475,Pitch
0.037,-0.317,0.714,286.685,-3.938,-2.214,Pitch
0.143,0.082,1.139,286.685,-29.199,-48.720,Pitch
0.187,0.831,1.030,286.685,3.342,56.131,Pitch
-0.211,1.121,0.730,286.685,-28.472,-2.529,Pitch
-0.027,0.871,0.772,286.685,-95.209,-48.011,Pitch
0.122,1.004,0.939,276.885,-93.800,-60.069,Pitch
-0.017,0.947,0.366,39.743,-13.405,-47.705,Pitch
-0.031,0.941,0.444,-96.793,-26.425,-24.981,Pitch
0.027,1.008,0.926,-267.811,-17.876,12.469,Pitch
-0.029,1.338,1.090,-286.685,31.246,49.306,Pitch
-0.127,1.016,0.813,-286.685,9.389,92.243,Pitch
-0.014,0.216,0.469,-286.685,-7.997,75.110,Pitch
-0.038,-0.603,0.094,-286.685,14.166,25.515,Pitch
0.031,-0.474,0.655,-146.773,21.542,-7.866,Pitch
-0.017,-0.415,0.837,-37.572,7.796,-4.778,Pitch
0.191,-0.471,0.799,77.954,-9.065,14.359,Pitch
0.053,-0.442,0.524,280.919,0.639,37.222,Pitch
0.019,0.118,0.808,286.685,-17.202,5.469,Pitch
0.002,0.583,1.147,286.685,-29.120,17.185,Pitch
-0.039,1.353,0.541,286.685,-64.872,39.331,Pitch
0.100,0.893,0.938,286.685,-86.310,-86.844,Pitch
0.047,1.039,0.671,286.676,-54.705,-88.769,Pitch
-0.003,0.910,0.343,38.237,-29.916,-40.766,Pitch
0.067,0.875,0.372,-144.944,-24.526,15.523,Pitch
0.005,0.827,0.428,-124.819,-7.236,44.266,Pitch
-0.077,0.946,0.598,-96.250,-19.478,38.316,Pitch
0.267,1.408,1.580,-271.749,0.044,56.368,Pitch
0.047,1.587,0.869,-286.685,83.221,83.335,Pitch
-0.027,1.163,0.837,-286.685,24.552,77.070,Pitch
0.070,0.079,0.541,-286.685,33.145,48.107,Pitch
-0.010,-0.316,0.346,-286.685,70.927,-9.441,Pitch
-0.027,-0.825,-0.022,-183.391,37.196,-18.130,Pitch
0.052,-0.524,0.574,160.816,-18.515,-3.596,Pitch
0.017,-0.428,0.859,162.488,-3.763,-23.555,Pitch
0.257,-0.409,0.516,286.685,-14.219,-44.888,Pitch
-0.007,0.078,0.917,286.685,55.545,4.550,Pitch
-0.055,0.534,0.829,286.685,51.537,3.325,Pitch
-0.154,1.357,0.799,286.685,-54.460,42.096,Pitch
-0.058,1.010,1.025,286.685,-112.035,-30.651,Pitch
-0.020,1.011,0.686,49.472,-54.241,-28.149,Pitch
0.015,1.087,0.724,-141.549,-26.670,-5.189,Pitch
0.061,1.194,0.988,-286.685,-13.597,9.074,Pitch
0.146,1.227,0.925,-286.685,29.715,27.667,Pitch
-0.024,0.903,0.805,-286.685,-20.414,40.486,Pitch
-0.063,-0.122,0.348,-286.685,-1.732,57.978,Pitch
-0.147,-0.418,0.230,-283.176,-2.126,28.770,Pitch
-0.116,-0.519,0.303,-77.516,-30.660,19.722,Pitch
0.005,-0.397,0.425,98.018,-22.584,-6.536,Pitch
-0.014,-0.225,0.424,286.685,2.284,20.125,Pitch
0.114,0.205,1.214,286.685,-9.599,-17.395,Pitch
0.132,0.736,0.952,286.685,-7.884,11.988,Pitch
0.146,1.168,0.874,286.685,-40.539,27.160,Pitch
0.082,1.251,1.072,286.685,-94.115,1.076,Pitch
0.160,1.184,0.821,13.151,64.409,13.046,Pitch
0.135,1.161,0.627,-223.099,64.216,34.755,Pitch
0.159,1.180,0.980,-286.685,10.203,8.505,Pitch
0.099,0.932,0.970,-286.685,57.479,-17.194,Pitch
0.292,0.560,0.644,-286.685,58.607,24.071,Pitch
-0.152,-0.225,0.096,-286.685,21.700,38.710,Pitch
-0.233,-0.320,0.207,-285.880,23.660,-0.271,Pitch
-0.186,-0.890,0.382,-65.152,-5.469,-28.726,Pitch
-0.169,-0.628,0.503,193.357,-21.901,-39.366,Pitch
0.023,-0.199,0.624,286.685,14.000,-57.820,Pitch
-0.060,0.078,0.855,286.685,-2.818,-46.016,Pitch
0.003,1.200,1.192,286.685,-43.925,25.594,Pitch
0.269,1.213,0.925,286.685,-56.875,2.406,Pitch
0.421,0.935,1.401,277.987,-91.481,28.560,Pitch
0.141,1.156,0.862,-112.980,74.077,24.351,Pitch
0.126,1.206,0.759,-283.684,39.498,27.142,Pitch
0.187,0.858,0.821,-286.685,57.347,-10.307,Pitch
0.041,0.321,0.812,-286.685,61.066,-19.661,Pitch
-0.004,0.057,0.790,-286.685,49.236,-11.699,Pitch
-0.084,-0.047,0.369,-286.685,53.909,-13.877,Pitch
-0.135,-0.412,0.283,-212.791,-41.842,13.090,Pitch
-0.041,-0.529,0.685,38.430,-23.301,-18.025,Pitch
0.086,-0.295,0.941,163.126,-11.812,-34.361,Pitch
-0.062,-0.186,0.914,286.685,3.946,2.590,Pitch
0.003,0.805,1.209,286.685,-40.145,-2.336,Pitch
0.074,0.564,1.172,286.685,-49.770,29.715,Pitch
-0.158,0.700,1.319,286.685,13.834,35.796,Pitch
-0.127,0.684,1.139,243.583,45.045,13.134,Pitch
0.045,0.551,0.705,148.111,-48.597,45.798,Pitch
0.053,0.698,0.698,58.537,-1.479,-5.451,Pitch
0.095,0.690,0.829,-97.090,-18.699,3.868,Pitch
0.137,0.812,0.909,-281.969,-4.812,15.076,Pitch
0.086,0.637,1.034,-286.685,19.985,-12.206,Pitch
0.110,0.342,0.966,-286.685,38.500,-35.840,Pitch
0.028,-0.196,0.752,-286.685,50.978,-28.621,Pitch
-0.003,-0.188,0.676,-286.685,10.062,-0.333,Pitch
-0.030,-0.653,0.421,-186.673,-5.294,6.886,Pitch
-0.013,-0.703,0.804,19.066,-7.175,-16.257,Pitch
0.034,-0.664,0.781,217.438,-7.201,-9.336,Pitch
-0.041,-0.265,0.567,286.685,4.716,-20.808,Pitch
-0.007,0.261,1.166,286.685,27.484,-23.170,Pitch
0.037,0.591,1.106,286.685,23.809,11.839,Pitch
-0.150,0.602,0.909,286.685,-4.086,47.311,Pitch
-0.124,0.798,0.232,286.685,-42.368,-0.683,Pitch
0.032,0.938,0.638,252.333,-70.385,-39.244,Pitch
0.071,0.975,0.981,5.688,-20.458,-42.647,Pitch
0.145,1.035,0.764,-285.556,-27.177,16.984,Pitch
0.021,0.934,0.700,-286.685,2.888,25.734,Pitch
0.023,0.431,0.849,-286.685,20.659,-9.188,Pitch
0.053,-0.006,0.837,-286.685,18.471,10.273,Pitch
-0.044,-0.168,0.745,-286.685,-42.438,22.286,Pitch
0.061,-0.401,0.760,-286.685,-41.046,18.191,Pitch
-0.088,-0.791,0.859,-126.963,-2.485,4.182,Pitch
-0.039,-0.704,0.605,161.149,0.385,19.819,Pitch
-0.026,-0.141,1.048,286.685,2.231,-10.903,Pitch
0.091,0.308,1.205,286.685,18.121,-28.376,Pitch
0.087,0.353,0.915,286.685,-0.114,-11.594,Pitch
0.017,0.567,0.786,286.685,-20.431,6.073,Pitch
0.122,0.659,0.668,286.685,-50.531,15.995,Pitch
-0.216,0.815,0.841,247.984,-9.695,11.016,Pitch
0.061,0.672,0.510,48.912,-32.226,-5.722,Pitch
0.046,0.825,0.953,-120.006,-67.463,51.800,Pitch
0.184,0.978,1.068,-265.895,-47.057,70.096,Pitch
0.335,1.080,1.242,-286.685,51.625,53.699,Pitch
-0.057,0.684,1.236,-286.685,121.853,-2.161,Pitch
-0.141,0.234,1.021,-286.685,94.185,-12.679,Pitch
-0.213,-0.076,0.496,-286.685,5.451,9.818,Pitch
0.055,-0.708,-0.232,-283.771,-55.772,-5.049,Pitch
0.123,-0.805,0.862,85.452,-13.125,-22.645,Pitch
0.216,-0.559,1.137,134.986,2.888,-22.864,Pitch
-0.000,-0.635,0.658,271.241,28.761,-22.960,Pitch
0.202,-0.227,0.726,286.685,57.627,-50.059,Pitch
-0.018,0.225,1.107,286.685,23.756,4.690,Pitch
0.007,0.540,0.784,286.685,10.465,33.539,Pitch
-0.094,0.701,0.829,286.685,11.891,22.601,Pitch
-0.000,0.769,0.351,286.685,-23.135,17.097,Pitch
-0.156,0.821,0.818,273.394,-44.634,16.030,Pitch
0.079,0.823,0.842,51.564,-54.486,-8.041,Pitch
0.117,0.697,0.833,-260.811,-43.715,52.491,Pitch
0.196,0.785,0.931,-286.685,16.774,35.026,Pitch
0.072,0.747,0.865,-286.685,48.737,21.385,Pitch
0.053,0.194,0.959,-286.685,61.469,-1.566,Pitch
0.070,-0.054,0.831,-286.685,40.338,27.702,Pitch
-0.104,-0.385,0.747,-286.685,26.740,15.243,Pitch
-0.114,-0.736,0.965,-87.229,20.921,-5.215,Pitch
-0.066,-0.614,0.819,71.960,-12.810,8.741,Pitch
-0.083,-0.401,0.693,286.685,-42.324,-15.960,Pitch
0.045,-0.078,0.631,286.685,-11.270,-36.776,Pitch
0.161,0.607,1.044,286.685,7.656,-28.429,Pitch
0.081,0.921,0.930,286.685,-12.801,-9.573,Pitch
0.020,0.800,0.939,286.685,-27.431,-5.302,Pitch
-0.063,0.733,0.717,164.395,-1.628,11.602,Pitch
-0.101,0.639,0.575,-77.009,5.556,20.869,Pitch
-0.037,0.680,0.733,-282.905,-34.659,35.026,Pitch
0.060,0.643,0.692,-286.685,-40.976,46.331,Pitch
0.117,0.281,0.701,-286.685,-12.705,33.478,Pitch
0.096,0.063,0.835,-286.685,48.344,17.535,Pitch
-0.049,0.139,1.212,-286.685,58.153,-19.548,Pitch
0.102,-0.275,1.319,-286.685,70.096,-20.414,Pitch
-0.116,-0.924,0.701,-262.386,56.542,-10.605,Pitch
-0.339,-0.835,0.989,91.586,-7.858,-4.532,Pitch
-0.043,-0.681,0.801,228.760,-43.820,-7.744,Pitch
0.113,-0.221,0.716,286.685,-33.215,-24.115,Pitch
0.188,0.199,1.122,286.685,19.845,24.526,Pitch
0.018,0.549,0.607,286.685,60.743,35.061,Pitch
-0.168,0.539,0.504,286.685,61.224,38.299,Pitch
-0.101,0.847,0.682,286.685,-68.906,62.921,Pitch
-0.067,0.886,0.436,226.126,-92.339,23.205,Pitch
-0.056,0.999,0.818,11.988,-40.460,-4.025,Pitch
-0.040,1.032,0.831,-272.851,23.345,-7.227,Pitch
0.058,0.842,0.857,-286.685,14.779,6.090,Pitch
0.054,0.495,0.996,-286.685,78.085,1.628,Pitch
-0.015,0.297,0.675,-286.685,63.263,-9.520,Pitch
0.048,0.027,0.574,-286.685,-23.993,16.826,Pitch
-0.084,-0.476,0.780,-263.795,-20.580,25.218,Pitch
-0.134,-0.672,0.961,-53.664,5.198,-14.814,Pitch
-0.073,-0.444,1.020,15.645,10.439,-3.658,Pitch
-0.013,-0.544,0.891,217.989,-16.835,-12.591,Pitch
0.109,-0.337,0.732,286.685,-32.847,6.685,Pitch
0.061,0.052,0.778,286.685,-48.720,14.394,Pitch
0.036,0.565,0.813,286.685,-77.823,18.340,Pitch
0.078,0.779,0.776,286.685,-81.611,23.327,Pitch
0.086,1.033,0.857,286.685,-76.221,19.416,Pitch
-0.002,1.062,0.806,229.740,-73.990,8.986,Pitch
0.129,1.047,0.982,-90.851,-22.470,-18.218,Pitch
0.216,0.783,0.912,-286.685,47.679,5.530,Pitch
0.245,0.739,0.826,-286.685,93.870,6.807,Pitch
0.061,0.490,0.724,-286.685,125.484,-2.056,Pitch
-0.088,-0.004,0.518,-286.685,73.027,8.068,Pitch
-0.025,-0.244,0.693,-286.685,35.735,17.378,Pitch
-0.143,-0.487,0.743,-286.685,33.521,-3.194,Pitch
0.033,-0.934,0.630,-120.986,13.869,-28.087,Pitch
-0.109,-0.645,1.081,88.690,6.475,-25.174,Pitch
-0.116,-0.681,0.981,146.974,22.365,-45.299,Pitch
-0.046,-0.504,0.828,286.571,-17.552,-57.234,Pitch
0.124,-0.254,0.617,286.685,5.521,-34.221,Pitch
-0.049,0.578,1.243,286.685,-22.164,70.000,Pitch
-0.092,0.353,0.935,286.685,-90.317,71.085,Pitch
0.056,0.882,0.773,286.685,-71.207,-29.286,Pitch
-0.121,0.932,1.200,286.685,6.860,-44.721,Pitch
0.037,0.856,0.804,263.559,-45.561,-36.785,Pitch
0.008,0.846,0.672,-88.209,-55.256,-17.780,Pitch
0.063,0.846,0.808,-286.685,-27.913,28.263,Pitch
0.149,0.483,0.722,-286.685,-2.415,38.824,Pitch
0.199,0.278,0.727,-286.685,3.474,44.599,Pitch
0.286,-0.014,0.637,-286.685,-8.671,67.786,Pitch
0.101,-0.508,0.714,-286.685,-49.516,101.482,Pitch
-0.209,-0.743,1.020,-85.374,2.354,42.464,Pitch
-0.229,-0.614,1.207,79.336,37.345,-35.612,Pitch
0.017,-0.361,1.200,284.611,26.924,-38.325,Pitch
0.257,0.010,1.176,286.685,17.815,-43.829,Pitch
0.116,-0.012,0.872,286.685,36.969,-29.663,Pitch
0.029,0.250,0.911,286.685,40.495,5.889,Pitch
-0.120,0.349,1.005,286.685,59.990,8.453,Pitch
-0.139,0.351,0.358,286.685,-1.225,34.667,Pitch
-0.004,0.594,0.522,286.685,-50.908,24.308,Pitch
-0.008,0.698,0.619,183.584,-47.346,1.601,Pitch
0.049,1.000,0.943,-31.579,-21.219,-12.898,Pitch
0.067,1.068,0.937,-259.149,-33.810,13.738,Pitch
0.056,0.797,0.835,-286.685,4.165,34.729,Pitch
0.058,0.128,0.694,-286.685,47.574,-2.957,Pitch
0.035,-0.153,0.677,-286.685,13.256,-3.701,Pitch
0.069,-0.134,0.737,-286.685,-21.175,5.057,Pitch
-0.055,-0.265,0.680,-286.685,-13.221,9.511,Pitch
-0.204,-1.175,0.948,-88.760,-12.644,-11.821,Pitch
0.028,-0.781,0.975,47.049,11.760,-27.353,Pitch
-0.096,-0.656,1.118,236.994,-14.096,-15.024,Pitch
0.063,-0.213,1.005,286.685,-3.098,-13.790,Pitch
0.004,-0.079,1.058,286.685,44.030,-7.630,Pitch
0.083,0.229,0.836,286.685,77.280,9.450,Pitch
-0.075,0.622,1.057,286.685,30.975,-7.849,Pitch
0.013,0.682,0.713,286.685,45.544,-22.452,Pitch
-0.072,0.689,0.467,190.330,12.889,-17.885,Pitch
-0.147,0.815,0.650,-20.571,-44.774,-3.378,Pitch
0.021,0.859,0.765,-285.092,-63.026,-12.600,Pitch
0.051,0.657,0.909,-286.685,-51.485,9.284,Pitch
0.083,0.367,0.777,-286.685,-22.558,29.558,Pitch
-0.091,0.009,0.825,-286.685,33.425,2.966,Pitch
-0.020,-0.188,0.884,-286.685,-13.519,4.620,Pitch
-0.076,-0.468,0.834,-279.571,-11.462,4.419,Pitch
-0.155,-0.778,0.909,-125.676,-19.399,-16.336,Pitch
-0.066,-0.705,1.106,83.632,-30.975,-9.476,Pitch
-0.078,-0.454,1.027,279.221,-48.081,19.757,Pitch
-0.030,-0.283,0.867,286.685,-6.860,6.352,Pitch
0.072,0.043,0.703,286.685,25.427,-7.446,Pitch
0.061,0.594,0.624,286.685,13.886,5.162,Pitch
0.091,0.704,0.666,286.685,-20.064,7.166,Pitch
-0.003,0.705,0.621,284.139,-66.622,-7.306,Pitch
0.061,0.728,0.618,54.215,-31.640,-25.471,Pitch
0.065,0.900,0.628,-150.518,-43.715,-11.533,Pitch
0.068,0.930,0.892,-281.846,-42.026,-7.726,Pitch
0.141,0.890,1.030,-286.685,-15.006,-6.344,Pitch
0.151,0.643,1.058,-286.685,36.855,20.755,Pitch
-0.026,0.123,1.023,-286.685,58.756,17.237,Pitch
-0.121,0.022,0.712,-286.685,30.712,24.552,Pitch
-0.223,-0.488,0.330,-286.685,-12.337,17.955,Pitch
-0.038,-0.999,0.657,-120.391,-25.034,-10.132,Pitch
0.005,-0.525,1.001,107.730,-35.656,-14.000,Pitch
0.140,-0.583,1.073,162.094,-23.608,-16.905,Pitch
-0.004,-0.354,1.041,286.685,-18.681,-15.216,Pitch
0.085,-0.255,0.938,286.685,17.841,-10.185,Pitch
0.170,0.193,0.748,286.685,19.530,3.421,Pitch
0.063,0.640,0.727,286.685,-0.018,5.766,Pitch
0.128,0.704,0.727,286.685,-48.659,-7.656,Pitch
-0.148,0.760,0.300,286.685,-23.170,17.981,Pitch
-0.046,0.884,0.699,248.684,-41.904,-20.519,Pitch
-0.085,1.055,0.721,-24.850,-62.711,6.895,Pitch
0.121,1.066,0.921,-286.309,-26.513,39.795,Pitch
0.306,1.072,1.053,-286.685,83.081,67.480,Pitch
0.111,0.660,0.719,-286.685,122.526,58.730,Pitch
-0.076,0.027,0.446,-286.685,111.423,17.124,Pitch
-0.030,-0.363,0.345,-286.685,13.318,11.331,Pitch
-0.058,-0.512,0.559,-112.096,3.412,-3.675,Pitch
-0.017,-0.342,1.036,20.282,-20.151,-23.135,Pitch
-0.159,-0.512,0.804,223.151,-6.597,2.905,Pitch
-0.112,-0.027,1.136,286.685,-3.106,-14.245,Pitch
-0.050,0.408,1.313,286.685,-28.788,-2.030,Pitch
0.068,0.769,0.922,286.685,-72.599,26.696,Pitch
0.043,1.051,0.917,286.685,-118.598,24.448,Pitch
0.143,0.833,0.883,272.073,-67.725,-28.376,Pitch
0.173,0.841,0.743,75.556,-1.584,-38.903,Pitch
0.111,0.812,0.599,-158.270,37.345,-30.170,Pitch
0.137,0.871,0.869,-286.633,29.706,-14.945,Pitch
0.111,1.001,1.006,-286.685,39.882,-0.184,Pitch
0.079,0.549,0.768,-286.685,55.169,9.424,Pitch
-0.185,-0.163,0.234,-286.685,31.526,-16.048,Pitch
-0.117,-0.210,0.586,-286.685,-18.786,-12.915,Pitch
-0.064,-0.353,0.775,-286.685,3.710,-22.173,Pitch
-0.158,-0.920,0.631,-37.984,-23.161,-14.542,Pitch
-0.085,-0.546,1.239,253.208,-15.426,-16.905,Pitch
-0.068,-0.212,1.197,286.685,-0.105,-23.608,Pitch
0.108,0.157,1.548,286.685,-28.989,-27.781,Pitch
0.184,0.182,1.120,286.685,17.132,-6.738,Pitch
0.102,0.413,0.681,286.685,49.691,-3.378,Pitch
-0.019,0.642,0.688,286.685,71.680,-26.224,Pitch
0.059,0.633,0.561,261.039,-12.863,-17.378,Pitch
-0.085,0.552,0.631,8.269,3.544,-12.591,Pitch
-0.120,0.633,0.708,-163.879,-20.869,-3.474,Pitch
-0.123,0.720,0.745,-276.264,-29.978,1.085,Pitch
-0.032,0.627,0.864,-286.685,-56.787,28.980,Pitch
0.086,0.370,0.743,-286.685,-37.818,24.089,Pitch
0.093,0.098,0.778,-286.685,-2.870,8.794,Pitch
0.089,-0.209,0.996,-286.685,16.389,6.659,Pitch
0.023,-0.666,0.997,-198.721,-36.829,9.056,Pitch
0.047,-0.423,1.036,-42.105,-25.358,3.859,Pitch
-0.043,-0.575,1.098,41.895,-21.254,33.355,Pitch
-0.018,-0.345,1.161,110.171,-12.329,2.188,Pitch
0.057,-0.363,0.815,235.270,-1.881,-8.286,Pitch
0.063,-0.272,0.990,286.685,19.591,-13.309,Pitch
-0.038,0.081,0.840,286.685,10.981,-6.160,Pitch
0.039,0.446,0.713,286.685,5.740,-22.802,Pitch
-0.049,0.693,1.224,286.685,23.800,-9.660,Pitch
0.104,0.896,0.516,286.685,-35.726,1.724,Pitch
-0.032,0.874,0.649,275.888,-15.969,10.999,Pitch
0.065,1.016,0.729,22.461,-13.326,0.543,Pitch
0.070,1.087,0.821,-268.809,35.796,8.251,Pitch
0.033,1.085,0.813,-286.685,34.694,18.375,Pitch
0.063,0.833,0.667,-286.685,10.439,4.742,Pitch
0.041,0.174,0.740,-286.685,48.011,-6.081,Pitch
-0.081,-0.169,0.621,-286.685,62.545,-6.878,Pitch
-0.154,-0.320,0.380,-286.685,-11.568,25.996,Pitch
-0.271,-0.899,0.463,-107.196,-60.007,15.715,Pitch
-0.006,-0.393,1.284,185.622,-49.411,5.688,Pitch
-0.044,-0.375,1.275,240.555,-20.562,7.017,Pitch
0.013,-0.328,0.824,286.685,14.245,-10.106,Pitch
0.052,0.303,1.072,286.685,-33.338,-21.403,Pitch
0.069,0.391,0.569,286.685,-49.709,-22.330,Pitch
0.165,0.854,0.712,286.685,-48.667,-19.722,Pitch
-0.002,0.826,0.921,285.670,0.595,-43.881,Pitch
-0.035,0.739,0.601,104.738,-6.974,-42.770,Pitch
-0.002,0.846,0.718,-15.391,-26.583,-26.066,Pitch
0.069,0.992,0.938,-257.574,-20.501,8.496,Pitch
0.025,0.929,0.775,-286.685,15.190,30.511,Pitch
0.025,0.718,0.575,-286.685,45.833,9.074,Pitch
-0.051,0.120,0.401,-286.685,63.612,-7.919,Pitch
-0.046,-0.326,0.473,-286.685,16.292,3.850,Pitch
-0.086,-0.644,0.582,-259.971,3.036,27.983,Pitch
-0.175,-0.471,1.068,-71.549,-17.474,9.686,Pitch
-0.091,-0.521,1.361,44.301,-14.586,-8.356,Pitch
-0.073,-0.599,1.138,109.882,-18.874,10.666,Pitch
-0.050,-0.330,0.902,286.615,-60.533,15.269,Pitch
0.013,-0.118,0.841,286.685,-40.486,-5.854,Pitch
0.102,0.358,0.877,286.685,0.499,-12.381,Pitch
0.078,0.732,0.809,286.685,28.263,-5.985,Pitch
0.102,0.771,0.651,286.685,26.574,38.911,Pitch
-0.072,0.811,0.649,277.156,4.034,52.071,Pitch
-0.057,0.768,0.503,34.746,-20.458,9.467,Pitch
0.025,0.889,0.622,-204.890,-58.056,-10.552,Pitch
0.015,0.930,0.810,-286.685,-66.658,-18.497,Pitch
0.262,0.599,0.838,-286.685,10.351,-16.835,Pitch
0.054,0.122,0.667,-286.685,17.054,-12.311,Pitch
0.138,-0.089,0.603,-286.685,23.319,6.431,Pitch
-0.027,-0.041,0.909,-286.685,24.334,27.212,Pitch
-0.136,-1.103,0.659,-266.726,9.170,14.717,Pitch
-0.260,-0.665,1.121,121.074,17.439,-5.049,Pitch
-0.220,-0.422,1.436,218.120,10.150,-10.377,Pitch
-0.226,-0.209,1.364,286.685,-2.599,-26.705,Pitch
0.076,-0.188,0.861,286.685,-3.649,4.349,Pitch
-0.034,0.269,0.836,286.685,-12.583,19.862,Pitch
-0.037,0.580,0.654,286.685,-7.227,46.025,Pitch
0.123,0.685,0.737,286.685,-20.615,4.830,Pitch
0.064,0.773,0.670,286.685,-29.872,-2.888,Pitch
-0.001,0.749,0.585,252.018,-27.151,2.196,Pitch
-0.083,0.853,0.657,-11.506,-44.467,7.044,Pitch
-0.017,1.053,0.803,-284.340,-13.046,15.794,Pitch
0.026,0.920,0.739,-286.685,15.741,8.304,Pitch
0.016,0.503,0.581,-286.685,43.566,-10.290,Pitch
-0.035,0.075,0.600,-286.685,32.051,-17.736,Pitch
-0.052,-0.218,0.808,-286.685,-3.421,10.062,Pitch
-0.132,-0.375,0.884,-286.431,-25.786,23.686,Pitch
-0.107,-0.656,1.145,-70.499,-17.526,-12.828,Pitch
-0.064,-0.503,1.341,69.055,19.653,-3.938,Pitch
-0.117,-0.591,1.095,176.102,4.681,-4.742,Pitch
-0.005,-0.313,0.966,284.034,9.056,-11.760,Pitch
-0.057,-0.073,1.037,286.685,5.460,-10.132,Pitch
0.077,0.219,1.177,286.685,-51.818,27.589,Pitch
0.036,0.200,0.950,286.685,-72.144,16.931,Pitch
0.261,0.264,0.719,286.221,-40.399,-17.789,Pitch
0.042,0.330,0.283,286.685,49.866,-29.776,Pitch
-0.043,0.760,0.534,286.685,28.788,-45.159,Pitch
-0.113,0.965,0.806,186.637,-4.463,-28.840,Pitch
0.013,0.757,0.579,-112.770,-8.873,-52.185,Pitch
-0.048,0.474,0.881,-264.626,-25.025,13.773,Pitch
-0.038,0.396,1.079,-286.685,-15.033,72.791,Pitch
0.008,0.398,0.939,-286.685,1.444,55.274,Pitch
-0.055,-0.013,1.018,-286.685,24.474,7.088,Pitch
-0.045,-0.075,0.787,-286.685,-1.155,-7.455,Pitch
-0.040,-0.391,0.842,-286.685,-8.050,-15.943,Pitch
-0.007,-0.476,1.229,-166.539,-10.841,-11.025,Pitch
-0.051,-0.674,0.687,-7.630,-23.222,-3.929,Pitch
0.010,-0.529,0.956,274.908,-32.690,0.665,Pitch
0.069,-0.298,1.066,286.685,-9.459,16.048,Pitch
0.051,0.236,0.996,286.685,-8.015,-12.381,Pitch
0.051,0.310,0.723,286.685,-10.911,-25.244,Pitch
-0.039,0.601,0.595,286.685,-34.361,-27.493,Pitch
-0.069,0.921,0.575,286.685,-26.548,-38.211,Pitch
-0.035,0.808,0.529,259.858,1.977,-59.290,Pitch
-0.040,0.942,0.596,113.418,9.467,-47.994,Pitch
-0.043,1.038,0.662,-17.903,-14.831,-9.056,Pitch
0.060,1.146,0.763,-278.460,-16.468,31.001,Pitch
0.044,1.011,0.826,-286.685,11.533,36.680,Pitch
0.045,0.386,0.575,-286.685,-3.360,44.958,Pitch
0.057,-0.395,0.430,-286.685,28.700,25.987,Pitch
-0.063,-0.283,0.437,-286.685,12.023,19.950,Pitch
-0.178,-0.591,0.774,-175.814,2.922,7.105,Pitch
-0.175,-0.613,0.972,26.119,-12.880,-32.095,Pitch
-0.025,-0.446,1.037,265.527,-7.543,-15.155,Pitch
-0.087,-0.115,1.178,286.685,-12.189,-8.444,Pitch
0.055,0.493,1.024,286.685,-49.289,-20.204,Pitch
0.131,0.659,1.008,286.685,-52.089,-21.149,Pitch
0.041,0.877,0.895,286.685,-50.759,-12.486,Pitch
-0.008,0.887,0.579,285.941,-12.337,-31.833,Pitch
-0.021,0.806,0.427,134.102,-3.360,-35.752,Pitch
0.010,0.803,0.413,21.788,-3.929,-17.955,Pitch
0.039,0.820,0.566,-129.902,9.047,15.627,Pitch
0.053,0.979,0.867,-286.685,48.125,30.791,Pitch
0.006,0.921,0.637,-286.685,50.881,34.877,Pitch
-0.071,0.358,0.664,-286.685,-9.240,15.802,Pitch
0.049,-0.392,0.416,-286.685,3.351,21.219,Pitch
0.002,-0.452,0.690,-286.685,36.050,-12.696,Pitch
-0.064,-0.454,0.887,-286.685,41.248,-14.665,Pitch
-0.069,-0.885,1.164,13.370,17.509,-30.415,Pitch
-0.025,-0.582,1.172,146.641,-19.609,-10.929,Pitch
0.002,-0.513,0.849,248.762,-37.625,1.138,Pitch
0.088,-0.150,1.011,286.685,-28.210,-12.863,Pitch
0.067,0.243,0.837,286.685,4.786,6.554,Pitch
0.096,0.716,0.776,286.685,4.148,-3.938,Pitch
-0.014,0.863,0.832,286.685,0.228,-9.371,Pitch
-0.048,0.854,0.581,286.492,-22.654,-34.834,Pitch
-0.028,0.787,0.409,84.009,2.651,-29.076,Pitch
-0.033,0.838,0.383,-54.880,6.825,3.859,Pitch
-0.055,0.947,0.643,-267.094,18.156,9.459,Pitch
-0.102,0.871,0.606,-286.685,-16.301,5.661,Pitch
-0.046,0.443,0.753,-286.685,-37.441,-2.774,Pitch
0.092,0.049,0.543,-286.685,-48.536,-1.715,Pitch
0.043,-0.245,0.842,-286.685,-8.426,11.979,Pitch
0.028,-0.558,1.017,-286.685,13.501,13.948,Pitch
-0.103,-0.906,0.984,-47.722,1.540,-2.765,Pitch
0.021,-0.524,1.050,152.810,3.526,3.946,Pitch
-0.062,-0.225,1.340,286.685,-22.855,8.802,Pitch
0.100,0.078,1.094,286.685,-19.084,6.528,Pitch
0.128,0.247,0.863,286.685,-38.080,15.488,Pitch
0.069,0.577,0.644,286.685,-41.423,33.967,Pitch
0.034,0.658,0.623,286.685,-27.948,19.198,Pitch
0.058,0.809,0.442,283.211,-10.841,7.026,Pitch
0.058,0.807,0.365,161.744,-14.236,-2.380,Pitch
0.092,0.915,0.477,-46.506,-12.731,-0.525,Pitch
0.108,1.154,0.829,-284.331,27.125,-6.633,Pitch
0.042,1.234,0.762,-286.685,47.005,-1.864,Pitch
0.041,0.745,0.642,-286.685,15.977,-1.768,Pitch
0.003,-0.335,0.364,-286.685,25.104,11.926,Pitch
0.005,-0.613,0.449,-286.685,5.005,3.588,Pitch
-0.127,-0.472,0.921,-222.434,3.894,5.688,Pitch
-0.057,-0.824,0.799,-30.503,23.468,-28.350,Pitch
0.087,-0.176,1.327,286.685,-8.837,-21.341,Pitch
0.192,-0.029,1.376,286.685,-2.336,-16.485,Pitch
0.046,0.534,1.053,286.685,-4.883,-4.541,Pitch
0.076,0.900,1.143,286.685,1.916,-0.210,Pitch
-0.003,1.045,0.635,286.685,7.350,20.589,Pitch
-0.075,0.667,0.614,284.742,20.571,-14.035,Pitch
0.008,0.586,0.279,121.643,-4.655,-33.609,Pitch
0.057,0.685,0.382,21.621,-4.734,-24.824,Pitch
0.047,0.810,0.520,-170.004,30.791,-23.039,Pitch
-0.091,0.945,0.457,-286.300,9.205,-7.919,Pitch
-0.034,0.995,0.599,-286.685,-35.333,7.332,Pitch
-0.027,0.566,0.635,-286.685,-6.825,27.641,Pitch
-0.018,-0.194,0.626,-286.685,-25.970,37.923,Pitch
-0.057,-0.439,0.837,-286.685,-16.660,-0.490,Pitch
-0.057,-0.402,1.320,-168.376,27.317,-17.701,Pitch
0.049,-0.598,1.344,-22.312,28.324,-18.611,Pitch
0.057,-0.401,1.008,33.381,3.185,-32.506,Pitch
0.113,-0.307,0.932,279.913,-28.823,20.501,Pitch
0.212,-0.029,0.858,286.685,-29.085,23.415,Pitch
0.029,0.447,1.042,286.685,-10.964,43.505,Pitch
0.080,0.577,0.668,286.685,-17.903,9.354,Pitch
0.018,0.875,0.595,286.685,-5.495,-57.068,Pitch
-0.036,0.851,0.561,286.685,23.039,-39.322,Pitch
-0.012,0.823,0.369,182.595,3.640,-24.570,Pitch
-0.012,0.808,0.363,-95.244,-11.629,10.019,Pitch
-0.070,1.028,0.626,-286.283,1.155,13.160,Pitch
-0.087,1.180,0.724,-286.685,17.202,-8.557,Pitch
-0.077,0.927,0.744,-286.685,-12.285,-6.352,Pitch
0.056,-0.055,0.439,-286.685,-30.511,18.734,Pitch
0.062,-0.482,0.435,-286.685,-34.667,35.455,Pitch
0.087,-0.598,0.586,-286.685,14.394,24.710,Pitch
-0.139,-0.722,1.076,-120.838,8.269,4.707,Pitch
-0.063,-0.623,1.234,141.024,-19.005,-12.040,Pitch
0.100,-0.482,1.332,282.328,-23.039,-9.275,Pitch
0.085,-0.217,1.116,286.685,-29.899,-20.003,Pitch
-0.047,0.216,0.976,286.685,-24.570,-18.454,Pitch
0.110,0.661,0.695,286.685,-31.106,-45.307,Pitch
0.107,1.023,1.055,286.685,-15.172,-75.985,Pitch
-0.013,1.014,0.763,286.685,-5.189,-76.562,Pitch
0.007,0.757,0.379,206.045,47.801,-53.209,Pitch
-0.018,0.678,0.242,-37.879,15.636,-22.593,Pitch
-0.056,0.735,0.302,-145.241,-5.950,9.783,Pitch
-0.112,0.814,0.573,-285.311,-6.326,32.296,Pitch
-0.113,0.951,0.512,-286.685,-24.167,47.915,Pitch
-0.038,0.965,0.753,-286.685,-14.411,61.346,Pitch
0.117,0.226,0.753,-286.685,-27.834,52.264,Pitch
0.061,-0.369,0.871,-286.685,2.056,52.272,Pitch
-0.151,-0.552,1.088,-246.741,73.036,16.214,Pitch
-0.209,-0.803,1.159,-50.243,38.334,-4.952,Pitch
0.047,-0.538,0.945,185.098,-20.519,6.624,Pitch
0.089,-0.363,0.904,286.685,-54.241,24.054,Pitch
0.075,-0.048,0.933,286.685,-46.366,8.216,Pitch
0.068,0.582,0.817,286.685,-19.924,-6.029,Pitch
0.127,0.818,0.459,286.685,-54.022,-22.741,Pitch
0.001,0.982,0.496,286.685,-63.831,-29.496,Pitch
0.045,0.717,0.439,266.779,-6.939,-40.801,Pitch
0.061,0.723,0.218,6.020,-16.730,-17.106,Pitch
0.045,0.879,0.460,-97.423,-19.574,-5.049,Pitch
0.013,0.993,0.639,-282.511,7.175,-8.951,Pitch
-0.072,1.204,0.652,-286.685,2.966,-2.056,Pitch
0.057,1.121,0.652,-286.685,-27.029,16.327,Pitch
0.183,0.021,0.476,-286.685,-21.612,75.766,Pitch
-0.001,-0.502,0.386,-286.685,2.109,61.162,Pitch
-0.129,-0.313,0.964,-286.685,27.116,11.165,Pitch
0.049,-0.963,0.606,-281.557,45.062,-17.272,Pitch
-0.053,-1.146,0.634,234.001,4.489,-7.892,Pitch
-0.015,-0.354,1.349,286.685,-8.881,-12.443,Pitch
0.063,-0.318,1.060,286.685,-15.225,4.086,Pitch
0.179,0.344,0.801,286.685,-18.086,-13.685,Pitch
0.077,0.464,0.954,286.685,40.390,6.807,Pitch
-0.009,0.724,0.674,286.685,-2.021,38.824,Pitch
-0.031,0.727,0.560,286.589,-9.135,-33.932,Pitch
-0.055,0.690,0.552,-16.336,-20.169,-32.874,Pitch
0.026,0.682,0.445,-247.931,-13.002,-7.682,Pitch
-0.061,0.807,0.496,-286.685,-26.670,19.862,Pitch
0.166,0.585,0.686,-286.685,-9.476,7.350,Pitch
0.129,0.224,0.756,-286.685,22.085,5.976,Pitch
-0.059,-0.261,0.902,-286.685,10.666,24.395,Pitch
-0.134,-0.416,1.225,-272.177,10.701,7.245,Pitch
-0.100,-0.557,1.303,-115.798,0.962,-15.426,Pitch
-0.058,-0.705,1.184,-40.705,-4.952,-25.979,Pitch
0.039,-0.535,0.992,142.083,-16.616,9.721,Pitch
0.049,-0.367,0.860,286.685,-49.936,4.497,Pitch
0.124,0.070,0.965,286.685,-11.716,2.730,Pitch
0.096,0.238,1.156,286.685,23.266,24.614,Pitch
0.137,0.356,0.955,286.685,-7.577,2.590,Pitch
0.086,0.496,0.763,286.685,-1.146,-18.935,Pitch
0.039,0.698,0.592,286.685,17.920,-9.126,Pitch
-0.049,0.843,0.202,205.835,0.009,-22.243,Pitch
-0.022,0.947,0.617,-75.040,-14.980,-26.574,Pitch
-0.031,0.918,0.722,-286.685,0.289,7.753,Pitch
-0.109,0.953,0.330,-286.685,-19.407,33.565,Pitch
0.047,0.421,0.478,-286.685,-16.949,31.281,Pitch
0.101,-0.296,0.720,-286.685,-9.266,-1.286,Pitch
0.098,-0.262,0.686,-286.685,3.404,22.138,Pitch
-0.035,-0.510,0.934,-286.685,32.987,27.221,Pitch
0.004,-1.141,0.965,-106.575,4.926,-15.286,Pitch
-0.129,-0.863,1.233,90.274,11.340,-0.254,Pitch
-0.154,-0.694,1.207,196.560,-27.116,-1.199,Pitch
0.073,-0.367,1.124,286.685,-76.055,-17.561,Pitch
0.198,-0.315,0.944,286.685,-59.553,-4.436,Pitch
0.156,0.001,0.717,286.685,-52.518,5.215,Pitch
0.208,0.437,0.813,286.685,-22.610,-36.321,Pitch
0.077,0.686,0.663,286.685,-8.470,-67.541,Pitch
0.039,0.692,0.557,286.633,28.753,-49.131,Pitch
-0.000,0.667,0.486,226.389,36.794,-32.471,Pitch
-0.011,0.641,0.354,88.305,13.659,-19.442,Pitch
-0.002,0.740,0.272,-87.421,11.366,-0.192,Pitch
0.067,0.638,0.343,-240.844,33.390,25.847,Pitch
-0.103,0.664,0.603,-286.685,-17.920,48.807,Pitch
-0.023,0.311,0.768,-286.685,-4.235,4.008,Pitch
-0.016,0.039,0.950,-286.685,-20.265,-18.629,Pitch
0.149,-0.357,1.102,-286.685,3.806,21.761,Pitch
-0.104,-0.859,1.113,-282.266,65.319,5.066,Pitch
-0.061,-0.903,1.306,-72.082,32.690,-28.394,Pitch
-0.017,-0.801,1.240,106.908,-14.779,2.993,Pitch
0.071,-0.549,1.141,240.327,-53.069,5.819,Pitch
0.088,-0.444,0.943,286.685,-62.475,-1.899,Pitch
0.177,-0.137,0.746,286.685,-49.551,-13.895,Pitch
0.143,0.194,0.660,286.685,-56.709,-13.151,Pitch
0.062,0.571,0.291,286.685,-16.118,-36.400,Pitch
0.025,0.997,0.214,286.685,-69.930,-45.132,Pitch
-0.154,0.850,0.458,263.821,26.950,-34.466,Pitch
-0.052,0.826,0.302,58.257,3.999,-7.954,Pitch
0.011,0.937,0.414,-127.111,0.822,4.532,Pitch
0.009,0.992,0.466,-286.685,29.566,1.041,Pitch
-0.047,0.966,0.568,-286.685,-3.727,-8.243,Pitch
-0.043,0.716,0.691,-286.685,4.611,-8.741,Pitch
0.354,-0.087,0.780,-286.685,-50.330,41.195,Pitch
0.128,-0.603,0.753,-286.685,-19.364,61.311,Pitch
0.088,-0.380,1.185,-286.685,55.291,18.891,Pitch
-0.188,-1.195,0.499,-189.936,83.510,-30.257,Pitch
-0.087,-0.520,1.084,283.693,-10.570,-59.307,Pitch
0.195,-0.259,1.202,286.685,-54.714,-53.891,Pitch
0.172,0.139,1.098,286.685,1.584,-55.939,Pitch
0.107,0.823,1.293,286.685,59.658,-20.930,Pitch
-0.103,0.683,0.680,286.685,23.660,-13.536,Pitch
-0.024,0.693,0.556,286.685,34.318,-39.095,Pitch
-0.175,0.695,0.380,145.154,41.160,-24.938,Pitch
-0.111,0.791,0.364,-139.431,-10.526,6.807,Pitch
-0.092,0.817,0.370,-286.685,-15.531,20.545,Pitch
-0.030,0.739,0.527,-286.685,-44.949,27.212,Pitch
-0.003,0.587,0.558,-286.685,-65.800,32.690,Pitch
0.156,0.155,0.930,-286.685,-62.335,35.455,Pitch
0.224,-0.152,0.881,-286.685,-33.688,55.694,Pitch
0.089,-0.429,0.827,-286.685,-3.973,64.768,Pitch
-0.058,-0.707,1.124,-171.824,56.271,17.841,Pitch
-0.001,-0.689,1.072,18.462,47.399,-10.028,Pitch
0.029,-0.605,1.008,226.625,-1.374,9.914,Pitch
0.118,-0.155,1.304,286.685,-38.377,-2.957,Pitch
0.094,0.202,1.082,286.685,-33.635,19.206,Pitch
0.073,0.329,0.913,286.685,-68.101,31.062,Pitch
0.155,0.578,0.666,286.685,-57.662,-6.081,Pitch
-0.021,0.700,0.481,286.685,-38.841,-49.455,Pitch
0.045,0.721,0.452,226.161,-15.619,-58.126,Pitch
0.025,0.743,0.480,28.612,-3.693,-28.061,Pitch
0.019,0.838,0.553,-257.145,34.414,2.818,Pitch
-0.037,0.818,0.522,-286.685,14.359,33.180,Pitch
-0.023,0.600,0.506,-286.685,-11.576,42.438,Pitch
0.216,0.153,0.628,-286.685,-52.824,29.260,Pitch
0.239,-0.409,0.914,-286.685,60.156,45.798,Pitch
0.050,-0.383,1.130,-286.685,93.424,-6.834,Pitch
-0.025,-0.539,1.243,-236.845,113.330,-26.801,Pitch
-0.173,-1.006,0.704,77.595,68.793,-26.915,Pitch
0.124,-0.029,1.318,286.685,-56.394,-27.501,Pitch
0.157,0.320,1.501,286.685,-28.639,-2.188,Pitch
0.054,0.555,1.072,286.685,-5.661,14.656,Pitch
-0.086,0.903,0.777,286.685,42.009,-8.356,Pitch
-0.056,0.667,0.526,286.685,58.870,-13.983,Pitch
-0.070,0.596,0.390,155.356,14.682,-10.028,Pitch
-0.101,0.574,0.293,39.191,-13.790,-19.066,Pitch
-0.067,0.612,0.410,-141.251,-34.895,-29.645,Pitch
-0.120,0.694,0.409,-286.685,-41.807,-11.778,Pitch
-0.162,0.741,0.592,-286.685,-59.544,1.540,Pitch
-0.055,0.748,0.894,-286.685,-79.511,13.667,Pitch
0.107,-0.070,1.026,-286.685,-53.287,28.359,Pitch
0.201,-0.534,1.101,-286.685,-27.073,22.155,Pitch
0.021,-0.439,1.173,-282.231,22.934,6.300,Pitch
0.070,-0.613,1.375,-114.345,35.910,8.811,Pitch
0.104,-0.702,1.104,-21.954,16.905,-18.865,Pitch
0.084,-0.428,1.065,135.214,9.144,21.472,Pitch
-0.051,-0.410,0.934,284.410,-41.921,39.882,Pitch
0.208,-0.140,0.892,286.685,-45.579,25.410,Pitch
0.108,0.013,0.812,286.685,-34.799,57.680,Pitch
0.024,0.271,0.684,286.685,-37.564,27.545,Pitch
-0.034,0.615,0.424,286.685,10.719,-33.504,Pitch
0.030,0.826,0.465,286.685,24.474,-51.896,Pitch
-0.051,0.823,0.476,285.294,2.091,-42.394,Pitch
-0.025,0.769,0.420,83.615,0.901,-31.552,Pitch
-0.107,0.890,0.502,-201.898,36.505,2.091,Pitch
-0.210,0.983,0.296,-286.685,-15.076,18.585,Pitch
-0.125,1.074,0.662,-286.685,-50.330,3.946,Pitch
0.088,0.539,0.783,-286.685,-16.118,-4.961,Pitch
0.164,-0.340,0.829,-286.685,-20.038,6.755,Pitch
0.145,-0.505,0.991,-286.685,36.286,1.146,Pitch
-0.058,-0.706,0.930,-262.465,71.566,-19.766,Pitch
0.083,-0.977,0.722,121.511,12.189,-36.129,Pitch
0.112,-0.308,1.310,286.685,-22.365,-11.716,Pitch
0.138,-0.233,1.077,286.685,-7.052,-2.783,Pitch
0.096,0.238,0.814,286.685,2.581,26.583,Pitch
-0.012,0.669,0.596,286.685,20.230,37.616,Pitch
-0.033,0.866,0.534,286.685,-35.140,-1.986,Pitch
-0.146,1.012,0.462,286.685,-21.446,-38.369,Pitch
-0.077,0.884,0.444,212.572,9.818,-30.214,Pitch
-0.122,0.861,0.564,-65.931,16.231,14.297,Pitch
-0.138,0.878,0.397,-227.045,14.175,17.833,Pitch
-0.091,1.050,0.417,-286.685,0.157,1.207,Pitch
-0.095,1.144,0.623,-286.685,-63.595,-16.056,Pitch
0.103,0.388,0.763,-286.685,-68.372,-2.835,Pitch
0.243,-0.238,0.636,-286.685,-70.884,46.287,Pitch
0.055,-0.607,0.631,-286.685,-6.449,40.434,Pitch
-0.135,-0.777,0.986,-75.652,18.454,-9.485,Pitch
-0.010,-0.638,1.323,106.461,-8.531,-25.585,Pitch
0.047,-0.417,1.368,285.897,2.608,14.219,Pitch
0.176,-0.191,1.021,286.685,9.529,-7.131,Pitch
0.099,0.359,0.862,286.685,42.884,-7.551,Pitch
0.169,0.638,0.737,286.685,55.825,12.477,Pitch
-0.125,1.025,0.630,286.685,23.371,22.216,Pitch
-0.000,0.663,0.798,189.455,-8.453,4.734,Pitch
-0.069,0.619,0.435,-48.379,-12.443,32.305,Pitch
-0.072,0.625,0.379,-259.131,-29.487,25.218,Pitch
-0.056,0.665,0.430,-286.685,-25.323,6.405,Pitch
0.047,0.519,0.727,-286.685,-18.270,-5.976,Pitch
0.055,0.323,0.895,-286.685,4.952,0.998,Pitch
0.024,0.197,1.034,-286.685,-4.795,-3.430,Pitch
0.026,-0.104,1.354,-286.685,-27.589,1.925,Pitch
0.079,-0.417,1.251,-286.685,3.859,-0.114,Pitch
0.060,-1.274,0.564,-229.740,30.345,8.033,Pitch
0.149,-0.685,0.890,258.291,23.021,9.511,Pitch
-0.036,-0.222,1.421,286.685,-14.936,-3.483,Pitch
0.037,-0.141,1.360,286.685,-68.469,7.577,Pitch
0.251,0.075,1.054,286.685,-13.221,28.271,Pitch
0.175,0.438,0.494,286.685,42.438,-8.347,Pitch
0.048,0.710,0.696,286.685,119.332,-49.105,Pitch
0.008,0.635,0.482,286.685,51.861,-57.164,Pitch
-0.164,0.396,0.434,138.469,48.650,-37.135,Pitch
-0.224,0.493,0.353,-31.841,-0.604,-16.091,Pitch
-0.208,0.727,0.412,-143.666,-45.649,-8.190,Pitch
-0.127,0.776,0.473,-286.685,-97.659,20.230,Pitch
-0.012,0.796,0.870,-286.685,-73.701,11.961,Pitch
0.023,0.467,1.176,-286.685,-18.769,21.971,Pitch
0.026,0.153,1.204,-286.685,-20.729,6.510,Pitch
0.055,-0.392,1.096,-286.685,-6.151,4.664,Pitch
-0.037,-0.713,0.843,-132.484,1.846,-3.474,Pitch
-0.070,-0.665,0.989,150.027,0.394,-36.426,Pitch
-0.013,-0.021,1.281,286.685,-5.066,2.424,Pitch
0.043,0.425,1.165,286.685,-39.900,19.565,Pitch
0.072,0.421,0.924,286.685,-53.594,32.034,Pitch
0.097,0.376,0.769,286.685,-44.599,-2.922,Pitch
0.072,0.776,0.557,286.685,-2.809,-72.931,Pitch
0.024,0.913,0.489,275.144,29.724,-46.349,Pitch
0.041,0.866,0.389,-69.029,5.407,-5.434,Pitch
0.024,0.844,0.394,-248.981,-1.129,1.067,Pitch
-0.043,0.957,0.458,-286.685,-7.569,-7.052,Pitch
0.001,0.721,0.826,-286.685,-2.021,-27.431,Pitch
-0.023,0.232,0.736,-286.685,0.744,-15.365,Pitch
0.011,-0.213,0.685,-286.685,-63.577,30.397,Pitch
0.078,-0.452,0.796,-286.685,-17.316,43.759,Pitch
-0.034,-0.856,0.755,-135.887,45.946,-9.686,Pitch
-0.003,-0.828,1.056,153.930,29.899,-18.690,Pitch
0.015,-0.315,1.421,286.685,-21.980,-8.094,Pitch
0.029,-0.101,1.141,286.685,-9.835,6.790,Pitch
-0.011,0.327,0.950,286.685,15.269,11.113,Pitch
0.021,0.453,0.667,286.685,23.179,2.634,Pitch
0.009,0.589,0.689,286.685,-31.019,-26.784,Pitch
0.027,0.710,0.411,283.902,-10.220,-32.410,Pitch
0.060,0.746,0.375,187.241,-13.449,-39.165,Pitch
0.113,0.767,0.524,-31.614,-18.410,-16.651,Pitch
0.000,0.855,0.476,-252.411,-22.339,13.422,Pitch
0.000,0.911,0.753,-286.685,-29.584,4.270,Pitch
-0.014,0.773,0.748,-286.685,9.100,16.056,Pitch
-0.090,0.299,1.030,-286.685,-18.445,-1.418,Pitch
-0.009,-0.339,0.864,-286.685,-34.195,84.061,Pitch
-0.174,-0.415,0.960,-274.190,-9.336,76.177,Pitch
-0.305,-0.569,1.086,-8.986,-32.419,-0.621,Pitch
0.074,-0.312,1.229,284.716,-95.882,-18.515,Pitch
0.164,-0.057,1.296,286.685,-25.769,-2.966,Pitch
0.193,0.404,1.019,286.685,-3.544,12.828,Pitch
0.210,0.416,0.513,286.685,-0.262,4.209,Pitch
-0.028,0.625,0.549,286.685,-14.394,-13.694,Pitch
0.075,1.005,0.478,286.685,-12.898,-26.241,Pitch
0.102,0.757,0.421,90.046,1.260,-33.976,Pitch
-0.009,0.798,0.244,-240.774,-24.001,-24.552,Pitch
0.040,0.752,0.500,-286.685,-32.287,-48.991,Pitch
0.121,0.679,0.580,-286.685,-18.900,-49.306,Pitch
0.109,0.112,0.730,-286.685,-24.106,-17.684,Pitch
0.007,-0.214,0.926,-286.685,-67.769,57.260,Pitch
-0.096,-0.400,0.923,-279.974,-30.853,32.917,Pitch
-0.130,-0.500,1.195,62.326,55.615,-54.757,Pitch
0.122,0.111,1.472,286.685,16.459,-80.351,Pitch
0.242,0.627,1.310,286.685,50.199,-66.675,Pitch
0.120,0.700,0.940,286.685,38.299,-56.219,Pitch
-0.011,0.782,0.707,286.685,28.788,-17.859,Pitch
-0.075,0.644,0.764,249.060,13.283,24.220,Pitch
-0.176,0.593,0.652,18.629,2.791,27.265,Pitch
-0.056,0.672,0.403,-271.434,-21.175,7.963,Pitch
0.125,0.604,0.461,-286.685,-31.841,-2.879,Pitch
0.202,0.268,0.630,-286.685,-32.961,11.436,Pitch
0.091,-0.016,0.830,-286.685,-47.749,33.014,Pitch
-0.022,-0.069,1.218,-286.554,-51.625,33.373,Pitch
-0.245,-0.059,1.404,-17.290,-29.111,0.184,Pitch
-0.110,0.029,1.527,280.105,10.211,-43.138,Pitch
0.123,0.299,1.409,286.685,51.861,-34.930,Pitch
0.117,0.515,1.002,286.685,55.956,25.541,Pitch
0.000,0.706,0.633,286.685,39.489,2.152,Pitch
-0.087,0.596,0.470,286.685,40.906,22.085,Pitch
0.005,0.486,0.406,203.245,13.571,25.987,Pitch
0.025,0.577,0.342,-112.884,-5.941,21.683,Pitch
0.127,0.692,0.253,-286.685,-29.339,1.575,Pitch
0.168,0.726,0.458,-286.685,-32.060,-14.962,Pitch
0.298,0.169,0.752,-286.685,-17.903,-3.115,Pitch
0.101,-0.197,1.066,-286.685,-8.260,32.042,Pitch
0.004,-0.390,1.279,-286.685,-9.153,21.228,Pitch
-0.151,-0.333,1.530,-218.514,-9.931,-18.331,Pitch
-0.144,-0.804,1.003,9.328,8.531,-35.586,Pitch
0.096,-0.255,1.246,286.685,11.882,-47.757,Pitch
0.157,0.047,1.200,286.685,33.014,-29.173,Pitch
-0.008,0.346,0.793,286.685,8.479,8.636,Pitch
0.034,0.359,0.832,286.685,-23.319,-0.096,Pitch
0.092,0.513,0.846,286.685,-1.628,22.942,Pitch
-0.061,0.603,0.510,173.337,21.962,26.031,Pitch
0.015,0.682,0.772,-3.973,-0.875,-9.275,Pitch
0.114,0.382,0.427,-248.115,-23.888,-4.655,Pitch
0.100,0.361,0.556,-286.685,-22.724,15.374,Pitch
0.252,0.474,0.849,-286.685,-25.462,44.074,Pitch
0.152,0.289,1.028,-259.954,-9.170,19.399,Pitch
0.128,0.421,1.233,-197.041,5.372,-12.924,Pitch
0.177,0.450,1.412,-243.303,33.985,-12.092,Pitch
-0.054,-0.025,1.337,-283.622,92.304,5.346,Pitch
-0.137,-0.230,1.247,-194.399,44.048,-1.269,Pitch
-0.069,-0.403,1.177,-109.016,-11.743,4.541,Pitch
0.025,-0.292,1.152,-49.577,-35.333,2.905,Pitch
-0.029,-0.213,0.988,-15.505,-43.549,10.106,Pitch
-0.132,-0.305,0.640,218.671,-63.228,17.062,Pitch
0.147,-0.330,0.613,286.685,6.878,-28.560,Pitch
0.115,0.180,0.542,286.685,66.264,-56.219,Pitch
0.138,0.566,0.170,286.685,62.335,-48.816,Pitch
0.011,0.701,0.253,286.685,65.861,-18.401,Pitch
-0.109,0.872,0.447,286.685,35.639,5.661,Pitch
-0.129,1.113,0.374,38.194,39.664,34.939,Pitch
-0.174,1.286,0.431,-250.136,-15.208,2.940,Pitch
-0.085,1.154,0.651,-286.685,-18.891,-27.755,Pitch
-0.106,0.797,0.839,-286.685,-67.944,-2.940,Pitch
0.038,0.293,0.690,-286.685,-139.913,50.059,Pitch
0.162,-0.441,0.698,-286.685,-85.750,63.044,Pitch
0.247,-0.480,0.737,-286.685,28.061,27.125,Pitch
-0.047,-0.952,0.625,-229.898,86.389,-17.351,Pitch
-0.126,-0.755,0.914,215.775,25.270,-28.219,Pitch
-0.053,-0.536,1.057,286.685,-20.746,-25.305,Pitch
0.104,-0.305,1.142,286.685,3.141,-24.675,Pitch
0.089,0.427,0.997,286.685,64.321,-7.193,Pitch
-0.145,0.758,1.039,286.685,25.900,3.666,Pitch
-0.070,0.854,0.682,286.685,21.884,-14.359,Pitch
-0.024,0.735,0.468,281.776,10.115,-30.030,Pitch
-0.043,0.767,0.694,37.231,20.029,-2.109,Pitch
-0.072,0.825,0.754,-172.830,34.178,14.411,Pitch
-0.206,0.902,0.575,-286.685,-7.796,5.941,Pitch
-0.085,0.851,0.785,-286.685,-24.728,-19.119,Pitch
-0.071,0.385,1.045,-286.685,-38.666,-18.235,Pitch
0.112,-0.203,0.727,-286.685,-30.257,16.581,Pitch
0.040,-0.535,0.510,-286.414,3.185,17.955,Pitch
-0.074,-0.701,0.765,-54.162,30.581,-21.201,Pitch
0.007,-0.494,0.964,131.994,-1.164,-25.253,Pitch
-0.102,-0.296,0.973,286.685,11.130,13.930,Pitch
0.068,0.121,1.060,286.685,-7.376,1.173,Pitch
-0.018,0.701,1.240,286.685,11.778,23.485,Pitch
-0.022,0.949,1.123,286.685,29.146,9.546,Pitch
-0.191,0.773,0.829,284.795,26.836,14.438,Pitch
-0.200,0.705,0.575,-13.886,1.592,18.944,Pitch
-0.157,0.722,0.531,-224.814,-58.048,18.305,Pitch
-0.055,0.563,0.522,-286.685,-61.101,20.029,Pitch
0.089,0.515,0.546,-286.685,-59.202,25.069,Pitch
0.161,0.056,0.824,-286.685,18.480,17.798,Pitch
0.098,-0.323,1.046,-286.685,39.664,7.227,Pitch
-0.105,-0.423,1.184,-286.685,49.026,-10.894,Pitch
-0.008,-0.821,0.793,-259.009,22.487,-32.996,Pitch
-0.050,-1.041,0.571,185.106,-9.625,-9.083,Pitch
-0.031,-0.459,1.047,286.685,-21.455,-1.085,Pitch
0.098,-0.067,0.983,286.685,7.166,4.121,Pitch
-0.022,0.252,1.146,286.685,32.498,-4.401,Pitch
0.030,0.823,0.812,286.685,63.114,-11.585,Pitch
-0.226,0.798,0.606,286.685,21.849,-7.551,Pitch
-0.029,0.671,0.603,243.530,-7.823,-24.141,Pitch
-0.094,0.758,0.317,-95.007,-15.374,13.834,Pitch
-0.079,0.840,0.291,-279.519,-60.515,5.215,Pitch
0.041,0.680,0.630,-286.685,-91.507,15.085,Pitch
0.072,0.371,0.862,-286.685,-111.449,26.101,Pitch
0.176,0.060,0.847,-286.685,-79.573,49.429,Pitch
0.150,-0.212,0.860,-286.685,9.494,40.320,Pitch
-0.047,-0.588,0.935,-234.841,45.596,1.173,Pitch
-0.072,-0.590,1.230,-9.765,12.320,-7.472,Pitch
-0.154,-0.621,1.253,144.742,-25.655,-7.201,Pitch
0.018,-0.342,0.920,286.685,13.309,-0.752,Pitch
0.020,0.150,0.903,286.685,60.121,-16.905,Pitch
0.053,0.643,1.069,286.685,73.360,17.789,Pitch
0.017,0.497,0.834,286.685,57.251,40.819,Pitch
-0.062,0.536,0.479,286.685,55.484,-10.552,Pitch
-0.028,0.650,0.549,204.199,28.438,-4.996,Pitch
-0.150,0.689,0.294,-62.353,15.925,11.751,Pitch
-0.031,0.769,0.522,-286.685,-27.046,9.608,Pitch
-0.184,0.982,0.726,-286.685,-62.072,-6.720,Pitch
0.035,0.722,1.030,-286.685,-79.336,-8.802,Pitch
0.130,0.020,1.051,-286.685,-57.680,11.226,Pitch
-0.049,-0.531,0.936,-286.685,45.806,14.403,Pitch
-0.135,-0.807,0.683,-246.426,56.866,-25.375,Pitch
0.002,-0.862,0.825,-31.859,13.239,-26.093,Pitch
0.057,-0.677,1.135,161.551,-45.929,-5.784,Pitch
0.082,-0.571,0.921,286.685,-32.882,7.700,Pitch
0.019,0.098,0.752,286.685,31.308,17.430,Pitch
-0.054,0.410,0.769,286.685,12.889,41.274,Pitch
-0.144,0.336,0.501,286.685,-32.279,16.284,Pitch
-0.234,0.945,1.500,286.685,71.969,-36.724,Pitch
-0.117,0.746,0.597,204.015,19.792,3.185,Pitch
-0.088,0.752,0.369,-185.133,-32.900,-1.383,Pitch
0.133,0.684,0.642,-286.685,-39.778,-28.770,Pitch
0.049,0.694,0.801,-286.685,-62.046,-5.994,Pitch
0.116,0.490,0.854,-286.685,-71.024,9.144,Pitch
0.046,-0.055,1.060,-286.685,-43.356,18.244,Pitch
0.014,-0.481,1.083,-286.685,15.890,22.680,Pitch
-0.134,-0.719,1.117,-101.421,41.764,-9.651,Pitch
-0.064,-0.774,0.970,96.539,69.116,-38.605,Pitch
0.215,-0.257,0.958,286.685,75.408,-12.950,Pitch
-0.007,0.148,1.024,286.685,22.698,36.278,Pitch
-0.029,0.396,0.904,286.685,-3.885,49.149,Pitch
-0.054,0.494,0.794,286.685,-30.004,46.287,Pitch
-0.178,0.780,1.002,286.685,54.408,19.416,Pitch
-0.135,0.689,0.502,161.184,-6.370,12.189,Pitch
-0.105,0.636,0.460,-37.380,-14.368,-3.124,Pitch
-0.065,0.587,0.514,-278.049,-2.161,1.829,Pitch
-0.076,0.779,0.619,-286.685,-55.169,-16.144,Pitch
-0.005,0.727,0.846,-286.685,-81.314,-6.282,Pitch
0.260,-0.134,0.745,-286.685,-5.784,19.688,Pitch
-0.101,-0.396,0.977,-271.145,65.791,-5.810,Pitch
-0.168,-0.218,1.230,-95.287,51.730,-31.272,Pitch
-0.154,-0.178,1.333,-27.003,19.696,-29.067,Pitch
-0.079,-0.126,1.273,146.256,3.815,-25.655,Pitch
0.040,0.008,1.194,286.685,-5.040,5.504,Pitch
0.093,0.136,1.137,286.685,-0.254,41.169,Pitch
0.095,0.352,1.011,286.685,-25.769,5.539,Pitch
0.080,0.590,0.673,286.685,32.077,7.184,Pitch
-0.188,0.653,0.610,286.685,20.449,-10.097,Pitch
-0.113,0.573,0.482,286.685,-12.005,-39.909,Pitch
-0.120,0.753,0.420,143.666,3.316,-26.731,Pitch
-0.191,0.923,0.384,-62.632,-14.980,3.176,Pitch
-0.182,1.019,0.543,-256.296,-10.797,6.099,Pitch
-0.149,0.981,0.493,-286.685,2.931,10.124,Pitch
-0.096,0.891,0.697,-286.685,-10.377,5.740,Pitch
-0.057,0.723,0.872,-286.685,-20.370,-2.301,Pitch
0.032,0.386,0.736,-286.685,-16.222,21.411,Pitch
-0.052,-0.293,0.720,-286.685,-0.481,47.338,Pitch
-0.075,-0.454,0.957,-197.094,11.629,11.725,Pitch
-0.185,-0.560,0.946,18.786,-12.206,-19.871,Pitch
-0.042,-0.507,0.999,246.050,-32.620,30.074,Pitch
0.004,-0.118,1.052,286.685,-48.291,23.153,Pitch
0.041,0.498,0.986,286.685,-65.677,25.778,Pitch
0.173,0.484,0.969,286.685,-62.335,6.501,Pitch
-0.009,0.776,0.856,286.685,-23.266,-11.620,Pitch
-0.006,0.984,0.587,283.386,49.945,-13.309,Pitch
-0.040,0.874,0.263,10.124,29.059,-6.475,Pitch
-0.044,0.850,0.379,-180.688,-16.774,-0.490,Pitch
0.032,0.921,0.377,-286.685,-33.373,-10.045,Pitch
0.027,0.989,0.631,-286.685,22.435,4.436,Pitch
0.026,0.582,0.678,-286.685,42.228,24.517,Pitch
-0.202,-0.328,0.624,-286.685,97.799,-20.545,Pitch
-0.219,-0.553,0.964,-286.685,110.022,-77.402,Pitch
-0.117,-1.020,0.498,-250.250,49.289,-59.666,Pitch
-0.089,-0.915,0.835,47.075,3.500,-40.232,Pitch
-0.065,-0.499,1.367,280.271,-75.268,-9.590,Pitch
0.025,-0.369,1.152,286.685,-69.134,-5.827,Pitch
-0.073,0.046,1.053,286.685,-30.651,-32.060,Pitch
-0.033,0.377,0.832,286.685,-1.155,-17.815,Pitch
-0.085,0.408,1.005,286.685,12.101,-6.029,Pitch
-0.041,0.543,0.797,286.685,6.816,-12.145,Pitch
-0.066,0.528,0.697,285.521,15.278,-24.903,Pitch
-0.024,0.581,0.572,173.469,23.441,-25.699,Pitch
-0.103,0.653,0.596,42.717,3.815,-7.009,Pitch
-0.020,0.737,0.503,-123.874,-24.316,21.009,Pitch
-0.038,0.878,0.713,-196.149,-15.216,37.993,Pitch
-0.099,0.875,0.823,-286.685,-10.229,49.499,Pitch
-0.129,0.734,0.941,-286.685,-3.868,57.076,Pitch
-0.047,0.461,1.014,-286.685,20.239,65.844,Pitch
-0.110,-0.128,0.946,-286.685,29.724,29.199,Pitch
-0.164,-0.342,0.758,-286.545,51.153,-38.509,Pitch
0.018,-0.424,0.894,-121.310,-1.663,-44.809,Pitch
0.099,-0.456,0.915,5.556,-29.811,-18.699,Pitch
0.145,-0.465,1.032,254.354,-49.840,2.301,Pitch
0.114,-0.290,1.027,286.685,-14.166,4.270,Pitch
0.051,0.082,1.009,286.685,1.872,-3.027,Pitch
0.151,0.468,0.860,286.685,15.925,-1.523,Pitch
-0.094,1.046,0.664,286.685,-48.641,-9.126,Pitch
-0.160,0.792,0.779,228.734,-29.654,-21.175,Pitch
0.022,0.799,0.782,-60.121,-9.966,-14.604,Pitch
-0.047,0.727,0.540,-286.396,8.146,32.594,Pitch
-0.115,0.759,0.594,-286.685,-60.515,32.393,Pitch
0.046,0.403,0.917,-286.685,-29.846,39.673,Pitch
0.013,-0.023,0.890,-286.685,48.834,49.796,Pitch
-0.000,-0.337,0.783,-286.685,26.022,46.979,Pitch
-0.042,-0.323,0.947,-285.539,22.811,25.077,Pitch
-0.087,-0.605,0.786,-132.475,-15.208,-7.420,Pitch
-0.032,-0.162,1.021,282.634,-40.889,-17.649,Pitch
0.100,0.096,1.107,286.685,9.809,-32.961,Pitch
0.062,0.221,1.338,286.685,7.796,-1.050,Pitch
0.258,0.750,0.993,286.685,-15.995,-3.316,Pitch
-0.131,0.790,1.111,286.685,65.196,12.653,Pitch
-0.107,0.723,0.775,164.246,24.710,11.996,Pitch
-0.096,0.779,0.561,-52.071,-41.440,23.039,Pitch
-0.086,0.801,0.468,-175.796,-52.841,14.193,Pitch
0.101,0.675,0.528,-286.685,-48.729,-1.278,Pitch
0.230,0.644,0.627,-286.685,-25.235,-19.556,Pitch
0.178,0.372,0.822,-286.685,37.091,-18.550,Pitch
-0.017,-0.047,0.945,-286.685,39.086,-17.299,Pitch
-0.200,-0.300,0.700,-272.825,-12.792,-8.059,Pitch
-0.164,-0.288,0.858,69.982,-47.915,-30.791,Pitch
0.075,-0.298,1.183,253.068,-36.925,-29.680,Pitch
0.104,0.010,1.215,286.685,-4.760,-56.341,Pitch
0.052,0.724,1.250,286.685,13.011,-21.656,Pitch
0.155,0.720,1.169,286.685,5.775,3.036,Pitch
0.043,0.546,0.792,286.685,-2.371,26.836,Pitch
0.013,0.580,0.627,286.685,20.764,13.142,Pitch
-0.037,0.651,0.448,247.100,21.674,10.465,Pitch
-0.083,0.660,0.608,92.601,-10.745,6.335,Pitch
-0.011,0.689,0.608,-149.494,-36.715,-25.314,Pitch
0.123,0.712,0.875,-270.419,2.844,-12.373,Pitch
0.044,0.785,0.727,-286.685,-15.715,3.553,Pitch
0.029,0.721,0.699,-286.685,-13.116,-1.269,Pitch
0.060,0.492,0.943,-286.685,-6.659,6.274,Pitch
0.086,0.243,1.133,-286.685,12.031,5.504,Pitch
0.054,-0.021,1.017,-286.685,10.150,15.531,Pitch
-0.014,-0.704,0.433,-284.471,17.806,11.655,Pitch
-0.015,-0.781,0.758,115.631,2.485,-9.914,Pitch
0.019,-0.280,1.206,286.685,-18.069,-25.532,Pitch
0.019,-0.045,1.050,286.685,-6.528,-29.942,Pitch
0.052,0.481,0.962,286.685,35.569,-31.657,Pitch
0.087,0.696,0.826,286.685,8.120,10.255,Pitch
-0.018,0.802,0.847,286.685,8.689,26.119,Pitch
-0.029,0.882,0.819,282.336,5.119,-21.315,Pitch
0.028,0.990,0.585,-110.128,40.714,-34.116,Pitch
-0.060,0.982,0.428,-286.685,9.432,-15.243,Pitch
-0.165,0.918,0.420,-286.685,-27.081,-5.110,Pitch
-0.010,0.528,0.424,-286.685,-69.562,10.106,Pitch
0.155,0.100,0.452,-286.685,-49.053,28.516,Pitch
0.078,-0.333,0.589,-286.685,9.494,34.283,Pitch
-0.087,-0.356,1.044,-265.694,34.335,14.744,Pitch
-0.117,-0.425,1.215,-86.301,5.372,-1.584,Pitch
-0.010,-0.277,1.263,81.900,10.307,-40.197,Pitch
-0.109,-0.293,1.141,167.746,21.945,-19.941,Pitch
-0.028,-0.277,0.932,286.239,6.720,-18.664,Pitch
0.001,0.042,0.965,286.685,2.844,-20.195,Pitch
-0.104,0.711,1.040,286.685,23.126,-53.042,Pitch
0.081,0.494,1.205,286.685,27.755,-27.851,Pitch
-0.112,0.607,0.719,244.667,22.251,20.860,Pitch
0.002,0.645,0.451,173.136,-15.076,15.015,Pitch
-0.106,0.641,0.466,141.846,10.203,-5.469,Pitch
-0.047,0.650,0.659,-3.553,-23.188,-7.394,Pitch
0.039,0.723,0.569,-260.951,-48.528,17.421,Pitch
-0.082,0.735,0.706,-286.685,-39.147,14.989,Pitch
-0.017,0.614,1.042,-286.685,-69.912,12.784,Pitch
0.095,0.057,1.126,-286.685,-55.388,44.292,Pitch
0.012,-0.427,0.897,-286.685,42.000,21.026,Pitch
-0.051,-0.539,0.809,-286.685,81.882,8.164,Pitch
-0.036,-0.904,0.574,-11.419,5.355,-3.246,Pitch
-0.056,-0.487,1.102,253.872,-31.736,1.899,Pitch
-0.111,-0.290,0.921,286.685,-23.144,-2.004,Pitch
-0.025,-0.120,0.875,286.685,-1.811,-0.892,Pitch
-0.121,0.470,0.723,286.685,21.096,-12.443,Pitch
0.072,0.737,0.863,286.685,19.626,13.283,Pitch
-0.045,0.844,1.091,286.685,-0.989,28.359,Pitch
0.112,0.731,0.630,181.107,0.192,8.164,Pitch
0.055,0.920,0.509,40.197,-5.521,-0.087,Pitch
0.020,1.016,0.916,-129.176,11.419,-12.521,Pitch
0.065,0.990,1.095,-283.859,48.755,-28.280,Pitch
-0.182,0.684,0.401,-286.685,27.606,-47.364,Pitch
0.131,-0.056,0.183,-286.685,-74.812,-8.802,Pitch
0.167,-0.267,0.392,-286.685,-14.770,24.780,Pitch
-0.106,-0.159,1.113,-247.415,25.130,11.235,Pitch
-0.217,-0.284,1.299,-124.241,17.938,-14.446,Pitch
-0.312,-0.341,1.308,171.220,14.193,-34.764,Pitch
-0.048,-0.074,1.164,286.685,50.382,-30.940,Pitch
-0.030,0.199,0.933,286.685,63.315,-35.079,Pitch
-0.026,0.243,0.785,286.685,27.711,-21.884,Pitch
-0.157,0.575,0.620,286.685,11.961,-35.193,Pitch
-0.155,0.703,0.622,286.685,-7.105,-27.755,Pitch
-0.107,0.930,0.702,82.154,-14.595,19.390,Pitch
-0.135,1.109,0.888,-190.654,21.157,16.231,Pitch
-0.188,1.070,0.705,-286.685,3.561,-7.980,Pitch
-0.267,0.815,0.812,-286.685,-25.821,-7.175,Pitch
-0.205,0.281,0.699,-286.685,-49.201,-11.480,Pitch
0.006,-0.171,0.487,-286.685,-105.927,10.903,Pitch
0.083,-0.444,0.607,-286.685,-52.535,8.654,Pitch
0.048,-0.651,0.789,-161.893,-51.721,2.634,Pitch
-0.071,-0.457,1.106,-1.487,-37.905,37.520,Pitch
-0.122,-0.457,0.863,99.164,-19.968,26.337,Pitch
-0.057,-0.418,0.809,259.052,-4.191,27.353,Pitch
-0.094,-0.157,0.862,286.685,37.607,-4.970,Pitch
-0.195,0.354,0.826,286.685,-22.374,-42.009,Pitch
0.053,0.598,0.683,286.685,-17.071,-36.636,Pitch
0.054,0.695,0.864,286.685,-67.891,1.759,Pitch
0.004,0.707,0.720,279.029,2.721,30.249,Pitch
0.038,0.796,0.522,108.491,6.956,38.605,Pitch
0.037,0.943,0.689,10.631,14.236,28.945,Pitch
0.047,0.947,0.707,-241.841,64.041,-7.332,Pitch
-0.056,0.965,0.775,-286.685,22.085,-27.353,Pitch
-0.082,0.642,0.729,-286.685,50.654,-26.583,Pitch
-0.099,0.364,0.683,-286.685,3.815,-14.368,Pitch
-0.056,0.006,0.713,-286.685,-47.801,-9.660,Pitch
0.143,-0.222,0.793,-284.497,-36.776,-20.720,Pitch
0.120,-0.439,0.794,-165.646,-6.545,-20.974,Pitch
-0.132,-0.465,0.926,68.224,31.938,-34.974,Pitch
-0.086,-0.241,1.220,286.125,38.229,-33.906,Pitch
-0.074,-0.031,1.153,286.685,31.421,-26.661,Pitch
-0.169,0.430,1.232,286.685,28.647,5.512,Pitch
-0.243,0.583,1.039,286.685,-39.279,36.750,Pitch
-0.188,0.780,1.165,279.746,-13.676,4.760,Pitch
-0.213,0.701,1.137,85.899,-27.317,-6.878,Pitch
-0.110,0.670,0.763,-209.449,-88.576,-17.701,Pitch
0.130,0.292,0.596,-281.601,-88.043,-4.856,Pitch
0.150,0.139,0.642,-80.360,-0.464,-26.093,Pitch
0.053,0.343,0.665,94.080,26.276,-28.350,Pitch
0.058,0.440,0.669,207.673,15.076,-6.807,Pitch
-0.056,0.585,0.622,278.845,51.240,-8.120,Pitch
-0.097,0.703,0.847,246.225,66.973,-8.750,Pitch
-0.274,0.951,0.892,-32.270,13.632,32.191,Pitch
-0.171,0.988,0.628,-279.064,-56.840,24.710,Pitch
-0.080,0.723,0.909,-286.685,-52.526,16.118,Pitch
0.088,0.343,1.014,-286.685,-45.115,15.619,Pitch
0.131,0.055,0.853,-286.685,-46.042,47.373,Pitch
0.112,-0.513,0.603,-286.685,3.780,30.861,Pitch
0.051,-1.005,0.501,-232.094,19.915,0.761,Pitch
0.062,-0.536,0.978,150.351,-5.932,-0.350,Pitch
0.066,-0.402,0.996,286.571,-2.091,-0.298,Pitch
0.122,0.082,0.880,286.685,20.597,-16.774,Pitch
0.081,0.503,0.903,286.685,58.923,-7.490,Pitch
0.067,0.766,1.039,286.685,70.647,15.802,Pitch
0.007,1.013,0.621,286.685,26.871,27.396,Pitch
-0.112,0.853,0.621,286.685,30.056,10.552,Pitch
-0.107,0.896,0.637,73.465,49.971,15.085,Pitch
-0.202,0.931,0.434,-205.476,45.255,16.546,Pitch
-0.227,0.995,0.519,-286.685,-38.833,-17.920,Pitch
-0.180,1.005,0.956,-286.685,-63.359,-41.291,Pitch
-0.034,0.606,0.725,-286.685,-44.432,-29.365,Pitch
0.110,-0.348,0.605,-286.685,-37.590,10.150,Pitch
0.162,-0.490,0.551,-281.750,14.114,17.159,Pitch
-0.078,-0.817,0.480,-93.214,8.496,14.499,Pitch
-0.039,-0.279,0.934,286.326,-7.648,-21.639,Pitch
0.193,0.418,0.959,286.685,27.291,-1.619,Pitch
-0.005,1.049,0.977,286.685,40.766,-13.169,Pitch
-0.055,1.034,1.066,286.685,29.059,21.464,Pitch
-0.119,0.870,1.038,270.086,-24.237,35.604,Pitch
-0.124,0.907,1.072,-144.883,-15.190,3.176,Pitch
-0.138,0.776,0.553,-286.685,-18.638,-3.710,Pitch
-0.101,0.180,0.457,-286.685,-92.505,12.495,Pitch
0.247,0.089,0.441,-286.685,-14.901,-10.395,Pitch
0.078,-0.041,0.738,-286.685,26.276,1.837,Pitch
-0.042,-0.441,1.136,-286.685,-23.695,-11.489,Pitch
-0.031,-0.763,1.106,-200.839,-3.981,-17.754,Pitch
0.025,-0.771,0.944,211.960,6.046,-30.529,Pitch
0.074,-0.247,1.131,286.685,39.261,-36.803,Pitch
0.057,0.177,0.898,286.685,71.470,-17.841,Pitch
-0.089,0.633,0.807,286.685,67.856,3.771,Pitch
-0.140,0.937,0.771,286.685,69.790,9.511,Pitch
-0.099,0.807,0.655,285.819,65.056,-1.400,Pitch
-0.058,0.752,0.542,98.210,5.950,-3.894,Pitch
-0.099,0.775,0.657,-85.601,5.889,16.275,Pitch
-0.123,0.893,0.769,-254.363,20.423,5.162,Pitch
-0.172,0.875,0.732,-286.685,-58.336,-5.504,Pitch
0.080,0.585,0.696,-286.685,-78.890,-9.975,Pitch
0.005,-0.043,0.908,-286.685,-48.877,13.361,Pitch
0.012,-0.320,0.923,-286.685,-61.548,24.246,Pitch
-0.066,-0.726,0.506,-187.600,-7.481,23.765,Pitch
-0.100,-0.492,0.923,258.125,10.631,2.634,Pitch
0.240,-0.019,1.095,286.685,95.856,-25.576,Pitch
-0.003,0.661,1.225,286.685,107.791,0.271,Pitch
0.028,0.762,0.903,286.685,71.190,45.920,Pitch
-0.142,0.756,0.632,286.685,20.685,72.581,Pitch
-0.093,0.805,0.675,286.685,-2.809,47.373,Pitch
0.031,0.765,0.500,98.919,21.753,31.290,Pitch
-0.021,0.697,0.330,-165.926,-11.462,25.296,Pitch
-0.063,0.714,0.535,-286.685,-44.354,10.623,Pitch
-0.047,0.824,0.966,-286.685,-48.361,-11.926,Pitch
0.007,0.541,0.654,-286.685,-32.121,-44.765,Pitch
-0.020,-0.117,0.888,-286.685,-12.547,-44.686,Pitch
-0.013,-0.329,0.987,-286.685,-10.019,-9.135,Pitch
-0.003,-0.595,1.029,-286.685,6.773,-16.380,Pitch
-0.141,-0.956,0.654,-53.917,5.005,-28.604,Pitch
-0.137,-0.574,1.117,210.044,-20.676,-16.249,Pitch
-0.063,-0.396,0.941,284.681,-28.201,-25.104,Pitch
-0.007,-0.225,0.803,286.685,6.073,-44.118,Pitch
0.081,0.378,0.869,286.685,55.370,-24.587,Pitch
0.058,0.522,0.761,286.685,93.730,6.912,Pitch
-0.123,1.037,0.727,286.685,73.202,23.739,Pitch
-0.092,0.557,0.601,256.165,47.154,45.377,Pitch
-0.065,0.570,0.363,64.444,21.814,36.409,Pitch
-0.079,0.646,0.295,-39.961,-1.339,27.317,Pitch
-0.032,0.780,0.821,-261.695,-21.306,0.814,Pitch
0.098,0.764,0.853,-286.685,-6.615,-34.720,Pitch
-0.090,0.645,0.942,-286.685,5.722,-34.274,Pitch
-0.127,0.329,1.057,-286.685,-2.555,-37.730,Pitch
-0.105,-0.441,1.179,-286.685,-41.781,-14.271,Pitch
0.007,-0.541,0.809,-169.925,-22.986,3.938,Pitch
0.008,-0.426,1.168,110.609,-23.284,-35.018,Pitch
-0.006,-0.437,1.117,242.480,-47.722,0.210,Pitch
0.130,-0.156,0.957,286.685,-25.401,-21.507,Pitch
0.178,0.251,0.852,286.685,-0.166,-21.464,Pitch
0.116,0.344,0.595,286.685,-6.142,3.299,Pitch
-0.016,0.645,0.296,286.685,44.826,34.081,Pitch
-0.154,0.741,0.928,286.685,20.134,25.961,Pitch
-0.010,0.760,0.454,81.104,-18.130,34.344,Pitch
0.007,0.899,0.573,-65.126,-28.490,32.130,Pitch
-0.001,1.127,0.872,-280.473,14.368,14.884,Pitch
0.085,1.036,0.885,-286.685,26.416,-7.910,Pitch
0.055,0.833,0.842,-286.685,37.975,-12.845,Pitch
0.018,0.045,0.687,-286.685,57.444,-12.688,Pitch
-0.061,-0.348,0.749,-286.685,36.321,3.973,Pitch
-0.051,-0.517,0.930,-286.685,33.574,-12.477,Pitch
-0.100,-1.096,0.517,-159.224,42.455,-48.667,Pitch
-0.092,-0.743,0.917,259.805,-19.757,-25.218,Pitch
0.052,-0.391,1.048,286.685,-54.950,-14.184,Pitch
-0.013,-0.108,0.867,286.685,-42.857,-13.930,Pitch
0.220,0.454,0.879,286.685,-45.421,12.023,Pitch
0.113,0.579,0.453,286.685,4.366,67.261,Pitch
-0.098,0.814,0.479,286.685,-44.695,54.049,Pitch
-0.033,0.771,0.410,272.589,-43.365,17.237,Pitch
0.080,0.902,0.578,52.850,-42.123,-15.584,Pitch
0.130,1.020,0.720,-215.320,2.284,-48.274,Pitch
0.212,0.884,0.789,-286.685,78.986,-67.734,Pitch
0.072,0.738,0.546,-286.685,91.744,-58.459,Pitch
-0.086,0.301,0.801,-286.685,88.051,-60.576,Pitch
-0.174,-0.214,0.715,-286.685,20.396,-41.169,Pitch
-0.193,-0.330,0.862,-286.685,-45.911,2.004,Pitch
-0.050,-0.562,1.033,-150.736,-50.741,10.273,Pitch
-0.133,-0.476,1.102,92.059,-21.350,7.621,Pitch
-0.011,-0.183,1.129,286.633,-42.201,8.024,Pitch
-0.001,-0.061,1.073,286.685,-54.408,12.530,Pitch
0.105,0.424,1.105,286.685,-54.521,12.976,Pitch
0.084,0.415,0.732,286.685,-50.015,75.311,Pitch
0.046,0.546,0.690,286.685,-41.702,39.322,Pitch
0.003,0.776,0.694,286.484,-22.680,13.073,Pitch
0.126,0.793,0.506,96.442,-6.247,-19.600,Pitch
0.091,0.698,0.582,-63.577,16.118,-35.149,Pitch
0.063,0.607,0.743,-152.827,31.903,-27.388,Pitch
-0.016,0.542,0.743,-286.685,35.621,-15.671,Pitch
0.065,0.566,0.491,-286.685,3.640,-28.271,Pitch
0.077,0.290,0.794,-286.685,21.849,-25.567,Pitch
0.014,0.022,1.046,-286.685,27.020,-19.836,Pitch
-0.022,-0.049,1.360,-286.685,21.438,-1.776,Pitch
-0.210,-0.963,0.673,-220.027,17.308,-22.487,Pitch
-0.114,-0.883,0.858,124.364,-16.546,-31.631,Pitch
0.041,-0.222,1.391,286.685,-53.051,-33.241,Pitch
0.099,0.177,1.176,286.685,-22.452,-36.995,Pitch
0.180,0.547,0.998,286.685,17.824,-30.371,Pitch
0.050,0.420,0.839,286.685,34.939,-2.389,Pitch
-0.159,0.737,0.819,286.685,16.362,2.065,Pitch
0.014,0.491,0.520,179.069,6.956,0.245,Pitch
0.021,0.581,0.382,37.599,5.390,7.971,Pitch
0.029,0.667,0.376,-104.694,-6.213,-4.375,Pitch
0.016,0.668,0.668,-262.658,-4.821,-13.204,Pitch
-0.030,0.733,0.813,-286.685,20.667,-11.156,Pitch
-0.068,0.556,0.940,-286.685,11.926,-13.064,Pitch
-0.050,0.111,1.162,-286.685,-0.420,5.749,Pitch
-0.010,-0.025,1.159,-286.685,1.312,19.005,Pitch
-0.043,-0.245,1.088,-286.650,-10.421,2.809,Pitch
0.004,-0.490,1.207,-85.838,-17.535,-19.862,Pitch
-0.183,-0.541,1.067,101.649,-9.424,10.719,Pitch
-0.092,-0.341,1.006,286.685,-46.060,-9.502,Pitch
0.035,-0.111,1.018,286.685,-21.017,-14.490,Pitch
0.054,0.120,0.735,286.685,1.295,-18.034,Pitch
0.260,0.659,0.750,286.685,33.338,-25.480,Pitch
0.080,0.769,1.004,286.685,63.464,9.205,Pitch
-0.041,0.612,0.449,224.744,50.076,35.726,Pitch
-0.119,0.619,0.291,6.755,4.664,63.114,Pitch
-0.079,0.712,0.585,-150.316,-31.876,59.824,Pitch
0.010,0.661,0.648,-267.146,-20.860,52.509,Pitch
0.074,0.569,0.695,-286.685,18.839,32.217,Pitch
0.151,0.475,0.916,-286.685,71.137,-12.215,Pitch
0.050,0.533,0.995,-286.685,88.454,-30.013,Pitch
-0.073,0.082,1.275,-286.685,85.435,-27.808,Pitch
-0.153,-0.340,1.000,-286.685,72.048,-23.100,Pitch
-0.140,-1.040,0.402,-37.161,-70.761,-14.394,Pitch
-0.121,-0.600,0.905,265.475,-87.832,16.380,Pitch
0.191,0.179,1.276,286.685,-73.360,-0.472,Pitch
0.079,0.373,1.375,286.685,-38.526,-12.836,Pitch
-0.017,0.503,0.874,286.685,-71.251,21.368,Pitch
-0.022,0.511,0.747,286.685,-77.026,23.319,Pitch
0.112,0.686,0.686,286.685,-57.855,-2.161,Pitch
0.185,0.783,0.491,238.227,-24.666,-15.243,Pitch
0.247,0.810,0.421,146.265,5.810,-18.804,Pitch
0.056,0.827,0.491,59.159,18.489,-2.844,Pitch
-0.028,0.753,0.590,-105.744,23.292,-5.434,Pitch
-0.033,0.738,0.564,-280.980,30.231,11.358,Pitch
-0.090,0.768,0.663,-286.685,17.666,6.983,Pitch
0.155,0.537,0.964,-286.685,39.751,1.610,Pitch
0.040,0.388,1.078,-286.685,115.973,-16.126,Pitch
-0.073,0.122,1.001,-286.685,64.269,-11.419,Pitch
-0.077,-0.376,0.819,-286.685,44.660,7.429,Pitch
-0.087,-0.463,1.048,-110.162,65.756,-42.114,Pitch
0.053,-0.660,0.762,91.709,-22.531,-16.257,Pitch
-0.187,-0.465,1.019,284.261,-36.234,4.795,Pitch
-0.051,-0.057,0.985,286.685,-58.730,11.042,Pitch
-0.007,0.291,0.755,286.685,-97.904,20.528,Pitch
0.034,0.583,0.596,286.685,-117.381,9.126,Pitch
-0.006,0.979,0.691,286.685,-104.457,12.609,Pitch
0.159,0.884,0.572,282.424,-114.984,-9.581,Pitch
0.254,0.814,0.563,106.496,-13.361,-43.934,Pitch
0.276,0.854,0.561,-37.205,31.824,-36.864,Pitch
0.202,0.849,0.598,-260.592,73.806,-17.850,Pitch
0.037,0.809,0.711,-286.685,95.445,-19.784,Pitch
-0.041,0.409,0.604,-286.685,96.897,8.890,Pitch
-0.227,0.093,0.857,-286.685,108.019,-9.555,Pitch
-0.138,-0.057,0.940,-286.685,-14.446,5.101,Pitch
-0.021,-0.367,0.979,-286.685,48.606,17.798,Pitch
-0.224,-0.806,0.686,-205.905,79.249,-17.570,Pitch
-0.183,-0.517,1.121,209.878,-20.449,-21.630,Pitch
-0.005,-0.222,1.147,286.685,-66.272,-10.071,Pitch
-0.023,0.290,1.207,286.685,-104.353,-5.285,Pitch
0.141,0.455,0.973,286.685,-80.168,11.384,Pitch
0.077,0.825,0.632,286.685,-30.756,4.883,Pitch
0.067,0.714,0.559,286.685,-48.624,18.944,Pitch
0.005,0.671,0.524,228.113,-26.757,-18.471,Pitch
-0.013,0.674,0.460,-31.045,-30.835,-22.837,Pitch
0.046,0.663,0.510,-170.555,-15.181,-26.407,Pitch
0.112,0.720,0.850,-285.574,42.368,-22.663,Pitch
0.079,0.617,0.711,-286.685,65.817,-15.645,Pitch
0.022,0.362,0.622,-286.685,98.411,-0.814,Pitch
-0.131,-0.151,0.895,-286.685,32.051,0.271,Pitch
-0.188,-0.287,1.181,-286.685,-13.729,18.506,Pitch
-0.259,-0.570,1.294,-196.542,-5.819,-9.441,Pitch
-0.100,-0.533,1.194,30.231,3.754,-49.464,Pitch
-0.014,-0.428,1.211,283.106,-29.103,-6.414,Pitch
0.094,-0.032,1.187,286.685,-54.215,0.613,Pitch
0.107,0.062,0.879,286.685,-62.458,27.597,Pitch
-0.118,0.429,0.735,286.685,-62.536,43.724,Pitch
-0.075,0.744,0.778,286.685,-42.420,26.119,Pitch
0.018,0.740,0.518,286.685,-72.091,17.745,Pitch
0.147,0.670,0.340,179.034,-19.145,-8.006,Pitch
0.158,0.737,0.206,4.401,-7.210,-14.359,Pitch
0.102,0.784,0.296,-110.031,-4.760,-8.295,Pitch
0.063,0.931,0.495,-286.046,62.186,-10.911,Pitch
0.028,0.598,0.826,-286.685,83.134,-24.194,Pitch
-0.145,0.180,0.802,-286.685,83.510,-35.534,Pitch
-0.118,0.014,0.833,-286.685,43.951,-41.528,Pitch
-0.020,-0.051,1.264,-286.685,-19.049,-25.664,Pitch
0.018,-0.445,1.387,-286.685,-3.614,-23.975,Pitch
-0.191,-1.002,0.779,-7.884,10.859,-40.889,Pitch
-0.172,-0.484,1.130,283.990,-19.320,-33.906,Pitch
0.001,0.034,1.283,286.685,-37.791,-20.177,Pitch
0.088,0.419,1.109,286.685,-45.255,5.714,Pitch
0.211,0.544,0.762,286.685,-5.215,29.584,Pitch
0.153,0.692,0.523,286.685,2.179,17.736,Pitch
-0.121,0.684,0.408,286.685,44.336,-17.841,Pitch
-0.114,0.528,0.251,177.240,7.849,-37.179,Pitch
-0.049,0.725,0.110,12.950,2.371,-46.279,Pitch
-0.015,0.660,0.358,-67.664,-22.925,-16.634,Pitch
0.015,0.935,0.626,-276.098,-22.103,15.488,Pitch
0.015,0.972,0.547,-286.685,-13.256,-14.665,Pitch
0.064,0.754,0.945,-286.685,22.522,-9.345,Pitch
-0.107,-0.029,0.916,-286.685,15.557,-29.566,Pitch
-0.202,-0.257,0.874,-286.685,-46.760,5.066,Pitch
-0.049,-0.370,1.000,-266.394,-40.346,11.349,Pitch
0.025,-0.446,1.246,-74.751,-7.945,6.361,Pitch
0.143,-0.481,1.039,90.309,-42.621,12.355,Pitch
-0.003,-0.458,0.939,286.685,-35.542,39.900,Pitch
-0.069,0.079,1.000,286.685,-17.132,7.411,Pitch
0.040,0.416,0.834,286.685,-22.750,21.350,Pitch
0.036,0.524,0.730,286.685,-27.825,32.734,Pitch
0.131,0.676,0.775,286.685,-12.932,35.866,Pitch
0.149,0.744,0.544,236.224,-0.892,42.709,Pitch
0.137,0.694,0.344,-5.101,23.581,20.458,Pitch
0.029,0.726,0.532,-133.411,10.080,2.572,Pitch
-0.038,0.767,0.728,-229.057,-7.079,-9.494,Pitch
0.069,0.712,0.901,-286.685,3.106,-36.435,Pitch
0.176,0.533,0.711,-286.685,52.605,-47.425,Pitch
0.141,0.264,0.731,-286.685,54.906,-36.426,Pitch
-0.077,-0.287,0.934,-286.685,29.146,-0.700,Pitch
-0.144,-0.327,0.917,-286.685,5.731,16.774,Pitch
-0.240,-0.940,0.640,-94.255,-53.007,-43.356,Pitch
-0.067,-0.840,0.961,146.571,-80.194,-57.033,Pitch
0.114,-0.481,1.331,286.685,-39.112,-49.901,Pitch
0.159,0.056,1.386,286.685,-20.099,-40.092,Pitch
0.224,0.249,1.196,286.685,61.294,-28.858,Pitch
0.112,0.379,0.910,286.685,66.544,-27.737,Pitch
0.023,0.630,0.747,286.685,8.488,-11.629,Pitch
-0.023,0.739,0.476,286.685,8.645,-16.415,Pitch
0.031,0.728,0.376,221.253,12.810,-12.145,Pitch
0.053,0.785,0.263,9.450,6.545,9.459,Pitch
0.005,0.787,0.326,-181.764,16.013,-0.945,Pitch
-0.097,0.742,0.516,-286.685,-12.285,-28.683,Pitch
-0.042,0.693,0.570,-286.685,0.630,-45.903,Pitch
-0.173,0.108,0.694,-286.685,20.169,-19.871,Pitch
-0.024,-0.190,0.979,-286.685,-8.347,4.655,Pitch
0.010,-0.177,1.211,-286.685,-29.251,24.167,Pitch
-0.013,-0.464,1.313,-260.951,-48.904,25.830,Pitch
-0.058,-0.678,1.209,31.806,-24.789,-10.089,Pitch
-0.262,-0.394,1.318,286.685,-52.920,-12.092,Pitch
0.007,-0.134,1.239,286.685,-47.206,-38.290,Pitch
0.136,0.260,1.012,286.685,-17.579,-18.603,Pitch
0.216,0.414,0.590,286.685,-22.785,28.070,Pitch
0.165,0.568,0.461,286.685,-8.243,31.911,Pitch
-0.010,0.674,0.430,286.685,-3.517,12.224,Pitch
-0.050,0.693,0.270,148.837,-16.170,-5.040,Pitch
0.029,0.804,0.414,-20.528,-29.356,-3.124,Pitch
0.063,0.926,0.689,-150.089,-28.368,2.275,Pitch
0.152,1.014,0.679,-286.685,40.845,-14.569,Pitch
0.161,0.823,0.712,-286.685,73.614,-20.895,Pitch
0.005,0.390,0.639,-286.685,59.675,-9.188,Pitch
-0.134,-0.330,0.717,-286.685,32.804,-2.660,Pitch
-0.176,-0.392,1.046,-286.685,1.916,-16.336,Pitch
-0.126,-0.708,0.841,-266.849,11.331,-40.609,Pitch
0.087,-0.962,0.921,2.013,-10.211,-41.178,Pitch
0.043,-0.466,1.150,286.099,-42.525,-26.136,Pitch
0.018,-0.282,1.052,286.685,-31.684,-0.385,Pitch
-0.065,0.189,1.095,286.685,-32.182,-17.334,Pitch
-0.018,0.490,0.793,286.685,-11.454,4.839,Pitch
0.060,0.615,0.819,286.685,-44.205,27.659,Pitch
0.069,0.808,0.584,278.539,-12.092,14.105,Pitch
0.204,0.727,0.408,134.155,14.682,-4.436,Pitch
0.123,0.711,0.346,-40.495,37.713,2.730,Pitch
-0.009,0.734,0.545,-250.197,48.685,3.579,Pitch
-0.060,0.675,0.552,-286.685,12.267,-17.325,Pitch
0.030,0.437,0.707,-286.685,34.160,-29.969,Pitch
0.042,0.106,0.882,-286.685,56.420,-12.871,Pitch
0.014,-0.141,1.175,-286.685,44.188,11.515,Pitch
-0.032,-0.428,1.214,-286.685,19.792,20.895,Pitch
-0.302,-0.822,1.035,-150.071,4.821,6.186,Pitch
-0.242,-0.531,1.288,152.066,-23.520,-30.100,Pitch
0.029,-0.355,1.076,286.685,-82.512,-23.118,Pitch
0.065,-0.088,1.026,286.685,-54.232,-24.413,Pitch
0.177,0.276,1.028,286.685,-42.639,8.505,Pitch
0.095,0.284,0.569,286.685,-18.497,20.685,Pitch
0.001,0.701,0.554,286.685,-13.283,-21.219,Pitch
-0.036,0.935,0.463,286.554,-28.884,-30.056,Pitch
-0.011,0.682,0.387,49.840,-21.026,-11.121,Pitch
0.076,0.699,0.354,-141.208,-14.411,11.751,Pitch
0.133,0.822,0.582,-261.013,-7.516,16.800,Pitch
0.148,0.844,0.446,-286.685,22.295,5.521,Pitch
0.070,0.480,0.795,-286.685,54.757,-13.204,Pitch
-0.009,0.158,0.997,-286.685,27.737,-25.900,Pitch
-0.099,-0.326,1.142,-286.685,0.507,0.717,Pitch
-0.185,-0.434,1.118,-286.685,26.880,-15.251,Pitch
-0.035,-1.177,0.772,-105.525,27.055,-48.886,Pitch
0.087,-0.868,1.125,136.666,-0.114,-26.241,Pitch
0.090,-0.587,1.015,230.834,-43.146,-11.288,Pitch
-0.071,-0.222,0.927,286.685,-31.456,-30.485,Pitch
0.069,-0.083,0.842,286.685,-5.119,-19.285,Pitch
0.095,0.061,0.724,286.685,2.660,2.984,Pitch
0.017,0.480,0.459,286.685,40.653,15.794,Pitch
0.033,0.787,0.340,286.685,31.150,-12.031,Pitch
0.046,0.922,0.580,286.685,32.296,-19.276,Pitch
-0.035,0.791,0.454,174.011,22.138,3.868,Pitch
-0.094,0.825,0.344,-3.684,-9.975,39.812,Pitch
-0.118,0.922,0.724,-174.904,-31.010,45.561,Pitch
-0.073,0.991,0.768,-286.073,-25.839,25.191,Pitch
0.044,0.848,0.774,-286.685,-1.654,-2.389,Pitch
0.123,0.421,0.893,-286.685,74.314,-1.697,Pitch
0.005,0.140,0.893,-286.685,59.299,9.354,Pitch
-0.187,-0.411,0.894,-286.685,11.891,15.750,Pitch
-0.159,-0.910,0.798,-134.085,-17.719,-34.597,Pitch
0.148,-0.469,1.147,169.855,-38.307,-29.689,Pitch
0.110,-0.315,1.302,286.370,-51.888,8.969,Pitch
0.191,0.065,1.094,286.685,-34.694,-3.290,Pitch
0.144,0.282,0.841,286.685,-8.855,10.544,Pitch
-0.059,0.623,0.658,286.685,-8.050,31.701,Pitch
-0.111,0.832,0.478,286.685,-97.055,28.210,Pitch
-0.070,0.750,0.534,281.461,-51.074,-2.809,Pitch
0.207,0.762,0.347,74.445,-15.864,-30.345,Pitch
0.189,0.775,0.278,-29.417,-0.061,-8.837,Pitch
0.144,0.826,0.408,-185.509,1.837,-11.051,Pitch
0.022,0.950,0.704,-286.685,22.138,-21.551,Pitch
-0.120,0.732,0.727,-286.685,27.335,-8.531,Pitch
-0.102,0.415,0.805,-286.685,13.991,0.184,Pitch
0.051,-0.290,0.925,-286.685,-6.300,-8.216,Pitch
0.170,-0.440,0.956,-286.685,24.719,11.454,Pitch
0.096,-0.815,0.779,-163.861,32.874,-9.292,Pitch
-0.108,-0.725,1.010,215.670,8.986,-31.815,Pitch
0.006,-0.071,1.491,286.685,-39.760,-48.729,Pitch
0.057,0.079,1.286,286.685,-46.550,-25.436,Pitch
0.166,0.365,0.914,286.685,-19.583,-6.860,Pitch
0.095,0.558,0.917,286.685,24.684,25.638,Pitch
0.050,0.920,0.538,286.685,24.246,11.104,Pitch
-0.001,0.736,0.491,267.269,58.476,-20.309,Pitch
0.025,0.627,0.515,93.826,43.024,-25.865,Pitch
-0.110,0.529,0.067,-87.159,9.363,-3.456,Pitch
-0.076,0.728,0.439,-146.212,-17.176,6.396,Pitch
-0.045,0.854,0.474,-279.090,-28.114,1.986,Pitch
-0.009,0.970,0.705,-286.685,-32.226,-16.188,Pitch
0.192,0.735,1.055,-286.685,-11.725,-22.628,Pitch
0.112,0.037,1.158,-286.685,31.981,-6.020,Pitch
-0.006,-0.323,1.192,-286.685,22.260,15.960,Pitch
-0.231,-0.813,0.866,-262.307,11.454,8.925,Pitch
0.003,-0.612,1.015,141.645,-13.948,-19.836,Pitch
0.107,-0.297,1.123,286.685,-43.304,30.275,Pitch
0.268,-0.026,1.096,286.685,-50.461,39.454,Pitch
0.140,0.293,0.964,286.685,-4.104,52.999,Pitch
-0.035,0.458,0.719,286.685,-9.958,50.759,Pitch
-0.025,0.556,0.611,286.685,12.766,40.040,Pitch
-0.096,0.597,0.622,238.997,8.496,44.153,Pitch
0.008,0.670,0.318,75.950,-17.622,9.371,Pitch
0.117,0.726,0.428,-55.877,-26.285,-24.763,Pitch
0.136,0.719,0.676,-205.791,-7.490,-31.815,Pitch
0.062,0.642,0.640,-286.685,18.139,-39.979,Pitch
-0.092,0.303,1.023,-286.685,34.239,-48.107,Pitch
-0.174,0.096,1.149,-286.685,14.735,-53.147,Pitch
-0.110,-0.085,1.253,-286.685,2.914,-36.006,Pitch
-0.029,-0.469,1.052,-286.685,11.970,-22.225,Pitch
0.097,-1.182,0.542,80.141,-33.075,-11.769,Pitch
0.083,-0.425,1.179,286.685,-27.081,-3.369,Pitch
0.120,-0.028,1.325,286.685,-31.579,-4.655,Pitch
0.037,0.336,0.912,286.685,-27.624,2.818,Pitch
0.038,0.484,0.605,286.685,4.769,48.807,Pitch
-0.091,0.532,0.584,286.685,12.443,56.963,Pitch
0.092,0.673,0.323,286.038,2.135,14.945,Pitch
0.059,0.664,0.272,127.986,-9.721,-13.449,Pitch
-0.013,0.773,0.345,33.197,-29.628,-20.641,Pitch
0.023,0.915,0.622,-124.198,-34.475,-22.689,Pitch
0.037,0.933,0.741,-286.685,5.521,-37.537,Pitch
0.138,0.761,0.826,-286.685,34.615,-52.019,Pitch
0.113,0.565,0.847,-286.685,65.249,-35.315,Pitch
-0.082,-0.120,1.171,-286.685,17.185,1.278,Pitch
-0.119,-0.512,0.937,-286.685,-14.998,17.754,Pitch
-0.256,-0.792,0.790,-164.465,-4.655,-19.372,Pitch
0.029,-0.409,1.047,265.108,-45.894,-38.447,Pitch
0.122,-0.032,1.234,286.685,-46.891,-4.392,Pitch
0.208,0.416,1.000,286.685,-27.370,1.339,Pitch
0.137,0.397,0.768,286.685,3.526,37.336,Pitch
-0.150,0.568,0.729,286.685,28.612,49.271,Pitch
-0.152,0.649,0.425,257.049,-2.844,21.516,Pitch
-0.053,0.687,0.299,101.220,-28.639,4.655,Pitch
0.067,0.750,0.328,22.645,-36.208,-0.271,Pitch
0.204,0.862,0.654,-132.134,-24.745,-23.179,Pitch
0.124,0.950,0.674,-286.685,34.309,-36.295,Pitch
0.029,0.815,0.898,-286.685,50.575,-34.711,Pitch
-0.130,0.343,1.004,-286.685,23.993,-45.290,Pitch
-0.210,-0.264,1.104,-286.685,-10.824,-4.156,Pitch
-0.128,-0.547,0.996,-286.685,4.891,-4.690,Pitch
-0.037,-0.909,0.568,-270.182,48.904,-29.925,Pitch
0.099,-0.657,0.891,159.425,-0.368,-13.913,Pitch
0.006,-0.485,1.107,286.475,-57.496,26.827,Pitch
-0.099,-0.540,0.779,286.685,-46.576,7.359,Pitch
-0.008,0.010,1.097,286.685,-45.272,-9.502,Pitch
0.073,0.252,0.954,286.685,-56.901,37.590,Pitch
0.143,0.522,0.497,286.685,-52.141,5.469,Pitch
0.167,0.781,0.188,286.685,6.352,-23.476,Pitch
0.060,0.666,0.361,280.997,19.521,-31.465,Pitch
-0.044,0.824,0.576,69.125,10.185,2.896,Pitch
-0.116,0.998,0.696,-227.701,10.850,-3.027,Pitch
-0.120,1.109,0.737,-286.685,-10.229,-14.709,Pitch
0.127,0.695,0.750,-286.685,18.253,-22.391,Pitch
0.205,-0.004,1.156,-286.685,45.903,-3.325,Pitch
0.113,-0.351,0.945,-286.685,60.200,10.876,Pitch
-0.190,-0.357,0.927,-255.106,18.603,6.431,Pitch
-0.248,-0.712,0.857,55.265,-33.827,-20.335,Pitch
0.050,-0.494,1.064,286.685,-51.800,-14.096,Pitch
0.110,0.098,1.071,286.685,-41.195,-17.806,Pitch
0.203,0.567,1.025,286.685,-14.752,-10.334,Pitch
0.045,0.604,0.659,286.685,24.701,32.051,Pitch
0.025,0.667,0.694,286.685,-2.266,20.545,Pitch
-0.038,0.725,0.503,253.181,-3.334,6.431,Pitch
-0.096,0.836,0.502,38.194,-8.916,13.624,Pitch
0.002,0.902,0.483,-197.776,-30.634,3.203,Pitch
0.068,0.967,0.596,-286.650,-19.574,-3.351,Pitch
0.222,0.889,0.672,-286.685,39.900,-7.875,Pitch
0.035,0.305,0.837,-286.685,24.692,-14.858,Pitch
0.026,-0.165,0.950,-286.685,11.016,-13.387,Pitch
-0.082,-0.248,1.046,-286.685,13.195,3.404,Pitch
-0.164,-1.091,0.448,-279.247,32.917,-33.880,Pitch
-0.133,-0.953,0.764,240.424,-10.062,-42.166,Pitch
0.201,-0.334,1.311,286.685,-53.261,-46.524,Pitch
0.195,-0.122,1.320,286.685,8.549,-29.759,Pitch
0.074,0.327,0.905,286.685,72.607,-16.048,Pitch
-0.108,0.498,0.617,286.685,21.333,13.764,Pitch
-0.195,0.569,0.501,286.685,-5.084,20.011,Pitch
-0.107,0.702,0.423,278.189,3.675,10.509,Pitch
0.051,0.722,0.247,46.620,-3.745,-1.601,Pitch
0.097,0.780,0.316,-141.969,2.791,-1.487,Pitch
-0.005,0.835,0.692,-279.388,7.595,-10.264,Pitch
-0.141,0.853,0.755,-286.685,1.138,-22.470,Pitch
-0.108,0.470,1.014,-286.685,-15.006,-24.710,Pitch
-0.129,0.069,0.994,-286.685,-28.271,-0.157,Pitch
0.060,-0.495,0.808,-286.685,-57.260,33.696,Pitch
0.036,-0.868,0.929,-149.564,-1.566,41.904,Pitch
-0.048,-0.766,1.105,127.041,-0.788,-17.281,Pitch
-0.067,-0.473,1.200,247.931,-12.276,1.540,Pitch
0.015,-0.341,1.137,286.685,-34.632,-12.355,Pitch
0.092,0.050,0.943,286.685,-0.087,4.323,Pitch
0.053,0.385,0.881,286.685,-2.100,18.042,Pitch
0.085,0.535,0.563,286.685,-33.241,10.876,Pitch
-0.026,0.746,0.403,286.685,-13.352,9.511,Pitch
-0.024,0.734,0.359,168.954,5.609,22.855,Pitch
-0.077,0.822,0.303,48.370,-15.155,34.842,Pitch
0.020,0.915,0.438,-85.155,-30.406,29.470,Pitch
0.126,1.047,0.761,-280.927,27.055,-7.096,Pitch
0.175,1.103,0.749,-286.685,53.979,-27.177,Pitch
0.067,0.732,0.889,-286.685,41.816,-22.225,Pitch
-0.042,-0.041,0.947,-286.685,56.752,-6.396,Pitch
-0.144,-0.449,0.818,-286.685,5.644,8.461,Pitch
-0.180,-0.531,0.633,-286.685,23.327,-11.156,Pitch
0.051,-1.127,0.701,-10.150,22.365,-60.620,Pitch
0.178,-0.539,1.191,239.085,-30.800,-29.698,Pitch
0.142,-0.439,0.971,286.501,-31.692,-16.074,Pitch
0.143,-0.268,0.970,286.685,-12.906,-49.577,Pitch
0.024,0.325,0.699,286.685,24.631,-6.379,Pitch
-0.192,0.830,0.887,286.685,2.223,14.158,Pitch
-0.030,0.821,0.591,286.685,-44.888,-2.809,Pitch
0.023,0.766,0.480,222.416,15.453,-8.540,Pitch
0.067,0.769,0.377,5.871,11.060,-5.189,Pitch
0.012,0.764,0.510,-151.357,0.639,2.345,Pitch
-0.058,0.840,0.847,-281.199,13.528,-0.341,Pitch
-0.198,0.915,0.657,-286.685,15.741,-4.384,Pitch
-0.054,0.572,0.868,-286.685,1.067,-29.531,Pitch
0.111,0.055,0.978,-286.685,-10.071,4.279,Pitch
0.089,-0.399,0.777,-286.685,-27.116,61.976,Pitch
-0.080,-0.823,0.933,-205.984,1.033,19.749,Pitch
-0.210,-0.726,0.997,92.015,-12.294,-40.705,Pitch
-0.038,-0.502,1.108,271.775,-40.862,-34.702,Pitch
0.159,-0.195,1.203,286.685,-25.121,-35.131,Pitch
0.212,0.394,0.985,286.685,38.316,-20.003,Pitch
0.119,0.644,0.861,286.685,18.865,-8.873,Pitch
-0.049,0.746,0.438,286.685,15.908,6.151,Pitch
-0.164,0.821,0.488,285.994,66.859,-4.646,Pitch
-0.139,0.755,0.188,63.569,6.597,5.985,Pitch
-0.115,0.674,0.270,-35.368,-27.536,11.637,Pitch
0.004,0.771,0.422,-186.288,-38.728,-8.654,Pitch
0.052,0.931,0.561,-286.685,-24.544,-30.380,Pitch
0.004,0.917,0.691,-286.685,-2.765,-30.380,Pitch
-0.024,0.580,0.902,-286.685,-1.164,-25.778,Pitch
-0.034,-0.253,0.969,-286.685,-43.076,25.778,Pitch
-0.030,-0.505,0.911,-286.685,-36.068,22.225,Pitch
-0.119,-1.015,0.516,-284.489,17.509,-5.425,Pitch
-0.039,-0.966,1.033,188.143,-2.949,-14.009,Pitch
0.237,-0.387,1.272,286.685,-38.491,-8.444,Pitch
0.095,-0.220,1.059,286.685,-13.134,-2.616,Pitch
0.085,0.322,1.077,286.685,12.434,-0.560,Pitch
-0.175,0.624,0.636,286.685,15.951,13.930,Pitch
-0.041,0.650,0.646,286.685,-25.384,-6.597,Pitch
-0.043,0.778,0.672,281.006,29.995,-10.491,Pitch
0.067,0.776,0.161,28.157,37.502,-9.704,Pitch
0.007,0.663,0.288,-107.923,1.855,-0.534,Pitch
-0.132,0.726,0.426,-282.861,-17.622,10.325,Pitch
-0.149,0.702,0.574,-286.685,-64.776,3.727,Pitch
-0.064,0.358,0.791,-286.685,-87.815,-4.069,Pitch
0.261,-0.075,1.202,-286.685,-24.736,-22.190,Pitch
0.306,-0.113,1.392,-286.685,52.316,3.579,Pitch
0.006,-0.383,1.285,-286.685,53.559,9.739,Pitch
-0.116,-0.788,1.061,-63.569,32.034,-7.298,Pitch
-0.168,-0.553,1.126,197.102,-23.800,6.352,Pitch
-0.013,-0.399,1.075,286.598,-54.084,-5.171,Pitch
0.195,-0.083,1.074,286.685,2.485,18.839,Pitch
0.043,0.198,0.969,286.685,44.686,42.420,Pitch
0.032,0.392,0.825,286.685,7.779,29.146,Pitch
0.018,0.703,0.632,286.685,33.338,31.728,Pitch
-0.118,0.744,0.453,268.992,38.658,15.706,Pitch
-0.138,0.655,0.355,98.429,-8.689,7.630,Pitch
-0.036,0.651,0.275,-11.672,-27.186,24.132,Pitch
0.059,0.759,0.206,-178.867,-33.583,13.431,Pitch
0.046,0.723,0.716,-286.685,-39.891,-49.193,Pitch
0.027,0.485,1.009,-286.685,-0.061,-81.419,Pitch
-0.007,0.097,1.151,-286.685,23.564,-54.206,Pitch
-0.064,0.027,1.448,-286.685,-15.330,-9.135,Pitch
-0.028,-0.331,1.403,-286.685,21.936,-2.695,Pitch
-0.034,-0.796,0.727,-286.186,46.830,-17.316,Pitch
-0.089,-1.061,0.792,92.225,11.804,-3.124,Pitch
0.057,-0.504,0.808,284.690,-40.591,6.431,Pitch
-0.018,-0.151,1.017,286.685,-48.431,-1.190,Pitch
0.079,0.009,0.933,286.685,-33.311,4.174,Pitch
0.066,0.229,0.700,286.685,10.859,31.579,Pitch
-0.059,0.695,0.502,286.685,20.764,25.664,Pitch
0.033,0.959,0.471,286.685,18.891,-4.489,Pitch
-0.061,0.797,0.574,225.732,5.985,-4.883,Pitch
-0.124,0.811,0.657,-128.074,-11.751,1.977,Pitch
-0.173,0.976,0.582,-286.685,-15.951,-20.554,Pitch
-0.085,0.929,0.658,-286.685,-39.874,-55.807,Pitch
0.090,0.502,0.787,-286.685,-15.356,-55.160,Pitch
0.109,-0.193,0.907,-286.685,-29.400,0.438,Pitch
0.069,-0.455,0.689,-280.892,-46.629,52.211,Pitch
-0.136,-0.779,0.815,-64.374,-10.736,19.696,Pitch
-0.103,-0.285,1.510,284.095,-14.009,-27.746,Pitch
-0.023,-0.098,1.350,286.685,14.306,-11.865,Pitch
0.113,0.218,1.225,286.685,26.583,-18.944,Pitch
0.226,0.520,0.946,286.685,34.545,14.350,Pitch
-0.110,0.862,0.764,286.685,34.921,41.116,Pitch
-0.111,0.766,0.348,286.598,17.798,0.954,Pitch
-0.073,0.701,0.495,139.956,29.785,12.863,Pitch
-0.204,0.640,0.263,-180.985,-5.311,37.896,Pitch
-0.064,0.900,0.186,-286.685,-38.544,-13.667,Pitch
0.033,1.008,0.574,-286.685,-49.534,-36.278,Pitch
0.101,0.758,0.951,-286.685,-45.316,-46.209,Pitch
0.212,-0.034,0.913,-286.685,-17.404,13.038,Pitch
-0.005,-0.517,0.941,-286.685,-8.785,25.034,Pitch
-0.075,-0.702,0.787,-286.685,27.353,-19.451,Pitch
-0.020,-1.275,0.401,27.702,-16.292,-26.049,Pitch
0.109,-0.355,1.544,286.685,-8.741,-12.967,Pitch
0.239,-0.176,1.331,286.685,20.606,6.099,Pitch
0.042,0.020,0.948,286.685,20.274,27.353,Pitch
0.063,0.547,0.771,286.685,47.425,32.480,Pitch
-0.216,0.600,0.560,286.685,51.546,46.952,Pitch
-0.187,0.675,0.469,286.685,2.441,31.299,Pitch
-0.058,0.747,0.429,245.035,-29.365,-0.613,Pitch
0.074,0.710,0.499,-29.776,-11.550,-18.979,Pitch
0.088,0.813,0.384,-275.704,-1.260,-30.520,Pitch
-0.004,0.963,0.584,-286.685,-8.312,-49.175,Pitch
-0.039,0.677,0.774,-286.685,-39.926,-46.926,Pitch
-0.051,0.014,0.812,-286.685,-65.861,9.984,Pitch
-0.032,-0.242,1.080,-286.685,-86.170,21.070,Pitch
0.137,-0.362,1.423,-285.451,-21.971,15.759,Pitch
-0.062,-0.798,0.999,-121.494,13.038,5.679,Pitch
0.160,-0.631,0.969,118.134,6.738,9.564,Pitch
-0.102,-0.585,0.914,278.714,-11.060,28.472,Pitch
0.061,-0.114,1.136,286.685,-5.609,-11.130,Pitch
0.175,0.138,0.980,286.685,11.200,-0.385,Pitch
0.208,0.350,0.711,286.685,9.249,17.220,Pitch
0.056,0.798,0.503,286.685,57.243,-1.199,Pitch
-0.113,0.781,0.391,286.685,33.425,13.458,Pitch
-0.116,0.743,0.308,124.976,-2.931,22.120,Pitch
-0.124,0.715,0.336,-4.401,-22.365,32.751,Pitch
-0.051,0.853,0.493,-205.887,-39.576,24.001,Pitch
0.062,0.997,0.494,-286.685,-42.263,-25.550,Pitch
0.164,1.003,0.907,-286.685,-42.088,-36.540,Pitch
0.110,0.178,0.894,-286.685,40.670,3.378,Pitch
-0.023,-0.440,0.866,-286.685,-30.835,25.191,Pitch
-0.093,-0.443,1.254,-286.685,31.771,-13.948,Pitch
-0.106,-0.694,0.847,-286.685,24.815,-40.906,Pitch
0.053,-1.249,0.553,97.781,-21.394,-30.573,Pitch
0.338,-0.481,1.349,286.685,-9.511,-14.350,Pitch
0.326,-0.327,1.257,286.685,48.178,10.859,Pitch
0.023,0.096,0.863,286.685,63.516,-14.385,Pitch
-0.071,0.534,0.613,286.685,79.590,11.489,Pitch
-0.123,0.579,0.384,286.685,6.186,42.901,Pitch
-0.128,0.642,0.471,286.685,-15.181,24.351,Pitch
0.017,0.649,0.280,139.160,-25.532,-19.714,Pitch
0.086,0.726,0.599,-135.284,-7.604,-13.055,Pitch
-0.004,0.849,0.446,-286.685,-12.504,-32.445,Pitch
-0.044,0.752,0.777,-286.685,-20.344,-34.414,Pitch
-0.177,0.244,1.038,-286.685,-57.697,-8.680,Pitch
-0.006,-0.334,1.033,-286.685,-102.489,57.409,Pitch
0.038,-0.641,1.158,-224.726,-2.371,5.670,Pitch
0.040,-0.613,1.206,-40.259,12.171,-18.760,Pitch
0.221,-0.569,1.007,183.242,-19.985,-26.416,Pitch
0.026,-0.315,0.981,286.685,11.323,-6.668,Pitch
-0.024,-0.028,1.009,286.685,21.788,-8.601,Pitch
0.029,0.295,0.938,286.685,54.845,3.062,Pitch
-0.023,0.700,0.583,286.685,71.295,33.364,Pitch
0.070,0.768,0.420,286.685,10.876,11.025,Pitch
-0.010,0.834,0.439,275.835,43.260,5.679,Pitch
-0.006,0.789,0.305,55.615,8.225,9.529,Pitch
-0.019,0.699,0.577,-130.742,-5.215,8.601,Pitch
-0.098,0.807,0.542,-262.299,-8.155,-2.826,Pitch
-0.046,0.907,0.595,-286.685,-22.584,-23.686,Pitch
0.041,0.686,0.790,-286.685,-6.195,-22.295,Pitch
0.150,-0.029,0.840,-286.685,-34.265,-3.824,Pitch
-0.069,-0.433,0.885,-286.685,-28.744,32.821,Pitch
-0.174,-0.781,0.823,-286.685,41.982,-7.070,Pitch
-0.138,-1.003,0.888,79.844,18.497,-49.866,Pitch
0.045,-0.561,1.350,286.685,-37.485,-28.289,Pitch
0.162,-0.387,1.132,286.685,-25.261,-12.731,Pitch
0.198,0.032,1.078,286.685,-4.016,10.150,Pitch
0.117,0.391,0.604,286.685,20.247,39.104,Pitch
-0.042,0.503,0.825,286.685,45.255,27.799,Pitch
-0.053,0.753,0.386,286.685,13.361,6.729,Pitch
-0.093,0.784,0.245,256.804,-10.351,-0.971,Pitch
0.015,0.721,0.320,5.722,-11.935,-6.825,Pitch
0.008,0.729,0.220,-157.307,-16.625,-5.259,Pitch
0.001,0.831,0.431,-286.527,-2.415,-29.347,Pitch
-0.034,0.778,0.671,-286.685,0.551,-35.044,Pitch
-0.046,0.509,0.967,-286.685,-3.255,-32.839,Pitch
-0.059,0.015,1.158,-286.685,-37.914,3.237,Pitch
-0.098,-0.427,1.114,-286.685,-26.469,40.749,Pitch
-0.176,-0.981,0.880,-213.693,2.503,4.532,Pitch
-0.074,-0.798,1.232,96.119,-25.436,-28.070,Pitch
0.081,-0.369,1.460,286.685,-32.603,11.585,Pitch
0.243,-0.138,1.248,286.685,-28.612,7.884,Pitch
0.218,0.150,0.965,286.685,-8.794,61.513,Pitch
0.100,0.506,0.612,286.685,-51.765,73.150,Pitch
-0.001,0.628,0.272,286.685,-13.904,51.450,Pitch
0.009,0.579,0.422,286.169,-32.944,12.705,Pitch
0.065,0.630,0.337,192.360,-17.841,8.453,Pitch
0.063,0.685,0.279,8.575,-8.767,-3.561,Pitch
0.099,0.837,0.358,-182.376,-28.683,-21.823,Pitch
0.130,0.859,0.650,-286.685,-5.985,-47.364,Pitch
0.133,0.760,0.682,-286.685,33.425,-43.339,Pitch
0.027,0.245,0.916,-286.685,62.790,-31.614,Pitch
-0.061,-0.218,1.148,-286.685,5.285,-9.538,Pitch
0.005,-0.387,1.290,-286.685,-3.553,4.996,Pitch
-0.086,-1.096,0.650,-277.008,37.188,-11.165,Pitch
-0.005,-0.609,1.022,285.609,-26.653,-41.720,Pitch
0.151,0.196,1.625,286.685,-16.118,-39.471,Pitch
0.151,0.560,1.184,286.685,-23.555,-5.460,Pitch
0.163,0.597,0.874,286.685,-52.062,25.261,Pitch
-0.022,0.546,0.440,286.685,20.545,60.585,Pitch
0.037,0.568,0.213,286.685,10.920,19.626,Pitch
0.015,0.607,0.124,201.504,5.040,-4.051,Pitch
0.001,0.736,0.129,-77.910,-13.703,-23.940,Pitch
0.041,0.603,0.345,-252.070,-24.474,-39.708,Pitch
0.067,0.690,0.520,-286.685,-17.990,-38.465,Pitch
0.138,0.686,0.862,-286.685,6.685,-35.928,Pitch
0.271,0.288,1.160,-286.685,38.334,14.989,Pitch
0.034,0.101,1.343,-286.685,62.589,28.368,Pitch
-0.192,-0.358,1.486,-286.685,31.080,26.399,Pitch
-0.111,-0.651,1.228,-213.710,17.675,0.726,Pitch
0.084,-0.603,1.133,165.069,-33.276,-18.638,Pitch
0.012,-0.401,1.198,286.685,-55.029,27.895,Pitch
0.204,-0.018,1.027,286.685,-42.516,20.597,Pitch
0.150,0.382,0.562,286.685,-32.139,42.779,Pitch
0.018,0.375,0.457,286.685,-38.518,63.105,Pitch
-0.025,0.589,0.380,286.685,-55.335,51.065,Pitch
0.012,0.677,0.304,248.736,-42.770,21.831,Pitch
0.145,0.638,0.237,41.405,-23.879,-21.105,Pitch
0.199,0.653,0.272,-74.209,-12.119,-27.256,Pitch
0.152,0.670,0.558,-222.268,0.184,-25.664,Pitch
0.177,0.584,0.908,-286.685,61.443,-25.664,Pitch
0.004,0.594,1.034,-286.685,44.153,-22.698,Pitch
-0.047,0.112,1.282,-286.685,32.086,5.338,Pitch
-0.009,-0.184,1.652,-286.685,23.292,13.309,Pitch
0.027,-0.688,1.096,-286.685,38.045,17.141,Pitch
-0.091,-1.364,0.136,-208.355,62.545,-18.270,Pitch
-0.092,-0.344,1.201,286.685,-73.456,-35.919,Pitch
0.034,-0.036,1.351,286.685,-61.591,-35.954,Pitch
0.103,0.127,0.784,286.685,-37.756,-13.545,Pitch
0.198,0.584,0.753,286.685,-33.976,-12.425,Pitch
0.079,0.683,0.358,286.685,14.166,23.651,Pitch
0.029,0.613,0.308,286.685,4.025,5.110,Pitch
0.021,0.643,0.399,206.762,-1.505,-12.267,Pitch
-0.046,0.733,0.417,-71.785,8.575,-15.908,Pitch
0.019,0.873,0.530,-286.685,8.864,-17.710,Pitch
0.175,0.879,0.623,-286.685,14.578,-23.433,Pitch
0.237,0.616,0.878,-286.685,39.629,-5.040,Pitch
0.089,-0.130,1.144,-286.685,60.261,19.128,Pitch
-0.164,-0.526,1.140,-286.685,42.612,7.551,Pitch
-0.213,-0.573,1.254,-71.067,-2.161,-12.233,Pitch
-0.133,-0.649,1.136,155.837,-50.260,-11.384,Pitch
0.145,-0.168,1.304,286.685,-56.298,-19.110,Pitch
0.218,0.139,1.143,286.685,-42.569,3.509,Pitch
0.262,0.427,0.892,286.685,-47.478,10.797,Pitch
0.011,0.469,0.432,286.685,-17.132,35.735,Pitch
-0.071,0.521,0.355,286.685,-10.596,3.036,Pitch
-0.091,0.703,0.345,255.798,-23.581,8.339,Pitch
0.057,0.707,0.230,50.969,-8.208,4.970,Pitch
0.157,0.701,0.224,-198.844,-4.156,4.655,Pitch
0.171,0.770,0.479,-286.685,16.538,2.424,Pitch
0.156,0.733,0.753,-286.685,26.618,-5.574,Pitch
-0.014,0.462,1.020,-286.685,61.854,-11.174,Pitch
-0.040,-0.237,1.175,-286.685,48.125,-13.842,Pitch
-0.060,-0.530,1.109,-286.685,34.597,21.044,Pitch
-0.018,-0.601,1.035,-286.685,37.931,15.916,Pitch
0.055,-1.279,0.979,-55.702,21.446,-39.086,Pitch
-0.060,-0.715,1.145,175.061,-44.572,-20.405,Pitch
0.025,-0.550,1.086,285.215,-63.866,-30.747,Pitch
0.018,-0.341,0.981,286.685,-46.349,-38.028,Pitch
0.137,0.204,0.851,286.685,-30.809,-19.022,Pitch
0.122,0.421,0.380,286.685,-47.241,11.191,Pitch
0.077,0.427,0.142,286.685,-17.132,-2.398,Pitch
0.106,0.661,0.421,286.685,31.386,-31.474,Pitch
0.032,0.708,0.484,206.185,-1.024,-15.199,Pitch
-0.006,0.746,0.374,-28.306,3.237,-3.211,Pitch
-0.017,0.890,0.658,-187.250,-2.634,14.735,Pitch
0.069,0.989,0.704,-286.685,8.374,21.639,Pitch
0.190,0.816,0.908,-286.685,16.966,23.188,Pitch
0.199,0.326,0.911,-286.685,72.205,46.690,Pitch
-0.068,-0.361,1.111,-286.685,93.004,26.626,Pitch
-0.204,-0.626,0.989,-286.300,46.550,15.794,Pitch
-0.231,-0.805,1.061,37.940,8.120,-33.346,Pitch
0.002,-0.467,1.204,209.764,-33.268,-32.699,Pitch
0.073,-0.240,1.255,286.685,-50.715,-11.699,Pitch
0.192,0.222,1.024,286.685,-65.555,-1.750,Pitch
0.212,0.367,0.792,286.685,-55.440,7.070,Pitch
0.025,0.537,0.466,286.685,-67.296,-1.470,Pitch
-0.107,0.935,0.549,286.685,-53.961,-8.374,Pitch
-0.067,0.558,0.321,209.326,-12.381,-11.830,Pitch
0.118,0.881,0.314,-112.332,17.185,-7.700,Pitch
0.177,0.868,0.260,-286.668,31.824,7.551,Pitch
0.202,0.932,0.430,-286.685,22.514,14.184,Pitch
0.221,0.743,0.729,-286.685,20.834,35.796,Pitch
-0.080,-0.061,0.835,-286.685,81.366,34.283,Pitch
-0.194,-0.321,1.053,-286.685,62.772,8.453,Pitch
-0.066,-0.476,1.033,-286.685,29.593,-4.200,Pitch
0.017,-0.902,0.635,-169.496,17.255,-1.820,Pitch
0.018,-0.402,1.321,286.685,-60.279,-15.059,Pitch
0.197,0.227,1.374,286.685,-45.789,-26.442,Pitch
0.063,0.389,0.852,286.685,-25.183,2.546,Pitch
0.011,0.609,0.682,286.685,-56.936,-13.326,Pitch
-0.053,0.643,0.472,271.092,-58.170,43.811,Pitch
0.045,0.497,0.345,175.726,-24.526,4.515,Pitch
0.157,0.638,0.258,70.481,-25.462,-6.396,Pitch
0.218,0.728,0.454,-91.000,-3.780,-14.682,Pitch
0.103,0.865,0.882,-278.119,23.144,-18.760,Pitch
0.033,0.827,1.022,-286.685,15.767,-15.295,Pitch
0.013,0.631,0.859,-286.685,39.664,-4.182,Pitch
-0.103,-0.021,1.114,-286.685,55.116,24.369,Pitch
0.063,-0.514,0.985,-286.685,20.904,30.354,Pitch
0.115,-0.682,0.922,-256.156,30.651,18.515,Pitch
-0.060,-0.777,0.865,25.716,9.310,-32.296,Pitch
-0.121,-0.385,1.151,284.515,-58.327,-8.146,Pitch
-0.001,-0.167,1.099,286.685,-54.127,-30.739,Pitch
0.123,0.274,1.175,286.685,-33.941,-24.246,Pitch
0.112,0.231,0.593,286.685,-5.871,-12.311,Pitch
0.180,0.535,0.496,286.685,-78.890,-25.427,Pitch
0.147,0.786,0.357,286.685,-39.786,-16.065,Pitch
0.032,0.704,0.379,181.274,-13.615,-12.941,Pitch
-0.009,0.692,0.426,-48.213,-11.699,-5.793,Pitch
-0.019,0.817,0.677,-212.214,-12.119,-3.369,Pitch
0.061,0.820,0.839,-286.685,-0.551,-1.689,Pitch
0.173,0.845,0.797,-286.685,35.114,23.581,Pitch
0.109,0.175,0.864,-286.685,42.394,66.001,Pitch
-0.037,-0.218,1.021,-286.685,14.166,38.281,Pitch
-0.101,-0.434,1.110,-286.685,4.182,31.631,Pitch
-0.136,-1.111,0.539,-182.831,5.198,-22.802,Pitch
-0.007,-0.509,1.248,286.186,-20.300,-38.815,Pitch
0.187,-0.146,1.399,286.685,-31.465,-46.200,Pitch
0.219,0.273,0.984,286.685,-15.645,-6.414,Pitch
0.218,0.815,0.742,286.685,-11.620,8.137,Pitch
-0.027,0.562,0.491,286.685,-3.220,-12.329,Pitch
-0.078,0.658,0.480,286.685,4.366,-38.570,Pitch
-0.142,0.576,0.349,243.390,-15.759,-40.766,Pitch
0.073,0.808,0.139,-82.381,-33.381,-22.251,Pitch
0.095,0.732,0.216,-165.200,-53.655,-4.690,Pitch
0.129,0.880,0.671,-284.480,-51.109,-1.977,Pitch
0.205,0.872,0.895,-286.685,-15.873,44.030,Pitch
0.061,0.509,0.928,-286.685,65.074,97.834,Pitch
-0.114,0.027,1.110,-286.685,96.276,74.848,Pitch
-0.149,-0.373,0.973,-286.685,29.663,49.149,Pitch
0.006,-0.740,0.910,-187.451,9.651,0.989,Pitch
0.014,-0.642,1.168,60.559,5.451,-28.192,Pitch
0.112,-0.493,1.142,284.261,-46.821,25.480,Pitch
0.101,0.006,1.034,286.685,-51.336,-5.609,Pitch
0.049,0.230,0.862,286.685,-26.714,-8.864,Pitch
-0.082,0.653,0.465,286.685,-18.296,17.938,Pitch
0.010,0.651,0.546,286.685,-42.201,10.386,Pitch
0.222,0.755,0.463,189.595,-6.860,-2.905,Pitch
0.194,0.766,0.405,-86.844,9.896,11.340,Pitch
0.143,0.719,0.494,-238.464,1.365,12.373,Pitch
-0.024,0.672,0.699,-286.685,24.771,16.651,Pitch
-0.093,0.439,0.858,-286.685,17.220,-4.095,Pitch
0.027,0.046,0.987,-286.685,40.862,9.179,Pitch
0.090,-0.304,0.946,-286.685,46.261,19.233,Pitch
0.125,-0.596,1.221,-286.685,66.535,-7.166,Pitch
-0.079,-0.842,0.886,-115.439,51.800,-15.715,Pitch
-0.222,-0.820,1.008,170.083,-8.715,-30.231,Pitch
-0.064,-0.305,1.352,286.685,-44.511,-37.590,Pitch
0.057,-0.080,0.937,286.685,-36.391,-39.112,Pitch
0.233,0.162,1.029,286.685,-21.263,-53.349,Pitch
0.203,0.438,0.762,286.685,41.072,0.219,Pitch
0.115,0.333,0.396,286.685,18.139,13.177,Pitch
-0.095,0.624,0.378,286.685,56.131,30.441,Pitch
-0.186,0.658,0.383,198.940,33.084,23.301,Pitch
-0.184,0.828,0.476,-46.428,-10.701,2.205,Pitch
-0.056,0.893,0.504,-282.835,-41.186,15.750,Pitch
0.031,0.867,0.588,-286.685,-50.803,17.868,Pitch
0.168,0.742,0.903,-286.685,-12.845,34.064,Pitch
0.088,0.121,1.142,-286.685,28.079,16.284,Pitch
-0.061,-0.342,1.304,-286.685,60.821,-16.931,Pitch
-0.117,-0.596,1.140,-285.810,42.901,-12.679,Pitch
0.024,-0.606,0.936,-7.481,-4.760,-15.155,Pitch
0.172,-0.388,1.192,285.696,-60.620,-22.199,Pitch
0.174,-0.087,1.236,286.685,-43.951,0.866,Pitch
0.154,0.152,1.000,286.685,-30.494,0.114,Pitch
0.003,0.262,0.369,286.685,14.542,25.839,Pitch
-0.098,0.542,0.331,286.685,-62.379,-20.624,Pitch
0.006,0.808,0.371,286.685,-62.597,-19.810,Pitch
0.099,0.846,0.326,179.681,-20.913,5.959,Pitch
0.144,0.956,0.479,-198.861,38.859,13.974,Pitch
0.060,1.029,0.444,-286.685,20.851,16.651,Pitch
0.075,0.911,0.684,-286.685,20.177,8.094,Pitch
0.040,0.191,0.940,-286.685,52.938,25.139,Pitch
0.002,-0.110,0.890,-286.685,83.353,30.205,Pitch
-0.047,-0.241,0.926,-286.685,86.537,21.254,Pitch
-0.118,-0.634,0.774,-286.685,84.044,-9.039,Pitch
-0.024,-1.219,0.700,19.600,7.017,-29.610,Pitch
-0.067,-0.574,1.176,282.765,-62.178,-21.201,Pitch
-0.082,-0.429,1.217,286.685,-64.934,-24.439,Pitch
0.026,-0.049,1.163,286.685,-63.315,-17.596,Pitch
0.109,0.336,0.905,286.685,-27.317,11.847,Pitch
0.148,0.564,0.561,286.685,-45.132,3.386,Pitch
0.096,0.679,0.453,286.685,-59.693,-1.592,Pitch
0.029,0.661,0.397,283.946,-21.464,-8.925,Pitch
-0.008,0.757,0.266,-4.926,-13.659,-20.562,Pitch
-0.095,0.645,0.379,-208.504,-24.736,-9.730,Pitch
0.006,0.718,0.552,-286.685,-14.175,1.006,Pitch
0.111,0.661,0.735,-286.685,3.211,24.859,Pitch
0.210,0.542,0.876,-286.685,59.465,49.499,Pitch
0.155,0.230,1.054,-286.685,72.905,42.184,Pitch
-0.124,-0.458,1.089,-286.685,43.243,23.800,Pitch
-0.258,-0.827,0.913,-113.295,-7.648,-5.145,Pitch
-0.105,-0.476,1.302,159.950,-49.752,-36.216,Pitch
0.075,-0.268,1.282,285.950,-51.984,-14.026,Pitch
0.221,0.098,1.243,286.685,-12.801,-31.517,Pitch
0.226,0.311,1.052,286.685,26.329,-27.843,Pitch
0.139,0.386,0.823,286.685,13.221,-2.870,Pitch
0.053,0.661,0.395,286.685,-21.779,6.352,Pitch
-0.150,0.648,0.471,253.304,-31.456,18.331,Pitch
-0.026,0.666,0.457,96.801,-43.540,14.254,Pitch
0.109,0.786,0.479,-130.025,-7.052,13.099,Pitch
0.096,0.763,0.518,-284.156,5.696,-3.255,Pitch
0.143,0.609,0.657,-286.685,20.038,12.189,Pitch
0.072,0.382,0.766,-286.685,40.626,8.164,Pitch
-0.109,0.080,0.999,-286.685,65.643,-17.824,Pitch
-0.122,-0.260,1.182,-286.685,34.318,-20.825,Pitch
-0.070,-0.321,1.111,-286.685,49.088,-19.337,Pitch
-0.028,-1.043,0.661,-200.182,60.524,-32.760,Pitch
0.118,-0.672,1.136,242.454,-50.417,-8.706,Pitch
0.186,-0.264,1.267,286.685,-45.194,5.267,Pitch
-0.004,-0.145,1.155,286.685,-21.656,-2.581,Pitch
-0.033,0.271,0.906,286.685,-6.764,6.204,Pitch
-0.002,0.490,0.761,286.685,-40.049,34.064,Pitch
-0.051,0.798,0.605,286.685,-60.550,9.695,Pitch
0.130,0.718,0.332,272.650,-11.506,-9.695,Pitch
0.121,0.698,0.359,73.544,6.090,-7.385,Pitch
0.043,0.785,0.479,-62.825,11.016,-17.246,Pitch
0.027,0.814,0.679,-181.318,20.466,-15.374,Pitch
-0.085,0.819,0.683,-286.685,15.278,-5.285,Pitch
0.041,0.714,0.641,-286.685,9.599,-17.439,Pitch
0.081,0.252,0.890,-286.685,27.160,-8.347,Pitch
0.087,-0.072,1.056,-286.685,31.649,17.798,Pitch
-0.095,-0.463,1.124,-286.685,21.210,21.700,Pitch
-0.242,-0.560,1.131,-138.644,15.024,-19.285,Pitch
-0.066,-0.469,1.088,-12.740,-8.243,-18.620,Pitch
-0.058,-0.426,1.179,186.786,-34.676,0.499,Pitch
0.156,-0.199,1.098,286.685,-57.514,9.546,Pitch
0.157,0.070,0.976,286.685,-21.105,27.781,Pitch
0.116,0.375,0.720,286.685,-37.196,38.062,Pitch
-0.025,0.608,0.562,286.685,-39.585,12.364,Pitch
-0.058,0.726,0.550,286.685,-38.684,-4.270,Pitch
-0.026,0.733,0.498,277.427,-34.624,1.689,Pitch
0.085,0.791,0.387,47.101,-22.374,-5.372,Pitch
0.148,0.765,0.378,-202.178,-7.639,-10.351,Pitch
0.132,0.808,0.577,-286.685,5.880,-16.083,Pitch
0.088,0.598,0.799,-286.685,10.395,-18.559,Pitch
-0.022,0.118,0.982,-286.685,63.438,-15.601,Pitch
-0.049,-0.105,1.180,-286.685,25.638,-12.364,Pitch
0.005,-0.235,1.276,-286.685,16.844,10.929,Pitch
0.011,-0.662,0.867,-286.685,39.979,-1.846,Pitch
-0.075,-0.936,0.838,126.402,-12.906,-16.266,Pitch
0.001,-0.176,1.483,286.685,-60.060,-29.444,Pitch
0.032,-0.179,1.169,286.685,-54.355,-27.519,Pitch
0.152,0.130,0.950,286.685,-25.970,-23.608,Pitch
0.068,0.364,0.514,286.685,22.487,36.768,Pitch
0.064,0.631,0.485,286.685,4.086,22.829,Pitch
0.110,0.709,0.323,286.685,-35.612,17.745,Pitch
0.097,0.745,0.359,239.295,-6.755,-2.275,Pitch
0.011,0.777,0.487,67.524,9.030,-2.756,Pitch
-0.026,0.906,0.542,-53.926,6.685,-14.175,Pitch
-0.018,1.020,0.638,-245.665,21.700,-23.704,Pitch
-0.013,0.966,0.781,-286.685,4.427,-36.199,Pitch
0.095,0.826,0.786,-286.685,28.674,-6.265,Pitch
0.037,0.533,1.059,-286.685,22.444,19.626,Pitch
-0.101,-0.443,0.988,-286.685,57.627,33.303,Pitch
-0.171,-0.650,0.791,-277.270,20.825,-18.279,Pitch
-0.295,-0.680,0.976,28.455,-18.874,-47.381,Pitch
0.007,-0.428,1.053,183.181,-55.046,-1.435,Pitch
0.157,-0.155,1.244,286.685,-61.819,2.747,Pitch
0.239,0.000,0.961,286.685,-31.622,12.136,Pitch
0.148,0.283,0.637,286.685,-26.478,20.160,Pitch
-0.018,0.492,0.549,286.685,-35.193,15.251,Pitch
-0.098,0.689,0.560,286.685,-49.928,7.464,Pitch
-0.031,0.872,0.611,282.922,-46.034,17.903,Pitch
0.118,0.831,0.406,140.298,-27.195,-4.331,Pitch
0.208,0.853,0.386,-102.130,-12.154,-6.414,Pitch
0.205,0.939,0.499,-273.263,1.050,-15.531,Pitch
0.103,0.888,0.766,-286.685,16.161,-20.834,Pitch
0.036,0.581,0.962,-286.685,53.594,-10.062,Pitch
-0.082,-0.009,0.847,-286.685,52.342,2.284,Pitch
-0.022,-0.249,0.858,-286.685,23.380,19.801,Pitch
0.055,-0.291,1.033,-286.685,46.191,6.274,Pitch
-0.015,-1.172,0.437,-167.606,48.090,-18.323,Pitch
0.003,-0.453,1.229,286.361,-57.584,-26.058,Pitch
0.108,-0.062,1.408,286.685,-73.824,-34.107,Pitch
-0.027,0.121,1.079,286.685,-44.432,-13.151,Pitch
0.094,0.451,0.932,286.685,-2.949,-1.724,Pitch
0.060,0.752,0.588,286.685,25.480,29.811,Pitch
0.027,0.894,0.452,286.685,34.423,22.925,Pitch
0.030,0.668,0.375,222.827,20.860,-8.776,Pitch
0.028,0.715,0.360,56.123,-6.895,-13.781,Pitch
-0.025,0.763,0.481,-75.967,-20.326,-4.086,Pitch
-0.043,0.809,0.452,-187.495,-21.621,-3.745,Pitch
-0.015,0.898,0.685,-286.685,-13.851,-12.635,Pitch
0.085,0.773,0.806,-286.685,2.485,-19.066,Pitch
0.048,0.572,1.036,-286.685,16.336,0.674,Pitch
0.030,-0.156,1.075,-286.685,34.081,32.296,Pitch
-0.126,-0.720,0.840,-282.704,1.794,32.874,Pitch
-0.090,-0.710,0.927,59.938,0.962,-4.305,Pitch
0.136,-0.181,1.288,116.979,-27.309,8.033,Pitch
0.118,-0.352,1.127,260.496,-62.143,38.281,Pitch
0.163,-0.142,1.091,286.685,-87.719,29.181,Pitch
0.119,0.099,0.991,286.685,-66.106,30.161,Pitch
-0.099,0.574,0.634,286.685,-3.229,35.070,Pitch
0.045,0.552,0.593,286.685,-17.701,-31.054,Pitch
0.134,0.672,0.442,231.315,-10.658,-22.794,Pitch
0.148,0.676,0.374,133.254,1.636,-19.670,Pitch
0.171,0.774,0.425,-20.711,-8.960,-20.545,Pitch
0.040,0.817,0.586,-199.710,-14.201,-23.494,Pitch
-0.039,0.837,0.796,-286.545,-25.795,-41.388,Pitch
-0.036,0.482,1.078,-286.685,-17.640,-34.860,Pitch
0.133,-0.125,1.094,-286.685,4.550,1.776,Pitch
0.075,-0.146,0.794,-286.685,19.031,50.671,Pitch
0.057,-0.253,1.011,-286.685,25.585,42.989,Pitch
-0.129,-0.896,0.796,-92.969,27.974,8.837,Pitch
-0.011,-0.413,1.230,270.681,-53.681,-23.503,Pitch
0.046,-0.192,1.259,286.685,-76.702,-39.804,Pitch
-0.001,0.098,1.053,286.685,-54.259,-50.619,Pitch
0.207,0.486,1.105,286.685,33.189,-74.305,Pitch
0.147,0.810,0.576,286.685,31.089,-26.145,Pitch
0.104,0.877,0.428,286.685,38.850,-18.935,Pitch
0.025,0.652,0.352,159.994,36.339,-12.495,Pitch
-0.063,0.673,0.362,-47.416,0.490,-0.901,Pitch
-0.108,0.634,0.416,-216.204,-31.465,3.334,Pitch
-0.050,0.749,0.603,-286.685,-30.284,-8.155,Pitch
0.051,0.762,0.767,-286.685,-2.345,-11.646,Pitch
0.136,0.546,1.088,-286.685,36.374,31.010,Pitch
0.070,0.179,1.215,-286.685,54.950,40.688,Pitch
-0.049,-0.464,1.155,-286.685,62.265,8.733,Pitch
-0.200,-0.704,0.827,-147.026,32.821,-18.419,Pitch
-0.081,-0.398,1.052,198.958,-79.739,-21.630,Pitch
0.025,-0.315,1.020,286.685,-107.012,27.247,Pitch
0.180,-0.018,1.001,286.685,-53.568,-4.323,Pitch
0.137,0.525,0.676,286.685,3.237,4.839,Pitch
0.023,0.730,0.629,286.685,30.721,34.729,Pitch
-0.016,0.717,0.584,286.685,-17.815,28.542,Pitch
-0.001,0.720,0.515,187.924,-33.924,37.546,Pitch
0.064,0.709,0.435,35.971,-50.925,15.339,Pitch
0.094,0.843,0.521,-48.711,-45.377,-4.909,Pitch
0.115,0.940,0.601,-213.596,-27.860,-16.651,Pitch
0.249,0.881,1.121,-286.685,40.784,-27.396,Pitch
0.152,0.734,1.156,-286.685,99.768,23.214,Pitch
-0.089,0.097,0.872,-286.685,91.464,33.285,Pitch
0.019,-0.321,0.992,-286.685,40.022,-14.114,Pitch
-0.078,-0.596,0.701,-285.390,54.775,-43.610,Pitch
-0.122,-0.927,0.564,-83.186,14.980,-45.570,Pitch
-0.052,-0.426,1.227,227.658,-50.260,-26.442,Pitch
0.056,-0.460,0.994,286.685,-78.724,-6.773,Pitch
0.065,-0.253,0.759,286.685,-63.061,-14.429,Pitch
0.160,0.265,0.689,286.685,-2.450,-30.879,Pitch
0.073,0.706,0.759,286.685,53.935,-22.435,Pitch
-0.055,0.916,0.455,286.685,1.663,-1.610,Pitch
-0.151,0.781,0.451,286.685,11.051,-16.677,Pitch
-0.041,0.913,0.309,122.780,-17.378,-5.819,Pitch
0.033,1.031,0.441,-65.380,-32.725,2.713,Pitch
0.072,1.012,0.464,-271.320,-28.122,1.461,Pitch
0.072,0.907,0.576,-286.685,-25.436,-14.193,Pitch
0.173,0.917,0.831,-286.685,38.482,10.859,Pitch
-0.080,0.397,0.861,-286.685,71.295,34.405,Pitch
-0.071,-0.083,0.948,-286.685,55.519,17.220,Pitch
-0.050,-0.475,0.851,-284.716,-2.572,10.115,Pitch
0.074,-0.483,0.954,-0.411,-19.784,0.394,Pitch
0.213,-0.239,1.139,286.457,-86.004,-12.241,Pitch
0.132,0.067,1.208,286.685,-48.930,6.160,Pitch
0.023,0.429,1.089,286.685,-17.675,12.189,Pitch
-0.184,0.639,0.692,286.685,-24.579,35.035,Pitch
0.003,0.915,0.382,286.685,-34.239,7.613,Pitch
0.056,0.967,0.384,286.685,-21.647,-0.674,Pitch
0.204,0.871,0.370,96.364,-7.595,1.558,Pitch
0.121,0.747,0.303,-153.335,-10.176,-4.611,Pitch
0.094,0.836,0.552,-263.707,-6.878,-9.144,Pitch
-0.060,0.847,0.646,-286.685,-10.141,-11.839,Pitch
0.094,0.651,0.846,-286.685,74.795,3.299,Pitch
0.008,0.272,0.862,-286.685,75.933,10.789,Pitch
0.098,-0.149,0.818,-286.685,52.036,17.272,Pitch
-0.006,-0.403,0.937,-286.685,53.673,9.047,Pitch
-0.201,-0.997,0.683,-118.912,34.318,-32.384,Pitch
-0.175,-0.705,1.186,183.829,-18.725,-32.147,Pitch
0.016,-0.383,1.275,286.685,-99.137,-15.829,Pitch
0.123,0.015,1.023,286.685,-52.771,-18.559,Pitch
0.200,0.304,0.843,286.685,5.898,5.101,Pitch
0.095,0.583,1.063,286.685,-2.319,18.454,Pitch
0.024,0.757,0.495,286.685,-32.165,-8.181,Pitch
-0.101,0.758,0.513,280.438,-15.575,-18.664,Pitch
-0.052,0.804,0.447,137.988,-25.112,-16.590,Pitch
0.007,0.800,0.503,-98.613,-31.325,-11.778,Pitch
0.054,0.881,0.406,-281.400,-29.103,-20.335,Pitch
0.199,0.894,0.614,-286.685,-1.750,-18.392,Pitch
0.186,0.804,0.720,-286.685,39.463,14.429,Pitch
-0.039,0.134,0.858,-286.685,90.878,38.334,Pitch
-0.244,-0.449,0.967,-286.685,36.934,18.358,Pitch
-0.282,-0.535,1.014,-254.441,-4.104,0.271,Pitch
-0.145,-0.575,1.102,140.473,-51.205,-6.965,Pitch
0.209,0.028,1.218,286.685,-51.494,8.024,Pitch
0.109,0.165,1.109,286.685,-76.020,19.653,Pitch
0.259,0.279,0.771,286.685,-71.890,5.250,Pitch
0.004,0.838,0.615,286.685,-80.719,12.845,Pitch
-0.004,0.944,0.504,286.685,-39.042,16.503,Pitch
-0.003,0.937,0.573,244.169,14.429,19.968,Pitch
0.128,0.858,0.267,25.515,16.083,6.134,Pitch
0.174,0.783,0.225,-165.926,11.970,-11.743,Pitch
0.236,0.748,0.264,-278.591,9.975,-8.671,Pitch
0.111,0.873,0.481,-286.685,7.079,-19.215,Pitch
0.045,0.733,0.637,-286.685,34.965,-25.795,Pitch
-0.048,0.058,0.719,-286.685,79.747,-4.804,Pitch
-0.046,-0.235,0.710,-286.685,44.572,2.503,Pitch
0.044,-0.407,1.029,-286.685,31.841,13.195,Pitch
-0.005,-0.692,1.016,-208.075,20.685,4.847,Pitch
0.023,-0.485,1.322,272.108,-70.105,-7.359,Pitch
0.093,-0.066,1.414,286.685,-75.346,-23.730,Pitch
-0.021,0.143,1.115,286.685,-47.250,-32.917,Pitch
0.174,0.612,0.918,286.685,-21.114,-49.315,Pitch
0.100,0.652,0.557,286.685,57.059,24.264,Pitch
0.079,0.862,0.338,286.685,72.039,45.675,Pitch
0.063,0.695,0.110,249.156,21.289,6.974,Pitch
0.063,0.772,0.118,-11.909,-1.067,-22.645,Pitch
-0.023,0.755,0.210,-120.636,-29.820,-28.263,Pitch
-0.100,0.895,0.339,-209.878,-61.040,-28.709,Pitch
-0.033,0.926,0.710,-286.685,-88.646,-43.908,Pitch
0.324,0.848,0.986,-286.685,-29.076,-20.965,Pitch
0.136,0.326,0.715,-286.685,29.654,27.265,Pitch
0.145,-0.172,0.824,-286.685,45.553,22.304,Pitch
-0.179,-0.578,0.975,-284.270,6.597,7.543,Pitch
-0.147,-0.676,1.029,6.186,-65.363,-6.116,Pitch
0.142,-0.346,1.285,199.658,-71.768,-7.026,Pitch
0.223,-0.146,1.275,286.685,-10.754,5.626,Pitch
0.236,0.140,1.071,286.685,19.451,1.312,Pitch
0.241,0.133,0.666,286.685,39.279,30.240,Pitch
-0.006,0.418,0.434,286.685,41.011,59.229,Pitch
-0.098,0.961,0.302,286.685,8.663,36.094,Pitch
-0.112,0.855,0.346,273.394,-32.279,24.544,Pitch
0.099,0.894,0.432,114.730,-31.421,16.625,Pitch
0.237,0.953,0.315,-76.711,-8.172,-6.081,Pitch
0.181,0.975,0.313,-227.360,-2.398,-17.798,Pitch
0.083,1.023,0.553,-286.685,-8.382,-36.925,Pitch
0.009,0.952,1.016,-286.685,4.463,-67.559,Pitch
-0.075,0.145,0.701,-286.685,78.890,-37.118,Pitch
-0.155,-0.347,0.669,-286.685,-1.242,-8.557,Pitch
0.038,-0.403,0.771,-286.685,-23.949,-4.515,Pitch
-0.016,-0.670,0.822,-229.110,17.150,-4.497,Pitch
0.066,-0.514,1.239,195.247,-26.801,-17.675,Pitch
0.069,-0.351,1.441,286.685,-42.245,-10.666,Pitch
-0.032,0.002,1.211,286.685,-46.970,-6.519,Pitch
0.077,0.464,0.948,286.685,-2.065,-25.935,Pitch
0.020,0.560,0.732,286.685,-21.910,-3.649,Pitch
0.057,0.668,0.784,286.685,-2.896,5.460,Pitch
0.093,0.594,0.578,221.296,20.536,9.861,Pitch
0.011,0.609,0.373,8.899,19.302,11.944,Pitch
-0.022,0.653,0.371,-126.604,9.774,7.464,Pitch
-0.082,0.622,0.462,-200.524,-1.592,3.981,Pitch
-0.007,0.615,0.561,-286.685,1.654,4.778,Pitch
-0.039,0.641,0.851,-286.685,6.352,8.636,Pitch
0.072,0.458,0.968,-286.685,-3.544,8.496,Pitch
0.055,0.076,1.133,-286.685,27.160,26.154,Pitch
-0.082,-0.160,1.281,-286.685,18.183,24.614,Pitch
-0.087,-0.277,1.325,-216.029,-4.576,-22.260,Pitch
0.023,-0.350,1.232,-137.384,-17.798,-38.614,Pitch
0.071,-0.572,1.010,32.987,-42.385,-14.210,Pitch
0.228,-0.464,0.952,270.795,-83.046,31.071,Pitch
0.258,-0.155,0.925,286.685,-56.114,37.485,Pitch
0.171,0.100,0.830,286.685,-16.004,-9.284,Pitch
-0.019,0.469,0.583,286.685,-27.869,-67.716,Pitch
-0.008,0.777,0.563,286.685,-24.001,-97.003,Pitch
0.078,0.845,0.562,286.685,-20.090,-71.776,Pitch
0.119,0.897,0.369,233.117,-21.044,-4.506,Pitch
0.151,0.895,0.573,-12.075,-1.050,12.285,Pitch
0.119,1.000,0.685,-204.584,60.961,25.979,Pitch
-0.078,1.032,0.576,-286.685,85.339,19.355,Pitch
-0.116,0.732,0.864,-286.685,66.876,16.677,Pitch
-0.060,0.128,0.812,-286.685,40.425,48.659,Pitch
0.079,-0.209,0.695,-286.685,25.743,32.349,Pitch
0.062,-0.363,0.838,-286.685,53.480,9.502,Pitch
-0.068,-0.629,0.892,-155.811,40.609,-18.882,Pitch
-0.114,-0.597,1.179,136.255,-25.077,-22.339,Pitch
-0.122,-0.506,1.141,240.599,-72.109,1.452,Pitch
0.049,-0.170,1.023,286.685,-102.025,-16.782,Pitch
0.140,0.381,0.916,286.685,-85.409,-29.190,Pitch
0.170,0.587,0.642,286.685,-81.147,-30.949,Pitch
0.200,0.821,0.540,286.685,-7.586,-72.817,Pitch
0.052,0.748,0.375,286.685,-23.914,-55.466,Pitch
-0.049,0.739,0.590,78.496,-19.442,-20.554,Pitch
-0.045,0.793,0.644,-115.579,-11.568,-2.949,Pitch
-0.050,0.952,0.564,-286.685,19.775,30.485,Pitch
0.021,0.827,0.656,-286.685,25.270,47.162,Pitch
0.135,0.694,0.849,-286.685,37.765,63.831,Pitch
0.187,0.221,0.901,-286.685,70.420,54.486,Pitch
0.044,-0.117,1.067,-286.685,105.402,-13.046,Pitch
-0.246,-0.682,0.782,-254.546,65.039,-35.359,Pitch
-0.131,-0.709,0.864,-21.840,5.189,-39.970,Pitch
0.028,-0.384,1.160,210.788,-60.147,-7.140,Pitch
0.193,-0.221,1.031,286.685,-86.135,-9.345,Pitch
0.254,0.014,1.002,286.685,-47.241,12.583,Pitch
0.153,0.433,0.636,286.685,-33.635,5.267,Pitch
-0.123,0.913,0.494,286.685,-19.696,-24.028,Pitch
-0.193,1.154,0.541,286.685,-34.860,-47.661,Pitch
-0.045,0.713,0.698,211.242,-1.855,-39.384,Pitch
0.125,0.830,0.189,-191.030,-28.175,-6.528,Pitch
0.134,0.710,0.403,-236.381,-18.253,28.490,Pitch
0.157,0.781,0.389,-286.685,-29.444,66.806,Pitch
0.096,0.946,0.683,-286.685,-9.126,57.689,Pitch
0.069,0.396,0.960,-286.685,68.582,29.146,Pitch
-0.011,-0.428,0.919,-286.685,114.205,31.264,Pitch
-0.209,-0.641,0.984,-286.685,113.382,14.752,Pitch
-0.246,-1.066,0.591,-201.644,45.544,-0.420,Pitch
0.169,-0.407,1.252,286.676,-105.376,0.061,Pitch
0.139,-0.000,1.363,286.685,-78.715,-0.647,Pitch
0.026,0.301,0.999,286.685,-75.880,-11.690,Pitch
-0.040,0.510,0.423,286.685,-28.446,-23.651,Pitch
0.026,0.748,0.653,286.685,-68.810,-8.059,Pitch
0.046,0.823,0.458,286.685,-86.914,20.274,Pitch
0.219,0.785,0.468,82.941,-33.976,5.959,Pitch
0.271,0.808,0.413,-183.820,-9.476,0.735,Pitch
0.104,0.869,0.625,-286.685,10.010,2.818,Pitch
0.095,0.798,0.770,-286.685,36.557,19.696,Pitch
-0.069,0.517,0.774,-286.685,54.224,21.796,Pitch
0.139,0.046,1.038,-286.685,63.822,0.123,Pitch
0.090,-0.207,1.076,-286.685,79.887,41.475,Pitch
0.011,-0.547,0.885,-286.685,100.984,19.775,Pitch
-0.021,-1.043,0.659,26.845,44.196,-21.044,Pitch
-0.007,-0.422,1.266,286.685,-61.443,-1.339,Pitch
0.045,-0.205,1.272,286.685,-96.171,-21.201,Pitch
0.099,0.102,0.982,286.685,-68.390,-8.391,Pitch
0.079,0.578,0.866,286.685,-32.970,-7.149,Pitch
0.085,0.872,0.640,286.685,-32.471,-0.324,Pitch
0.085,0.854,0.392,285.285,-34.186,-1.129,Pitch
0.029,0.694,0.334,19.574,-7.306,2.336,Pitch
0.011,0.663,0.396,-161.438,-23.266,6.440,Pitch
-0.036,0.751,0.508,-256.489,-20.930,15.557,Pitch
0.093,0.822,0.841,-286.685,7.149,20.624,Pitch
0.152,0.596,0.703,-286.685,76.387,17.255,Pitch
0.142,0.288,0.924,-286.685,114.231,2.940,Pitch
0.058,-0.151,1.130,-286.685,90.090,-11.856,Pitch
-0.095,-0.533,1.007,-286.685,51.354,-9.564,Pitch
-0.280,-1.279,0.234,-69.449,32.349,-32.524,Pitch
-0.167,-0.768,0.904,286.685,-68.241,-31.946,Pitch
0.206,-0.122,1.305,286.685,-62.737,-0.822,Pitch
0.192,0.390,1.254,286.685,-50.505,19.276,Pitch
0.102,0.482,0.665,286.685,7.332,47.075,Pitch
0.021,0.753,0.450,286.685,-15.767,27.081,Pitch
-0.084,0.877,0.456,286.685,-29.514,-6.615,Pitch
-0.187,0.509,0.746,97.598,-20.116,-13.151,Pitch
-0.017,0.696,0.174,-227.482,-19.810,4.830,Pitch
0.034,0.734,0.345,-261.826,-20.895,-3.981,Pitch
0.103,0.910,0.674,-286.685,-19.679,-11.734,Pitch
0.178,0.671,0.881,-286.685,18.734,-10.833,Pitch
0.181,0.226,1.083,-286.685,53.270,10.342,Pitch
-0.062,-0.233,1.048,-286.685,54.967,38.518,Pitch
-0.205,-0.501,1.124,-286.685,54.294,2.476,Pitch
-0.228,-0.956,0.880,-59.342,20.282,-38.553,Pitch
0.030,-0.712,0.916,181.396,-47.049,-24.316,Pitch
0.249,-0.263,1.127,286.685,-66.246,28.481,Pitch
0.178,0.114,1.069,286.685,-38.771,18.218,Pitch
0.101,0.323,0.669,286.685,-38.728,13.519,Pitch
-0.104,0.633,0.438,286.685,-35.945,4.218,Pitch
-0.096,0.731,0.563,286.685,-45.325,-6.073,Pitch
0.078,0.952,0.564,206.027,-42.796,-11.007,Pitch
0.180,0.936,0.431,18.891,-17.308,-17.885,Pitch
0.226,0.881,0.396,-188.982,-14.201,7.122,Pitch
0.081,0.846,0.777,-286.685,-15.312,5.959,Pitch
0.073,0.714,0.822,-286.685,9.249,10.754,Pitch
0.047,0.374,0.850,-286.685,14.910,16.380,Pitch
0.095,-0.050,0.897,-286.685,44.249,12.119,Pitch
0.067,-0.251,1.085,-286.685,61.757,10.500,Pitch
0.067,-0.628,0.871,-286.685,74.025,5.924,Pitch
-0.012,-0.936,0.717,81.016,29.636,-8.540,Pitch
0.029,-0.220,1.320,286.685,-14.017,-5.548,Pitch
-0.015,0.047,1.285,286.685,-34.676,14.595,Pitch
-0.080,0.254,1.107,286.685,-85.925,25.979,Pitch
0.112,0.633,0.874,286.685,20.571,14.262,Pitch
0.022,0.847,0.638,286.685,25.095,6.729,Pitch
0.087,0.747,0.460,256.331,19.031,7.971,Pitch
-0.031,0.610,0.325,24.264,-4.008,-6.090,Pitch
-0.041,0.565,0.375,-152.469,-25.909,-6.177,Pitch
-0.068,0.614,0.500,-273.289,-30.765,12.591,Pitch
-0.000,0.628,0.608,-286.685,-57.426,15.181,Pitch
0.164,0.462,0.828,-286.685,-29.549,15.120,Pitch
0.252,0.286,1.163,-286.685,6.685,38.097,Pitch
0.204,0.107,1.240,-286.685,53.874,63.779,Pitch
-0.032,-0.296,1.337,-286.685,92.802,26.530,Pitch
-0.199,-0.657,1.208,-125.475,55.834,-38.876,Pitch
-0.130,-0.410,1.181,84.586,10.605,0.516,Pitch
0.042,-0.405,1.088,156.249,-18.296,-8.085,Pitch
0.179,-0.102,1.007,279.737,-27.484,36.085,Pitch
0.092,-0.041,0.869,286.685,-11.462,26.469,Pitch
-0.013,0.136,0.868,286.685,23.599,-15.374,Pitch
-0.065,0.442,0.368,286.685,20.886,-43.295,Pitch
-0.116,0.587,0.514,286.685,-58.756,-44.432,Pitch
-0.078,0.639,0.506,284.987,-48.720,-19.407,Pitch
-0.090,0.760,0.701,178.089,-41.160,-2.625,Pitch
0.009,0.964,0.439,-131.136,-61.565,46.629,Pitch
0.103,1.063,0.636,-286.685,-44.704,38.544,Pitch
0.164,0.882,0.940,-286.685,16.888,51.984,Pitch
0.022,0.164,0.875,-286.685,40.381,50.487,Pitch
0.029,-0.276,0.953,-286.685,45.307,19.381,Pitch
-0.017,-0.283,1.055,-286.685,51.459,-2.074,Pitch
-0.079,-0.794,0.575,-259.656,52.666,-18.016,Pitch
0.093,-0.664,1.012,273.140,-46.865,-0.210,Pitch
0.078,0.003,1.366,286.685,-47.136,-8.671,Pitch
-0.027,0.362,0.989,286.685,-52.395,-8.059,Pitch
0.105,0.485,0.727,286.685,-67.165,-36.269,Pitch
0.059,0.778,0.679,286.685,-25.532,-15.514,Pitch
0.035,0.734,0.415,248.946,-20.388,13.667,Pitch
0.125,0.746,0.335,105.910,-1.584,-6.282,Pitch
0.118,0.739,0.432,-78.181,-5.233,8.111,Pitch
0.066,0.801,0.753,-277.725,36.085,7.858,Pitch
-0.053,0.713,0.809,-286.685,37.424,22.225,Pitch
-0.058,0.491,0.760,-286.685,43.873,35.210,Pitch
0.032,-0.053,0.874,-286.685,0.945,38.430,Pitch
0.207,-0.180,1.247,-281.663,22.986,10.036,Pitch
0.190,-0.227,1.373,-140.875,37.371,4.847,Pitch
-0.034,-0.507,1.139,-14.551,8.181,-14.096,Pitch
-0.070,-0.360,1.157,274.715,-81.839,-1.531,Pitch
0.060,0.004,0.909,286.685,-43.899,-28.814,Pitch
0.106,0.367,0.967,286.685,-27.746,-33.197,Pitch
0.093,0.608,0.673,286.685,30.931,-1.085,Pitch
0.191,0.674,0.411,286.685,-18.261,-7.980,Pitch
0.161,0.693,0.445,264.897,10.089,29.199,Pitch
0.039,0.740,0.475,29.741,-10.404,33.250,Pitch
0.018,0.963,0.577,-277.655,5.932,39.839,Pitch
0.094,1.057,0.732,-286.685,43.059,13.283,Pitch
0.133,0.891,0.879,-286.685,63.376,-22.995,Pitch
0.094,0.275,1.168,-286.685,132.414,-8.934,Pitch
0.047,-0.212,1.060,-286.685,94.745,10.517,Pitch
-0.154,-0.400,0.570,-286.685,82.119,-1.085,Pitch
-0.292,-1.056,0.190,-163.756,29.802,-26.906,Pitch
-0.173,-0.508,0.884,272.904,-71.750,-26.206,Pitch
0.050,-0.338,1.011,286.685,-110.162,-18.095,Pitch
0.088,0.071,1.005,286.685,-66.701,-36.601,Pitch
0.166,0.511,0.878,286.685,-23.765,-24.736,Pitch
0.107,0.579,0.907,286.685,-40.653,-22.698,Pitch
-0.062,0.767,0.549,286.685,-28.962,-9.835,Pitch
-0.134,0.697,0.379,282.774,-11.891,-13.458,Pitch
-0.114,0.843,0.399,76.309,-22.951,-8.811,Pitch
0.033,1.032,0.503,-142.590,-34.807,6.256,Pitch
0.092,1.041,0.507,-286.685,-12.416,11.436,Pitch
0.222,1.188,0.648,-286.685,3.027,29.645,Pitch
0.213,0.889,0.877,-286.685,82.198,32.673,Pitch
-0.085,0.098,0.865,-286.685,108.150,21.534,Pitch
-0.124,-0.153,0.704,-286.685,50.286,17.771,Pitch
-0.275,-0.925,0.450,-244.265,48.283,-9.459,Pitch
0.014,-0.444,1.128,162.024,-20.764,-28.455,Pitch
0.180,-0.397,1.065,281.260,-62.361,31.964,Pitch
0.151,-0.204,0.995,286.685,-77.735,16.520,Pitch
0.073,0.197,0.921,286.685,-63.963,6.046,Pitch
0.003,0.744,0.889,286.685,-39.935,-10.334,Pitch
-0.017,0.986,0.691,286.685,-109.821,5.661,Pitch
-0.066,0.882,0.489,286.685,-32.655,4.926,Pitch
0.114,0.935,0.302,83.685,-11.288,0.560,Pitch
0.271,0.925,0.197,-93.800,-3.946,3.194,Pitch
0.236,0.913,0.474,-193.156,4.471,7.551,Pitch
0.093,1.063,0.784,-286.685,16.774,7.945,Pitch
0.086,0.899,0.828,-286.685,127.409,33.136,Pitch
-0.152,0.474,0.696,-286.685,119.052,-11.288,Pitch
-0.015,-0.363,0.602,-286.685,64.794,-5.093,Pitch
0.031,-0.438,0.889,-286.685,48.423,11.375,Pitch
-0.021,-0.744,0.684,-202.151,43.225,-17.754,Pitch
-0.093,-0.768,0.909,117.092,-12.049,-18.655,Pitch
-0.074,-0.452,1.276,286.685,-66.570,-19.880,Pitch
-0.085,-0.253,0.884,286.685,-90.825,-9.922,Pitch
0.113,0.371,0.958,286.685,-69.545,-39.357,Pitch
0.174,0.593,0.695,286.685,-25.734,-19.119,Pitch
0.113,0.856,0.646,286.685,-17.062,2.616,Pitch
0.014,0.806,0.457,271.364,-26.871,11.034,Pitch
-0.041,0.547,0.594,55.046,-12.136,4.594,Pitch
-0.033,0.946,0.601,-286.177,5.066,22.059,Pitch
0.099,0.992,0.662,-286.685,35.088,24.981,Pitch
0.079,0.594,0.788,-286.685,68.504,47.661,Pitch
0.184,0.414,0.764,-286.685,117.049,20.528,Pitch
0.191,-0.137,0.982,-286.685,68.688,10.369,Pitch
0.035,-0.419,1.219,-271.057,69.624,11.585,Pitch
-0.120,-0.506,1.067,-182.726,43.689,1.400,Pitch
-0.326,-0.744,0.545,4.576,-5.215,-19.714,Pitch
-0.089,-0.527,0.876,284.261,-83.527,4.008,Pitch
-0.060,-0.125,0.964,286.685,-39.760,-20.764,Pitch
-0.001,0.352,1.063,286.685,-39.979,-30.905,Pitch
-0.196,0.569,0.392,286.685,-31.666,-29.575,Pitch
0.097,0.848,0.386,286.685,-130.322,-15.400,Pitch
0.114,0.986,0.506,286.685,-59.675,22.470,Pitch
0.076,0.939,0.603,135.634,-40.127,48.002,Pitch
0.172,1.012,0.515,-233.091,-39.751,45.500,Pitch
0.303,0.916,0.746,-286.685,58.030,18.305,Pitch
0.338,0.907,0.978,-286.685,112.525,27.843,Pitch
0.139,0.812,0.946,-286.685,205.152,50.059,Pitch
0.012,0.044,0.834,-286.685,158.821,7.700,Pitch
-0.198,-0.311,0.594,-286.685,120.312,-25.375,Pitch
-0.201,-1.042,0.163,-267.172,63.140,-54.022,Pitch
-0.175,-0.755,0.881,148.820,-33.810,-17.430,Pitch
-0.213,-0.562,0.967,246.085,-21.507,-23.319,Pitch
-0.142,-0.526,0.671,286.685,-79.704,-9.739,Pitch
0.047,-0.001,0.783,286.685,-104.344,-22.208,Pitch
0.084,0.615,0.540,286.685,-99.916,13.816,Pitch
0.119,1.088,0.454,286.685,-127.033,9.818,Pitch
0.062,1.016,0.382,286.685,-109.681,-18.708,Pitch
0.101,0.915,0.352,272.510,-14.438,-52.167,Pitch
0.060,0.937,0.417,44.327,-1.321,-20.755,Pitch
-0.024,0.948,0.504,-140.236,-8.523,8.759,Pitch
-0.026,0.864,0.690,-269.885,-7.543,33.862,Pitch
0.075,0.919,1.042,-286.685,49.184,55.545,Pitch
0.091,1.118,1.108,-286.685,66.981,57.934,Pitch
0.211,0.602,1.020,-286.685,129.430,33.005,Pitch
-0.043,-0.459,0.816,-286.685,176.374,-1.601,Pitch
-0.232,-0.701,0.560,-256.139,64.339,-12.661,Pitch
-0.270,-0.534,0.813,-33.268,-7.009,-25.996,Pitch
-0.206,-0.574,0.933,44.730,-40.836,-36.846,Pitch
-0.098,-0.667,0.756,212.406,-89.066,-10.754,Pitch
0.081,-0.373,0.561,286.685,-80.089,-2.529,Pitch
0.297,0.291,1.141,286.685,-33.749,4.778,Pitch
0.064,0.584,0.756,286.685,11.025,34.046,Pitch
-0.141,0.904,0.544,286.685,-3.649,-8.033,Pitch
-0.142,0.915,0.386,286.685,-89.451,-5.819,Pitch
-0.096,0.900,0.570,232.628,-62.886,3.640,Pitch
-0.033,0.938,0.287,-74.559,-37.502,9.914,Pitch
0.065,0.942,0.262,-278.976,-49.612,15.278,Pitch
0.085,1.007,0.737,-286.685,-48.291,-2.879,Pitch
0.198,0.826,1.037,-286.685,0.271,-0.245,Pitch
0.057,0.337,1.000,-286.685,92.514,76.037,Pitch
-0.122,-0.244,0.679,-286.685,93.695,22.837,Pitch
-0.059,-0.324,0.839,-286.685,80.080,-17.001,Pitch
-0.144,-1.283,-0.044,-272.116,38.097,-2.730,Pitch
-0.021,-0.627,1.172,264.443,-3.299,-4.979,Pitch
0.047,-0.405,1.415,286.685,-61.320,9.432,Pitch
0.049,-0.314,1.158,286.685,-53.708,-3.316,Pitch
0.027,0.167,1.163,286.685,-29.593,-57.592,Pitch
-0.064,0.216,0.837,286.685,-30.336,-3.334,Pitch
0.001,0.433,0.612,286.685,30.721,-43.452,Pitch
0.005,0.948,0.362,286.685,-6.484,-72.441,Pitch
-0.014,0.640,0.194,240.511,42.280,-58.118,Pitch
-0.055,0.596,0.143,40.845,-10.062,-19.390,Pitch
-0.107,0.554,0.385,-24.824,-18.095,-7.227,Pitch
-0.217,0.878,0.584,-224.726,-46.498,21.481,Pitch
-0.128,0.920,0.784,-286.685,-67.603,72.406,Pitch
0.028,1.038,0.895,-286.685,-30.170,92.934,Pitch
0.119,0.344,1.050,-286.685,19.688,82.967,Pitch
0.151,-0.185,1.195,-286.685,136.640,9.380,Pitch
-0.027,-0.466,1.093,-286.685,71.951,-16.336,Pitch
-0.308,-0.725,0.592,-194.959,17.675,-14.910,Pitch
-0.100,-0.779,0.784,157.850,-54.976,-17.001,Pitch
0.030,-0.303,1.144,286.685,-71.636,20.256,Pitch
0.054,0.150,1.108,286.685,-23.240,-7.245,Pitch
0.231,0.369,1.072,286.685,-36.715,-6.003,Pitch
0.098,0.337,0.404,286.685,26.670,20.405,Pitch
-0.152,0.772,0.491,286.685,15.199,-12.512,Pitch
-0.219,1.038,0.330,286.685,-1.181,-0.989,Pitch
-0.122,0.855,0.400,106.951,-24.999,4.716,Pitch
0.004,0.708,0.156,-122.255,-44.905,14.840,Pitch
0.095,0.843,0.338,-222.574,-40.548,8.146,Pitch
0.107,0.981,0.563,-283.710,-25.926,1.732,Pitch
0.072,0.860,0.974,-286.685,2.293,4.454,Pitch
0.025,0.652,0.950,-286.685,25.392,43.662,Pitch
0.071,-0.043,0.628,-286.685,19.653,54.206,Pitch
-0.065,-0.712,0.817,-286.685,-21.376,12.171,Pitch
0.023,-0.846,0.692,-284.112,-36.103,20.685,Pitch
0.030,-0.607,1.172,119.560,-10.167,-1.269,Pitch
0.016,-0.237,1.434,286.099,-30.642,-21.971,Pitch
-0.026,-0.184,1.271,286.685,-8.312,-56.954,Pitch
-0.037,0.010,1.184,286.685,-30.853,-100.004,Pitch
0.239,0.125,0.894,286.685,3.727,-50.934,Pitch
0.162,0.750,0.693,286.685,59.386,-40.005,Pitch
-0.017,0.993,0.462,286.685,72.021,-55.213,Pitch
-0.037,0.627,0.329,284.034,116.716,-42.814,Pitch
-0.135,0.587,0.168,182.096,73.448,-14.665,Pitch
-0.210,0.732,0.173,-77.455,-20.895,30.721,Pitch
-0.184,0.745,0.396,-221.524,-56.612,71.033,Pitch
-0.092,0.925,0.665,-286.685,-55.772,58.345,Pitch
0.164,1.065,0.715,-286.685,-26.994,60.034,Pitch
0.206,0.757,0.879,-286.685,26.635,56.411,Pitch
0.144,0.270,1.101,-286.685,95.130,23.354,Pitch
-0.001,-0.108,1.115,-286.685,119.586,-10.806,Pitch
-0.224,-0.517,0.757,-285.967,51.389,-15.006,Pitch
-0.312,-0.780,0.667,-58.686,-1.120,-23.214,Pitch
0.003,-0.473,0.982,236.548,-64.951,21.805,Pitch
0.210,-0.349,1.024,286.685,-67.699,12.626,Pitch
0.125,0.197,1.103,286.685,-22.899,-7.560,Pitch
-0.080,0.479,0.740,286.685,-46.322,-7.350,Pitch
-0.074,0.893,0.620,286.685,-68.827,-61.084,Pitch
-0.112,1.028,0.442,286.685,-44.975,-36.068,Pitch
-0.005,0.874,0.381,163.870,-6.282,17.972,Pitch
0.075,0.932,0.239,-143.439,-20.309,19.722,Pitch
0.085,0.933,0.308,-253.470,-12.880,23.135,Pitch
0.050,0.971,0.662,-286.685,9.398,32.428,Pitch
-0.017,0.842,0.731,-286.685,37.091,44.896,Pitch
-0.022,0.109,0.774,-286.685,30.730,28.271,Pitch
-0.025,-0.439,0.802,-286.685,61.390,14.324,Pitch
0.014,-0.350,1.063,-286.685,65.336,-23.677,Pitch
0.006,-0.918,0.547,-242.357,67.567,-32.340,Pitch
-0.168,-1.068,0.596,274.094,-56.385,-9.634,Pitch
0.018,-0.221,1.395,286.685,-73.106,-35.105,Pitch
0.003,0.173,1.246,286.685,-35.228,-42.026,Pitch
0.104,0.525,1.014,286.685,-16.747,-36.838,Pitch
-0.002,0.758,0.647,286.685,-1.216,1.479,Pitch
0.023,0.841,0.446,286.685,-8.759,12.180,Pitch
0.081,0.634,0.266,242.524,41.379,-8.321,Pitch
-0.022,0.627,0.187,29.435,8.715,10.754,Pitch
-0.080,0.709,0.265,-57.934,-16.433,18.646,Pitch
-0.559,-0.164,0.873,-24.859,22.811,-286.685,Roll
1.578,0.932,1.991,-10.587,44.494,-286.685,Roll
0.607,0.424,0.930,-112.438,110.889,-286.685,Roll
-0.184,-0.648,0.988,-76.414,116.882,-286.685,Roll
0.332,0.075,0.959,-25.270,65.065,-279.457,Roll
0.443,0.207,0.979,26.740,17.421,-66.027,Roll
0.157,0.230,0.930,102.533,-25.716,149.048,Roll
0.028,0.317,0.899,128.739,-25.016,278.451,Roll
0.409,0.359,1.020,86.415,-21.604,286.685,Roll
0.188,0.415,0.859,20.554,14.525,286.685,Roll
-0.466,0.430,1.337,-62.641,27.160,286.685,Roll
-0.577,0.309,1.071,-104.134,-3.622,286.685,Roll
-0.395,0.101,0.995,-79.363,-20.151,286.029,Roll
-0.648,0.293,1.073,-21.070,-16.800,93.327,Roll
-0.552,0.418,1.072,5.775,-3.938,-77.210,Roll
-0.496,0.281,1.065,10.701,33.197,-283.404,Roll
-0.517,0.166,1.039,0.595,46.533,-286.685,Roll
-0.707,-0.218,1.218,-18.296,77.140,-286.685,Roll
-0.114,0.269,1.181,-43.855,93.179,-286.685,Roll
0.215,-0.138,0.871,-26.644,88.681,-286.685,Roll
0.666,0.205,1.075,20.204,3.290,-284.060,Roll
0.544,0.294,1.117,3.946,-74.253,-145.521,Roll
0.288,0.118,0.884,107.975,-36.724,96.985,Roll
0.178,0.346,1.144,140.770,10.150,286.326,Roll
0.025,0.238,0.947,-30.721,-100.747,286.685,Roll
0.244,0.128,0.751,35.140,-5.416,286.685,Roll
-0.437,0.403,1.429,-71.295,55.029,286.685,Roll
-0.815,0.089,0.892,-181.571,-1.934,286.685,Roll
-0.727,-0.111,0.848,-147.770,-74.576,286.685,Roll
-0.659,0.001,0.975,-80.990,-71.881,260.995,Roll
-0.489,0.245,0.938,1.654,-32.174,25.226,Roll
-0.409,0.310,1.006,85.129,23.048,-233.494,Roll
-0.351,0.327,0.975,107.914,68.985,-286.685,Roll
-0.318,0.221,0.963,120.995,84.088,-286.685,Roll
-0.165,0.028,1.454,36.986,130.655,-286.685,Roll
0.045,0.260,1.009,-13.265,141.601,-286.685,Roll
0.048,0.077,0.740,13.169,112.700,-286.685,Roll
0.574,0.337,1.178,45.386,-12.399,-248.395,Roll
0.222,0.158,0.889,32.760,-85.129,0.779,Roll
0.078,0.097,1.051,41.344,-63.928,256.883,Roll
0.373,0.197,1.171,9.861,-55.790,286.685,Roll
0.213,0.132,0.926,-44.083,-61.819,286.685,Roll
-0.221,0.206,1.334,-75.338,25.051,286.685,Roll
-0.521,0.020,1.081,-141.312,45.290,286.685,Roll
-0.681,0.098,1.040,-155.015,-21.254,286.685,Roll
-0.927,0.143,0.919,-104.361,-52.474,286.685,Roll
-1.066,0.469,1.049,23.494,-53.760,65.713,Roll
-0.721,0.568,1.199,73.194,-24.640,-139.283,Roll
-0.420,0.326,1.046,90.536,40.049,-286.685,Roll
-0.262,0.383,0.762,157.185,23.179,-286.685,Roll
-0.253,0.318,1.205,151.393,28.604,-286.685,Roll
0.216,0.511,0.868,46.664,66.649,-286.685,Roll
0.204,0.118,1.020,50.426,95.191,-286.685,Roll
0.643,0.347,1.205,50.855,68.976,-276.614,Roll
0.406,0.364,1.167,6.650,28.140,-83.493,Roll
0.114,0.308,1.029,11.865,-2.896,211.881,Roll
0.182,0.330,1.133,-34.982,-45.325,286.685,Roll
-0.253,0.066,0.959,-90.982,-71.715,286.685,Roll
-0.241,-0.032,1.260,-105.595,-62.501,286.685,Roll
-0.439,0.030,1.019,-115.351,-76.177,286.685,Roll
-0.361,0.111,1.074,-80.027,-100.643,286.685,Roll
-0.605,0.238,1.170,-66.106,-24.701,286.195,Roll
-0.979,0.578,1.006,-19.285,23.511,145.425,Roll
-0.747,0.549,0.990,43.592,61.924,-169.636,Roll
-0.493,0.342,0.901,71.129,72.686,-286.685,Roll
-0.297,0.122,0.826,121.520,62.554,-286.685,Roll
-0.372,0.675,1.459,173.924,95.804,-286.685,Roll
0.288,-0.051,0.732,114.240,112.280,-286.685,Roll
0.030,0.099,0.900,67.935,80.482,-286.685,Roll
0.464,0.446,1.048,51.940,17.010,-286.668,Roll
0.340,0.353,1.023,22.811,12.075,-47.075,Roll
-0.055,0.166,1.146,-25.489,20.755,250.688,Roll
0.243,0.211,1.169,-91.989,-5.057,286.685,Roll
-0.277,0.235,1.121,-192.325,-95.576,286.685,Roll
-0.584,-0.066,0.705,-161.131,-119.341,286.685,Roll
-0.916,0.483,1.112,-96.652,-153.571,286.685,Roll
-0.705,0.290,1.083,-100.747,-173.670,286.685,Roll
-1.068,0.202,0.965,-105.079,-124.075,259.735,Roll
-1.000,0.536,0.861,21.420,-107.599,-59.404,Roll
-0.674,0.299,1.086,54.294,-53.104,-286.492,Roll
-0.002,0.608,1.069,50.619,-21.122,-286.685,Roll
0.191,0.078,1.291,33.303,36.417,-286.685,Roll
0.111,0.220,0.686,44.686,116.874,-286.685,Roll
0.051,0.081,1.192,-41.807,56.079,-286.685,Roll
0.234,0.110,0.855,-184.012,-42.709,-286.685,Roll
0.883,0.354,0.965,-92.146,-18.007,-196.735,Roll
0.180,-0.059,1.212,65.144,-18.847,65.170,Roll
0.080,-0.007,0.977,133.796,-47.469,282.861,Roll
0.688,0.280,1.234,75.145,-81.253,286.685,Roll
0.039,-0.114,0.799,60.830,-5.504,286.685,Roll
0.085,0.407,1.573,-38.430,51.485,286.685,Roll
-0.855,0.094,1.233,-130.673,10.841,286.685,Roll
-0.450,0.248,0.606,-69.930,-93.879,286.685,Roll
-0.649,0.201,1.108,-13.930,-109.996,276.587,Roll
-0.800,0.319,1.001,48.309,-65.730,20.746,Roll
-0.702,0.422,0.974,70.604,-39.436,-163.214,Roll
-0.494,0.305,0.949,74.804,-11.708,-286.685,Roll
-0.203,0.467,1.133,64.076,6.352,-286.685,Roll
-0.094,0.254,1.238,14.735,25.112,-286.685,Roll
0.310,0.055,0.948,-41.965,65.336,-286.685,Roll
0.432,0.387,0.994,-99.680,5.224,-286.685,Roll
0.497,0.179,0.821,-111.921,-4.918,-285.469,Roll
0.642,0.358,0.942,-21.333,11.358,-174.842,Roll
0.398,0.250,1.105,68.880,4.585,103.171,Roll
0.264,0.531,1.051,84.901,32.629,286.685,Roll
0.828,0.180,1.187,-10.115,-4.366,286.685,Roll
0.005,0.439,1.067,-32.147,38.841,286.685,Roll
-0.517,0.039,1.151,-173.224,91.560,286.685,Roll
-0.467,0.276,0.726,-164.806,-57.041,286.685,Roll
-0.481,-0.026,0.890,-75.285,-133.665,286.685,Roll
-0.935,0.592,1.099,-11.672,-119.849,286.685,Roll
-0.932,0.638,1.302,3.727,-42.359,70.604,Roll
-0.452,0.277,1.177,6.125,85.164,-148.671,Roll
-0.444,0.410,1.033,39.524,126.753,-283.491,Roll
-0.474,0.390,0.697,72.546,173.871,-286.685,Roll
-0.478,-0.008,0.905,114.249,128.345,-286.685,Roll
0.887,-0.038,1.940,82.889,127.277,-286.685,Roll
-0.054,0.015,0.654,-53.454,124.775,-286.685,Roll
-0.079,-0.288,0.871,10.307,126.070,-286.685,Roll
-0.018,0.051,0.972,22.864,95.463,-286.685,Roll
0.309,0.329,1.116,54.390,25.323,-130.742,Roll
0.124,0.182,1.045,97.878,5.145,92.662,Roll
-0.200,-0.012,1.028,68.311,-15.794,285.233,Roll
0.125,-0.063,1.260,-71.846,-101.465,286.685,Roll
0.246,-0.143,0.750,-57.549,-147.569,286.685,Roll
-0.644,0.356,1.335,67.226,-141.890,286.685,Roll
-1.144,0.485,1.219,-3.526,-238.516,286.685,Roll
-0.506,0.164,0.952,-33.171,-286.685,286.685,Roll
-0.377,0.010,1.078,-36.864,-286.335,272.615,Roll
-0.290,0.065,1.056,-21.306,-215.005,127.356,Roll
-0.198,0.276,1.062,15.557,-83.317,-66.238,Roll
-0.054,0.334,1.026,23.118,-3.106,-184.327,Roll
0.019,0.371,1.069,-5.609,77.070,-286.685,Roll
-0.469,0.000,1.100,20.589,109.174,-286.685,Roll
1.099,0.560,1.168,-4.165,125.396,-286.685,Roll
-0.005,0.600,1.008,-35.368,126.910,-286.685,Roll
0.373,-0.153,0.927,-125.265,22.339,-286.685,Roll
0.661,0.505,0.839,-79.257,33.609,-208.749,Roll
0.361,0.428,0.961,-25.112,20.370,47.941,Roll
0.200,0.367,0.989,21.796,25.935,226.135,Roll
0.684,0.402,1.085,-45.518,38.071,286.685,Roll
0.014,0.432,0.978,-60.147,82.582,286.685,Roll
-0.999,0.784,1.027,-170.012,133.166,286.685,Roll
-0.681,0.078,1.059,-255.299,129.640,286.685,Roll
-0.784,-0.207,0.608,-215.985,-8.496,286.685,Roll
-1.007,0.161,0.883,-45.307,-83.659,223.151,Roll
-1.052,0.592,1.144,18.261,-44.048,11.375,Roll
-0.610,0.460,1.070,69.860,25.891,-272.886,Roll
-0.652,0.239,0.929,83.930,32.533,-286.685,Roll
-0.437,0.194,0.816,89.058,7.122,-286.685,Roll
-0.393,0.187,1.047,100.301,-13.335,-286.685,Roll
-0.198,1.093,1.076,-30.791,2.362,-286.685,Roll
0.188,-0.456,0.826,-44.327,-41.151,-286.685,Roll
0.621,0.115,0.869,0.543,-52.596,-286.685,Roll
0.823,0.200,1.116,110.066,-33.661,-87.395,Roll
0.476,0.115,1.195,177.354,-11.130,223.834,Roll
0.293,0.331,1.222,143.001,-1.295,286.685,Roll
0.867,0.426,0.795,-55.248,-88.235,286.685,Roll
0.143,0.150,1.321,-4.812,37.923,286.685,Roll
-0.717,-0.184,1.129,-109.095,62.493,286.685,Roll
-0.591,0.013,1.100,-116.541,61.775,286.685,Roll
-0.874,-0.024,0.734,-71.234,24.798,286.685,Roll
-0.933,0.406,1.010,22.452,-15.575,277.769,Roll
-0.813,0.493,1.146,54.005,59.412,42.980,Roll
-0.500,0.326,1.318,32.638,139.886,-115.640,Roll
-0.485,0.181,0.924,32.856,175.219,-286.685,Roll
-0.574,0.197,0.841,108.719,166.915,-286.685,Roll
-0.647,0.110,0.875,189.271,154.158,-286.685,Roll
-0.873,0.301,0.919,185.833,130.226,-286.685,Roll
0.311,0.458,1.054,29.173,61.661,-286.685,Roll
0.708,-0.122,0.660,74.016,91.613,-286.685,Roll
0.248,-0.186,1.148,93.853,109.147,-226.564,Roll
-0.032,0.150,1.360,-13.344,14.280,73.168,Roll
0.102,-0.019,1.227,-70.569,-104.974,285.854,Roll
-0.480,-0.120,0.516,-79.747,-212.992,286.685,Roll
-0.226,-0.182,0.915,64.488,-198.564,286.685,Roll
-0.543,-0.135,1.337,-29.522,-194.801,286.685,Roll
-0.408,-0.052,1.095,-60.743,-246.461,286.685,Roll
-0.568,-0.063,1.132,-42.779,-190.785,286.685,Roll
-0.711,-0.128,1.070,-53.384,-120.339,279.764,Roll
-0.841,0.054,0.864,-0.726,-55.370,61.014,Roll
-0.655,0.277,0.824,78.207,-6.282,-188.300,Roll
-0.316,0.350,1.134,53.244,4.235,-286.685,Roll
-0.281,0.336,0.822,36.452,-3.404,-286.685,Roll
0.028,0.146,1.291,16.091,49.840,-286.685,Roll
0.575,0.357,1.044,-9.047,107.144,-286.685,Roll
0.519,0.129,0.776,-76.720,2.231,-283.938,Roll
0.789,0.107,0.799,-52.981,-5.609,-133.717,Roll
0.561,0.171,1.004,-18.603,14.149,141.820,Roll
0.687,0.332,1.242,-52.640,-55.072,286.685,Roll
-0.175,-0.050,0.879,-22.452,-98.866,286.685,Roll
-0.124,0.407,1.173,8.934,-113.575,286.685,Roll
-0.737,0.246,1.073,34.939,-114.275,286.685,Roll
-0.527,-0.185,1.501,36.339,-55.309,274.050,Roll
-0.566,-0.334,1.110,-10.710,27.125,171.894,Roll
-0.800,-0.089,1.021,11.148,-6.930,-13.300,Roll
-0.302,-0.291,0.916,41.895,-8.663,-147.367,Roll
-0.333,-0.225,0.885,60.812,-33.740,-233.607,Roll
-0.054,-0.275,0.859,58.485,-78.400,-272.737,Roll
0.629,0.188,1.122,64.251,-7.796,-286.685,Roll
0.372,-0.119,0.990,32.051,108.334,-286.685,Roll
0.194,-0.090,0.949,6.633,220.185,-231.831,Roll
0.260,0.481,1.385,-30.835,183.697,-145.250,Roll
0.044,0.224,1.317,-41.186,32.743,76.484,Roll
-0.013,0.310,1.008,-1.610,-53.489,266.569,Roll
0.119,0.438,0.963,25.261,-62.799,286.685,Roll
0.189,0.543,1.703,-30.958,-67.401,286.685,Roll
-0.269,-0.139,0.885,-125.046,-73.736,286.685,Roll
-0.390,0.151,0.889,-77.385,-138.381,286.344,Roll
-0.868,0.259,0.978,-50.706,-108.036,180.749,Roll
-0.612,0.326,0.953,-15.759,-37.056,-83.029,Roll
-0.023,0.090,1.094,36.041,40.836,-285.302,Roll
-0.019,0.079,1.135,35.193,91.910,-286.685,Roll
-0.029,-0.343,1.153,29.452,120.566,-286.685,Roll
0.183,0.138,0.998,-11.401,130.305,-286.685,Roll
-0.020,-0.212,1.252,-49.875,103.591,-286.685,Roll
0.437,-0.169,0.957,-48.904,34.597,-278.329,Roll
0.522,0.345,0.695,-6.134,27.484,-169.356,Roll
0.201,0.148,0.912,42.306,10.876,144.568,Roll
-0.017,0.016,0.986,20.667,41.178,286.685,Roll
0.008,0.104,1.183,-20.458,17.001,286.685,Roll
-0.178,0.197,0.997,-31.614,-55.002,286.685,Roll
-0.091,-0.177,0.817,-74.401,-60.865,286.685,Roll
-0.484,0.388,0.865,-68.600,-120.802,286.685,Roll
-0.687,0.326,1.036,-37.074,-144.856,217.569,Roll
-0.513,-0.235,0.798,-9.406,-105.332,-19.040,Roll
-0.135,0.185,1.245,3.054,-55.947,-203.682,Roll
-0.016,0.020,1.284,19.416,-6.904,-286.265,Roll
0.041,-0.008,1.174,56.053,98.166,-286.685,Roll
-0.339,-0.220,1.080,32.778,126.726,-286.685,Roll
-0.363,-0.042,1.004,22.654,74.471,-286.685,Roll
-0.305,0.016,0.983,13.300,39.235,-286.685,Roll
-0.004,0.400,1.003,29.916,-18.812,-278.276,Roll
0.128,0.258,1.008,26.880,-66.929,-49.928,Roll
0.173,0.369,0.926,32.480,-52.010,172.839,Roll
0.130,0.196,0.812,6.344,-20.134,282.082,Roll
0.223,0.120,0.838,-24.981,19.495,286.685,Roll
0.375,-0.048,1.132,-71.129,-8.899,286.685,Roll
0.447,-0.157,1.032,-82.128,-44.485,286.685,Roll
0.473,0.440,1.493,-71.838,-112.997,286.685,Roll
-0.705,0.390,0.824,-53.305,-120.496,286.685,Roll
-0.719,0.195,1.338,-41.353,-44.537,127.750,Roll
-0.667,-0.297,1.187,-34.029,-9.214,-2.721,Roll
-0.192,0.113,1.081,7.954,21.901,-241.876,Roll
-0.175,-0.157,1.180,50.505,60.629,-286.685,Roll
-0.091,-0.225,1.258,65.817,88.226,-286.685,Roll
-0.136,-0.036,1.556,64.120,149.012,-286.685,Roll
-0.224,-0.026,0.807,43.732,115.570,-286.685,Roll
-0.081,0.220,0.855,30.870,58.643,-286.685,Roll
0.073,0.270,0.778,23.555,7.184,-286.685,Roll
0.159,0.289,0.940,72.949,-41.869,-146.387,Roll
0.192,0.369,0.965,51.739,-94.902,93.397,Roll
0.330,0.348,0.912,18.673,-80.894,284.016,Roll
0.215,0.168,1.046,-28.315,14.525,286.685,Roll
0.252,0.214,1.135,-73.832,50.654,286.685,Roll
0.310,0.140,0.946,-142.476,-22.076,286.685,Roll
0.116,0.369,1.099,-108.561,-98.805,286.685,Roll
-0.901,0.011,1.118,-94.911,-170.625,286.685,Roll
-0.551,0.058,1.350,-31.579,-129.369,280.586,Roll
-0.434,0.045,1.102,-12.023,-34.143,104.090,Roll
-0.193,-0.108,1.040,-18.069,27.046,-11.716,Roll
-0.176,-0.064,1.142,27.046,78.759,-188.738,Roll
-0.312,-0.124,1.036,103.092,108.719,-286.685,Roll
-0.374,-0.134,0.997,131.906,83.685,-286.685,Roll
-0.367,-0.046,1.012,141.872,82.591,-286.685,Roll
-0.601,0.261,0.796,30.275,82.259,-286.685,Roll
-0.036,0.204,0.843,-54.609,35.691,-286.685,Roll
-0.078,0.381,0.729,-21.324,29.479,-286.685,Roll
0.295,0.199,0.964,50.829,-38.684,-286.536,Roll
0.393,0.248,1.023,51.249,-111.939,-116.839,Roll
0.384,0.153,1.110,40.530,-112.779,114.397,Roll
0.318,0.201,0.947,39.865,-35.744,273.717,Roll
0.219,0.077,1.020,-0.420,69.720,286.685,Roll
0.084,0.053,1.100,-54.862,90.151,286.685,Roll
0.260,-0.156,0.996,-97.641,27.895,286.685,Roll
-0.179,0.552,1.310,-127.085,-133.831,286.685,Roll
-1.073,0.282,1.018,-28.263,-215.408,286.685,Roll
-0.446,-0.002,1.217,4.629,-113.365,286.685,Roll
-0.409,0.188,1.171,-12.460,-11.629,257.897,Roll
-0.155,0.215,1.107,13.344,18.112,-21.735,Roll
-0.094,0.074,1.114,34.248,21.070,-261.179,Roll
-0.213,0.003,1.033,54.206,63.866,-286.685,Roll
-0.436,-0.130,0.977,80.316,72.126,-286.685,Roll
-0.436,0.015,1.037,40.854,30.170,-286.685,Roll
-0.062,0.378,0.730,35.140,23.118,-286.685,Roll
0.077,0.365,0.967,8.208,-28.823,-286.685,Roll
0.629,0.279,0.891,-10.824,-31.728,-286.685,Roll
0.598,0.293,1.096,23.459,-20.983,-212.940,Roll
0.309,0.213,1.242,20.737,-42.376,65.327,Roll
0.158,0.156,1.175,7.682,-38.710,246.339,Roll
0.175,0.060,0.911,-7.438,19.180,286.685,Roll
0.164,-0.004,0.945,-19.381,90.641,286.685,Roll
0.382,0.092,0.983,-47.285,33.180,286.685,Roll
0.137,0.333,1.231,-43.829,-52.701,286.685,Roll
-0.252,-0.759,0.811,-57.190,-174.387,286.685,Roll
-0.100,0.342,1.352,42.385,-176.803,286.685,Roll
-0.263,0.389,1.245,19.766,-75.845,234.745,Roll
-0.285,0.139,1.126,13.913,-0.569,79.327,Roll
-0.272,0.222,1.064,31.876,36.444,-105.324,Roll
0.106,0.339,1.008,49.551,44.660,-259.464,Roll
-0.064,0.112,1.005,37.284,55.134,-286.685,Roll
-0.117,-0.102,0.949,69.668,72.188,-286.685,Roll
-0.323,-0.402,1.038,65.424,45.894,-286.685,Roll
-0.696,0.250,0.830,-13.108,-13.169,-286.685,Roll
-0.031,0.389,0.921,-38.062,-18.550,-286.685,Roll
0.411,0.498,0.941,-73.386,-20.440,-286.685,Roll
0.652,0.177,1.119,-88.567,-36.671,-286.519,Roll
0.630,0.076,1.107,-47.057,-62.475,-97.650,Roll
0.368,0.110,1.105,9.161,-54.539,69.134,Roll
0.097,0.055,1.120,54.976,-28.403,267.785,Roll
-0.058,0.034,1.073,48.807,9.555,286.685,Roll
0.076,-0.010,0.921,47.513,44.879,286.685,Roll
0.088,0.104,1.149,50.916,65.634,286.685,Roll
0.363,0.198,1.070,-13.597,-0.534,286.685,Roll
-0.320,0.692,0.944,-19.740,-113.120,286.685,Roll
-0.282,-0.403,0.482,12.346,-172.988,286.685,Roll
-0.167,0.406,1.370,82.092,-138.749,286.685,Roll
-0.299,0.338,1.177,26.469,-18.471,139.335,Roll
-0.133,0.123,1.001,5.582,-0.140,22.540,Roll
0.029,0.212,0.946,0.499,-37.502,-116.506,Roll
0.148,0.134,1.054,-12.460,-10.010,-262.360,Roll
0.011,0.027,0.965,-3.815,47.871,-286.685,Roll
-0.178,-0.105,0.933,21.665,76.291,-286.685,Roll
-0.536,0.187,1.144,26.819,56.140,-286.685,Roll
-0.195,0.217,0.848,-27.265,36.382,-286.685,Roll
0.055,0.149,0.898,-2.371,44.678,-286.685,Roll
0.285,0.366,1.074,-23.100,22.829,-286.685,Roll
0.475,0.360,1.190,-39.550,-62.755,-286.571,Roll
0.326,0.323,1.017,-21.446,-116.620,-139.204,Roll
0.154,0.202,1.055,5.346,-85.872,15.286,Roll
-0.054,0.177,1.041,20.589,-22.347,203.446,Roll
-0.050,0.133,1.096,-7.997,17.561,286.685,Roll
0.034,0.033,0.925,-10.631,83.816,286.685,Roll
0.146,0.133,1.119,-0.507,98.394,286.685,Roll
0.335,0.058,1.094,-29.243,13.440,286.685,Roll
-0.339,0.442,1.154,-56.569,-81.156,286.685,Roll
-0.653,-0.172,0.891,0.928,-143.587,286.685,Roll
-0.188,0.568,1.276,106.908,-148.015,286.685,Roll
-0.279,0.313,1.000,32.410,-25.419,229.635,Roll
-0.095,0.251,0.957,-0.709,-8.417,60.681,Roll
-0.161,0.183,0.953,9.721,-7.875,-45.167,Roll
0.277,0.416,1.101,26.591,-16.275,-211.820,Roll
0.058,0.044,0.942,26.880,6.300,-286.685,Roll
-0.131,0.075,0.766,50.286,24.570,-286.685,Roll
-0.427,0.130,0.786,79.170,38.798,-286.685,Roll
-0.300,0.300,1.011,36.732,12.425,-286.685,Roll
-0.002,0.348,0.906,-42.368,-16.730,-286.685,Roll
0.322,0.237,0.955,-50.295,-20.597,-286.685,Roll
0.457,0.384,1.149,-50.015,-47.521,-285.862,Roll
0.281,0.378,1.193,-18.655,-64.006,-119.175,Roll
0.129,0.342,1.141,4.751,-54.836,96.714,Roll
0.051,0.356,0.964,21.525,-10.710,240.231,Roll
0.016,0.347,1.055,-13.764,73.132,286.685,Roll
-0.120,0.189,1.079,-92.426,102.673,286.685,Roll
0.069,0.207,1.114,-121.599,84.569,286.685,Roll
-0.229,0.061,0.827,-142.065,5.066,286.685,Roll
-0.377,0.153,0.591,-30.362,-135.135,286.685,Roll
-0.214,0.320,0.967,84.079,-164.071,286.685,Roll
-0.312,0.438,1.111,57.382,-117.539,267.085,Roll
-0.218,0.415,1.125,13.764,-53.121,57.978,Roll
-0.270,0.284,1.000,-4.051,-4.699,-154.464,Roll
0.254,0.341,1.022,6.099,1.286,-272.396,Roll
-0.046,0.004,0.992,30.958,18.550,-286.685,Roll
-0.105,0.081,0.856,70.823,21.333,-286.685,Roll
-0.188,-0.027,0.946,65.039,-2.214,-286.685,Roll
-0.330,-0.154,0.928,15.977,-34.475,-286.685,Roll
-0.041,0.541,0.845,-11.865,-79.555,-286.685,Roll
0.418,0.507,1.077,-21.359,-50.094,-286.685,Roll
0.440,0.463,1.225,-25.716,-46.743,-280.621,Roll
0.255,0.458,1.174,-19.854,-56.044,-79.424,Roll
0.043,0.400,1.057,-7.586,-23.914,143.902,Roll
0.001,0.367,1.067,-22.558,48.458,286.685,Roll
-0.082,0.304,1.071,-40.101,102.918,286.685,Roll
-0.045,0.197,1.007,-97.615,109.996,286.685,Roll
0.013,0.215,0.841,-170.406,72.118,286.685,Roll
-0.178,-0.088,0.976,-139.387,10.386,286.685,Roll
-0.475,0.188,0.755,-57.461,-115.588,286.685,Roll
-0.342,0.237,1.026,40.206,-175.971,286.685,Roll
-0.342,0.315,1.112,47.425,-113.137,164.299,Roll
-0.162,0.329,1.090,11.865,-55.484,59.903,Roll
-0.148,0.335,1.054,-1.969,-10.815,-123.620,Roll
0.170,0.363,0.958,4.305,6.449,-283.570,Roll
-0.011,0.057,0.840,36.278,46.349,-286.685,Roll
-0.028,0.040,0.890,47.206,53.147,-286.685,Roll
-0.208,0.095,0.856,57.435,25.515,-286.685,Roll
-0.227,0.003,1.032,0.761,-40.810,-286.685,Roll
-0.067,-0.000,0.850,-27.965,-84.158,-286.685,Roll
0.020,0.246,0.872,-21.595,-79.494,-286.685,Roll
0.311,0.441,1.141,8.461,-56.831,-286.685,Roll
0.339,0.693,1.187,66.150,-51.678,-139.624,Roll
0.413,0.547,1.076,95.970,-33.338,12.775,Roll
0.316,0.279,1.069,58.739,-2.844,182.122,Roll
-0.101,0.328,1.084,-5.932,51.275,286.685,Roll
0.052,0.282,1.057,-29.032,169.365,286.685,Roll
-0.154,0.259,1.131,-79.231,187.539,286.685,Roll
0.100,0.358,1.091,-138.810,156.292,286.685,Roll
-0.075,-0.366,0.767,-131.915,99.243,286.685,Roll
-0.612,0.233,0.923,-38.868,-28.306,286.685,Roll
-0.307,0.396,1.007,35.866,-124.933,286.685,Roll
-0.458,0.529,1.079,24.622,-61.924,218.697,Roll
-0.241,0.353,0.931,4.856,-6.457,7.052,Roll
-0.213,0.323,0.935,4.865,4.944,-125.930,Roll
-0.293,0.178,0.814,-4.541,6.921,-281.715,Roll
0.065,0.618,0.962,-9.065,33.766,-286.685,Roll
0.155,-0.206,0.933,-10.377,30.739,-286.685,Roll
0.323,-0.992,1.414,-86.065,12.241,-286.685,Roll
0.080,-1.093,0.810,-166.906,61.425,-25.471,Roll
-0.567,1.603,0.580,-11.515,85.872,-9.721,Roll
0.249,1.286,1.223,-1.173,81.305,-247.861,Roll
0.081,-0.289,1.122,-10.990,42.700,-176.592,Roll
0.125,0.327,0.982,24.684,21.840,19.093,Roll
0.083,0.019,1.200,102.541,-52.561,84.411,Roll
-0.514,-0.045,1.105,92.558,-109.069,140.105,Roll
-0.323,0.137,1.043,68.495,-98.184,130.375,Roll
-0.448,0.489,1.187,64.908,-85.409,50.689,Roll
-0.130,0.168,1.209,73.421,-38.237,-52.649,Roll
0.114,-0.288,0.769,40.092,-40.040,7.875,Roll
-0.370,0.210,0.475,44.634,-118.387,113.173,Roll
0.380,-0.175,1.969,67.340,17.176,56.263,Roll
-0.392,-0.029,0.663,-23.511,27.737,7.157,Roll
-0.237,0.101,1.071,29.365,18.751,-126.893,Roll
-0.250,0.205,0.997,46.865,60.506,-280.525,Roll
-0.515,0.194,0.856,62.230,49.551,-286.685,Roll
-0.590,0.245,0.862,115.264,70.735,-286.685,Roll
-0.145,0.182,1.081,72.144,-23.529,-286.685,Roll
-0.157,0.330,0.852,15.181,-99.312,-286.685,Roll
-0.121,0.504,0.866,23.695,-117.442,-283.973,Roll
0.057,0.470,1.053,25.550,-156.039,-103.836,Roll
-0.015,0.362,0.986,8.190,-113.916,95.821,Roll
-0.036,0.255,0.940,-21.122,-44.118,267.592,Roll
-0.105,0.036,1.079,-59.036,7.070,286.685,Roll
0.049,-0.098,1.025,-66.868,59.972,286.685,Roll
0.384,0.105,0.928,-39.410,99.601,286.685,Roll
0.372,0.202,1.007,-37.564,100.152,286.685,Roll
0.328,0.396,1.386,-43.706,-5.959,286.685,Roll
-0.719,0.193,0.640,-35.088,-91.149,286.685,Roll
-0.274,0.254,1.259,-42.639,-39.095,286.685,Roll
0.008,0.208,1.178,-74.952,6.116,286.685,Roll
-0.130,0.227,1.036,-60.979,31.596,162.068,Roll
-0.352,0.313,0.901,13.562,-19.259,-52.815,Roll
-0.294,0.338,0.908,42.088,-32.042,-186.209,Roll
-0.020,0.085,1.085,57.811,-3.483,-286.685,Roll
0.034,0.031,1.033,75.845,38.946,-286.685,Roll
-0.006,0.164,0.775,98.849,88.952,-286.685,Roll
-0.451,0.046,0.923,95.839,76.309,-286.685,Roll
-0.605,0.102,0.706,63.989,27.948,-286.685,Roll
-0.077,0.366,1.218,15.409,-72.887,-286.685,Roll
0.128,0.274,0.910,9.467,-114.301,-286.685,Roll
0.197,0.394,1.098,60.436,-132.615,-281.916,Roll
0.198,0.293,1.180,26.285,-176.111,-96.985,Roll
0.115,0.050,0.951,11.191,-115.832,71.295,Roll
0.140,0.108,1.045,3.290,-16.949,192.115,Roll
0.128,0.005,1.172,-44.940,69.904,286.685,Roll
0.080,0.068,0.999,-68.530,92.321,286.685,Roll
0.236,-0.041,1.008,-27.440,113.838,286.685,Roll
0.233,0.171,1.175,-7.350,72.573,286.685,Roll
0.262,0.219,1.192,-75.705,-39.629,286.685,Roll
-0.623,0.101,0.531,-24.159,-137.970,286.685,Roll
-0.445,0.205,1.311,41.484,-146.230,286.685,Roll
-0.209,0.015,1.183,-10.141,-43.216,286.685,Roll
-0.015,0.272,1.026,-29.636,-5.696,186.550,Roll
-0.026,0.241,0.953,21.753,-32.349,4.489,Roll
0.058,0.263,1.035,33.591,-28.910,-103.014,Roll
-0.045,0.183,0.985,28.236,1.689,-255.439,Roll
-0.170,0.033,0.919,25.559,26.845,-286.685,Roll
-0.424,0.088,0.924,42.647,23.608,-286.685,Roll
-0.365,0.242,1.138,40.985,27.353,-286.685,Roll
-0.232,0.060,0.665,-0.954,56.499,-286.685,Roll
-0.179,-0.041,0.998,16.538,40.722,-286.685,Roll
0.058,0.350,1.164,21.070,-20.344,-286.685,Roll
0.324,0.431,1.012,15.671,-137.568,-286.685,Roll
0.257,0.307,1.044,25.323,-154.341,-171.325,Roll
0.116,0.186,1.052,36.295,-136.421,-52.789,Roll
0.007,0.054,1.000,40.486,-44.222,113.514,Roll
0.159,0.081,1.054,10.570,40.320,278.495,Roll
0.219,0.039,1.033,-39.699,96.460,286.685,Roll
0.292,0.079,0.934,-40.005,149.590,286.685,Roll
0.282,0.182,1.073,-23.065,115.027,286.685,Roll
0.336,0.270,1.280,-69.143,-19.994,286.685,Roll
-0.202,0.028,1.032,-125.668,-94.089,286.685,Roll
-0.561,0.114,1.192,-16.441,-97.379,286.685,Roll
-0.107,0.045,1.111,-27.659,-56.271,286.685,Roll
0.022,0.121,1.082,-53.366,18.279,223.151,Roll
-0.039,0.102,0.937,-49.158,2.424,106.444,Roll
-0.035,0.184,1.048,2.581,-62.650,-52.342,Roll
0.010,0.064,1.029,18.191,-61.757,-201.792,Roll
-0.045,0.033,1.017,17.710,-27.834,-286.685,Roll
-0.189,-0.074,0.967,34.580,1.085,-286.685,Roll
-0.181,0.197,1.178,42.726,40.574,-286.685,Roll
-0.115,-0.064,0.753,15.050,89.268,-286.685,Roll
-0.056,0.045,0.789,32.069,117.897,-286.685,Roll
0.016,0.155,1.264,38.237,84.166,-286.685,Roll
0.112,0.267,1.076,-16.441,-29.899,-286.685,Roll
0.165,0.311,0.973,-6.668,-74.935,-286.685,Roll
0.182,0.325,1.066,0.551,-80.622,-260.864,Roll
0.130,0.277,1.106,2.494,-88.900,-72.030,Roll
0.013,0.076,0.955,10.342,-72.599,87.465,Roll
-0.035,-0.020,0.964,26.337,2.328,192.964,Roll
0.012,0.010,1.086,17.386,76.965,286.685,Roll
0.093,-0.134,1.009,-36.251,95.069,286.685,Roll
0.201,-0.020,1.017,-19.066,116.209,286.685,Roll
0.194,0.127,1.095,-32.384,74.393,286.685,Roll
0.322,0.250,1.235,-76.370,-25.497,286.685,Roll
-0.475,-0.091,0.621,-87.614,-123.174,286.685,Roll
-0.213,0.097,0.850,17.631,-161.429,286.685,Roll
-0.136,0.054,1.157,2.494,-147.411,286.685,Roll
-0.013,0.250,1.128,-53.882,-50.969,258.142,Roll
-0.094,0.175,1.058,-35.779,2.328,70.280,Roll
-0.098,0.153,1.011,0.175,9.809,-87.859,Roll
0.023,0.179,0.936,18.270,36.978,-190.803,Roll
0.118,-0.097,0.962,30.538,80.841,-286.580,Roll
-0.016,-0.065,1.006,62.676,111.440,-286.685,Roll
-0.159,0.014,0.984,97.974,104.186,-286.685,Roll
-0.402,-0.066,0.939,71.916,43.243,-286.685,Roll
-0.253,-0.046,0.785,54.434,15.864,-286.685,Roll
-0.197,0.223,0.996,31.316,-5.023,-286.685,Roll
-0.011,0.133,1.158,-2.861,-23.581,-286.685,Roll
0.144,0.319,1.133,7.114,-30.292,-286.685,Roll
0.119,0.301,1.042,19.014,-40.355,-257.005,Roll
0.094,0.311,1.199,28.945,-41.020,-124.075,Roll
-0.021,0.190,1.042,12.653,-38.579,63.569,Roll
-0.234,-0.010,1.072,-3.588,-14.788,203.814,Roll
-0.057,-0.052,1.021,-29.951,12.871,286.685,Roll
-0.018,-0.080,1.023,-42.263,33.189,286.685,Roll
0.032,-0.021,0.989,-45.299,63.822,286.685,Roll
0.130,-0.002,1.111,-54.565,40.101,286.685,Roll
0.124,0.017,1.285,-99.295,-19.407,286.685,Roll
-0.401,-0.079,0.804,-76.064,-124.486,286.685,Roll
-0.394,0.101,1.018,11.217,-167.204,286.685,Roll
-0.012,0.182,1.012,18.121,-124.119,286.685,Roll
0.090,0.210,1.131,-25.725,-83.615,283.885,Roll
0.139,0.198,1.078,-44.336,-26.495,136.544,Roll
0.075,0.109,0.996,-12.381,-24.185,-17.421,Roll
-0.030,0.142,1.082,5.705,5.101,-166.049,Roll
0.007,0.151,0.941,9.441,49.306,-264.530,Roll
-0.095,-0.036,0.939,36.487,113.890,-286.685,Roll
-0.250,0.007,0.968,71.995,109.331,-286.685,Roll
-0.217,0.084,1.044,74.699,49.665,-286.685,Roll
-0.188,-0.054,0.924,20.247,42.131,-286.685,Roll
-0.222,0.023,0.919,-1.566,5.407,-286.685,Roll
0.054,0.142,1.160,0.289,-25.760,-286.685,Roll
0.181,0.261,1.067,-15.724,-46.900,-286.685,Roll
0.284,0.233,1.232,18.436,-41.816,-286.685,Roll
0.240,0.442,1.086,17.054,-93.546,-202.423,Roll
0.259,0.279,1.135,14.359,-98.936,7.315,Roll
-0.146,-0.093,0.892,-0.289,-99.488,95.095,Roll
-0.057,-0.216,1.160,43.461,20.641,264.154,Roll
-0.077,-0.239,1.015,5.924,70.840,286.685,Roll
0.113,-0.250,1.004,-13.274,83.772,286.685,Roll
0.194,-0.060,1.047,-11.795,81.909,286.685,Roll
0.349,0.051,1.025,-5.959,24.316,286.685,Roll
0.224,0.243,1.239,-40.311,-66.701,286.685,Roll
-0.048,-0.057,1.105,-75.749,-136.299,286.685,Roll
-0.485,0.034,0.916,10.203,-142.660,286.685,Roll
-0.042,-0.013,1.087,1.890,-97.387,286.685,Roll
-0.008,0.053,1.046,-36.557,-22.208,286.685,Roll
0.087,0.056,1.018,-20.186,-10.325,245.604,Roll
0.109,0.107,1.018,6.099,-11.104,93.905,Roll
0.069,0.163,0.983,1.584,-3.299,-54.574,Roll
-0.009,0.145,0.976,-2.616,3.378,-160.169,Roll
0.009,0.170,0.829,0.691,12.731,-286.379,Roll
0.105,-0.106,1.054,32.147,41.283,-286.685,Roll
0.016,0.019,1.139,80.019,90.387,-286.685,Roll
-0.278,-0.239,0.998,50.033,102.848,-286.685,Roll
-0.015,-0.087,0.839,35.341,110.145,-286.685,Roll
-0.260,-0.003,0.902,17.439,105.875,-286.685,Roll
-0.085,0.126,1.141,8.304,78.951,-286.685,Roll
-0.006,-0.034,1.111,8.374,31.360,-286.685,Roll
0.037,0.311,1.122,1.076,-28.298,-286.685,Roll
0.032,0.138,1.086,-4.375,-70.262,-201.215,Roll
-0.018,0.087,1.022,-1.225,-66.894,-68.688,Roll
-0.161,-0.067,1.034,2.905,-47.757,112.875,Roll
-0.187,-0.129,0.956,-4.725,-10.710,246.864,Roll
-0.073,-0.080,1.044,-27.134,-5.477,286.685,Roll
0.023,-0.298,0.997,-34.029,7.700,286.685,Roll
-0.061,-0.276,1.120,10.325,10.666,286.685,Roll
0.074,0.006,1.049,9.704,-1.006,286.685,Roll
0.101,0.002,1.004,-10.421,-31.124,286.685,Roll
-0.259,0.057,0.731,-47.338,-112.691,286.685,Roll
-0.314,0.036,0.990,3.684,-145.994,286.685,Roll
0.139,0.035,0.898,-20.134,-128.966,286.685,Roll
0.207,0.069,1.098,-43.470,-96.863,286.685,Roll
0.224,0.117,0.946,-50.374,-64.103,223.615,Roll
0.197,0.037,1.033,-19.854,-64.269,102.077,Roll
0.173,0.105,1.124,-23.100,-23.074,-21.525,Roll
0.088,0.145,1.113,-36.015,10.911,-118.878,Roll
-0.028,0.150,1.016,-41.125,70.280,-268.389,Roll
0.274,0.297,0.864,-30.879,103.810,-286.685,Roll
0.192,-0.132,1.084,17.036,115.701,-286.685,Roll
-0.053,-0.102,1.010,71.829,137.393,-286.685,Roll
-0.250,-0.041,1.108,36.680,98.770,-286.685,Roll
-0.301,0.003,0.778,-11.078,59.631,-286.685,Roll
-0.067,-0.138,1.184,-31.185,28.236,-286.685,Roll
0.215,0.083,0.908,-14.446,22.103,-286.685,Roll
0.230,0.287,1.193,25.585,3.071,-286.685,Roll
0.294,0.409,1.234,24.062,-50.173,-286.598,Roll
0.328,0.315,1.098,2.791,-97.729,-122.876,Roll
0.272,0.064,1.005,2.039,-77.149,85.409,Roll
-0.139,-0.071,1.056,-14.884,-28.490,255.176,Roll
-0.476,-0.433,0.920,-31.334,0.656,286.685,Roll
-0.060,-0.318,0.916,-4.340,55.720,286.685,Roll
-0.117,-0.233,1.047,6.974,60.095,286.685,Roll
0.041,-0.259,1.097,11.244,53.174,286.685,Roll
0.231,-0.233,1.058,-30.039,14.971,286.685,Roll
0.322,0.137,1.277,-71.829,-23.809,286.685,Roll
-0.358,-0.154,0.760,-138.705,-74.830,286.685,Roll
-0.576,0.086,0.718,-34.519,-94.045,286.685,Roll
-0.239,-0.003,1.003,-17.202,-107.327,286.685,Roll
-0.144,0.197,1.225,-46.734,-43.916,264.976,Roll
-0.003,0.097,1.011,-50.225,-7.105,86.056,Roll
0.038,0.122,0.941,-25.034,-25.279,-14.648,Roll
0.063,0.175,1.015,-12.889,-47.285,-167.449,Roll
0.197,0.122,0.909,-8.479,-49.805,-286.668,Roll
0.067,-0.080,1.011,35.971,-34.143,-286.685,Roll
-0.197,-0.090,1.063,85.243,-24.614,-286.685,Roll
-0.153,-0.227,0.921,54.206,10.789,-286.685,Roll
-0.078,-0.111,0.896,-1.094,55.877,-286.685,Roll
-0.407,-0.159,0.906,-51.222,59.176,-286.685,Roll
0.202,0.015,1.065,-12.898,66.369,-286.685,Roll
0.257,0.356,1.416,28.157,15.645,-286.685,Roll
0.385,0.600,1.067,-7.000,-68.512,-286.668,Roll
0.342,0.443,1.111,-10.351,-81.016,-189.779,Roll
0.030,0.163,1.063,-17.141,-80.098,25.532,Roll
-0.123,0.006,0.951,-31.290,-29.181,245.936,Roll
-0.226,-0.417,0.877,-54.451,37.800,286.685,Roll
-0.057,-0.227,1.074,-44.345,73.071,286.685,Roll
-0.007,-0.362,0.925,-74.550,83.676,286.685,Roll
0.098,-0.216,1.057,-34.580,63.472,286.685,Roll
0.165,-0.125,1.119,-41.344,3.369,286.685,Roll
0.243,-0.049,1.273,-85.794,-108.938,286.685,Roll
-0.114,-0.160,0.686,-42.674,-160.886,286.685,Roll
-0.206,-0.073,1.049,0.315,-162.750,286.685,Roll
-0.032,-0.125,1.113,-29.286,-115.570,286.685,Roll
0.060,0.146,1.164,-46.751,-52.631,271.110,Roll
0.071,0.110,1.053,-27.764,-5.338,112.726,Roll
0.037,0.170,0.976,-15.881,-14.009,-28.245,Roll
-0.004,0.147,0.992,-14.840,-30.222,-175.945,Roll
-0.128,0.094,0.928,-22.470,-25.830,-274.767,Roll
0.130,-0.015,1.063,1.085,-3.710,-286.685,Roll
-0.015,0.028,1.080,42.123,10.395,-286.685,Roll
0.005,0.313,1.351,38.272,6.799,-286.685,Roll
0.194,-0.205,0.883,-30.958,16.555,-286.685,Roll
0.292,0.006,0.846,-114.223,53.576,-286.685,Roll
0.295,0.075,0.944,-81.226,97.702,-286.685,Roll
0.305,-0.012,0.771,-40.355,122.561,-286.685,Roll
0.209,0.081,1.312,12.950,81.200,-286.685,Roll
0.132,0.315,1.201,-47.854,-34.055,-268.047,Roll
0.179,0.190,1.098,-48.869,-41.186,-143.596,Roll
0.028,0.055,1.033,-12.049,8.855,38.911,Roll
0.031,0.036,1.131,4.419,53.804,248.290,Roll
-0.106,-0.152,0.968,-57.321,59.097,286.685,Roll
-0.208,-0.244,0.914,-96.250,45.815,286.685,Roll
-0.004,-0.295,0.871,-69.169,51.153,286.685,Roll
0.102,-0.155,1.008,-46.987,29.951,286.685,Roll
0.212,-0.026,1.125,-49.875,-28.674,286.685,Roll
-0.068,-0.285,0.603,-145.337,-102.226,286.685,Roll
-0.426,0.196,1.182,-18.681,-123.436,286.685,Roll
-0.167,0.004,1.180,-47.941,-96.119,286.685,Roll
-0.124,0.283,1.302,-60.970,-39.699,286.676,Roll
-0.202,0.291,1.031,-52.876,13.484,144.340,Roll
-0.195,0.289,1.012,-11.419,-10.483,-32.060,Roll
-0.240,0.160,0.976,-3.675,-25.183,-217.648,Roll
-0.183,0.095,0.823,-4.165,-24.421,-286.659,Roll
0.069,0.104,1.041,21.035,-28.114,-286.685,Roll
-0.109,-0.064,0.881,78.514,4.156,-286.685,Roll
-0.246,-0.075,0.861,74.016,-4.095,-286.685,Roll
-0.097,-0.172,0.840,37.450,15.041,-286.685,Roll
-0.140,0.070,0.758,35.507,46.252,-286.685,Roll
0.291,0.238,1.060,55.344,59.237,-286.685,Roll
0.204,0.123,1.439,72.004,33.399,-286.685,Roll
0.067,0.211,1.235,12.092,-70.954,-286.685,Roll
0.111,0.554,1.125,5.810,-68.005,-145.688,Roll
0.027,0.296,1.191,-7.429,-8.129,109.357,Roll
-0.068,0.088,1.023,-26.084,37.266,223.414,Roll
-0.229,-0.090,1.067,-62.807,81.506,286.685,Roll
0.066,-0.145,0.972,-133.324,71.050,286.685,Roll
0.064,-0.105,0.841,-108.745,105.192,286.685,Roll
0.043,-0.029,1.069,-104.107,91.359,286.685,Roll
0.214,-0.040,1.068,-160.466,19.836,286.685,Roll
-0.322,0.156,0.828,-159.364,-79.730,286.685,Roll
-0.716,-0.015,1.061,-60.882,-143.701,286.685,Roll
-0.244,-0.048,0.935,-49.280,-167.834,286.685,Roll
-0.223,0.248,1.166,-55.055,-119.341,227.955,Roll
-0.174,0.324,1.045,-33.049,-71.846,34.991,Roll
-0.055,0.334,0.950,-18.559,-45.377,-97.554,Roll
0.170,0.049,1.022,-15.969,-34.178,-275.888,Roll
0.010,0.083,1.059,16.362,-15.068,-286.685,Roll
-0.190,0.096,0.994,77.009,12.311,-286.685,Roll
-0.282,-0.155,1.088,93.048,71.942,-286.685,Roll
-0.140,0.015,0.870,-20.597,56.184,-286.685,Roll
-0.079,-0.100,0.952,-63.971,42.236,-286.685,Roll
0.216,0.259,1.001,-7.543,99.173,-286.685,Roll
0.152,0.373,1.385,11.708,97.886,-286.685,Roll
0.276,0.493,1.219,-72.433,-32.077,-286.265,Roll
0.126,0.364,1.091,-90.895,-108.482,-97.169,Roll
-0.001,0.001,1.028,-54.626,-98.306,35.761,Roll
-0.048,-0.000,0.980,-30.362,-39.191,243.259,Roll
-0.269,-0.310,0.870,-41.405,14.009,286.685,Roll
0.120,-0.213,0.983,-36.759,39.445,286.685,Roll
-0.129,-0.201,1.010,-57.339,29.698,286.685,Roll
-0.189,-0.091,1.254,-99.076,-53.778,286.685,Roll
-0.465,-0.107,0.909,-83.326,-139.667,286.685,Roll
-0.549,0.060,0.898,-52.824,-167.939,286.685,Roll
-0.338,-0.207,0.805,-49.954,-192.710,286.685,Roll
-0.233,-0.015,1.142,-38.097,-187.740,286.685,Roll
-0.093,0.165,1.047,-38.421,-156.345,170.931,Roll
-0.049,0.153,1.087,-22.461,-106.488,4.401,Roll
-0.026,0.202,1.058,-13.545,-73.150,-124.145,Roll
0.094,0.102,0.948,-7.901,-43.382,-286.003,Roll
0.185,0.004,0.988,25.699,27.274,-286.685,Roll
0.059,-0.070,1.057,72.660,82.049,-286.685,Roll
-0.098,-0.272,1.064,72.616,75.031,-286.685,Roll
0.113,0.178,0.926,73.054,73.570,-286.685,Roll
0.059,0.398,1.186,31.124,63.446,-286.685,Roll
0.161,0.739,0.955,-44.616,19.810,-286.685,Roll
0.427,0.092,1.075,-52.281,19.827,-286.685,Roll
0.344,0.456,0.988,-36.155,-32.410,-286.685,Roll
0.151,0.217,0.977,-7.009,-48.134,-232.365,Roll
0.007,0.158,1.046,20.274,-56.061,-22.365,Roll
-0.034,0.140,1.019,21.927,-9.424,220.482,Roll
-0.123,-0.027,0.978,-19.189,70.936,286.685,Roll
0.257,0.052,0.897,-83.694,94.421,286.685,Roll
0.035,0.122,1.006,-138.189,98.805,286.685,Roll
-0.003,0.221,1.201,-139.598,83.834,286.685,Roll
0.010,0.338,1.856,-193.174,58.783,286.685,Roll
-0.781,-0.182,0.283,-135.231,-91.831,286.685,Roll
-0.428,0.019,1.085,-58.616,-204.566,286.685,Roll
-0.504,0.135,1.163,-36.347,-146.116,286.676,Roll
-0.360,0.156,1.130,-42.228,-107.310,227.518,Roll
-0.223,0.257,1.167,-36.803,-60.515,43.838,Roll
-0.173,0.117,0.964,-28.525,-45.360,-112.980,Roll
-0.148,-0.042,1.039,-10.990,-52.815,-258.501,Roll
-0.258,-0.056,0.994,1.269,-28.184,-286.685,Roll
0.596,0.238,0.973,58.756,-19.784,-286.685,Roll
0.203,-0.184,1.253,130.900,41.405,-286.685,Roll
0.288,0.197,1.110,53.725,26.364,-286.685,Roll
0.474,-0.128,0.882,60.331,77.490,-286.685,Roll
-0.199,-0.124,0.961,39.428,59.518,-286.685,Roll
0.032,0.458,0.908,56.429,93.879,-286.685,Roll
-0.054,0.491,1.179,61.197,87.202,-286.685,Roll
-0.097,0.410,1.045,-1.628,-26.311,-237.974,Roll
-0.165,0.369,0.956,-18.060,-79.056,-10.946,Roll
-0.004,0.119,0.853,-49.735,-47.206,215.425,Roll
-0.169,0.061,0.831,-78.934,-14.254,286.685,Roll
-0.054,0.204,0.901,-81.751,63.123,286.685,Roll
0.006,0.203,1.023,-88.550,106.846,286.685,Roll
0.096,0.044,0.976,-135.660,39.182,286.685,Roll
-0.488,0.160,0.964,-168.753,-17.911,286.685,Roll
-0.305,-0.011,0.969,-169.085,-104.283,286.685,Roll
-0.355,-0.088,1.119,-109.130,-123.900,286.685,Roll
-0.433,0.194,1.094,-60.935,-75.302,221.874,Roll
-0.281,0.171,1.102,-35.131,-64.811,99.496,Roll
0.033,0.191,1.089,-27.816,-13.186,-76.886,Roll
0.002,0.021,0.953,3.430,18.366,-248.211,Roll
0.082,-0.037,0.992,27.562,-5.810,-286.685,Roll
-0.038,-0.161,1.240,69.143,4.952,-286.685,Roll
0.151,-0.023,1.016,105.901,53.944,-286.685,Roll
-0.095,0.050,0.674,77.857,100.223,-286.685,Roll
-0.117,0.052,0.927,53.489,72.975,-286.685,Roll
0.092,0.346,1.034,-27.519,38.719,-286.685,Roll
0.485,0.374,1.060,-43.549,-27.702,-286.685,Roll
0.513,0.290,1.060,-15.050,-34.606,-264.617,Roll
0.201,0.193,1.094,7.070,-15.715,-96.338,Roll
-0.479,-0.245,1.054,14.866,-14.385,131.863,Roll
-0.204,-0.199,1.008,30.065,49.324,285.451,Roll
-0.136,-0.225,1.052,-0.009,86.686,286.685,Roll
-0.007,0.073,0.986,-55.011,108.552,286.685,Roll
0.105,0.167,1.006,-74.401,65.730,286.685,Roll
0.218,0.185,0.985,-151.042,-55.440,286.685,Roll
-0.332,0.326,0.631,-81.139,-110.399,286.685,Roll
-0.247,-0.088,1.066,-95.043,-116.060,286.685,Roll
-0.240,0.096,1.093,-85.619,-51.520,286.685,Roll
-0.275,0.173,1.036,-55.011,4.996,215.215,Roll
-0.233,0.101,0.952,-28.368,6.466,100.485,Roll
-0.034,0.225,1.170,-3.325,-7.385,-54.714,Roll
-0.078,-0.005,1.008,20.029,0.359,-227.500,Roll
-0.083,-0.131,0.930,22.978,-6.501,-286.685,Roll
-0.161,-0.112,0.835,63.105,-21.656,-286.685,Roll
-0.267,0.156,1.073,93.896,-45.728,-286.685,Roll
0.020,0.247,0.861,32.375,-10.894,-286.685,Roll
-0.179,0.019,0.768,49.560,88.655,-286.685,Roll
0.015,0.091,0.860,17.649,64.776,-286.685,Roll
0.366,0.465,1.077,36.015,-5.093,-286.685,Roll
0.301,0.134,1.194,23.800,-74.524,-286.685,Roll
-0.015,0.205,1.273,20.125,-91.543,-225.208,Roll
0.196,0.417,1.119,37.870,-48.309,38.474,Roll
-0.265,0.043,1.024,23.406,4.716,246.671,Roll
0.161,0.115,1.264,-3.964,19.827,286.685,Roll
-0.043,-0.149,1.062,-38.675,82.154,286.685,Roll
0.080,-0.030,0.885,-38.386,129.745,286.685,Roll
0.138,0.106,0.949,-67.296,113.444,286.685,Roll
0.068,0.330,1.083,-87.036,69.729,286.685,Roll
-0.214,0.231,0.931,-101.964,-44.266,286.685,Roll
0.047,-0.095,1.191,-100.433,-96.600,286.685,Roll
0.006,-0.003,0.930,-93.573,-83.317,286.685,Roll
-0.144,0.147,1.170,-65.747,-79.835,281.776,Roll
-0.184,0.157,1.124,-50.444,-40.714,132.247,Roll
-0.180,0.158,1.045,-17.798,-16.284,-18.646,Roll
-0.125,0.042,1.052,1.312,-5.994,-123.533,Roll
0.283,0.114,0.895,25.130,3.447,-281.628,Roll
0.013,-0.207,0.905,51.537,3.990,-286.685,Roll
-0.031,0.012,0.964,85.829,-11.217,-286.685,Roll
-0.052,0.298,0.886,78.111,-28.971,-286.685,Roll
0.115,-0.009,1.033,35.682,33.827,-286.685,Roll
-0.156,-0.187,0.880,25.673,85.321,-286.685,Roll
0.137,0.252,0.974,32.699,85.243,-286.685,Roll
0.173,0.263,1.352,11.462,-2.188,-286.685,Roll
0.002,0.116,1.178,-18.121,-73.071,-285.390,Roll
0.015,0.259,1.156,-12.626,-63.840,-114.249,Roll
-0.207,0.052,1.142,-6.773,-56.210,22.312,Roll
-0.150,-0.101,1.066,-1.741,-31.246,204.286,Roll
-0.008,0.027,1.046,-28.429,-0.438,286.685,Roll
-0.073,-0.138,1.072,-37.590,54.014,286.685,Roll
-0.021,-0.009,1.050,-56.438,128.975,286.685,Roll
0.159,0.193,1.100,-123.909,116.620,286.685,Roll
-0.031,0.157,0.955,-158.042,30.660,286.685,Roll
-0.230,0.355,0.889,-171.614,-39.769,286.685,Roll
-0.319,0.019,0.904,-152.600,-101.798,286.685,Roll
-0.270,0.180,1.213,-115.885,-51.004,271.224,Roll
-0.182,0.118,1.023,-71.137,-1.146,70.639,Roll
-0.204,0.074,0.954,-31.780,6.921,-58.415,Roll
-0.055,0.074,1.026,29.312,-18.121,-256.139,Roll
-0.086,-0.403,0.827,59.929,-10.850,-286.685,Roll
-0.208,-0.105,0.836,174.685,-16.625,-286.685,Roll
-0.395,-0.058,1.104,202.090,-21.087,-286.685,Roll
0.046,0.167,1.035,160.195,81.664,-286.685,Roll
-0.160,-0.045,0.959,56.333,45.377,-286.685,Roll
0.126,0.410,1.097,5.250,4.629,-286.685,Roll
0.123,0.273,1.166,-0.429,-37.135,-286.685,Roll
0.145,0.261,1.234,3.150,-92.155,-233.188,Roll
0.221,0.169,1.225,10.999,-109.104,10.159,Roll
-0.381,0.013,1.083,5.364,-73.238,224.280,Roll
-0.084,-0.137,1.245,24.640,-26.294,286.519,Roll
-0.050,-0.350,1.063,17.684,45.754,286.685,Roll
0.150,0.017,1.041,-32.961,120.846,286.685,Roll
0.206,0.033,0.947,-95.865,119.158,286.685,Roll
0.354,0.081,1.060,-126.262,52.754,286.685,Roll
-0.334,0.171,0.558,-146.344,-105.683,286.685,Roll
-0.213,-0.048,0.998,-87.981,-183.881,286.685,Roll
-0.134,0.125,1.176,-87.141,-155.785,286.685,Roll
0.158,0.151,1.059,-91.332,-100.476,192.150,Roll
0.114,-0.010,1.025,-57.566,-44.467,50.829,Roll
0.154,-0.052,0.997,-2.144,-19.679,-88.918,Roll
0.069,-0.068,0.985,25.603,-5.924,-195.895,Roll
0.154,-0.134,0.910,37.923,11.034,-286.685,Roll
-0.020,-0.132,1.027,48.037,41.221,-286.685,Roll
-0.076,-0.043,1.057,65.494,39.016,-286.685,Roll
-0.398,0.015,0.995,100.126,71.050,-286.685,Roll
-0.149,0.565,0.648,60.261,112.149,-286.685,Roll
0.023,-0.168,0.901,-10.745,89.460,-286.685,Roll
0.163,0.075,0.921,-6.108,103.416,-286.685,Roll
0.045,0.417,1.284,-24.491,21.507,-286.685,Roll
0.018,0.307,1.229,-56.420,-39.086,-219.432,Roll
-0.246,0.005,1.111,-56.464,-43.111,10.071,Roll
-0.523,-0.165,0.959,-28.455,-21.980,133.893,Roll
-0.283,-0.179,0.978,-9.310,14.630,282.590,Roll
-0.177,-0.439,1.000,-59.185,7.936,286.685,Roll
-0.153,-0.407,0.976,-62.501,8.068,286.685,Roll
0.060,-0.278,1.104,-60.699,-11.226,286.685,Roll
0.086,-0.114,1.048,-86.275,-71.855,286.685,Roll
0.027,0.059,0.762,-65.730,-94.176,286.685,Roll
-0.262,0.037,0.847,-99.120,-126.963,286.685,Roll
-0.126,-0.099,1.117,-119.516,-120.522,286.685,Roll
0.120,0.119,1.020,-128.800,-59.570,286.685,Roll
0.161,0.140,1.160,-83.878,-47.162,192.273,Roll
0.111,-0.043,1.072,-65.625,-34.685,87.780,Roll
0.136,0.007,1.092,-23.590,-19.862,-63.306,Roll
0.056,-0.114,0.904,19.460,-0.438,-209.099,Roll
0.160,-0.092,0.873,41.379,12.959,-282.275,Roll
0.101,-0.349,1.164,72.021,28.577,-286.685,Roll
-0.076,-0.083,0.931,124.548,62.318,-286.685,Roll
-0.127,-0.174,0.860,136.404,104.291,-286.685,Roll
-0.223,0.022,1.063,138.399,150.307,-286.685,Roll
0.160,0.304,0.855,27.029,79.896,-286.685,Roll
-0.089,-0.207,0.940,-33.731,51.459,-286.685,Roll
-0.179,0.080,1.121,-43.584,9.205,-286.685,Roll
-0.125,0.026,1.135,-37.607,-16.712,-272.073,Roll
-0.239,0.010,1.085,-29.382,-51.004,-41.807,Roll
-0.310,-0.095,1.060,-18.077,-61.145,143.911,Roll
-0.318,-0.160,1.005,-7.508,-51.013,245.717,Roll
-0.251,-0.296,1.019,-4.620,-30.013,286.685,Roll
-0.093,-0.237,1.078,-37.161,18.427,286.685,Roll
-0.043,-0.077,1.149,-85.654,7.971,286.685,Roll
-0.080,-0.095,0.945,-102.147,-53.506,286.685,Roll
-0.087,-0.011,1.161,-73.202,-101.465,286.685,Roll
-0.009,-0.277,0.873,-118.046,-135.818,286.685,Roll
-0.023,-0.133,1.057,-131.119,-137.340,286.685,Roll
0.072,-0.066,0.996,-89.959,-142.327,286.685,Roll
0.033,0.054,1.196,-64.610,-104.090,239.181,Roll
-0.004,-0.022,1.024,-20.720,-45.421,75.355,Roll
0.098,-0.099,1.015,21.753,-14.464,-65.879,Roll
0.083,-0.082,1.078,41.064,37.441,-201.486,Roll
0.426,0.062,0.979,59.894,58.432,-284.253,Roll
0.106,-0.341,0.951,74.603,27.667,-286.685,Roll
-0.018,-0.103,0.880,83.204,29.654,-286.685,Roll
-0.044,0.038,0.951,65.555,34.072,-286.685,Roll
0.001,-0.070,1.016,39.690,128.826,-286.685,Roll
-0.144,0.081,0.930,20.405,139.781,-286.685,Roll
-0.229,0.040,0.976,-73.762,85.838,-286.685,Roll
-0.051,0.090,1.026,-51.651,62.694,-286.685,Roll
-0.038,0.021,1.114,-27.388,-31.413,-284.392,Roll
-0.141,-0.047,1.159,-8.951,-88.287,-78.715,Roll
-0.119,-0.158,1.165,3.850,-79.188,71.969,Roll
-0.032,-0.203,1.164,1.120,-48.072,269.981,Roll
-0.383,-0.528,1.039,1.418,-20.764,286.685,Roll
-0.280,-0.454,0.992,-9.345,16.555,286.685,Roll
-0.031,-0.344,1.013,-51.231,26.022,286.685,Roll
0.061,-0.208,1.010,-87.395,7.787,286.685,Roll
-0.080,-0.252,0.963,-103.311,-76.370,286.685,Roll
-0.111,-0.181,0.723,-95.261,-148.050,286.685,Roll
-0.148,-0.211,1.226,-70.324,-160.449,286.685,Roll
-0.033,-0.069,1.025,-82.740,-122.981,286.685,Roll
0.058,-0.054,1.165,-67.016,-62.125,245.236,Roll
0.109,-0.061,0.989,-34.431,-12.451,112.018,Roll
0.139,-0.047,1.056,17.413,29.785,-20.606,Roll
0.005,0.024,1.030,42.359,43.146,-122.185,Roll
0.030,-0.044,0.836,85.732,15.689,-284.445,Roll
0.012,-0.320,0.863,113.715,38.675,-286.685,Roll
-0.068,-0.153,0.912,156.975,53.541,-286.685,Roll
-0.059,-0.008,0.788,191.380,-11.078,-286.685,Roll
-0.349,-0.128,1.025,170.695,6.431,-286.685,Roll
-0.143,0.347,0.847,79.896,23.284,-286.685,Roll
-0.098,0.049,1.008,32.944,24.570,-286.685,Roll
0.093,0.217,1.217,-3.561,4.235,-286.685,Roll
-0.090,0.291,1.186,11.568,-21.840,-169.102,Roll
-0.264,0.109,1.048,33.250,-47.924,61.661,Roll
-0.150,-0.033,0.990,39.428,-39.743,181.038,Roll
-0.187,-0.141,1.126,-12.066,-24.981,286.685,Roll
-0.280,-0.103,0.952,-60.287,20.335,286.685,Roll
-0.152,-0.010,1.099,-98.114,50.470,286.685,Roll
0.083,0.024,0.951,-161.857,54.049,286.685,Roll
-0.031,-0.132,1.047,-208.355,36.059,286.685,Roll
-0.100,-0.049,0.776,-165.952,-58.818,286.685,Roll
0.044,-0.117,1.075,-125.939,-104.860,286.685,Roll
-0.231,-0.111,1.031,-103.521,-121.625,286.685,Roll
-0.258,0.079,1.130,-106.076,-122.448,282.258,Roll
-0.002,0.017,1.381,-86.223,-30.188,142.065,Roll
0.097,-0.097,1.068,-13.335,52.701,-14.814,Roll
0.091,-0.044,1.116,52.028,72.564,-128.747,Roll
-0.008,-0.096,0.923,111.589,0.306,-281.837,Roll
0.373,0.190,0.875,109.121,2.118,-286.685,Roll
0.258,-0.323,0.946,141.934,7.534,-286.685,Roll
-0.140,-0.254,1.010,156.432,39.882,-286.685,Roll
-0.211,0.031,0.694,184.074,32.541,-286.685,Roll
-0.110,0.195,0.843,181.134,43.225,-286.685,Roll
-0.196,0.378,0.948,97.982,-3.421,-286.685,Roll
0.041,0.145,1.153,-25.279,-34.020,-286.685,Roll
-0.102,0.196,1.141,-41.606,-61.355,-286.676,Roll
-0.077,0.178,1.223,-22.733,-74.988,-102.734,Roll
-0.230,0.012,1.195,-22.540,-51.529,57.689,Roll
-0.164,0.015,1.047,-23.730,3.841,254.503,Roll
-0.228,-0.195,1.022,-50.295,35.936,286.685,Roll
-0.072,-0.243,0.999,-57.846,64.838,286.685,Roll
0.066,-0.085,1.206,-95.795,87.692,286.685,Roll
0.201,0.096,1.235,-179.506,16.975,286.685,Roll
-0.372,0.033,0.745,-201.530,-67.279,286.685,Roll
-0.298,-0.093,0.949,-170.223,-124.504,286.685,Roll
-0.134,-0.088,1.324,-133.831,-149.012,286.685,Roll
-0.086,-0.030,1.177,-154.919,-61.451,286.685,Roll
-0.007,0.056,1.154,-89.408,-16.459,235.917,Roll
0.019,0.024,0.965,4.716,-10.351,89.915,Roll
-0.018,-0.096,0.849,48.772,-18.174,-5.854,Roll
-0.148,-0.056,0.958,59.001,11.585,-155.523,Roll
-0.186,0.007,0.692,40.994,-27.808,-286.160,Roll
-0.022,0.114,0.787,75.827,-51.678,-286.685,Roll
0.450,-0.070,1.201,126.262,-109.743,-286.685,Roll
-0.036,0.029,1.015,119.473,-92.584,-286.685,Roll
0.172,0.007,0.930,122.666,-36.374,-286.685,Roll
0.295,0.331,0.842,42.228,28.551,-286.685,Roll
-0.030,0.024,1.042,24.920,87.614,-286.685,Roll
0.122,0.517,1.207,-3.658,21.394,-286.685,Roll
0.226,0.222,1.349,-22.295,-61.819,-286.685,Roll
-0.047,0.213,1.124,-26.757,-97.125,-259.455,Roll
-0.180,0.294,1.012,-12.967,-86.905,8.925,Roll
-0.100,0.097,0.882,18.655,41.842,236.057,Roll
-0.202,0.107,0.896,-29.925,80.649,286.685,Roll
-0.127,-0.070,1.007,-111.808,77.420,286.685,Roll
0.019,0.042,1.042,-137.340,85.041,286.685,Roll
0.082,0.055,0.883,-174.676,38.981,286.685,Roll
-0.183,0.061,1.380,-246.654,26.442,286.685,Roll
-0.294,-0.353,0.592,-134.295,-143.622,286.685,Roll
-0.028,-0.038,1.241,-65.599,-214.086,286.685,Roll
-0.080,0.053,1.206,-89.819,-122.316,286.685,Roll
-0.075,0.195,1.131,-71.741,-107.319,266.079,Roll
-0.081,-0.224,0.739,-34.764,-88.926,136.447,Roll
0.003,-0.007,1.094,8.137,-81.603,8.155,Roll
0.216,0.042,0.894,16.257,-44.345,-144.646,Roll
0.218,-0.046,1.040,35.665,-10.684,-247.117,Roll
0.544,-0.132,1.007,38.036,34.370,-286.685,Roll
0.207,-0.247,0.997,67.016,43.557,-286.685,Roll
-0.034,0.083,0.993,89.793,37.555,-286.685,Roll
-0.185,-0.082,1.058,112.805,43.103,-286.685,Roll
0.260,0.284,0.727,28.263,77.192,-286.685,Roll
0.251,0.397,1.144,-0.962,94.815,-286.685,Roll
0.143,0.334,0.978,-29.120,89.049,-286.685,Roll
0.138,0.058,1.227,-80.946,33.950,-286.685,Roll
-0.107,0.192,0.959,-84.674,-2.984,-183.199,Roll
-0.356,-0.030,0.869,-33.906,22.146,31.859,Roll
-0.327,-0.084,0.902,-23.984,30.406,159.775,Roll
-0.237,-0.132,0.880,-56.814,16.905,286.676,Roll
-0.211,-0.014,0.957,-111.387,27.685,286.685,Roll
-0.184,0.017,1.087,-136.089,6.379,286.685,Roll
-0.083,0.175,1.071,-143.798,-72.048,286.685,Roll
-0.240,0.163,1.333,-177.896,-123.113,286.685,Roll
-0.132,-0.282,0.674,-244.624,-108.246,286.685,Roll
-0.241,-0.125,0.913,-227.833,-139.256,286.685,Roll
-0.495,-0.231,0.886,-174.860,-125.668,286.685,Roll
-0.408,-0.320,1.169,-83.921,-112.315,238.822,Roll
-0.121,-0.260,1.046,-44.966,-55.318,140.875,Roll
-0.009,-0.191,1.046,22.479,-27.755,15.750,Roll
-0.027,-0.154,1.017,58.467,-18.585,-80.762,Roll
-0.097,-0.127,0.936,77.140,-16.240,-253.514,Roll
-0.017,-0.005,0.921,85.181,-47.836,-286.685,Roll
0.315,0.232,1.048,100.520,-37.678,-286.685,Roll
0.071,-0.047,1.069,111.081,-12.206,-286.685,Roll
0.005,0.108,1.232,141.059,65.765,-286.685,Roll
0.268,0.417,0.691,75.434,110.941,-286.685,Roll
0.293,0.142,0.936,41.230,104.107,-286.685,Roll
0.186,0.160,1.105,-24.684,54.232,-286.685,Roll
0.135,0.176,1.158,-42.682,-13.458,-283.832,Roll
-0.175,0.196,1.114,-34.107,-39.156,-77.709,Roll
-0.211,0.066,1.060,-26.014,-23.362,55.090,Roll
-0.247,-0.009,1.069,-36.041,3.622,216.256,Roll
-0.182,-0.203,1.065,-62.877,-6.641,286.685,Roll
-0.102,-0.244,0.936,-63.472,10.273,286.685,Roll
0.094,-0.059,0.970,-70.884,26.915,286.685,Roll
0.281,-0.068,1.095,-106.129,-9.214,286.685,Roll
-0.430,-0.109,0.905,-150.255,-100.503,286.685,Roll
-0.226,-0.335,0.760,-110.434,-172.996,286.685,Roll
-0.095,-0.308,1.153,-59.237,-169.557,286.685,Roll
-0.023,-0.014,1.229,-102.384,-55.151,286.685,Roll
0.024,-0.026,0.982,-93.643,-12.600,202.921,Roll
0.043,-0.003,1.013,-10.596,-2.424,51.537,Roll
0.096,-0.065,0.959,40.810,6.475,-50.155,Roll
0.069,-0.179,0.916,78.689,14.998,-200.366,Roll
0.130,-0.091,0.983,70.166,37.923,-286.685,Roll
0.156,-0.114,1.009,114.581,20.685,-286.685,Roll
0.031,-0.016,0.962,148.295,26.250,-286.685,Roll
-0.242,-0.230,0.922,181.458,70.192,-286.685,Roll
-0.325,0.223,0.967,93.441,80.448,-286.685,Roll
0.084,0.457,0.943,25.681,61.390,-286.685,Roll
0.270,0.274,1.138,-58.774,27.493,-286.685,Roll
0.191,-0.183,0.945,-87.386,-6.003,-286.685,Roll
0.097,0.034,1.197,-62.037,-8.925,-150.614,Roll
-0.141,-0.046,1.022,-51.546,-19.101,-16.336,Roll
-0.531,-0.125,1.103,-5.338,-13.860,149.170,Roll
-0.353,-0.159,1.027,9.634,-33.670,284.340,Roll
-0.280,-0.120,0.998,8.269,-35.761,286.685,Roll
-0.169,-0.141,1.035,-32.769,-42.000,286.685,Roll
-0.024,-0.021,1.025,-44.214,-56.333,286.685,Roll
0.030,-0.212,0.884,-65.056,-96.801,286.685,Roll
-0.117,-0.051,1.290,-106.339,-120.033,286.685,Roll
0.077,-0.388,0.857,-121.354,-178.054,286.685,Roll
0.162,-0.313,0.969,-69.484,-204.102,286.685,Roll
-0.011,-0.113,1.159,-67.559,-179.270,286.685,Roll
0.029,-0.111,1.103,-71.426,-100.905,237.650,Roll
0.167,-0.142,0.980,-58.083,-53.856,148.811,Roll
0.307,-0.177,0.864,-18.839,-26.005,19.381,Roll
0.276,-0.165,0.916,10.658,10.115,-98.849,Roll
0.218,-0.163,0.982,24.483,40.197,-177.905,Roll
0.168,-0.097,1.062,29.444,100.170,-285.705,Roll
0.278,-0.106,0.915,27.484,139.055,-286.685,Roll
0.135,-0.244,0.953,92.146,125.116,-286.685,Roll
0.140,-0.196,1.004,118.335,112.175,-286.685,Roll
0.093,-0.223,1.180,101.894,170.634,-286.685,Roll
-0.155,-0.119,0.807,37.494,197.732,-286.685,Roll
-0.351,0.248,1.294,-39.375,126.175,-286.685,Roll
0.055,0.188,1.147,-120.444,108.010,-286.685,Roll
0.036,-0.041,1.084,-79.660,57.584,-231.621,Roll
-0.337,-0.043,1.022,-26.740,18.069,-1.768,Roll
-0.229,-0.144,0.952,14.998,-6.711,143.045,Roll
-0.283,-0.221,0.955,42.464,-46.865,286.501,Roll
-0.361,-0.132,0.889,34.274,-31.894,286.685,Roll
-0.212,-0.129,0.961,-7.849,-32.541,286.685,Roll
-0.038,-0.043,1.014,-54.180,-55.536,286.685,Roll
-0.045,-0.155,0.893,-79.511,-131.136,286.685,Roll
-0.093,-0.196,0.741,-111.720,-170.205,286.685,Roll
-0.193,-0.078,1.028,-66.894,-199.850,286.685,Roll
-0.146,-0.138,1.190,-79.625,-150.929,286.685,Roll
0.102,-0.062,1.141,-96.652,-42.201,246.365,Roll
0.414,0.099,1.128,-51.511,32.401,74.261,Roll
0.125,-0.076,0.922,29.330,36.417,-143.701,Roll
0.062,-0.114,0.966,37.467,38.290,-270.025,Roll
0.054,-0.308,1.001,10.955,59.482,-286.685,Roll
0.025,-0.110,0.961,40.959,84.980,-286.685,Roll
-0.127,-0.173,1.087,100.669,120.689,-286.685,Roll
-0.013,-0.210,1.272,100.152,149.450,-286.685,Roll
0.155,0.162,0.663,81.060,156.791,-286.685,Roll
0.047,-0.015,1.069,45.246,81.882,-286.685,Roll
0.020,0.067,1.018,5.110,39.716,-286.685,Roll
-0.103,0.053,1.102,-23.914,12.757,-280.289,Roll
-0.339,0.005,0.985,-35.333,-23.354,-45.815,Roll
-0.381,-0.014,0.938,-12.066,-29.190,179.121,Roll
-0.339,0.001,0.922,-16.975,-52.728,286.685,Roll
-0.368,-0.268,0.926,-24.517,-60.987,286.685,Roll
-0.145,0.003,1.062,-56.193,-75.793,286.685,Roll
0.137,-0.257,0.981,-85.505,-113.802,286.685,Roll
0.337,-0.270,1.113,-72.170,-131.670,286.685,Roll
0.011,-0.122,1.107,-86.966,-166.119,286.685,Roll
-0.050,-0.025,1.233,-90.099,-145.967,286.685,Roll
-0.109,-0.305,0.852,-87.176,-97.641,286.685,Roll
-0.069,-0.106,1.139,-77.779,-80.421,285.801,Roll
-0.060,-0.121,1.044,-55.562,1.505,185.124,Roll
0.069,-0.085,1.002,18.314,17.833,43.243,Roll
0.059,-0.110,1.039,69.939,33.189,-135.292,Roll
0.063,-0.212,0.877,76.274,23.546,-258.895,Roll
0.595,-0.170,1.208,94.308,-6.352,-286.685,Roll
0.295,-0.286,0.884,100.214,12.171,-286.685,Roll
0.132,0.007,1.005,102.777,16.712,-286.685,Roll
0.049,-0.171,1.074,92.855,74.401,-286.685,Roll
0.186,-0.014,1.159,28.368,164.658,-286.685,Roll
0.025,-0.028,0.984,-62.869,163.424,-286.685,Roll
0.013,-0.046,0.957,-46.349,138.740,-286.685,Roll
-0.182,-0.011,0.904,-20.843,67.427,-227.973,Roll
-0.379,0.072,0.815,-8.208,15.496,-54.801,Roll
-0.284,0.051,0.894,-4.296,-10.404,124.591,Roll
-0.213,-0.036,0.927,-30.021,-21.779,227.325,Roll
-0.245,-0.032,0.924,-60.226,-23.284,286.685,Roll
-0.213,-0.012,1.020,-86.669,-39.051,286.685,Roll
-0.241,-0.116,0.988,-100.188,-80.815,286.685,Roll
-0.179,-0.111,0.941,-51.861,-144.148,286.685,Roll
0.040,-0.204,1.006,-66.299,-160.003,286.685,Roll
-0.132,-0.159,1.291,-112.324,-96.688,286.685,Roll
-0.217,-0.115,1.073,-145.425,-33.346,286.685,Roll
-0.295,0.083,1.029,-127.942,-18.576,282.730,Roll
-0.212,0.017,1.024,-68.145,-12.390,128.905,Roll
-0.043,0.017,1.091,-6.230,5.548,-50.024,Roll
0.059,-0.060,0.977,49.096,6.169,-227.920,Roll
0.055,-0.190,0.920,66.701,-3.736,-286.685,Roll
0.322,-0.030,1.045,82.189,-22.811,-286.685,Roll
0.093,-0.323,1.014,109.541,46.760,-286.685,Roll
-0.042,-0.089,0.897,148.461,69.738,-286.685,Roll
0.431,-0.156,1.133,150.902,107.012,-286.685,Roll
0.065,0.012,0.990,94.281,55.160,-286.685,Roll
0.107,0.088,0.903,61.338,26.810,-286.685,Roll
0.033,0.040,1.024,14.674,19.819,-286.668,Roll
-0.097,0.194,0.936,-45.159,6.020,-158.541,Roll
-0.309,0.179,0.893,-53.646,0.744,44.380,Roll
-0.243,0.150,0.933,-55.667,-14.061,228.944,Roll
-0.246,0.020,1.072,-71.846,-26.381,286.685,Roll
-0.213,0.088,1.077,-98.665,-6.300,286.685,Roll
-0.150,0.059,1.066,-122.832,-17.150,286.685,Roll
-0.192,-0.032,1.134,-107.975,-56.324,286.685,Roll
-0.043,-0.083,1.001,-129.946,-69.353,286.685,Roll
-0.189,-0.133,1.130,-144.060,-63.656,286.685,Roll
-0.245,-0.042,0.969,-147.648,-48.519,286.685,Roll
-0.273,-0.084,1.014,-100.853,-71.951,250.705,Roll
-0.287,-0.030,1.080,-73.220,-54.075,123.016,Roll
-0.162,-0.020,1.023,-27.396,-37.914,29.347,Roll
-0.036,-0.161,0.986,28.114,-26.827,-106.916,Roll
-0.005,-0.201,1.006,59.010,-19.854,-239.540,Roll
-0.003,-0.144,1.073,62.860,5.154,-286.685,Roll
0.315,-0.155,0.889,95.585,14.455,-286.685,Roll
0.236,-0.230,1.067,138.758,0.805,-286.685,Roll
0.043,-0.212,1.079,127.916,16.214,-286.685,Roll
0.110,0.211,1.047,123.970,52.036,-286.685,Roll
-0.036,0.046,1.079,73.745,60.086,-286.685,Roll
0.335,0.297,1.100,14.201,41.204,-286.685,Roll
0.338,0.132,1.067,-11.891,31.692,-286.685,Roll
0.129,0.099,1.036,-20.851,-7.324,-242.077,Roll
-0.262,0.207,0.919,6.869,-36.732,-57.592,Roll
-0.307,0.075,0.864,45.614,-17.587,140.350,Roll
-0.262,0.072,0.919,25.270,-3.517,261.371,Roll
-0.145,0.082,1.032,-39.471,31.911,286.685,Roll
-0.079,0.128,1.004,-85.190,15.260,286.685,Roll
-0.014,0.075,0.934,-110.766,-34.834,286.685,Roll
0.202,0.048,0.932,-128.503,-102.734,286.685,Roll
0.022,-0.289,0.914,-157.482,-104.064,286.685,Roll
-0.119,-0.305,1.235,-138.644,-110.040,286.685,Roll
-0.165,-0.052,0.913,-99.802,-82.757,286.685,Roll
-0.005,-0.250,0.820,-70.490,-94.885,262.964,Roll
-0.009,-0.221,1.085,-58.459,-37.826,158.209,Roll
0.173,-0.313,0.860,-26.233,-57.916,98.315,Roll
0.208,-0.390,0.914,-13.449,-58.993,63.228,Roll
0.184,-0.316,0.925,-5.679,-61.416,11.007,Roll
0.175,-0.221,1.008,-0.262,-33.189,-89.652,Roll
0.142,-0.370,1.026,5.198,22.234,-212.161,Roll
0.220,-0.143,0.932,9.966,27.177,-286.081,Roll
0.340,-0.388,0.976,30.599,98.376,-286.685,Roll
0.201,-0.350,1.110,88.331,144.095,-286.685,Roll
0.115,-0.113,1.074,94.159,180.364,-286.685,Roll
-0.150,-0.130,0.997,60.952,202.291,-286.685,Roll
-0.045,0.025,1.198,3.894,189.796,-286.685,Roll
0.187,0.138,1.062,-6.282,163.223,-286.685,Roll
0.154,0.018,1.098,-5.399,140.788,-286.676,Roll
0.109,0.157,1.028,1.067,86.363,-185.229,Roll
-0.219,0.190,0.921,-3.168,19.679,-9.153,Roll
-0.363,0.163,0.861,-8.391,-0.735,156.975,Roll
-0.412,0.024,0.915,-24.570,-6.003,256.235,Roll
-0.307,-0.045,0.889,-70.026,-31.097,286.685,Roll
-0.114,0.079,0.950,-90.457,-62.318,286.685,Roll
-0.253,-0.053,0.954,-106.802,-101.938,286.685,Roll
-0.050,0.026,1.098,-131.005,-168.691,286.685,Roll
0.013,-0.123,0.750,-138.749,-216.387,286.685,Roll
0.096,-0.383,0.911,-124.644,-196.604,286.685,Roll
0.021,-0.261,1.122,-99.426,-151.655,286.685,Roll
0.015,-0.235,1.061,-88.515,-100.546,286.685,Roll
-0.099,-0.142,1.154,-54.355,-39.909,260.138,Roll
-0.070,-0.215,1.116,-27.099,8.724,134.820,Roll
0.111,-0.299,0.926,-2.424,10.736,8.663,Roll
0.141,-0.272,0.884,21.455,-1.234,-66.815,Roll
0.131,-0.367,1.077,53.821,9.021,-169.916,Roll
-0.138,-0.155,1.025,52.728,16.327,-281.216,Roll
0.025,-0.280,1.078,57.085,50.111,-286.685,Roll
0.450,-0.075,0.913,79.467,112.779,-286.685,Roll
0.158,-0.229,1.178,135.389,149.100,-286.685,Roll
-0.129,-0.332,1.080,180.906,167.685,-286.685,Roll
0.015,0.210,0.734,135.887,153.650,-286.685,Roll
0.015,0.090,1.053,130.139,120.540,-286.685,Roll
-0.006,0.215,1.241,45.710,53.611,-286.685,Roll
-0.069,0.267,1.069,-36.374,-8.811,-261.397,Roll
-0.222,0.257,1.018,-37.537,-20.904,-120.514,Roll
-0.339,0.101,0.866,-14.998,-7.122,89.399,Roll
-0.218,0.048,0.959,-20.247,10.106,253.216,Roll
-0.255,-0.024,0.933,-52.938,-18.471,286.685,Roll
-0.271,0.100,0.932,-82.040,-44.371,286.685,Roll
0.126,-0.175,0.983,-86.135,-96.705,286.685,Roll
0.173,-0.236,1.011,-81.935,-153.370,286.685,Roll
0.182,0.044,1.201,-85.409,-175.105,286.685,Roll
-0.058,-0.093,0.825,-69.213,-219.643,286.685,Roll
0.100,-0.250,0.824,-61.408,-284.253,286.685,Roll
0.210,-0.162,1.129,-58.520,-210.341,286.685,Roll
0.426,-0.187,1.051,-61.303,-138.171,257.530,Roll
0.241,-0.132,1.085,-38.561,-45.850,194.994,Roll
0.218,-0.212,0.993,-25.165,27.843,60.629,Roll
0.238,-0.186,1.007,6.589,48.379,-98.035,Roll
0.209,-0.203,0.997,18.524,64.295,-210.201,Roll
0.389,-0.169,1.052,27.230,74.130,-286.685,Roll
0.257,-0.173,0.930,42.560,72.677,-286.685,Roll
0.164,-0.136,1.084,33.119,87.815,-286.685,Roll
0.122,-0.063,1.147,21.350,124.530,-286.685,Roll
0.290,0.055,1.125,-48.921,173.583,-286.685,Roll
0.215,-0.127,1.078,-27.291,243.101,-286.685,Roll
0.209,0.041,1.187,-17.561,214.576,-286.685,Roll
0.094,0.374,1.221,-48.046,95.147,-286.685,Roll
0.134,0.222,0.927,-65.721,8.024,-168.700,Roll
-0.106,0.237,0.937,-49.228,-31.666,57.645,Roll
-0.150,0.137,0.952,-28.691,-14.866,197.383,Roll
-0.233,0.071,0.920,-20.737,29.444,286.685,Roll
-0.242,0.085,0.858,-39.498,44.555,286.685,Roll
-0.383,0.185,1.290,-48.178,-2.319,286.685,Roll
-0.083,-0.044,0.597,-99.277,-31.176,286.685,Roll
-0.280,0.221,1.219,-66.062,-52.325,286.685,Roll
-0.418,-0.033,0.734,-126.114,-71.794,286.685,Roll
-0.354,-0.125,0.661,-95.646,-175.857,285.985,Roll
-0.404,0.052,0.875,-6.895,-270.086,158.410,Roll
-0.382,-0.236,1.269,-20.589,-242.611,28.263,Roll
-0.096,-0.262,1.352,-41.650,-113.181,-40.303,Roll
-0.051,-0.308,1.182,-57.015,20.851,-148.417,Roll
0.460,-0.449,0.684,-55.650,38.640,-184.511,Roll
0.349,-0.494,0.704,-6.108,-1.706,-190.732,Roll
0.639,-0.205,0.812,31.439,-35.866,-179.996,Roll
0.499,-0.171,1.002,29.881,-32.489,-193.708,Roll
0.222,0.185,1.021,19.154,8.969,-268.721,Roll
0.304,0.428,0.996,34.090,129.159,-286.685,Roll
0.092,0.351,1.155,22.654,202.982,-286.685,Roll
-0.150,0.543,1.449,-31.999,171.167,-286.685,Roll
-0.215,0.214,1.123,-68.364,110.714,-286.685,Roll
-0.281,0.145,1.080,-51.459,62.641,-286.633,Roll
-0.339,0.201,1.085,-43.286,31.789,-211.872,Roll
-0.254,0.195,1.001,-24.421,-7.210,-6.221,Roll
-0.193,0.078,0.923,-23.397,-33.688,152.364,Roll
-0.207,-0.127,0.880,-26.005,-38.202,279.029,Roll
-0.194,-0.153,0.851,-25.681,-43.531,286.685,Roll
0.090,-0.088,0.908,-32.095,-59.167,286.685,Roll
0.287,-0.281,0.998,-56.910,-93.643,286.685,Roll
0.144,-0.308,0.996,-28.849,-129.413,286.685,Roll
-0.132,-0.064,1.239,-11.209,-137.708,286.685,Roll
-0.085,-0.086,0.963,23.564,-93.905,286.685,Roll
-0.070,-0.138,1.109,-33.311,-51.319,286.685,Roll
-0.013,-0.108,1.117,-73.412,-21.350,249.917,Roll
0.034,0.018,1.104,-71.348,4.673,144.935,Roll
-0.017,0.086,0.983,-32.847,14.464,-33.976,Roll
-0.029,-0.039,0.913,3.631,15.899,-212.599,Roll
0.165,-0.064,0.936,27.930,25.585,-285.871,Roll
0.118,-0.229,1.061,64.872,52.447,-286.685,Roll
-0.040,-0.084,1.195,63.551,92.085,-286.685,Roll
0.079,-0.089,1.028,53.200,159.898,-286.685,Roll
-0.034,-0.228,0.863,2.319,168.840,-286.685,Roll
0.074,-0.024,0.941,6.878,120.986,-286.685,Roll
0.157,-0.054,1.084,-5.233,41.589,-286.685,Roll
0.170,-0.039,1.001,-19.889,3.500,-278.399,Roll
-0.010,-0.046,0.998,-23.511,-12.740,-143.202,Roll
-0.210,-0.072,0.985,-19.609,-40.565,-29.190,Roll
-0.106,-0.124,0.960,-19.994,-67.471,52.211,Roll
-0.072,-0.080,0.981,-25.576,-73.824,101.071,Roll
-0.133,-0.041,1.024,-26.189,-53.226,194.232,Roll
-0.038,-0.049,1.115,-0.123,-9.914,286.676,Roll
-0.040,-0.082,1.096,21.149,9.441,286.685,Roll
0.025,0.069,1.171,23.879,-13.177,286.685,Roll
-0.026,0.138,1.034,-1.942,-79.520,286.685,Roll
-0.187,0.261,1.177,1.846,-155.601,286.685,Roll
0.117,-0.068,0.930,-9.153,-158.716,286.685,Roll
0.153,-0.049,1.213,-18.042,-166.040,286.685,Roll
0.046,0.029,1.129,-83.851,-107.284,286.685,Roll
0.011,0.116,1.143,-86.240,-46.174,215.836,Roll
0.004,-0.020,1.086,-69.160,8.986,127.846,Roll
0.018,-0.036,0.976,-12.189,44.406,3.841,Roll
0.049,-0.152,0.843,34.300,42.665,-122.168,Roll
-0.026,-0.131,0.783,58.774,21.298,-250.836,Roll
0.005,-0.172,0.900,68.504,21.621,-286.685,Roll
0.055,-0.049,0.998,72.870,8.374,-286.685,Roll
-0.165,-0.072,1.006,97.711,8.006,-286.685,Roll
-0.102,0.081,1.024,88.226,31.981,-286.685,Roll
0.177,-0.091,1.310,24.850,98.499,-286.685,Roll
0.239,-0.140,1.097,-14.044,70.866,-286.685,Roll
0.178,0.001,1.118,-22.094,46.261,-286.685,Roll
0.365,0.285,1.357,28.586,48.711,-276.342,Roll
-0.010,0.389,1.029,-9.642,4.323,-88.445,Roll
-0.381,0.216,0.878,-4.734,-5.635,120.645,Roll
-0.393,0.178,0.848,-8.488,13.983,238.954,Roll
-0.295,0.057,0.922,-33.880,35.403,286.685,Roll
-0.278,0.051,1.037,-68.451,29.321,286.685,Roll
-0.063,0.049,1.079,-101.692,-22.496,286.685,Roll
-0.100,0.161,0.944,-104.457,-60.209,286.685,Roll
-0.125,0.116,0.967,-114.152,-84.770,286.685,Roll
-0.004,-0.128,0.964,-91.018,-122.894,286.685,Roll
0.053,-0.037,1.135,-93.590,-97.956,286.685,Roll
-0.114,-0.060,1.114,-97.160,-59.430,251.729,Roll
-0.139,-0.361,0.885,-76.064,-31.903,141.829,Roll
-0.128,-0.233,1.124,-34.702,-64.024,77.639,Roll
0.015,-0.383,1.106,-15.794,-57.041,30.730,Roll
0.119,-0.136,1.020,16.327,-41.597,-47.836,Roll
0.175,-0.137,0.931,34.799,-30.013,-179.681,Roll
0.216,-0.175,0.999,51.686,4.226,-286.685,Roll
0.151,-0.088,1.008,78.181,46.034,-286.685,Roll
0.124,-0.018,1.140,91.849,100.993,-286.685,Roll
0.056,-0.106,1.330,52.806,210.359,-286.685,Roll
0.033,-0.027,0.817,-16.065,227.701,-286.685,Roll
-0.198,-0.202,1.026,-17.622,200.200,-286.685,Roll
-0.278,0.170,1.052,-74.270,106.137,-286.685,Roll
-0.244,0.264,1.089,-42.507,21.796,-253.837,Roll
-0.284,0.144,0.846,-13.116,-19.521,-104.090,Roll
-0.302,0.067,0.946,21.980,-52.719,131.661,Roll
-0.243,0.008,0.795,10.132,-74.988,283.885,Roll
-0.324,-0.319,0.905,-18.935,-75.644,286.685,Roll
-0.223,-0.220,0.981,-20.913,-56.490,286.685,Roll
0.041,-0.259,0.929,-29.286,-74.235,286.685,Roll
-0.024,-0.071,0.991,-42.980,-114.835,286.685,Roll
0.031,-0.214,1.051,-64.146,-155.006,286.685,Roll
-0.100,-0.182,1.137,-94.981,-161.298,286.685,Roll
-0.147,-0.178,1.157,-100.450,-162.190,286.685,Roll
-0.171,-0.139,1.203,-60.305,-141.488,239.540,Roll
-0.025,-0.039,1.163,-23.555,-38.640,87.815,Roll
0.185,0.042,1.082,28.455,53.839,-87.439,Roll
0.370,-0.146,1.033,60.743,82.670,-212.931,Roll
0.294,-0.093,1.128,112.770,91.201,-286.685,Roll
0.100,-0.025,1.041,129.631,104.335,-286.685,Roll
0.037,-0.072,1.027,123.165,127.601,-286.685,Roll
0.084,-0.047,1.177,48.309,169.663,-286.685,Roll
0.046,-0.087,1.048,21.516,147.901,-286.685,Roll
-0.138,-0.093,0.859,6.108,112.289,-286.685,Roll
-0.075,0.106,0.930,17.789,95.506,-286.685,Roll
-0.370,0.070,0.894,17.622,37.415,-278.145,Roll
-0.558,0.061,0.823,44.599,-8.986,-100.397,Roll
-0.553,-0.026,0.787,43.452,-30.511,34.632,Roll
-0.293,-0.065,0.829,10.246,-52.028,219.783,Roll
-0.223,-0.321,0.896,-44.818,-54.031,286.685,Roll
-0.204,-0.154,0.846,-76.527,-30.380,286.685,Roll
-0.108,-0.154,0.916,-95.637,-37.599,286.685,Roll
0.091,-0.088,1.038,-110.250,-102.235,286.685,Roll
-0.214,-0.108,1.112,-91.376,-125.982,286.685,Roll
-0.195,-0.099,0.983,-106.365,-114.546,286.685,Roll
-0.141,-0.119,1.002,-94.395,-104.685,286.685,Roll
-0.267,-0.027,1.327,-99.269,-38.649,286.685,Roll
-0.218,0.032,1.138,-76.965,42.901,175.753,Roll
-0.102,0.124,1.117,-18.664,65.774,-13.694,Roll
-0.021,-0.005,1.037,49.814,46.296,-211.995,Roll
0.264,0.036,1.158,81.603,47.871,-286.633,Roll
-0.125,-0.164,1.029,109.253,44.100,-286.685,Roll
-0.119,-0.224,0.881,101.115,79.030,-286.685,Roll
-0.190,-0.257,0.960,50.365,99.094,-286.685,Roll
-0.003,-0.110,0.951,-63.919,94.054,-286.685,Roll
0.216,-0.229,0.852,4.585,70.158,-286.685,Roll
0.394,-0.097,1.017,61.486,28.079,-286.685,Roll
0.362,-0.015,1.075,50.505,-8.453,-265.685,Roll
-0.178,-0.030,1.076,4.865,-61.381,-47.836,Roll
-0.220,-0.137,1.075,20.370,-57.662,194.679,Roll
-0.202,-0.041,0.944,33.661,-47.092,286.108,Roll
-0.222,-0.177,1.012,1.706,0.490,286.685,Roll
-0.146,-0.191,0.883,-68.390,-0.359,286.685,Roll
-0.213,-0.173,0.993,-93.459,-78.015,286.685,Roll
-0.193,-0.221,0.991,-92.732,-140.508,286.685,Roll
-0.149,-0.441,1.116,-82.128,-201.110,286.685,Roll
-0.188,-0.300,1.071,-58.756,-196.420,286.685,Roll
-0.101,-0.160,1.124,-54.014,-158.611,258.169,Roll
0.028,-0.120,1.151,-59.124,-45.307,105.945,Roll
0.152,-0.085,0.991,-32.366,-6.221,-4.340,Roll
0.190,-0.109,0.996,20.510,33.836,-182.866,Roll
0.179,-0.355,1.012,50.505,68.154,-286.685,Roll
0.033,-0.197,0.930,78.470,120.461,-286.685,Roll
-0.018,-0.385,0.941,98.175,151.410,-286.685,Roll
-0.273,-0.048,1.220,65.205,193.462,-286.685,Roll
-0.029,-0.205,0.961,7.245,213.194,-286.685,Roll
-0.007,0.125,1.018,-6.265,180.206,-286.685,Roll
0.027,0.394,0.993,-29.759,81.734,-286.685,Roll
0.118,0.202,1.086,-11.506,21.306,-148.383,Roll
0.013,0.143,1.019,-23.730,-40.075,64.505,Roll
-0.135,-0.188,1.033,-26.897,-60.576,173.530,Roll
-0.219,-0.266,1.029,-16.074,-67.401,283.911,Roll
-0.033,-0.257,1.009,9.354,-58.362,286.685,Roll
0.042,-0.216,1.073,14.691,-66.798,286.685,Roll
-0.131,-0.146,1.173,3.745,-94.666,286.685,Roll
-0.582,-0.085,1.237,1.960,-141.479,286.685,Roll
-0.328,-0.163,0.913,-25.979,-167.387,286.685,Roll
-0.232,-0.203,1.101,-20.221,-157.850,286.685,Roll
-0.133,-0.089,1.015,-35.411,-107.721,247.048,Roll
0.048,0.135,0.993,-33.539,-57.181,89.556,Roll
0.174,0.020,0.937,-2.432,6.659,-73.981,Roll
0.179,-0.069,0.931,21.403,60.646,-209.011,Roll
0.147,-0.135,0.914,45.763,86.301,-278.696,Roll
0.032,-0.125,0.976,48.248,102.174,-286.685,Roll
-0.017,-0.074,1.045,33.845,114.485,-286.685,Roll
-0.042,-0.427,1.116,9.222,146.160,-286.685,Roll
0.054,0.015,0.695,3.334,183.872,-286.685,Roll
0.103,-0.198,1.041,-7.551,168.009,-286.685,Roll
-0.014,0.178,0.829,-69.265,95.069,-286.685,Roll
-0.082,0.092,0.921,-90.011,62.965,-220.334,Roll
-0.363,-0.065,0.943,-94.920,9.529,-17.054,Roll
-0.394,-0.137,1.005,-66.509,-29.382,158.445,Roll
-0.354,-0.388,0.993,-48.965,-58.537,258.834,Roll
-0.313,-0.342,1.076,-31.894,-93.984,286.685,Roll
-0.239,-0.297,1.165,-13.195,-134.085,286.685,Roll
-0.316,-0.293,1.230,13.405,-196.280,286.685,Roll
-0.367,-0.198,1.091,11.786,-232.137,286.685,Roll
-0.162,-0.319,1.111,11.585,-265.422,286.685,Roll
-0.138,-0.063,1.293,-10.404,-208.530,286.685,Roll
-0.117,0.026,1.112,-44.074,-120.444,261.660,Roll
-0.070,0.114,1.037,-48.580,-74.077,148.925,Roll
-0.051,0.143,0.843,-17.824,-31.938,-41.711,Roll
0.186,-0.005,0.958,20.230,11.804,-223.895,Roll
0.084,-0.181,0.985,34.151,86.966,-286.685,Roll
0.135,-0.263,1.031,33.460,117.294,-286.685,Roll
-0.130,-0.019,1.137,44.748,122.089,-286.685,Roll
-0.123,-0.045,0.991,-8.829,115.378,-286.685,Roll
-0.093,-0.023,0.805,-3.036,105.009,-286.685,Roll
0.191,0.229,1.137,-18.191,50.838,-286.685,Roll
0.296,0.093,1.113,-3.553,-6.624,-226.292,Roll
0.078,0.254,1.147,5.267,-47.276,-23.214,Roll
-0.157,0.099,1.050,-1.339,-82.215,103.416,Roll
-0.065,0.037,0.984,22.689,-56.893,270.174,Roll
0.020,-0.049,0.969,8.164,1.829,286.685,Roll
0.110,-0.029,0.938,1.645,46.541,286.685,Roll
0.067,0.002,1.021,-43.470,38.719,286.685,Roll
-0.200,0.161,1.179,-70.779,-45.841,286.685,Roll
-0.075,-0.081,0.761,-54.049,-139.921,286.685,Roll
-0.066,-0.115,0.967,-33.040,-167.484,286.685,Roll
-0.236,0.011,1.033,-78.768,-145.477,286.396,Roll
-0.183,-0.031,1.129,-102.480,-119.814,182.945,Roll
-0.100,0.069,1.193,-73.010,-17.071,7.376,Roll
-0.083,-0.029,1.084,-3.089,75.084,-170.292,Roll
0.015,-0.092,0.892,39.235,107.240,-275.581,Roll
0.213,-0.154,0.981,67.323,126.543,-286.685,Roll
-0.130,-0.307,1.080,100.433,135.432,-286.685,Roll
-0.204,-0.220,0.998,115.308,106.444,-286.685,Roll
-0.169,-0.153,1.017,81.567,127.033,-286.685,Roll
-0.168,0.067,1.078,30.249,52.964,-286.685,Roll
0.094,0.315,1.118,-35.123,-30.327,-286.685,Roll
0.290,0.402,0.987,-29.829,-55.265,-267.846,Roll
0.227,0.295,1.120,-22.496,-56.455,-119.096,Roll
-0.036,0.146,1.024,-8.111,-48.335,89.714,Roll
-0.014,-0.007,1.159,36.076,6.965,268.293,Roll
-0.160,-0.088,1.063,24.316,21.140,286.685,Roll
0.115,-0.100,0.971,-11.795,36.374,286.685,Roll
0.169,-0.070,1.052,-47.722,9.748,286.685,Roll
0.164,0.038,1.456,-81.104,-47.959,286.685,Roll
-0.310,0.048,1.002,-136.465,-80.001,286.685,Roll
-0.267,-0.301,0.918,-122.106,-131.241,286.685,Roll
-0.256,-0.208,1.043,-71.444,-161.551,286.685,Roll
-0.243,0.115,1.183,-55.755,-142.564,163.669,Roll
-0.198,0.109,1.081,-55.493,-80.098,37.004,Roll
0.035,0.117,0.996,-19.215,-12.171,-162.951,Roll
0.212,-0.284,1.005,37.362,25.987,-286.685,Roll
0.139,-0.277,1.050,88.769,63.691,-286.685,Roll
0.064,-0.067,1.033,110.329,88.935,-286.685,Roll
0.128,-0.002,1.555,53.760,138.827,-286.685,Roll
0.088,-0.072,0.794,-15.916,149.091,-286.685,Roll
0.052,-0.071,0.996,-51.048,148.479,-286.685,Roll
0.258,0.074,0.939,-42.341,142.625,-286.685,Roll
0.100,0.118,0.987,15.549,69.562,-280.455,Roll
0.009,0.107,1.046,12.005,-14.280,-112.577,Roll
-0.113,-0.002,1.064,12.259,-34.746,2.021,Roll
-0.300,-0.035,0.920,8.715,-35.831,161.639,Roll
-0.023,-0.001,1.023,-8.024,-33.609,286.589,Roll
0.069,-0.058,0.980,-30.844,-12.547,286.685,Roll
0.115,-0.059,0.953,-92.601,20.064,286.685,Roll
0.151,-0.083,0.976,-120.698,11.148,286.685,Roll
-0.587,0.205,1.129,-146.676,-51.345,286.685,Roll
-0.510,-0.008,0.963,-105.761,-129.019,286.685,Roll
-0.261,-0.117,1.014,-60.559,-173.232,286.685,Roll
-0.336,0.048,1.183,-64.146,-125.904,275.686,Roll
-0.257,0.156,1.086,-73.351,-65.161,84.525,Roll
-0.144,0.201,0.976,-50.803,-6.291,-35.971,Roll
-0.115,0.018,0.942,-3.290,31.964,-211.645,Roll
0.205,-0.008,1.016,39.568,30.826,-286.685,Roll
0.011,-0.333,1.028,106.304,71.724,-286.685,Roll
-0.081,-0.141,1.057,152.364,95.673,-286.685,Roll
-0.164,-0.433,1.028,129.526,124.924,-286.685,Roll
-0.326,0.135,0.967,61.469,93.993,-286.685,Roll
-0.104,0.117,1.035,24.404,18.751,-286.685,Roll
0.085,0.260,1.268,28.569,-36.741,-286.685,Roll
0.245,0.375,1.172,20.659,-115.806,-266.735,Roll
0.171,0.208,1.193,-2.039,-85.925,-15.523,Roll
0.025,0.183,0.938,-12.469,-70.175,109.007,Roll
0.023,0.021,0.945,17.868,20.834,257.582,Roll
-0.031,-0.186,1.022,-54.810,58.336,286.685,Roll
-0.041,-0.058,0.925,-102.979,46.830,286.685,Roll
0.002,-0.116,0.952,-89.827,28.910,286.685,Roll
0.106,-0.121,1.013,-66.815,-16.721,286.685,Roll
-0.690,0.087,0.887,-118.694,-52.202,286.685,Roll
-0.352,-0.229,1.036,-124.521,-96.871,286.685,Roll
-0.068,-0.348,0.873,-85.269,-118.650,286.685,Roll
-0.470,0.036,1.190,-34.116,-101.421,271.688,Roll
-0.416,0.115,1.012,-14.700,-54.373,105.035,Roll
-0.278,0.164,0.954,6.510,8.208,-88.270,Roll
-0.060,0.188,0.847,36.566,33.766,-230.484,Roll
-0.079,-0.157,0.762,61.504,50.339,-286.685,Roll
-0.325,0.031,0.914,66.334,29.531,-286.685,Roll
-0.089,-0.137,1.146,63.919,31.448,-286.685,Roll
0.093,0.276,0.850,52.710,70.893,-286.685,Roll
0.245,0.008,1.066,-39.401,51.170,-286.685,Roll
0.532,0.086,1.143,-26.583,64.908,-286.685,Roll
0.571,0.015,1.250,-26.399,55.248,-198.704,Roll
0.246,0.017,1.262,-9.677,33.854,30.791,Roll
-0.172,-0.050,1.146,1.523,22.916,239.435,Roll
-0.160,-0.168,1.039,0.735,44.537,286.685,Roll
-0.289,-0.141,1.064,-5.556,46.428,286.685,Roll
-0.342,0.077,0.874,-27.493,7.280,286.685,Roll
-0.413,0.139,0.997,-37.502,-90.081,286.685,Roll
-0.277,-0.037,0.879,-56.717,-161.236,286.685,Roll
-0.253,0.038,1.114,-77.910,-193.069,286.256,Roll
-0.175,0.016,0.805,-58.529,-200.419,161.367,Roll
-0.148,0.129,1.001,-31.220,-220.202,32.681,Roll
-0.177,0.130,1.241,-21.910,-153.650,-63.158,Roll
-0.141,-0.125,1.258,-29.575,1.619,-211.523,Roll
-0.012,-0.195,0.823,-11.568,59.211,-286.685,Roll
0.140,-0.218,0.932,51.844,27.851,-286.685,Roll
0.502,-0.212,1.198,46.340,46.760,-286.685,Roll
0.386,-0.185,0.794,92.829,189.061,-286.685,Roll
0.217,-0.093,1.059,44.721,130.699,-286.685,Roll
0.299,0.206,1.068,-9.275,65.249,-260.820,Roll
0.204,0.185,0.931,-61.206,23.468,-152.285,Roll
-0.022,0.315,0.950,-65.914,-9.573,38.097,Roll
-0.068,0.334,1.028,-55.729,-1.697,254.415,Roll
-0.096,0.346,1.053,-64.173,10.238,286.685,Roll
0.131,0.305,1.180,-93.520,27.326,286.685,Roll
-0.258,0.372,1.301,-97.414,67.051,286.685,Roll
-0.147,0.282,1.044,-136.185,53.139,286.685,Roll
-0.171,-0.059,1.184,-153.711,34.562,286.685,Roll
-0.465,0.248,0.996,-129.518,-16.809,282.424,Roll
-0.425,0.070,0.982,-33.591,-64.033,125.694,Roll
-0.492,0.137,0.939,4.883,-48.676,-40.626,Roll
-0.476,0.112,0.850,10.439,-48.283,-161.779,Roll
-0.334,-0.065,0.957,28.910,-26.679,-286.204,Roll
-0.239,-0.188,0.868,80.876,2.021,-286.685,Roll
-0.221,-0.201,1.012,107.975,1.330,-286.685,Roll
0.017,-0.135,1.223,77.429,80.894,-286.685,Roll
0.013,-0.257,1.146,32.847,85.199,-286.685,Roll
0.320,-0.063,1.179,-8.715,34.326,-286.685,Roll
0.367,0.029,0.967,-5.276,9.109,-281.811,Roll
0.078,0.131,1.002,10.876,-13.501,-62.379,Roll
-0.157,0.099,0.936,12.889,-56.123,137.121,Roll
-0.175,0.000,0.927,25.935,-48.606,245.341,Roll
-0.028,0.002,0.996,16.266,3.027,286.685,Roll
-0.134,0.082,1.097,-33.661,44.406,286.685,Roll
-0.268,0.062,1.069,-46.217,-2.844,286.685,Roll
-0.326,0.114,1.058,-42.857,-48.090,286.685,Roll
-0.262,0.031,0.999,-35.026,-131.040,286.685,Roll
-0.080,-0.020,1.079,-24.579,-158.445,285.670,Roll
-0.043,0.002,0.975,-59.360,-121.739,213.771,Roll
0.014,-0.107,1.056,-73.728,-79.826,168.788,Roll
-0.038,-0.212,1.053,-66.482,10.255,96.574,Roll
-0.136,-0.050,1.007,-16.888,31.561,-27.895,Roll
-0.233,-0.020,0.938,32.673,25.812,-154.604,Roll
-0.167,-0.050,1.022,100.669,25.524,-286.685,Roll
-0.193,-0.199,0.975,102.174,54.303,-286.685,Roll
-0.300,-0.063,1.040,71.164,73.981,-286.685,Roll
-0.151,0.126,1.049,4.602,101.902,-286.685,Roll
0.023,-0.082,0.914,-44.424,99.033,-286.685,Roll
0.234,0.402,0.975,-66.588,16.214,-286.685,Roll
0.392,0.139,1.213,-27.142,7.332,-195.562,Roll
0.213,0.311,1.197,-4.034,-11.375,-10.106,Roll
-0.212,0.136,1.141,5.758,-18.331,227.579,Roll
-0.158,-0.068,1.090,-6.843,-17.448,286.685,Roll
-0.229,-0.087,1.018,-8.619,13.046,286.685,Roll
0.017,-0.080,0.947,-39.077,-4.314,286.685,Roll
-0.228,-0.036,0.786,-54.346,-47.897,286.685,Roll
-0.275,0.127,0.978,-91.499,-89.478,286.685,Roll
-0.322,-0.102,0.858,-54.924,-147.105,286.685,Roll
-0.437,-0.070,1.062,-37.861,-165.926,260.899,Roll
-0.245,-0.010,1.015,-63.963,-113.382,98.849,Roll
0.172,0.114,0.948,-40.232,-44.450,-66.920,Roll
0.221,0.036,0.949,-6.781,12.635,-171.990,Roll
0.159,-0.131,1.024,16.048,69.387,-286.685,Roll
0.126,-0.080,1.161,43.321,120.689,-286.685,Roll
0.022,-0.183,1.287,62.011,170.012,-286.685,Roll
0.003,-0.102,1.347,41.423,229.276,-286.685,Roll
-0.178,-0.142,0.960,-19.241,208.617,-286.685,Roll
-0.226,-0.043,1.127,-44.467,142.783,-286.685,Roll
-0.194,0.068,0.978,-48.545,74.497,-221.812,Roll
-0.248,0.235,0.978,-26.924,25.804,-107.336,Roll
-0.278,0.061,0.835,10.955,-46.620,81.279,Roll
-0.238,-0.117,0.846,39.935,-73.369,273.035,Roll
-0.240,-0.211,0.845,50.811,-87.124,286.685,Roll
-0.163,-0.081,0.931,15.706,-101.308,286.685,Roll
-0.317,0.011,0.937,-31.876,-122.456,286.685,Roll
-0.029,0.086,0.878,-87.570,-121.660,286.685,Roll
-0.153,-0.094,0.867,-119.683,-108.159,286.685,Roll
-0.329,0.136,1.063,-136.762,-103.294,286.685,Roll
-0.285,0.172,1.002,-106.400,-74.489,187.661,Roll
-0.302,0.107,1.187,-90.991,-0.936,-36.627,Roll
-0.260,-0.034,1.111,-76.527,33.644,-181.711,Roll
-0.165,-0.086,0.939,-30.520,57.479,-286.685,Roll
-0.070,-0.335,0.840,51.135,48.265,-286.685,Roll
-0.203,-0.315,1.080,100.879,54.005,-286.685,Roll
0.130,-0.249,1.246,32.410,83.134,-286.685,Roll
0.506,0.307,0.856,-37.354,65.686,-286.685,Roll
0.563,-0.033,1.122,-58.301,23.940,-286.685,Roll
0.562,0.087,1.051,-26.154,-5.267,-278.066,Roll
0.381,0.114,1.082,12.985,-18.532,-29.689,Roll
0.000,0.062,0.960,26.784,-22.444,208.408,Roll
0.062,-0.032,1.032,9.030,18.830,286.685,Roll
0.038,-0.047,1.071,-18.253,44.669,286.685,Roll
0.112,0.027,0.990,-39.821,51.231,286.685,Roll
-0.283,0.148,1.441,-55.571,3.885,286.685,Roll
-0.148,-0.033,1.009,-99.908,-47.871,286.685,Roll
-0.255,-0.064,1.020,-108.080,-95.113,286.685,Roll
-0.397,-0.014,1.035,-76.554,-130.533,242.777,Roll
-0.446,0.017,1.174,-52.509,-107.800,49.866,Roll
-0.297,-0.056,1.010,-19.810,-36.129,-108.124,Roll
-0.126,-0.161,0.954,12.705,4.716,-196.376,Roll
-0.059,-0.168,0.933,50.409,49.166,-286.685,Roll
0.032,-0.278,1.004,79.424,90.309,-286.685,Roll
-0.072,-0.438,0.998,97.143,102.043,-286.685,Roll
-0.243,-0.349,1.185,86.555,112.079,-286.685,Roll
-0.083,-0.063,0.843,31.308,116.952,-286.685,Roll
0.063,-0.105,1.046,12.591,73.981,-286.685,Roll
0.197,0.154,0.987,-14.796,39.445,-286.685,Roll
0.403,0.345,1.175,-13.300,6.956,-152.232,Roll
-0.121,0.238,1.117,-26.189,-53.209,116.427,Roll
0.079,0.110,0.955,21.630,-40.819,286.685,Roll
0.041,-0.073,0.985,18.865,1.339,286.685,Roll
-0.117,-0.014,0.968,-13.519,60.104,286.685,Roll
-0.645,0.281,1.505,-43.024,17.474,286.685,Roll
-0.265,-0.123,0.866,-102.217,-16.835,286.685,Roll
-0.386,0.069,1.060,-101.281,-94.841,286.685,Roll
-0.577,0.213,1.075,-92.592,-64.251,246.426,Roll
-0.427,0.148,0.838,-50.138,-58.275,-2.669,Roll
-0.192,0.127,1.061,-5.320,-60.585,-211.566,Roll
-0.007,-0.139,1.015,21.866,-8.680,-286.545,Roll
-0.130,-0.152,0.931,60.585,11.156,-286.685,Roll
-0.187,-0.052,1.071,61.276,16.809,-286.685,Roll
-0.123,-0.106,1.234,-1.050,24.167,-286.685,Roll
0.150,-0.127,0.662,-58.502,55.423,-286.685,Roll
0.156,-0.027,1.000,-54.504,41.746,-286.685,Roll
0.267,0.103,0.880,-5.145,19.968,-286.685,Roll
0.428,0.196,1.175,3.342,-51.713,-215.303,Roll
0.358,-0.245,1.149,-19.171,-143.596,-20.370,Roll
0.231,-0.083,1.026,15.977,-103.162,155.908,Roll
0.194,-0.096,0.947,46.952,-61.854,271.040,Roll
0.094,-0.112,1.073,53.891,0.683,286.685,Roll
0.239,-0.104,1.062,21.341,29.452,286.685,Roll
0.343,-0.025,0.953,7.761,23.205,286.685,Roll
0.024,0.006,1.081,-16.608,-52.430,286.685,Roll
-0.222,-0.152,0.787,-64.488,-125.274,286.685,Roll
-0.359,0.101,1.176,-49.787,-183.006,265.247,Roll
-0.382,0.057,1.139,-43.662,-64.732,37.818,Roll
-0.263,-0.078,0.889,-13.720,-27.291,-105.315,Roll
-0.121,-0.154,0.886,31.325,13.501,-271.381,Roll
-0.005,-0.105,1.014,30.327,80.990,-286.685,Roll
-0.085,-0.237,0.934,43.461,97.037,-286.685,Roll
-0.175,-0.288,0.912,61.819,75.819,-286.685,Roll
0.399,0.145,1.417,68.198,103.180,-286.685,Roll
0.525,0.077,0.817,17.176,27.597,-286.685,Roll
0.539,0.130,1.008,17.246,-12.206,-277.392,Roll
0.658,0.347,1.195,17.701,-14.656,-45.360,Roll
0.418,0.099,0.992,-17.176,2.205,181.492,Roll
0.141,0.193,1.065,-4.515,72.949,286.685,Roll
0.043,0.121,1.112,-4.532,97.580,286.685,Roll
0.192,0.031,0.869,-18.077,77.402,286.685,Roll
-0.339,0.071,1.028,-26.897,102.988,286.685,Roll
-0.291,0.107,0.996,-72.607,83.475,286.685,Roll
-0.553,0.203,1.045,-68.661,40.906,272.256,Roll
-0.701,0.200,0.886,-41.143,-5.793,4.812,Roll
-0.361,0.104,0.973,30.406,-51.083,-227.264,Roll
-0.309,0.010,1.032,50.829,-50.347,-286.685,Roll
-0.173,0.056,1.011,80.465,-30.529,-286.685,Roll
-0.280,-0.130,1.059,42.000,-3.902,-286.685,Roll
-0.141,-0.020,0.722,-12.915,29.829,-286.685,Roll
0.064,0.223,1.115,-57.803,35.236,-286.685,Roll
0.534,0.012,1.190,-35.980,0.254,-286.685,Roll
0.541,0.203,1.134,13.064,-19.040,-95.559,Roll
0.218,0.025,1.122,23.826,-20.256,82.723,Roll
-0.085,-0.070,1.021,23.319,-8.076,268.179,Roll
-0.154,-0.184,1.078,1.129,0.892,286.685,Roll
-0.171,-0.221,1.057,-8.225,15.750,286.685,Roll
-0.262,-0.227,0.962,-9.835,1.278,286.685,Roll
-0.465,-0.052,0.997,-14.070,-67.296,286.685,Roll
-0.268,-0.145,0.815,-31.237,-120.575,286.685,Roll
-0.207,0.085,0.947,-17.605,-129.727,280.691,Roll
-0.065,0.083,1.014,-17.202,-115.054,189.219,Roll
0.155,0.090,1.004,-44.292,-71.872,43.689,Roll
0.182,-0.008,0.992,-44.625,-44.651,-87.106,Roll
0.156,-0.070,1.004,-28.612,-28.192,-182.464,Roll
-0.040,-0.135,0.971,-11.209,37.118,-286.685,Roll
-0.201,-0.224,1.002,21.507,123.655,-286.685,Roll
-0.106,-0.292,1.087,0.166,213.299,-286.685,Roll
0.010,-0.256,0.833,-34.037,261.249,-286.685,Roll
-0.044,-0.045,1.073,16.100,232.348,-286.685,Roll
0.011,-0.000,0.825,6.379,145.303,-286.685,Roll
0.148,0.082,1.126,21.840,96.644,-217.446,Roll
-0.168,-0.078,1.012,-16.153,-5.224,-24.780,Roll
-0.421,-0.055,0.963,-10.736,-67.279,195.029,Roll
-0.232,-0.183,0.934,-2.686,-96.250,286.685,Roll
-0.037,-0.200,1.006,5.057,-65.135,286.685,Roll
-0.054,-0.019,1.108,-46.419,-32.095,286.685,Roll
-0.263,0.101,1.104,-71.864,-60.375,286.685,Roll
-0.103,-0.009,0.897,-109.909,-100.931,286.685,Roll
-0.268,0.162,1.311,-122.692,-144.296,286.685,Roll
-0.372,0.279,1.199,-123.025,-112.945,253.409,Roll
-0.271,0.164,1.069,-77.298,-74.603,24.229,Roll
-0.256,0.085,0.951,-16.870,-16.433,-178.299,Roll
-0.258,0.012,0.811,25.699,4.988,-283.220,Roll
-0.088,0.018,1.005,72.835,11.672,-286.685,Roll
-0.410,-0.084,1.062,100.564,22.995,-286.685,Roll
-0.064,-0.094,1.104,50.662,28.201,-286.685,Roll
0.085,0.154,0.869,-26.862,10.797,-286.685,Roll
0.586,0.092,1.001,-63.779,-37.336,-286.685,Roll
0.712,0.358,0.982,-7.438,-8.951,-180.276,Roll
0.444,0.268,1.094,-11.340,-26.556,15.514,Roll
0.195,0.132,1.022,-1.960,-26.556,230.090,Roll
0.038,0.104,1.095,6.965,20.965,286.685,Roll
-0.142,0.167,1.078,-17.675,64.041,286.685,Roll
-0.253,0.041,1.147,-44.730,33.792,286.685,Roll
-0.284,0.245,1.082,-42.971,-52.159,286.685,Roll
-0.196,0.004,0.979,-82.574,-63.534,285.617,Roll
-0.234,0.010,1.032,-66.728,-86.546,193.200,Roll
-0.368,-0.078,1.027,-30.284,-80.080,-10.920,Roll
-0.273,-0.071,1.069,4.637,-21.464,-205.284,Roll
-0.143,-0.134,1.009,30.870,77.350,-286.685,Roll
-0.018,-0.170,0.929,49.560,119.849,-286.685,Roll
0.115,0.198,1.173,1.715,166.136,-286.685,Roll
0.220,-0.602,1.153,-27.029,164.027,-286.685,Roll
0.199,-0.101,0.928,-38.316,113.960,-286.685,Roll
0.101,-0.239,1.007,-36.619,111.151,-286.685,Roll
0.067,-0.067,1.124,-34.318,55.737,-195.781,Roll
-0.034,-0.036,1.014,-15.776,-14.761,0.551,Roll
-0.120,-0.037,0.973,6.379,-43.759,131.548,Roll
-0.111,-0.144,0.996,11.156,-76.423,282.590,Roll
-0.157,-0.279,1.027,-7.858,-114.573,286.685,Roll
0.065,-0.245,0.959,-11.856,-117.058,286.685,Roll
0.111,-0.500,0.948,9.004,-136.833,286.685,Roll
-0.403,0.156,1.151,7.945,-195.589,286.685,Roll
-0.166,-0.065,1.126,25.559,-131.276,278.723,Roll
-0.449,0.124,0.930,15.943,-115.824,161.779,Roll
-0.312,-0.051,0.969,-48.423,-53.191,-41.676,Roll
0.062,-0.360,1.010,-44.861,-16.879,-182.385,Roll
0.332,-0.179,1.066,1.741,47.915,-275.397,Roll
0.270,-0.052,1.162,-1.216,83.676,-286.685,Roll
-0.147,-0.044,1.196,-10.001,141.899,-286.685,Roll
0.033,-0.022,1.059,-60.944,136.535,-286.685,Roll
-0.024,-0.135,0.927,-71.400,143.019,-286.685,Roll
-0.152,-0.325,1.000,-61.661,135.572,-286.685,Roll
0.008,-0.051,1.233,-48.659,101.351,-269.465,Roll
0.009,-0.014,1.033,-40.057,25.751,-101.798,Roll
0.078,0.031,0.964,-2.152,-33.871,86.074,Roll
0.067,-0.081,0.928,4.935,-52.377,199.150,Roll
0.006,-0.247,0.951,7.359,-71.146,286.685,Roll
-0.008,-0.173,1.001,28.551,-59.614,286.685,Roll
0.069,-0.214,1.042,31.089,-118.169,286.685,Roll
0.028,-0.267,0.992,47.827,-169.129,286.685,Roll
-0.363,-0.087,0.969,46.436,-230.020,286.685,Roll
-0.348,-0.049,1.028,5.224,-183.908,283.789,Roll
-0.293,-0.159,1.122,-24.028,-115.561,196.473,Roll
-0.155,-0.052,0.851,-19.337,-4.778,-5.530,Roll
0.053,-0.087,0.977,6.519,59.045,-213.115,Roll
-0.020,-0.192,1.163,21.464,93.844,-286.685,Roll
-0.111,-0.179,1.211,12.565,118.309,-286.685,Roll
-0.215,-0.277,1.250,20.484,172.034,-286.685,Roll
-0.246,-0.006,1.258,-16.188,195.431,-286.685,Roll
-0.151,0.042,0.871,-94.229,103.582,-286.685,Roll
0.026,0.176,1.136,-57.339,47.451,-286.685,Roll
0.208,0.097,1.060,-18.865,-54.583,-164.334,Roll
0.116,0.030,1.068,38.972,-100.161,86.774,Roll
-0.061,0.020,1.009,64.312,-81.769,285.565,Roll
-0.015,-0.105,1.083,39.900,-73.771,286.685,Roll
0.021,-0.006,1.123,8.908,-24.465,286.685,Roll
0.139,-0.092,1.056,-31.570,-72.783,286.685,Roll
0.102,0.233,1.176,-47.136,-137.515,286.685,Roll
-0.344,-0.209,0.804,-110.399,-122.202,286.685,Roll
-0.520,-0.212,1.192,-95.690,-144.865,284.585,Roll
-0.531,-0.008,1.146,-36.540,-56.123,69.449,Roll
-0.338,-0.024,0.961,41.134,19.390,-182.455,Roll
0.069,-0.120,1.057,64.199,64.619,-286.457,Roll
0.103,-0.209,0.978,74.349,83.475,-286.685,Roll
0.005,-0.048,1.109,80.132,127.864,-286.685,Roll
-0.014,-0.062,1.091,35.612,166.399,-286.685,Roll
-0.053,-0.079,1.013,-37.467,158.375,-286.685,Roll
0.159,0.183,0.808,-46.007,67.287,-286.685,Roll
0.345,0.009,0.958,16.056,-8.094,-279.431,Roll
0.297,0.072,1.085,29.216,-52.999,-123.095,Roll
0.048,-0.113,1.101,52.386,-78.103,152.469,Roll
-0.044,0.042,1.165,51.240,-63.245,286.685,Roll
-0.137,-0.150,1.210,16.205,-4.471,286.685,Roll
-0.037,-0.172,1.110,-20.606,13.458,286.685,Roll
0.087,-0.080,0.989,-32.428,-5.469,286.685,Roll
-0.242,0.011,0.816,-76.772,-63.647,286.685,Roll
-0.414,-0.097,0.904,-73.824,-126.184,286.685,Roll
-0.467,-0.172,1.107,-81.191,-155.890,283.684,Roll
-0.402,-0.151,1.252,-79.467,-90.842,127.969,Roll
-0.088,-0.070,1.019,-20.746,-6.020,-62.370,Roll
0.124,-0.019,1.069,54.653,52.395,-269.902,Roll
-0.011,-0.145,0.891,83.353,68.180,-286.685,Roll
-0.142,-0.005,0.903,119.700,81.113,-286.685,Roll
-0.117,-0.167,0.986,78.444,114.914,-286.685,Roll
-0.242,0.133,0.908,28.560,156.415,-286.685,Roll
0.153,0.183,0.909,4.778,148.855,-286.685,Roll
0.254,0.405,0.956,31.745,66.062,-286.685,Roll
0.166,0.117,1.093,20.212,-41.466,-214.690,Roll
0.167,0.061,1.159,6.282,-65.433,-46.699,Roll
-0.092,-0.043,1.090,1.234,-33.232,211.531,Roll
-0.098,0.052,1.034,-30.179,-19.792,286.685,Roll
-0.173,-0.096,1.078,-43.199,20.335,286.685,Roll
-0.147,0.036,0.974,-79.887,10.850,286.685,Roll
-0.312,0.111,1.226,-76.851,-46.603,286.685,Roll
-0.167,0.059,0.950,-75.294,-101.684,286.685,Roll
-0.313,0.094,1.151,-85.978,-91.805,286.685,Roll
-0.541,0.067,1.068,-85.076,-54.897,247.643,Roll
-0.491,0.142,1.085,-57.321,-20.449,3.483,Roll
-0.376,0.093,1.013,12.171,9.642,-252.709,Roll
-0.078,-0.086,0.936,53.550,17.981,-286.685,Roll
-0.006,-0.192,0.892,123.209,-32.611,-286.685,Roll
-0.144,-0.143,0.899,103.661,-23.730,-286.685,Roll
-0.127,0.158,0.507,-8.837,13.475,-286.685,Roll
0.315,0.314,0.854,-12.670,7.516,-286.685,Roll
0.495,0.157,1.046,-35.000,-18.042,-286.685,Roll
0.413,0.248,1.226,-14.017,-51.704,-156.923,Roll
0.227,0.249,1.150,-0.700,-42.490,171.727,Roll
0.132,0.241,1.208,1.715,-20.370,286.510,Roll
-0.053,-0.010,1.116,-14.752,66.561,286.685,Roll
-0.070,-0.107,1.232,-22.899,122.062,286.685,Roll
-0.286,0.003,0.721,-58.966,111.440,286.685,Roll
-0.215,-0.077,0.730,-94.132,42.726,286.685,Roll
-0.433,-0.036,0.961,-123.069,-51.634,286.685,Roll
-0.667,0.091,1.118,-116.804,-80.378,280.604,Roll
-0.698,0.150,1.058,-66.605,-57.610,44.441,Roll
-0.302,0.155,0.976,14.052,-25.288,-128.117,Roll
-0.036,-0.319,0.924,18.559,46.568,-286.685,Roll
-0.037,-0.254,0.780,108.832,43.654,-286.685,Roll
-0.188,-0.108,0.847,163.844,11.095,-286.685,Roll
-0.199,-0.438,1.284,91.709,24.019,-286.685,Roll
-0.473,0.863,0.485,-56.779,-5.119,-286.685,Roll
0.409,1.159,0.554,36.164,31.955,-286.685,Roll
0.266,-0.137,0.930,-24.141,-3.491,-286.685,Roll
0.495,0.063,1.363,-7.149,-33.399,-115.622,Roll
0.018,-0.089,1.254,-11.734,-49.525,194.775,Roll
-0.076,-0.198,1.229,-26.836,-29.330,286.685,Roll
-0.307,-0.238,1.053,-37.450,3.570,286.685,Roll
-0.339,-0.042,1.126,-61.075,9.047,286.685,Roll
-0.412,-0.241,0.691,-76.720,-150.745,286.685,Roll
-0.111,-0.262,1.032,-88.235,-196.893,286.685,Roll
-0.366,-0.255,0.776,-82.285,-187.232,286.685,Roll
-0.539,-0.061,1.105,-59.876,-120.304,268.135,Roll
-0.384,-0.024,1.003,-33.268,-62.326,12.408,Roll
0.092,-0.273,1.104,25.751,-44.257,-232.234,Roll
0.309,-0.312,0.989,21.499,42.201,-286.685,Roll
0.425,-0.421,1.223,31.605,133.280,-286.685,Roll
0.126,-0.369,0.840,56.569,234.867,-286.685,Roll
0.024,-0.195,0.710,95.673,262.535,-286.685,Roll
-0.020,0.308,1.044,48.064,155.391,-286.685,Roll
0.014,-0.049,0.881,40.880,108.010,-286.685,Roll
-0.101,0.208,1.072,49.438,24.185,-282.371,Roll
-0.147,0.200,1.151,37.275,-47.871,-126.376,Roll
-0.088,-0.069,1.047,-18.279,-68.302,162.479,Roll
-0.100,-0.100,1.028,-46.856,-9.931,286.685,Roll
-0.185,-0.152,0.940,-54.197,8.102,286.685,Roll
-0.294,-0.354,0.740,-50.225,-21.875,286.685,Roll
-0.418,0.209,0.823,-34.300,-89.478,286.685,Roll
-0.540,-0.262,0.961,-32.401,-155.584,286.685,Roll
-0.535,-0.259,0.874,-44.818,-175.105,286.685,Roll
-0.247,-0.282,1.222,-48.309,-130.436,246.137,Roll
0.017,-0.284,1.204,-68.101,-39.454,66.325,Roll
-0.000,-0.198,1.189,-30.292,34.248,-128.686,Roll
0.000,-0.170,1.001,-2.179,63.945,-286.659,Roll
0.086,-0.210,1.074,20.869,51.118,-286.685,Roll
0.074,0.059,1.016,66.211,52.544,-286.685,Roll
0.033,0.086,1.101,71.225,80.124,-286.685,Roll
0.118,0.061,0.829,45.684,80.159,-286.685,Roll
0.102,-0.028,0.995,28.656,88.349,-286.685,Roll
0.030,0.246,1.148,-6.562,68.504,-281.767,Roll
-0.015,0.176,1.052,-45.859,19.346,-32.016,Roll
-0.132,0.120,0.988,-30.581,12.600,135.231,Roll
-0.086,0.043,0.940,-17.413,0.998,286.685,Roll
-0.253,0.007,0.954,-14.359,32.165,286.685,Roll
-0.241,0.106,0.970,-17.736,4.148,286.685,Roll
-0.165,0.143,0.833,-37.336,-47.565,286.685,Roll
-0.157,0.195,0.830,-89.346,-88.944,286.685,Roll
-0.285,-0.124,0.951,-97.571,-70.787,286.685,Roll
-0.323,-0.233,1.127,-93.546,-56.928,285.355,Roll
-0.596,-0.015,1.160,-66.902,-21.341,79.048,Roll
-0.315,0.010,1.128,-21.481,29.111,-155.216,Roll
-0.164,-0.002,1.148,23.905,56.236,-286.685,Roll
-0.034,-0.313,1.020,44.415,56.446,-286.685,Roll
-0.131,0.017,0.803,78.995,31.920,-286.685,Roll
-0.098,-0.009,0.920,-2.188,31.903,-286.685,Roll
0.118,0.238,0.699,-14.411,46.550,-286.685,Roll
0.050,0.016,1.014,-6.396,62.458,-286.685,Roll
0.077,0.218,1.209,-6.694,37.888,-255.684,Roll
0.107,0.135,1.212,-37.310,3.369,9.608,Roll
0.043,-0.031,1.131,-43.820,8.846,165.288,Roll
-0.121,-0.048,1.007,-49.359,0.009,286.685,Roll
-0.243,-0.278,0.936,-50.208,-19.609,286.685,Roll
-0.218,-0.245,0.995,-31.876,-46.874,286.685,Roll
-0.303,0.064,1.277,-14.516,-131.539,286.685,Roll
-0.146,-0.010,0.895,-21.403,-107.397,286.685,Roll
-0.370,-0.053,0.903,-62.344,-78.671,286.685,Roll
-0.474,-0.073,1.035,-54.259,-81.611,219.546,Roll
-0.238,-0.035,1.104,-24.692,-50.715,-40.775,Roll
-0.022,-0.144,1.073,28.420,13.475,-264.189,Roll
0.033,-0.083,0.950,64.059,49.656,-286.685,Roll
-0.087,-0.115,0.955,60.200,52.342,-286.685,Roll
-0.182,-0.108,1.491,31.929,68.670,-286.685,Roll
-0.029,-0.090,0.681,-28.595,73.316,-286.685,Roll
0.119,-0.147,0.808,10.299,79.293,-286.685,Roll
0.182,-0.028,1.185,29.304,49.088,-286.685,Roll
0.307,0.289,1.238,-5.215,33.583,-188.527,Roll
0.099,0.241,1.063,-22.636,27.825,83.151,Roll
-0.192,0.131,1.087,-19.836,52.666,262.596,Roll
-0.287,0.093,1.003,-70.359,74.121,286.685,Roll
-0.458,0.144,1.049,-113.015,15.715,286.685,Roll
-0.280,0.071,0.936,-80.482,-135.424,286.685,Roll
-0.158,0.293,0.945,-52.386,-176.208,286.685,Roll
-0.309,-0.078,1.027,-102.025,-112.927,286.685,Roll
-0.355,-0.063,1.239,-114.380,-68.066,285.932,Roll
-0.570,0.122,1.014,-54.644,23.424,80.080,Roll
-0.505,0.128,0.960,-12.547,30.100,-91.114,Roll
-0.204,-0.160,0.998,21.201,53.664,-286.081,Roll
-0.122,-0.098,0.805,89.040,50.260,-286.685,Roll
-0.089,-0.092,0.848,153.143,23.275,-286.685,Roll
-0.169,-0.254,1.054,136.973,-2.695,-286.685,Roll
-0.071,-0.120,0.591,-3.981,13.650,-286.685,Roll
0.148,0.022,0.904,8.444,16.380,-286.685,Roll
0.228,0.075,0.904,27.134,30.975,-286.685,Roll
0.269,0.100,1.274,17.439,47.775,-159.128,Roll
0.129,0.203,1.133,-8.549,34.947,137.165,Roll
-0.118,0.138,1.078,-22.400,-5.381,286.685,Roll
-0.236,0.152,1.066,-48.265,-16.135,286.685,Roll
-0.161,0.142,1.000,-99.348,-39.804,286.685,Roll
-0.153,0.097,0.979,-88.463,-93.957,286.685,Roll
0.167,-0.044,1.140,-93.870,-96.180,286.685,Roll
-0.064,-0.117,0.866,-79.503,-57.671,286.685,Roll
-0.393,0.179,1.227,-55.869,-34.440,282.135,Roll
-0.558,0.227,1.191,-1.986,-2.424,49.490,Roll
-0.518,0.155,1.098,13.974,8.365,-129.238,Roll
-0.213,0.033,0.926,45.684,20.239,-286.685,Roll
-0.258,-0.196,1.268,94.465,40.609,-286.685,Roll
-0.214,-0.334,0.904,90.125,27.396,-286.685,Roll
-0.123,0.002,0.955,109.007,-15.365,-286.685,Roll
0.341,0.153,0.613,61.792,-2.161,-286.685,Roll
0.395,-0.032,1.128,15.496,-27.274,-286.685,Roll
0.438,0.203,1.154,2.214,-2.905,-262.509,Roll
0.061,0.188,1.120,-22.698,29.837,18.944,Roll
0.045,0.211,1.040,-24.903,2.914,270.909,Roll
0.062,0.209,1.071,-37.993,-1.033,286.685,Roll
-0.033,-0.049,1.000,-67.751,-2.310,286.685,Roll
-0.322,0.353,1.520,-98.350,-43.059,286.685,Roll
-0.087,0.157,0.765,-140.271,-81.130,286.685,Roll
-0.041,0.010,0.959,-102.979,-75.985,286.685,Roll
-0.385,0.200,1.100,-66.964,-38.272,285.994,Roll
-0.531,0.174,1.006,-34.116,-7.753,87.176,Roll
-0.426,0.052,1.088,-1.347,-1.680,-160.527,Roll
-0.139,-0.021,0.939,44.678,-6.965,-281.566,Roll
-0.237,-0.254,0.875,85.067,4.165,-286.685,Roll
-0.153,-0.177,0.951,145.075,-19.854,-286.685,Roll
-0.366,0.015,1.157,117.294,6.484,-286.685,Roll
0.339,-0.169,1.066,54.871,50.164,-286.685,Roll
0.129,0.087,0.895,27.029,101.605,-286.685,Roll
0.249,0.238,0.986,50.750,65.537,-286.685,Roll
0.428,0.481,1.216,41.002,25.681,-280.586,Roll
0.232,0.361,1.203,-28.280,-15.321,-11.314,Roll
-0.097,0.251,1.098,-24.640,-14.499,236.101,Roll
-0.003,0.169,1.014,-28.114,41.160,286.685,Roll
-0.228,0.074,1.020,-41.632,82.058,286.685,Roll
-0.130,0.034,1.033,-75.924,49.420,286.685,Roll
-0.273,0.149,0.345,-122.106,-7.052,286.685,Roll
-0.274,0.093,1.108,-69.239,-59.763,286.685,Roll
-0.223,0.035,0.868,-135.739,-55.431,286.685,Roll
-0.460,0.135,1.092,-100.118,-57.286,241.990,Roll
-0.248,0.267,1.086,-36.076,-15.470,-9.450,Roll
-0.145,0.126,1.048,4.253,20.729,-166.434,Roll
-0.201,-0.081,0.795,70.997,29.872,-286.685,Roll
-0.235,-0.011,0.903,131.679,-16.249,-286.685,Roll
-0.156,-0.131,1.190,82.399,-55.283,-286.685,Roll
0.016,0.314,0.922,40.661,-6.807,-286.685,Roll
0.190,0.067,1.066,-18.253,-30.406,-286.685,Roll
0.334,0.184,1.242,-20.300,-17.010,-286.685,Roll
0.498,0.076,0.983,-34.886,7.096,-239.041,Roll
0.345,0.315,1.291,7.726,66.308,-78.864,Roll
-0.049,0.217,1.119,-38.447,40.189,171.054,Roll
-0.149,0.078,0.949,-67.515,50.671,286.685,Roll
-0.142,-0.031,1.103,-92.890,45.360,286.685,Roll
-0.155,-0.111,1.011,-78.654,2.905,286.685,Roll
-0.420,0.218,1.116,-47.136,-68.731,286.685,Roll
-0.284,-0.029,0.926,-65.170,-123.497,286.685,Roll
-0.194,0.047,0.958,-73.552,-144.182,286.685,Roll
-0.405,0.012,1.042,-63.193,-102.585,277.182,Roll
-0.455,0.195,1.054,-10.141,-32.603,59.351,Roll
-0.231,0.164,0.966,37.205,37.266,-164.246,Roll
-0.005,-0.002,0.900,60.576,52.526,-279.038,Roll
-0.037,-0.010,1.040,88.637,43.978,-286.685,Roll
0.047,-0.271,0.972,100.590,10.701,-286.685,Roll
-0.135,-0.575,1.341,84.630,60.077,-286.685,Roll
-0.155,0.849,0.420,44.406,57.689,-286.685,Roll
0.007,-0.093,0.899,62.405,27.755,-286.685,Roll
-0.023,0.196,1.178,51.284,23.292,-275.196,Roll
0.077,0.324,1.209,15.365,24.474,-145.408,Roll
-0.119,0.248,1.121,-27.589,17.649,78.015,Roll
-0.145,0.165,1.014,-67.909,-8.269,272.370,Roll
-0.141,0.030,0.983,-89.372,-25.926,286.685,Roll
-0.190,0.045,0.977,-98.035,-33.609,286.685,Roll
-0.173,-0.026,1.046,-100.012,-87.019,286.685,Roll
-0.243,-0.188,1.042,-168.140,-101.150,286.685,Roll
-0.219,-0.263,0.992,-148.479,-141.680,286.685,Roll
-0.177,-0.213,0.952,-105.402,-147.009,286.685,Roll
-0.419,-0.011,1.072,-48.020,-76.099,195.729,Roll
-0.177,0.090,1.074,2.966,12.653,0.674,Roll
-0.008,-0.006,0.994,62.353,81.384,-199.518,Roll
-0.065,-0.162,0.987,95.393,106.111,-286.580,Roll
-0.091,-0.141,0.728,156.231,61.740,-286.685,Roll
-0.244,0.159,1.117,194.906,26.757,-286.685,Roll
-0.280,0.068,1.087,141.496,70.525,-286.685,Roll
-0.210,0.020,0.893,56.691,47.521,-286.685,Roll
0.070,0.242,0.853,-14.035,8.216,-286.685,Roll
0.217,0.281,1.073,-3.045,-1.619,-285.163,Roll
0.095,0.193,1.138,-15.190,-24.281,-162.461,Roll
-0.170,0.117,1.032,-5.215,-34.283,94.832,Roll
-0.239,0.051,1.008,6.423,-21.647,280.849,Roll
-0.255,-0.032,1.057,-45.903,3.439,286.685,Roll
-0.215,0.019,1.059,-91.061,22.540,286.685,Roll
0.076,-0.066,1.077,-105.997,-15.960,286.685,Roll
-0.250,-0.064,0.898,-100.870,-117.871,286.685,Roll
-0.254,-0.041,1.160,-75.215,-167.956,286.685,Roll
-0.210,-0.160,1.119,-82.408,-172.611,286.685,Roll
-0.245,-0.067,1.127,-70.228,-113.400,261.109,Roll
-0.116,0.002,1.127,-52.605,-11.664,84.761,Roll
0.009,-0.017,0.938,-2.424,53.489,-96.574,Roll
-0.020,-0.055,0.968,29.330,76.527,-202.913,Roll
-0.169,-0.138,0.976,62.886,86.223,-286.685,Roll
-0.204,-0.238,0.971,119.499,55.659,-286.685,Roll
-0.253,0.018,0.988,107.923,86.065,-286.685,Roll
-0.245,0.108,1.237,37.406,89.784,-286.685,Roll
0.078,-0.012,0.860,-23.310,82.162,-286.685,Roll
0.084,0.020,0.983,-15.435,75.521,-286.685,Roll
0.177,0.318,1.118,-10.281,19.233,-201.644,Roll
0.141,0.288,1.084,-19.924,-21.411,-37.756,Roll
-0.084,0.029,0.906,-3.517,-27.501,182.464,Roll
-0.097,-0.076,1.016,-17.316,-30.581,286.685,Roll
-0.149,-0.010,0.911,-40.268,-33.556,286.685,Roll
0.072,-0.146,0.990,-64.207,-35.105,286.685,Roll
-0.364,-0.028,1.166,-83.291,-110.364,286.685,Roll
-0.395,-0.082,1.296,-66.272,-215.644,286.685,Roll
-0.252,-0.370,0.977,-67.576,-193.812,286.685,Roll
-0.273,-0.009,1.138,-62.388,-77.219,282.660,Roll
-0.131,0.079,1.046,-37.345,-14.630,92.137,Roll
0.044,-0.010,0.990,15.243,15.120,-116.165,Roll
0.006,-0.054,0.992,38.972,36.024,-247.284,Roll
-0.126,-0.147,1.066,47.303,60.576,-286.685,Roll
-0.155,-0.184,1.195,54.311,80.098,-286.685,Roll
0.072,0.040,1.113,27.431,111.746,-286.685,Roll
0.149,-0.130,0.776,19.119,98.875,-286.685,Roll
0.051,-0.249,1.118,3.517,90.851,-286.685,Roll
0.203,0.062,1.005,12.959,28.009,-286.685,Roll
0.227,0.140,1.049,29.636,-3.089,-189.420,Roll
0.069,0.103,1.230,30.616,-20.142,-39.191,Roll
0.039,0.036,1.003,7.954,-40.171,189.070,Roll
0.006,0.055,1.041,-5.932,-40.416,286.685,Roll
-0.128,-0.107,0.971,-32.524,-32.104,286.685,Roll
-0.066,-0.068,0.940,-53.926,2.616,286.685,Roll
-0.040,-0.236,0.999,-76.020,-36.461,286.685,Roll
-0.182,-0.352,1.024,-32.428,-132.458,286.685,Roll
-0.402,-0.052,1.071,14.858,-142.975,286.685,Roll
-0.436,-0.155,1.108,6.668,-117.793,233.398,Roll
-0.135,-0.020,1.028,-12.863,-85.969,51.013,Roll
0.036,-0.028,1.090,6.475,-4.069,-132.842,Roll
0.088,-0.044,1.036,30.048,37.065,-243.600,Roll
0.052,0.004,0.989,59.570,69.545,-286.685,Roll
0.037,-0.067,1.070,64.470,89.014,-286.685,Roll
-0.058,-0.004,0.944,68.950,95.463,-286.685,Roll
-0.198,0.020,0.761,22.295,81.253,-286.685,Roll
-0.266,0.281,0.979,25.821,80.622,-286.685,Roll
-0.106,0.251,1.042,-13.580,25.585,-286.685,Roll
0.072,0.320,0.978,-25.077,-8.496,-269.491,Roll
0.116,0.284,1.076,-18.611,-35.228,-49.385,Roll
-0.012,0.142,1.048,-22.575,-47.425,177.459,Roll
0.039,0.028,1.053,-28.560,-23.135,284.716,Roll
-0.165,-0.076,1.064,-24.833,27.335,286.685,Roll
0.007,-0.026,0.912,-39.961,17.876,286.685,Roll
-0.348,-0.022,0.983,-52.412,-39.795,286.685,Roll
-0.516,0.256,1.219,-58.721,-119.359,286.685,Roll
-0.111,-0.167,1.015,-93.966,-196.761,286.685,Roll
-0.044,-0.200,1.005,-119.464,-191.879,286.685,Roll
0.047,-0.259,0.968,-112.455,-127.243,286.685,Roll
-0.152,-0.061,0.715,-72.205,-169.890,203.525,Roll
-0.124,0.027,1.371,-32.007,-141.269,86.756,Roll
0.051,0.014,1.071,-23.161,-52.561,-101.211,Roll
0.205,0.015,1.054,17.894,14.945,-269.124,Roll
0.487,0.055,1.102,21.849,91.735,-286.685,Roll
0.242,-0.203,0.958,29.041,110.854,-286.685,Roll
0.178,-0.215,0.947,19.049,106.356,-286.685,Roll
0.047,-0.143,1.306,6.921,125.361,-286.685,Roll
0.205,-0.137,1.429,-50.496,134.076,-286.685,Roll
-0.047,-0.014,0.951,-78.461,167.326,-286.685,Roll
0.366,0.125,1.006,-67.454,176.129,-286.685,Roll
0.075,0.014,1.216,-31.229,103.232,-235.288,Roll
-0.077,0.367,1.004,-38.001,10.194,-85.155,Roll
-0.210,0.338,0.934,34.869,-31.281,197.584,Roll
0.058,0.287,0.746,37.958,-10.141,286.685,Roll
-0.081,0.123,1.052,-41.851,16.196,286.685,Roll
-0.408,0.131,0.939,-110.136,-18.358,286.685,Roll
-0.415,-0.072,0.957,-21.744,-123.253,286.685,Roll
-0.113,-0.061,0.788,-7.376,-79.389,286.685,Roll
-0.255,0.023,1.151,-36.496,-30.214,286.685,Roll
-0.424,0.073,1.197,-70.516,-5.565,214.462,Roll
-0.561,0.148,0.990,-59.876,-20.659,-1.908,Roll
-0.230,-0.251,1.050,-14.385,-89.478,-226.432,Roll
-0.135,-0.388,1.148,22.942,-69.912,-286.685,Roll
0.351,-0.371,1.077,27.615,-17.570,-286.685,Roll
0.619,-0.608,1.164,63.481,91.814,-286.685,Roll
0.353,-0.214,0.952,34.029,133.805,-286.685,Roll
0.199,-0.015,1.010,10.579,129.404,-286.685,Roll
-0.205,0.184,0.982,-17.124,122.868,-241.098,Roll
-0.342,0.433,1.007,-15.566,104.816,-5.267,Roll
-0.403,0.483,0.998,-3.062,57.759,218.059,Roll
-0.544,0.559,0.960,-1.689,1.391,286.186,Roll
-0.641,0.584,1.073,-3.027,-75.075,286.685,Roll
-0.066,0.217,1.181,-48.536,-99.916,286.685,Roll
0.169,0.124,1.103,-78.085,-83.694,286.685,Roll
-0.026,0.097,0.976,-141.137,-52.894,286.685,Roll
0.120,-0.309,0.750,-143.509,-56.569,286.685,Roll
-0.362,0.018,1.120,-86.905,-75.224,285.355,Roll
-0.382,0.064,1.006,-63.411,-72.135,212.756,Roll
-0.396,0.153,1.101,-37.205,-63.123,25.279,Roll
-0.393,0.128,0.950,-13.370,-51.643,-186.786,Roll
-0.393,0.089,0.907,-0.822,-17.903,-286.685,Roll
0.015,-0.035,0.855,-18.655,34.107,-286.685,Roll
0.239,-0.245,1.189,35.306,63.472,-286.685,Roll
0.239,0.026,1.109,32.007,165.375,-286.685,Roll
0.219,0.006,0.800,18.567,197.951,-286.685,Roll
0.092,-0.322,1.223,-31.465,182.018,-286.685,Roll
0.123,0.096,1.067,-133.857,97.895,-286.685,Roll
-0.023,0.047,1.180,-93.931,46.235,-142.905,Roll
-0.168,0.080,0.994,-32.541,-3.964,33.206,Roll
-0.071,0.072,0.981,40.740,-64.277,273.753,Roll
-0.077,0.012,0.983,39.042,-75.688,286.685,Roll
-0.104,0.095,1.041,19.119,-57.636,286.685,Roll
-0.167,0.087,0.935,-26.486,-87.666,286.685,Roll
0.045,-0.133,0.859,-18.795,-146.851,286.685,Roll
-0.025,0.026,1.176,-33.346,-160.562,286.685,Roll
-0.135,-0.013,1.086,-60.217,-150.395,286.685,Roll
-0.209,0.045,0.939,-77.402,-117.749,286.685,Roll
-0.129,0.143,1.062,-62.982,-70.884,208.530,Roll
-0.256,0.331,0.969,-45.299,-43.225,-11.200,Roll
-0.203,0.226,0.873,-12.898,-51.914,-168.193,Roll
-0.087,0.096,0.940,18.935,-40.119,-286.685,Roll
-0.120,0.020,1.014,-25.576,2.082,-286.685,Roll
0.590,0.091,1.106,-41.186,50.103,-286.685,Roll
0.540,-0.140,0.810,-52.955,99.059,-286.685,Roll
0.715,-0.249,0.889,65.695,134.855,-286.685,Roll
0.306,0.305,1.367,52.631,71.995,-286.685,Roll
0.120,0.068,1.041,-8.496,33.180,-286.685,Roll
-0.021,0.349,1.085,-36.435,15.934,-241.325,Roll
0.070,0.434,1.058,-54.425,2.179,-39.077,Roll
0.101,0.431,0.964,-27.694,23.704,192.911,Roll
0.098,0.394,1.019,-19.871,42.420,286.589,Roll
0.338,0.025,0.961,-100.336,35.298,286.685,Roll
-0.072,0.240,1.173,-162.803,78.864,286.685,Roll
-0.296,0.049,1.298,-138.924,48.458,286.685,Roll
-0.186,-0.081,1.032,-151.848,26.276,286.685,Roll
-0.354,-0.030,1.008,-95.611,-38.360,286.685,Roll
-0.430,-0.053,0.960,-62.860,-105.359,255.386,Roll
-0.349,-0.068,1.043,-32.060,-107.021,134.785,Roll
-0.273,-0.020,1.013,-8.663,-89.215,62.510,Roll
-0.262,-0.063,0.876,11.690,-68.959,-58.476,Roll
-0.393,-0.141,0.910,33.469,-45.535,-206.658,Roll
-0.530,-0.194,0.917,60.401,-30.249,-286.685,Roll
-0.599,-0.179,0.912,98.298,-18.524,-286.685,Roll
0.955,-0.033,0.647,102.821,38.771,-286.685,Roll
0.636,-0.073,1.080,83.536,113.312,-286.685,Roll
0.211,0.135,0.908,28.192,98.875,-286.685,Roll
-0.124,0.102,0.953,-25.996,59.071,-286.685,Roll
-0.189,0.283,1.076,-35.245,7.385,-256.016,Roll
-0.239,0.498,1.008,25.270,-8.899,-44.984,Roll
-0.160,0.544,1.003,59.080,-10.334,107.730,Roll
-0.041,0.475,0.987,32.603,1.663,285.836,Roll
0.060,0.301,0.989,-63.158,28.823,286.685,Roll
0.241,0.212,1.247,-125.099,13.011,286.685,Roll
-0.434,0.429,0.992,-100.450,-2.135,286.685,Roll
-0.007,0.129,1.042,-154.140,-0.490,286.685,Roll
-0.447,-0.194,0.943,-166.705,-66.509,286.685,Roll
-0.471,-0.173,0.933,-110.355,-141.234,284.392,Roll
-0.443,-0.051,0.994,-22.785,-166.635,186.148,Roll
-0.277,-0.040,1.024,-14.910,-90.440,75.469,Roll
-0.334,0.007,0.875,-1.199,-30.275,-72.747,Roll
-0.377,-0.077,0.902,31.561,21.210,-241.159,Roll
-0.414,-0.068,0.878,45.080,55.248,-286.685,Roll
-0.388,-0.109,0.987,54.906,77.481,-286.685,Roll
1.415,0.155,0.698,46.156,85.199,-286.685,Roll
0.533,-0.247,1.282,58.004,132.134,-286.685,Roll
-0.122,0.124,1.183,-13.659,98.184,-286.685,Roll
-0.001,0.123,0.998,-38.001,66.605,-286.685,Roll
-0.122,0.211,1.113,-44.021,30.371,-263.716,Roll
-0.133,0.258,1.116,-24.351,1.899,-141.776,Roll
-0.124,0.427,1.139,35.770,-23.809,90.003,Roll
0.043,0.478,1.088,55.405,-5.049,285.924,Roll
0.070,0.258,1.049,7.919,22.120,286.685,Roll
0.419,0.078,1.104,-90.011,21.420,286.685,Roll
-0.864,0.771,1.344,-69.808,50.960,286.685,Roll
-0.367,0.132,1.084,-103.906,24.202,286.685,Roll
-0.399,0.105,0.916,-129.727,-9.065,286.685,Roll
-0.422,-0.099,0.727,-130.148,-53.743,235.926,Roll
-0.709,-0.180,0.862,-85.750,-56.910,108.202,Roll
-0.863,-0.012,0.819,-30.861,-45.342,-62.116,Roll
-0.726,-0.095,0.819,30.249,-58.791,-178.999,Roll
-0.557,-0.163,0.795,78.505,-45.999,-286.685,Roll
-0.530,-0.069,0.849,102.909,-45.141,-286.685,Roll
0.851,0.111,0.929,83.904,20.808,-286.685,Roll
0.548,-0.399,1.040,47.320,84.569,-286.685,Roll
-0.045,-0.055,1.081,-63.586,56.044,-286.685,Roll
-0.051,0.154,0.929,-79.293,62.230,-286.685,Roll
-0.027,-0.019,1.164,-90.317,22.050,-249.156,Roll
0.039,0.224,1.228,-68.399,-19.915,-139.562,Roll
0.041,0.271,1.168,-5.574,-49.954,49.053,Roll
0.041,0.258,1.196,42.000,-63.709,247.756,Roll
0.139,0.110,1.235,36.540,-73.596,286.685,Roll
0.336,-0.133,1.217,25.454,-75.582,286.685,Roll
-0.091,0.427,1.265,0.595,-105.026,286.685,Roll
-0.326,0.111,1.236,1.855,-86.607,286.685,Roll
-0.230,0.071,1.110,-43.120,-92.251,286.685,Roll
-0.272,-0.212,0.884,-59.588,-148.365,286.685,Roll
-0.307,-0.151,0.974,-22.558,-128.599,278.372,Roll
-0.401,0.028,1.029,-1.960,-53.751,179.935,Roll
-0.375,0.060,0.952,-3.378,-5.066,82.136,Roll
-0.320,0.043,0.865,17.517,13.134,-89.486,Roll
-0.262,0.014,0.825,50.768,7.070,-260.391,Roll
-0.329,0.018,0.954,38.946,11.156,-286.685,Roll
-0.462,-0.024,0.898,38.001,17.150,-286.685,Roll
1.326,0.259,1.351,46.314,44.713,-286.685,Roll
0.771,-0.317,0.994,45.946,97.632,-286.685,Roll
0.393,0.278,1.068,35.306,108.500,-286.685,Roll
0.107,0.051,1.115,-25.112,68.232,-286.685,Roll
0.130,0.221,1.069,-11.165,20.641,-270.795,Roll
0.020,0.203,1.093,26.757,-11.664,-129.264,Roll
-0.005,0.380,1.136,55.344,-30.380,-3.579,Roll
0.046,0.587,0.950,99.173,-17.097,218.715,Roll
0.197,0.403,1.010,60.252,37.091,286.685,Roll
0.289,0.337,0.957,-29.942,70.473,286.685,Roll
-0.430,0.565,0.792,-135.406,105.630,286.685,Roll
-0.474,0.413,1.021,-129.675,149.494,286.685,Roll
-0.425,0.094,0.955,-188.545,120.872,286.685,Roll
-0.646,-0.026,0.786,-198.800,50.330,257.740,Roll
-0.739,-0.115,0.610,-86.730,-139.326,67.961,Roll
-0.706,-0.092,0.886,48.921,-215.565,-106.207,Roll
-0.577,-0.152,0.884,89.478,-172.016,-234.605,Roll
-0.694,0.153,0.965,75.827,-137.568,-286.422,Roll
0.523,-0.115,0.706,64.260,-31.491,-286.685,Roll
1.156,-0.222,0.783,14.420,67.366,-286.685,Roll
0.559,0.157,1.392,75.863,77.236,-286.685,Roll
0.332,0.257,1.051,14.105,20.370,-286.081,Roll
0.272,0.321,0.926,-29.522,-10.001,-98.035,Roll
0.022,0.350,1.025,-47.022,10.360,110.906,Roll
0.000,0.346,1.152,-65.485,22.208,272.142,Roll
0.074,0.224,1.132,-44.074,26.267,286.685,Roll
0.091,0.265,1.114,-26.801,29.671,286.685,Roll
-0.192,0.282,1.013,-5.233,30.170,286.685,Roll
-0.086,0.284,1.289,-35.901,15.969,286.685,Roll
-0.126,0.162,1.100,-107.109,-14.009,286.685,Roll
-0.316,0.044,0.932,-109.751,-50.557,190.120,Roll
-0.380,0.122,0.902,-46.340,-61.504,-26.145,Roll
-0.262,0.113,0.910,2.966,-56.123,-170.406,Roll
-0.116,-0.116,1.018,43.908,3.281,-286.685,Roll
0.088,-0.215,1.076,54.574,60.060,-286.685,Roll
-0.001,-0.117,0.975,61.460,78.969,-286.685,Roll
-0.120,-0.007,1.267,31.299,125.948,-286.685,Roll
-0.071,-0.041,1.061,-12.635,116.882,-286.685,Roll
0.067,0.292,0.885,-57.636,58.371,-286.685,Roll
0.096,-0.002,1.126,-14.096,38.080,-286.484,Roll
0.003,0.262,1.214,1.706,-14.665,-118.493,Roll
-0.200,0.134,1.020,16.529,-58.879,103.311,Roll
-0.110,0.007,1.047,21.490,-47.653,277.795,Roll
-0.120,-0.181,1.005,-16.153,-27.641,286.685,Roll
0.023,-0.153,1.070,-44.818,10.727,286.685,Roll
0.070,-0.051,1.187,-68.775,-39.935,286.685,Roll
0.008,-0.201,0.995,-23.240,-125.746,286.685,Roll
-0.297,-0.034,1.177,45.964,-211.111,286.685,Roll
-0.409,-0.066,1.124,-4.681,-149.144,285.740,Roll
-0.261,0.074,0.913,-45.675,-44.783,122.824,Roll
-0.018,0.038,1.008,-26.679,-0.490,-18.655,Roll
0.059,-0.015,1.075,15.225,37.800,-223.029,Roll
-0.005,-0.050,1.024,44.730,75.495,-286.685,Roll
0.153,0.035,0.980,49.752,95.183,-286.685,Roll
-0.015,0.074,1.204,29.278,146.624,-286.685,Roll
-0.154,0.056,1.037,-23.966,126.604,-286.685,Roll
-0.130,0.082,1.007,-53.069,80.290,-286.685,Roll
-0.111,0.021,0.984,-36.951,45.850,-280.892,Roll
0.045,0.129,1.083,2.564,-13.562,-131.215,Roll
-0.001,0.166,1.084,23.240,-52.272,47.311,Roll
0.023,0.034,0.993,16.791,-62.388,212.590,Roll
-0.056,-0.122,0.839,10.658,-51.362,284.681,Roll
-0.096,-0.191,0.955,6.274,-11.935,286.685,Roll
-0.054,0.036,1.011,-41.781,-8.426,286.685,Roll
-0.108,0.041,0.986,-53.419,-27.396,286.685,Roll
0.029,0.065,0.949,-101.465,-94.439,286.685,Roll
-0.235,-0.154,1.004,-110.504,-111.125,286.685,Roll
-0.275,-0.046,1.054,-84.044,-123.707,256.568,Roll
-0.296,0.055,1.140,-58.616,-58.056,91.945,Roll
-0.171,0.054,1.055,-28.228,-7.411,-30.853,Roll
-0.017,-0.018,0.935,8.470,35.840,-193.926,Roll
0.033,-0.176,1.002,32.401,70.394,-286.685,Roll
0.009,-0.290,1.058,52.535,108.649,-286.685,Roll
-0.063,-0.230,1.024,102.576,138.128,-286.685,Roll
-0.153,-0.208,1.060,114.161,128.039,-286.685,Roll
-0.240,0.041,0.951,65.485,138.215,-286.685,Roll
-0.215,0.255,0.807,54.635,104.676,-286.685,Roll
-0.365,0.222,1.118,22.907,27.414,-286.685,Roll
-0.062,0.233,1.187,-19.390,-36.452,-146.536,Roll
-0.101,0.069,1.092,-20.309,-48.195,68.014,Roll
-0.044,-0.080,1.002,-7.271,-40.460,184.783,Roll
-0.183,-0.215,0.960,1.444,-29.890,286.685,Roll
0.027,-0.210,1.045,8.767,-22.409,286.685,Roll
0.066,-0.225,1.048,-27.414,-51.643,286.685,Roll
0.018,-0.120,0.929,-40.425,-115.395,286.685,Roll
0.033,0.075,1.060,-64.260,-169.706,286.685,Roll
-0.180,0.073,0.988,-73.010,-103.206,286.685,Roll
-0.187,0.038,1.037,-68.652,-58.651,270.664,Roll
-0.018,0.022,1.064,-53.139,3.911,111.781,Roll
0.110,-0.007,1.119,-14.858,38.299,-65.152,Roll
0.033,-0.050,0.899,35.061,68.285,-233.783,Roll
-0.032,-0.144,0.927,70.070,69.353,-286.685,Roll
-0.079,-0.170,0.990,101.071,62.090,-286.685,Roll
-0.021,-0.203,1.122,91.280,96.058,-286.685,Roll
-0.003,-0.267,0.983,75.880,149.818,-286.685,Roll
-0.387,0.139,0.876,83.011,148.356,-286.685,Roll
-0.352,0.172,0.983,25.882,51.923,-286.685,Roll
-0.197,0.211,1.077,-11.515,6.554,-192.089,Roll
-0.234,0.138,1.039,-13.589,-18.340,-60.471,Roll
-0.331,0.004,1.016,-6.405,-44.345,117.154,Roll
-0.344,-0.151,0.937,-4.944,-50.986,259.341,Roll
-0.391,-0.203,0.961,-4.585,-45.001,286.685,Roll
-0.347,-0.148,1.061,-34.764,-43.803,286.685,Roll
-0.023,-0.095,1.103,-47.268,-66.264,286.685,Roll
0.114,-0.081,0.932,-53.961,-114.896,286.685,Roll
0.146,-0.036,1.149,-71.295,-130.769,286.685,Roll
-0.124,-0.148,0.927,-80.552,-87.526,286.685,Roll
-0.159,-0.163,1.172,-59.658,-51.222,268.013,Roll
-0.131,0.052,1.139,-28.639,20.440,96.495,Roll
-0.103,0.101,1.025,6.186,41.501,-45.167,Roll
0.104,0.079,0.929,37.660,51.135,-240.809,Roll
0.091,-0.177,0.905,41.930,53.568,-286.685,Roll
0.080,-0.148,0.880,59.789,33.329,-286.685,Roll
-0.084,-0.136,0.902,97.169,29.041,-286.685,Roll
-0.286,0.038,1.042,105.140,45.798,-286.685,Roll
-0.358,0.015,1.003,39.139,75.110,-286.685,Roll
-0.003,0.282,1.109,6.851,54.241,-286.685,Roll
0.059,0.158,1.202,-20.720,25.708,-197.321,Roll
-0.078,0.129,1.124,-21.665,-7.499,22.802,Roll
-0.085,0.025,1.040,2.450,-29.024,163.984,Roll
-0.279,-0.134,1.041,50.724,-38.132,286.685,Roll
-0.380,0.070,1.064,69.457,-38.500,286.685,Roll
-0.158,-0.002,0.972,28.656,-61.985,286.685,Roll
0.147,-0.057,0.894,2.179,-84.919,286.685,Roll
0.363,-0.004,1.015,-73.736,-80.255,286.685,Roll
0.086,0.104,1.078,-110.478,-47.294,286.685,Roll
0.008,0.128,1.033,-104.414,-7.577,235.253,Roll
0.075,0.027,1.005,-61.451,5.915,132.484,Roll
0.180,-0.011,1.002,-41.361,10.614,-32.935,Roll
0.277,-0.106,1.013,-21.691,8.347,-206.946,Roll
0.323,-0.183,1.025,-6.860,25.664,-285.967,Roll
0.124,-0.284,0.948,7.682,78.418,-286.685,Roll
-0.065,-0.236,1.059,57.129,92.654,-286.685,Roll
-0.169,-0.205,1.049,62.370,123.655,-286.685,Roll
-0.443,0.140,0.998,58.074,154.884,-286.685,Roll
-0.149,-0.047,1.024,24.386,56.840,-286.685,Roll
-0.133,0.173,1.142,-4.944,-1.330,-244.641,Roll
-0.025,0.165,1.183,-14.350,-21.009,-91.516,Roll
-0.175,0.031,1.096,-13.764,-19.618,103.556,Roll
-0.419,-0.125,1.003,-2.511,-8.304,245.814,Roll
-0.376,-0.148,1.030,9.896,4.812,286.685,Roll
-0.092,-0.228,1.036,-17.028,-4.427,286.685,Roll
0.344,-0.162,1.013,-47.373,-26.364,286.685,Roll
0.336,-0.048,1.002,-43.890,-71.706,286.685,Roll
0.228,-0.112,0.974,-101.728,-72.607,286.685,Roll
-0.105,-0.157,0.981,-105.280,-37.345,286.685,Roll
-0.254,0.082,1.017,-65.188,-8.488,281.916,Roll
-0.297,0.154,1.169,1.076,32.007,88.812,Roll
-0.105,0.220,1.094,28.166,56.481,-57.199,Roll
0.126,-0.038,0.951,42.411,63.446,-272.431,Roll
0.103,-0.130,0.829,76.912,20.335,-286.685,Roll
-0.096,-0.077,0.907,99.409,-22.750,-286.685,Roll
-0.214,-0.177,0.931,100.205,-20.274,-286.685,Roll
-0.628,0.056,1.112,100.984,52.290,-286.685,Roll
0.050,0.223,0.666,17.360,61.757,-286.685,Roll
-0.005,-0.072,1.283,-1.697,37.319,-286.685,Roll
0.088,0.230,1.241,-31.745,10.132,-280.341,Roll
0.076,0.251,1.162,-10.491,-14.096,-18.340,Roll
-0.043,0.122,1.075,6.484,-19.521,229.486,Roll
-0.044,0.055,0.981,2.082,3.150,286.685,Roll
-0.140,-0.005,1.033,-20.799,69.265,286.685,Roll
-0.434,0.081,0.797,-80.588,37.170,286.685,Roll
0.016,-0.379,0.904,-145.023,4.218,286.685,Roll
-0.195,-0.206,0.922,-145.583,-28.140,286.685,Roll
-0.434,-0.048,0.823,-146.169,-74.401,286.685,Roll
-0.613,0.209,0.964,-67.567,-81.585,95.637,Roll
-0.095,0.223,1.106,7.945,-30.896,-170.117,Roll
-0.010,-0.040,0.976,30.494,34.370,-285.740,Roll
-0.122,-0.189,0.961,88.436,65.354,-286.685,Roll
-0.405,0.054,1.130,86.887,89.801,-286.685,Roll
-0.167,-0.075,1.123,24.815,99.978,-286.685,Roll
-0.071,-0.124,0.714,38.789,99.330,-286.685,Roll
-0.059,0.082,1.069,66.666,40.653,-286.685,Roll
0.115,0.254,1.092,9.118,-38.946,-235.786,Roll
0.047,0.185,1.252,13.580,-41.921,25.550,Roll
-0.033,0.114,1.056,9.730,-48.895,188.318,Roll
0.005,-0.078,0.986,-7.376,-44.153,286.685,Roll
-0.067,-0.087,0.956,-6.948,20.904,286.685,Roll
0.056,-0.102,1.032,-19.626,26.066,286.685,Roll
-0.365,-0.138,0.930,-40.364,-57.129,286.685,Roll
-0.128,0.111,0.824,-40.688,-116.760,286.685,Roll
-0.183,-0.007,1.033,-60.839,-118.895,286.685,Roll
-0.205,-0.051,1.020,-105.018,-86.021,286.685,Roll
-0.144,-0.142,1.007,-145.381,-30.494,208.084,Roll
-0.248,0.170,1.037,-98.298,-5.189,39.594,Roll
-0.384,0.000,0.896,-10.911,29.558,-174.283,Roll
-0.443,-0.073,0.972,77.228,39.209,-286.685,Roll
-0.085,-0.122,1.092,127.575,74.253,-286.685,Roll
0.065,-0.184,1.210,155.190,102.707,-286.685,Roll
0.139,-0.061,0.980,136.019,142.538,-286.685,Roll
-0.328,0.149,1.225,119.359,148.995,-286.685,Roll
-0.302,0.422,0.787,47.740,23.835,-286.685,Roll
-0.143,0.171,0.922,-22.855,-35.096,-286.685,Roll
-0.041,0.119,1.073,-82.442,-54.959,-167.554,Roll
-0.033,0.118,1.073,-51.861,-59.439,-15.409,Roll
0.005,0.045,1.053,-6.492,-68.749,207.533,Roll
-0.012,-0.046,0.973,2.082,-33.583,286.685,Roll
0.030,-0.128,1.010,-0.543,14.858,286.685,Roll
-0.014,0.122,1.082,-41.860,46.769,286.685,Roll
-0.317,0.131,0.799,-18.436,-64.339,286.685,Roll
-0.269,-0.061,1.087,-37.144,-133.910,286.685,Roll
-0.293,-0.033,1.116,-55.309,-137.139,286.685,Roll
-0.389,-0.022,1.029,-102.209,-55.213,274.557,Roll
-0.313,-0.127,0.974,-103.460,-22.015,101.325,Roll
-0.238,-0.031,0.979,-7.656,-18.603,-84.805,Roll
-0.195,-0.034,1.019,70.061,8.409,-276.036,Roll
-0.145,-0.074,1.052,85.400,30.853,-286.685,Roll
-0.093,-0.012,1.022,53.769,66.202,-286.685,Roll
-0.073,-0.028,1.326,11.410,128.800,-286.685,Roll
-0.029,0.018,1.020,6.466,143.334,-286.685,Roll
-0.045,-0.081,1.013,27.536,101.535,-286.685,Roll
0.112,-0.015,0.820,0.087,25.130,-286.685,Roll
0.177,0.149,1.186,-5.390,-15.347,-260.225,Roll
0.109,0.099,1.117,-4.532,-54.390,-131.740,Roll
-0.224,0.240,1.009,7.508,-49.289,103.504,Roll
-0.164,0.021,1.009,28.569,-27.291,272.571,Roll
-0.060,-0.184,0.990,-4.392,-21.761,286.685,Roll
0.071,-0.128,0.991,-16.747,-1.654,286.685,Roll
0.083,-0.089,1.130,-13.799,-12.206,286.685,Roll
-0.066,0.098,1.006,-4.655,-92.024,286.685,Roll
-0.227,0.483,0.869,32.952,-141.899,286.685,Roll
0.020,0.102,1.009,-17.964,-142.266,286.685,Roll
-0.155,-0.094,1.042,-67.357,-93.082,286.676,Roll
-0.351,-0.027,1.124,-95.603,-13.580,159.285,Roll
-0.319,0.007,0.994,-58.450,0.262,32.104,Roll
-0.113,0.080,1.059,16.249,-8.470,-162.785,Roll
-0.077,0.008,1.060,48.921,6.151,-286.685,Roll
-0.041,-0.070,1.023,48.694,18.112,-286.685,Roll
-0.081,-0.081,1.081,56.368,32.952,-286.685,Roll
-0.105,0.241,1.387,17.386,90.265,-286.685,Roll
0.201,0.151,0.592,-9.669,126.875,-286.685,Roll
-0.009,-0.022,0.922,2.240,108.649,-286.685,Roll
-0.006,-0.012,1.122,-23.993,59.211,-286.685,Roll
0.051,0.210,1.131,-38.115,4.445,-180.180,Roll
0.001,0.209,1.034,-15.085,-18.725,35.893,Roll
-0.025,0.161,0.983,-1.951,-29.724,163.783,Roll
0.080,-0.003,0.943,-31.220,-49.376,286.685,Roll
0.027,-0.128,0.993,-43.225,-21.289,286.685,Roll
0.080,-0.055,1.046,-35.814,1.059,286.685,Roll
-0.197,0.137,0.869,-32.244,-10.701,286.685,Roll
-0.152,0.108,1.135,-34.309,-36.838,286.685,Roll
-0.235,0.073,1.050,-49.193,-53.804,286.685,Roll
-0.272,-0.028,1.142,-57.820,-84.569,285.985,Roll
-0.441,0.198,1.159,-58.021,-12.320,141.216,Roll
-0.260,0.143,1.058,-24.990,8.321,-56.446,Roll
-0.028,0.036,0.992,10.946,-5.819,-173.215,Roll
-0.093,-0.133,1.086,70.516,-12.180,-286.554,Roll
-0.036,-0.084,1.027,90.116,-15.374,-286.685,Roll
-0.102,-0.134,0.947,78.444,-11.550,-286.685,Roll
-0.056,-0.019,1.050,48.072,13.746,-286.685,Roll
0.013,0.012,0.783,20.615,95.506,-286.685,Roll
0.070,0.081,0.963,43.094,89.757,-286.685,Roll
0.165,0.091,1.087,24.517,42.621,-242.462,Roll
0.067,0.193,1.061,-0.481,12.241,-114.319,Roll
-0.034,0.164,0.934,-18.358,-22.881,90.930,Roll
-0.055,0.072,0.953,-26.040,-21.656,274.312,Roll
-0.127,0.123,0.942,-43.024,-7.823,286.685,Roll
-0.102,0.121,1.035,-64.514,24.386,286.685,Roll
-0.333,0.140,0.922,-93.564,-5.871,286.685,Roll
-0.163,0.250,1.183,-78.374,-80.176,286.685,Roll
-0.128,-0.046,1.016,-54.827,-113.899,286.685,Roll
-0.267,0.126,1.173,-71.207,-102.366,286.685,Roll
-0.340,0.110,1.103,-87.159,-34.414,182.473,Roll
-0.276,0.001,1.097,-73.798,25.165,5.469,Roll
-0.126,0.026,1.030,-25.734,28.087,-111.213,Roll
-0.151,-0.082,1.050,53.786,25.016,-273.228,Roll
-0.212,-0.098,1.032,97.965,27.869,-286.685,Roll
-0.352,-0.120,1.055,95.121,11.847,-286.685,Roll
-0.230,0.031,1.031,69.387,-2.293,-286.685,Roll
0.194,-0.095,0.911,38.693,44.966,-286.685,Roll
0.130,-0.061,1.156,24.771,52.579,-286.685,Roll
0.086,0.062,1.089,-12.075,32.690,-286.685,Roll
0.170,0.145,1.027,-21.140,13.256,-133.166,Roll
0.058,0.156,1.019,-4.979,-0.595,84.376,Roll
0.034,0.112,0.995,-8.137,-4.637,210.044,Roll
0.038,0.081,1.056,-25.638,11.340,286.685,Roll
0.038,0.051,1.081,-44.984,23.791,286.685,Roll
0.048,0.231,1.056,-42.770,-18.112,286.685,Roll
-0.199,0.299,1.206,-22.601,-33.915,286.685,Roll
-0.163,0.097,1.059,-78.033,-61.276,286.685,Roll
-0.250,0.185,1.077,-88.200,-88.043,286.685,Roll
-0.254,0.138,1.058,-91.919,-64.986,153.702,Roll
-0.253,0.177,1.010,-71.260,-44.153,15.557,Roll
-0.178,0.119,0.969,-6.668,-18.419,-170.590,Roll
-0.114,-0.101,1.019,38.553,18.349,-286.676,Roll
-0.035,-0.115,1.030,54.688,43.339,-286.685,Roll
-0.046,-0.008,1.062,74.979,73.010,-286.685,Roll
-0.086,-0.116,1.077,78.881,116.043,-286.685,Roll
-0.164,-0.075,0.840,44.336,130.454,-286.685,Roll
0.021,0.026,1.071,16.441,83.037,-286.685,Roll
0.031,0.001,1.010,-16.756,-1.514,-282.362,Roll
-0.017,0.068,1.009,-17.675,-29.907,-105.096,Roll
-0.121,0.055,1.025,-17.430,-42.053,33.792,Roll
0.071,0.029,0.985,2.599,-28.114,230.212,Roll
0.000,-0.027,0.970,12.057,16.590,286.685,Roll
0.037,0.045,1.026,-23.214,42.735,286.685,Roll
0.018,0.097,0.747,-50.173,25.865,286.685,Roll
-0.318,0.410,1.102,-44.931,-47.591,286.685,Roll
-0.080,0.260,1.105,-57.549,-124.512,286.685,Roll
-0.154,0.092,1.093,-87.754,-139.361,286.685,Roll
-0.261,0.079,1.140,-148.916,-43.645,272.501,Roll
-0.265,0.071,1.097,-139.615,33.731,90.317,Roll
-0.275,0.072,0.875,-50.417,52.850,-100.730,Roll
-0.319,0.019,0.931,25.812,41.947,-216.510,Roll
0.069,0.016,1.161,82.329,42.403,-286.685,Roll
-0.151,-0.225,0.984,128.415,48.230,-286.685,Roll
-0.199,-0.162,1.097,162.173,58.039,-286.685,Roll
-0.002,0.187,1.026,136.395,79.826,-286.685,Roll
-0.100,-0.037,1.035,74.025,79.739,-286.685,Roll
0.124,0.190,0.975,-1.575,6.029,-286.685,Roll
0.032,0.193,1.011,7.516,-4.804,-220.106,Roll
-0.009,0.149,1.039,0.551,-33.224,-8.120,Roll
0.007,0.097,1.030,-4.742,-43.680,203.534,Roll
-0.037,0.045,1.051,-12.705,-17.622,286.685,Roll
-0.033,0.086,1.045,-22.129,13.869,286.685,Roll
0.171,0.171,1.057,-52.938,14.017,286.685,Roll
-0.086,0.218,1.175,-42.438,-1.680,286.685,Roll
-0.213,0.228,0.931,-62.615,-26.836,286.685,Roll
-0.141,0.005,1.181,-57.461,-71.111,286.685,Roll
-0.223,0.008,1.131,-103.688,-47.092,283.622,Roll
-0.251,0.071,1.259,-124.311,5.504,136.439,Roll
-0.379,0.201,1.060,-108.316,60.445,16.476,Roll
-0.416,0.078,0.845,23.310,13.694,-195.947,Roll
-0.038,0.124,1.040,110.985,-34.519,-286.685,Roll
-0.123,-0.082,1.049,120.628,-27.431,-286.685,Roll
-0.053,-0.112,0.958,106.776,-16.109,-286.685,Roll
0.051,0.040,0.991,92.689,19.066,-286.685,Roll
0.072,-0.025,1.000,51.135,43.610,-286.685,Roll
0.264,0.248,0.886,-32.795,-23.958,-286.685,Roll
0.335,0.060,0.937,-8.995,-22.558,-226.188,Roll
0.279,0.257,0.950,13.493,-17.308,27.781,Roll
0.173,0.246,0.989,6.799,-35.193,260.479,Roll
0.148,0.277,1.003,-32.681,-15.374,286.685,Roll
0.108,0.144,1.051,-51.240,37.660,286.685,Roll
-0.015,0.173,0.975,-72.188,77.228,286.685,Roll
-0.456,0.252,0.990,-77.035,27.029,286.685,Roll
-0.243,0.130,1.079,-82.215,-12.976,286.685,Roll
-0.254,0.019,1.260,-100.336,-13.991,286.685,Roll
-0.372,0.063,1.114,-95.060,-25.086,173.416,Roll
-0.339,0.070,1.037,-31.404,-39.121,-17.089,Roll
-0.294,-0.020,0.954,13.755,-20.834,-128.607,Roll
-0.106,0.015,1.050,65.065,-2.993,-275.214,Roll
-0.135,-0.189,0.998,96.495,1.391,-286.685,Roll
-0.179,-0.049,0.917,126.516,-11.769,-286.685,Roll
-0.174,0.123,0.962,124.058,-16.555,-286.685,Roll
0.050,-0.135,1.024,100.336,12.749,-286.685,Roll
0.015,0.329,0.935,33.679,40.460,-286.685,Roll
0.098,0.223,0.996,-1.654,39.638,-286.685,Roll
0.162,0.217,1.098,-28.954,20.011,-253.899,Roll
0.098,0.231,1.027,-30.476,-18.016,-40.985,Roll
0.043,0.196,0.957,-12.416,-24.999,171.754,Roll
-0.051,0.206,1.053,-17.736,-27.169,281.339,Roll
-0.041,0.088,1.098,-44.975,-27.991,286.685,Roll
0.092,-0.036,1.055,-58.196,4.253,286.685,Roll
0.225,-0.006,1.127,-81.287,-14.962,286.685,Roll
-0.421,0.239,1.020,-90.554,-42.175,286.685,Roll
-0.222,-0.100,1.296,-83.554,-91.726,286.685,Roll
-0.318,0.149,1.272,-57.671,-64.540,273.455,Roll
-0.361,0.116,1.193,-60.804,-15.496,135.126,Roll
-0.190,0.066,0.858,-0.271,0.438,-83.510,Roll
-0.084,-0.058,0.997,64.724,-9.818,-261.047,Roll
-0.077,-0.091,1.021,95.716,-6.142,-286.685,Roll
-0.160,0.053,0.970,114.546,-2.861,-286.685,Roll
-0.248,0.167,1.091,69.317,18.673,-286.685,Roll
-0.140,0.052,0.829,21.359,74.524,-286.685,Roll
-0.027,0.237,0.879,34.195,48.772,-286.685,Roll
0.178,0.116,1.064,13.204,-0.289,-286.685,Roll
0.290,0.375,1.035,-5.128,-19.189,-220.789,Roll
0.169,0.318,1.079,-6.571,-21.910,20.440,Roll
0.079,0.209,0.970,-19.416,-18.454,167.676,Roll
0.038,0.159,0.999,-46.165,7.236,286.685,Roll
-0.063,0.100,1.007,-70.175,32.629,286.685,Roll
0.037,0.101,0.941,-74.016,43.452,286.685,Roll
-0.278,0.051,0.815,-80.526,4.620,286.685,Roll
-0.403,0.057,0.999,-69.781,-99.584,286.685,Roll
-0.258,-0.013,1.362,-50.382,-121.476,286.685,Roll
-0.368,0.138,1.173,-66.736,-64.698,123.191,Roll
-0.271,0.116,0.970,-41.274,-16.677,-48.291,Roll
-0.102,-0.060,0.958,32.734,-1.575,-259.367,Roll
-0.017,-0.117,0.913,79.030,52.500,-286.685,Roll
-0.151,-0.097,1.167,100.520,74.533,-286.685,Roll
-0.443,-0.071,0.993,99.820,64.802,-286.685,Roll
-0.239,-0.119,0.990,87.658,46.366,-286.685,Roll
-0.272,0.238,0.951,42.516,34.029,-286.685,Roll
0.001,0.358,0.933,24.824,-2.957,-286.685,Roll
0.226,0.356,1.105,18.007,-20.930,-211.654,Roll
0.135,0.422,1.127,-17.351,-23.861,35.770,Roll
-0.017,0.285,1.040,-28.254,-17.001,192.727,Roll
-0.099,0.193,1.063,-60.156,-6.352,286.685,Roll
-0.068,0.074,0.970,-70.954,13.615,286.685,Roll
0.050,0.052,0.883,-47.381,28.866,286.685,Roll
-0.104,0.066,0.924,-50.251,4.786,286.685,Roll
-0.303,0.239,0.892,-95.515,-58.397,286.685,Roll
-0.257,-0.113,1.121,-104.396,-54.320,286.685,Roll
-0.455,0.079,1.068,-105.131,-10.299,247.686,Roll
-0.435,0.140,0.990,-61.373,2.993,69.764,Roll
-0.084,0.186,1.084,36.846,-0.184,-187.460,Roll
-0.161,-0.034,0.961,71.890,16.004,-286.685,Roll
-0.198,-0.081,0.880,103.198,-2.074,-286.685,Roll
-0.316,0.160,1.034,122.491,-6.606,-286.685,Roll
-0.322,0.086,0.986,82.399,39.279,-286.685,Roll
-0.137,0.147,0.920,56.026,53.629,-286.685,Roll
-0.105,0.035,1.074,7.718,25.130,-286.685,Roll
0.135,0.310,1.047,-27.921,-6.125,-286.685,Roll
0.245,0.294,1.056,-14.429,-35.630,-105.298,Roll
0.133,0.321,1.153,-1.995,-19.198,152.871,Roll
0.002,0.224,1.039,-10.255,-2.065,280.411,Roll
-0.095,0.092,0.991,-87.465,-19.250,286.685,Roll
-0.062,-0.154,1.045,-113.592,3.150,286.685,Roll
-0.061,-0.048,1.083,-102.699,-17.202,286.685,Roll
-0.307,0.080,1.098,-65.503,-93.284,286.685,Roll
-0.338,-0.027,0.983,-53.716,-124.031,286.685,Roll
-0.560,-0.222,0.777,-96.329,-129.264,286.685,Roll
-0.539,-0.261,1.005,-134.566,-142.389,220.526,Roll
-0.191,-0.108,1.233,-109.874,-65.914,143.413,Roll
0.541,0.080,0.907,-42.184,83.554,-0.717,Roll
0.223,-0.038,1.011,59.194,53.611,-196.901,Roll
-0.180,-0.010,0.999,108.027,-20.632,-286.685,Roll
-0.327,-0.110,1.070,131.985,-21.096,-286.685,Roll
-0.555,-0.123,1.229,98.709,7.455,-286.685,Roll
-0.291,0.436,0.996,39.226,33.967,-286.685,Roll
0.088,0.276,0.949,59.124,86.887,-286.685,Roll
-0.011,0.296,1.231,33.390,71.330,-286.685,Roll
0.218,0.360,1.174,-38.544,12.276,-286.685,Roll
0.257,0.379,1.156,-48.002,21.385,-210.577,Roll
0.305,0.422,1.066,-41.002,56.674,64.076,Roll
0.204,0.367,1.039,-44.188,72.467,217.560,Roll
0.090,0.128,1.008,-77.910,54.259,286.685,Roll
-0.124,0.064,0.870,-97.869,11.611,286.685,Roll
-0.001,0.044,0.763,-43.111,-0.009,286.685,Roll
-0.513,-0.013,1.224,-72.546,-15.837,286.685,Roll
-0.411,-0.064,0.961,-54.976,-121.074,286.685,Roll
-0.374,0.214,1.040,-56.726,-85.452,286.685,Roll
-0.362,0.198,0.861,-68.372,-12.530,271.302,Roll
-0.384,0.073,0.989,-86.975,6.764,146.256,Roll
-0.282,0.151,0.870,-56.989,16.179,-44.940,Roll
-0.108,0.171,0.989,-4.497,-0.192,-239.015,Roll
-0.181,-0.053,0.961,6.457,-26.267,-286.685,Roll
-0.211,-0.103,0.814,112.411,-72.774,-286.685,Roll
-0.405,0.071,1.207,124.574,-76.099,-286.685,Roll
0.081,0.167,1.007,-16.048,-57.068,-286.685,Roll
0.158,0.012,0.845,-22.050,-10.483,-286.685,Roll
0.338,0.144,1.037,6.878,1.706,-286.685,Roll
0.597,0.401,1.052,17.036,35.989,-226.905,Roll
0.470,0.463,1.190,12.416,43.138,25.681,Roll
0.075,0.478,1.136,-4.366,17.001,187.232,Roll
0.180,0.351,1.183,-57.995,-7.621,286.685,Roll
0.032,0.225,1.053,-82.136,54.941,286.685,Roll
0.149,0.212,0.989,-85.601,80.141,286.685,Roll
-0.138,-0.018,1.064,-126.009,75.618,286.685,Roll
-0.176,0.197,0.814,-89.810,-2.739,286.685,Roll
-0.317,0.200,1.047,-51.634,-42.455,286.685,Roll
-0.540,0.046,1.023,-47.215,-46.804,239.102,Roll
-0.483,0.210,0.964,24.456,-69.020,2.695,Roll
-0.426,0.156,0.923,51.205,-36.374,-204.006,Roll
-0.154,0.137,0.896,51.896,-21.831,-286.335,Roll
-0.150,-0.157,0.889,75.022,-14.779,-286.685,Roll
-0.309,0.022,0.980,106.426,-11.069,-286.685,Roll
-0.071,-0.127,1.096,62.265,-13.606,-286.685,Roll
-0.172,-0.012,1.002,28.700,28.236,-286.685,Roll
0.028,0.006,0.994,17.115,56.779,-286.685,Roll
0.159,0.083,1.388,-5.521,29.531,-286.125,Roll
0.305,0.357,1.214,-33.276,-5.460,-189.105,Roll
0.163,0.283,1.124,-23.642,-26.215,47.827,Roll
-0.098,0.146,0.800,-49.840,-41.335,266.823,Roll
-0.171,0.117,0.972,-39.900,-14.280,286.685,Roll
0.157,-0.212,0.907,-64.584,0.087,286.685,Roll
0.225,-0.005,0.964,-42.717,42.796,286.685,Roll
-0.594,0.343,1.139,-68.154,3.071,286.685,Roll
-0.375,0.462,0.860,-16.555,-105.105,286.685,Roll
-0.461,0.267,1.131,-13.851,-158.366,286.685,Roll
-0.296,-0.055,1.089,-49.481,-108.211,218.557,Roll
0.044,0.206,1.094,-51.450,-74.882,55.396,Roll
0.057,0.054,1.008,-24.246,-56.857,-157.631,Roll
0.087,0.044,1.067,24.946,-43.943,-275.914,Roll
0.091,0.101,1.017,41.510,-1.435,-286.685,Roll
0.056,-0.078,1.224,22.304,76.912,-286.685,Roll
-0.030,-0.049,0.989,11.550,137.856,-286.685,Roll
-0.300,0.026,0.971,20.825,57.304,-286.685,Roll
-0.205,-0.071,1.041,22.855,21.927,-286.685,Roll
0.065,0.198,0.984,-27.160,-50.645,-286.685,Roll
0.280,0.269,1.071,-37.406,-50.234,-262.413,Roll
0.273,0.319,1.015,-6.492,-36.006,-14.490,Roll
-0.002,0.303,1.045,5.994,-12.451,238.306,Roll
0.054,0.281,0.957,-29.059,-23.415,286.685,Roll
-0.137,0.081,0.735,-34.545,28.962,286.685,Roll
0.230,-0.002,1.173,-36.050,92.024,286.685,Roll
0.163,-0.006,1.616,-139.178,95.217,286.685,Roll
-0.529,0.670,0.383,-172.051,86.004,286.685,Roll
-0.379,-0.314,0.965,-80.159,-122.649,286.685,Roll
-0.548,0.389,1.380,-64.601,-59.124,276.614,Roll
-0.593,0.264,1.123,-42.542,30.161,28.534,Roll
-0.203,0.197,1.069,-28.919,51.905,-128.791,Roll
-0.233,-0.049,0.963,19.399,51.231,-285.233,Roll
-0.073,-0.213,0.835,116.296,-4.751,-286.685,Roll
-0.342,-0.026,0.925,171.421,-27.659,-286.685,Roll
-0.618,-0.038,0.822,111.265,-58.310,-286.685,Roll
-0.183,-0.002,0.661,34.711,-23.712,-286.685,Roll
0.004,0.075,0.955,0.079,-19.381,-286.685,Roll
0.283,0.131,0.824,42.604,-6.431,-286.685,Roll
0.431,0.153,1.151,84.026,-8.706,-259.297,Roll
0.491,0.186,1.089,31.570,-40.513,-54.766,Roll
0.230,0.259,1.031,7.525,-23.686,131.163,Roll
0.164,0.378,1.022,-1.199,5.758,269.832,Roll
-0.020,0.078,1.072,-86.336,26.696,286.685,Roll
-0.186,-0.056,1.101,-63.472,92.619,286.685,Roll
-0.004,-0.065,1.001,-63.875,147.044,286.685,Roll
0.094,-0.041,1.336,-93.599,172.191,286.685,Roll
-0.031,0.566,0.819,-115.202,84.455,286.685,Roll
-0.566,0.388,1.098,-82.548,-82.285,286.685,Roll
-0.717,0.325,1.302,-86.091,-86.511,278.136,Roll
-0.748,0.355,1.083,-35.420,-76.580,62.851,Roll
-0.447,0.176,0.920,31.465,-53.952,-153.195,Roll
-0.107,0.107,1.043,57.829,-28.840,-286.073,Roll
-0.219,-0.021,0.788,70.735,-0.070,-286.685,Roll
-0.599,-0.348,0.793,82.442,-20.641,-286.685,Roll
0.287,0.280,1.086,33.565,-7.718,-286.685,Roll
0.119,0.206,0.790,50.776,41.143,-286.685,Roll
-0.049,-0.163,0.917,53.629,18.882,-286.685,Roll
0.173,0.080,1.060,43.514,-8.689,-286.685,Roll
0.124,0.299,1.118,4.874,-32.917,-169.356,Roll
0.022,0.483,1.083,-28.490,-28.315,28.052,Roll
0.088,0.231,1.049,-16.888,-13.081,232.890,Roll
0.059,-0.014,1.174,-55.449,3.588,286.685,Roll
0.066,0.005,1.027,-65.135,46.882,286.685,Roll
-0.680,0.397,1.529,-120.916,52.264,286.685,Roll
-0.549,0.116,0.273,-100.082,-57.505,286.685,Roll
-0.225,-0.260,0.939,-21.910,-177.205,286.685,Roll
-0.390,0.116,1.253,-21.271,-114.100,277.883,Roll
-0.579,0.107,1.092,-82.626,-54.539,153.352,Roll
-0.260,0.062,0.895,-51.537,-3.885,-42.761,Roll
-0.111,-0.037,0.918,9.214,49.411,-230.738,Roll
-0.139,-0.084,0.796,57.601,59.561,-286.685,Roll
0.088,-0.028,1.024,102.690,25.515,-286.685,Roll
-0.355,-0.218,1.019,41.947,18.471,-286.685,Roll
-0.139,-0.285,0.944,-2.240,17.859,-286.685,Roll
-0.031,-0.035,0.916,16.634,25.979,-286.685,Roll
0.258,0.015,1.144,11.856,10.141,-286.685,Roll
0.448,0.250,1.371,-19.653,-36.557,-165.139,Roll
0.398,0.265,1.267,-6.668,-47.416,34.143,Roll
0.257,0.263,1.148,43.269,-11.550,277.681,Roll
0.089,0.066,1.078,6.633,8.426,286.685,Roll
0.086,-0.052,0.950,-32.410,75.084,286.685,Roll
-0.161,0.139,0.947,-49.569,76.878,286.685,Roll
-0.602,0.460,1.054,-75.049,34.536,286.685,Roll
-0.299,-0.259,0.819,-91.298,-58.958,286.685,Roll
-0.452,0.020,1.024,-86.607,-124.268,286.685,Roll
-0.506,0.066,1.144,-79.415,-103.338,149.643,Roll
-0.374,0.047,0.936,-20.694,-49.875,-62.239,Roll
0.026,0.005,0.988,34.353,11.847,-257.128,Roll
-0.240,-0.142,0.832,58.783,29.260,-286.685,Roll
-0.194,-0.099,0.972,103.381,14.595,-286.685,Roll
-0.047,0.004,1.019,69.519,71.382,-286.685,Roll
-0.001,-0.236,0.895,48.667,115.316,-286.685,Roll
0.164,-0.170,1.140,60.769,111.370,-286.685,Roll
0.220,0.085,1.101,15.592,43.164,-286.685,Roll
0.066,0.240,1.066,15.356,2.432,-135.144,Roll
-0.118,0.257,1.022,15.680,-26.215,30.529,Roll
-0.153,0.299,0.976,13.449,-53.130,265.396,Roll
-0.113,0.165,0.918,-36.164,-25.804,286.685,Roll
-0.061,0.026,1.100,-86.056,73.902,286.685,Roll
-0.012,0.195,0.919,-131.600,72.082,286.685,Roll
-0.254,0.248,1.039,-132.790,12.023,286.685,Roll
-0.203,0.003,0.957,-95.113,-98.954,286.685,Roll
-0.464,0.222,1.090,-78.592,-146.650,286.685,Roll
-0.493,0.260,1.190,-75.548,-127.479,225.444,Roll
-0.449,0.197,1.069,-42.420,-37.590,-6.843,Roll
-0.333,0.130,0.940,1.908,48.072,-202.247,Roll
0.243,0.063,0.923,35.525,39.681,-286.073,Roll
0.029,-0.275,0.886,88.891,31.833,-286.685,Roll
-0.229,-0.014,1.054,126.647,13.895,-286.685,Roll
-0.327,0.044,1.063,76.029,12.871,-286.685,Roll
0.003,-0.187,0.855,29.566,65.310,-286.685,Roll
0.173,0.175,0.994,-8.006,56.289,-286.685,Roll
0.317,0.223,1.060,-7.796,40.005,-278.950,Roll
0.210,0.171,1.208,-10.684,7.009,-155.689,Roll
0.058,0.167,1.119,-10.421,-49.647,65.012,Roll
0.021,0.130,0.966,-18.970,-80.115,272.755,Roll
-0.070,-0.003,1.008,-13.090,-57.365,286.685,Roll
-0.040,0.055,0.946,-33.189,23.870,286.685,Roll
-0.077,0.007,0.993,-70.184,47.346,286.685,Roll
-0.373,-0.081,1.125,-112.210,-32.909,286.685,Roll
-0.391,0.036,0.967,-85.006,-117.863,286.685,Roll
-0.396,0.191,1.219,-52.859,-162.129,286.685,Roll
-0.482,0.152,1.133,-70.350,-71.234,146.807,Roll
-0.256,0.034,0.956,-57.146,-3.964,-51.730,Roll
-0.143,-0.035,0.806,-18.708,14.000,-165.235,Roll
-0.092,-0.168,0.843,56.998,17.246,-286.388,Roll
-0.090,-0.133,0.988,134.951,52.833,-286.685,Roll
-0.203,-0.033,1.042,146.072,86.363,-286.685,Roll
-0.074,-0.091,1.031,111.449,84.210,-286.685,Roll
-0.002,-0.110,0.892,32.077,79.109,-286.685,Roll
0.214,0.113,1.077,-0.157,76.562,-286.685,Roll
0.229,0.166,1.015,-15.960,68.206,-286.685,Roll
0.086,0.228,1.086,-14.560,41.982,-163.791,Roll
-0.144,0.158,1.041,-16.188,-3.710,28.674,Roll
-0.240,0.186,0.966,-12.040,-3.850,247.144,Roll
-0.141,0.169,1.002,-38.369,1.286,286.685,Roll
-0.144,0.101,1.072,-107.503,32.778,286.685,Roll
-0.150,0.096,0.978,-158.568,7.682,286.685,Roll
-0.381,0.157,1.323,-137.244,-32.515,286.685,Roll
-0.401,0.110,1.107,-106.601,-99.418,286.685,Roll
-0.440,0.192,1.280,-105.262,-107.459,286.685,Roll
-0.460,0.074,1.049,-116.349,-62.221,281.138,Roll
-0.510,0.187,1.025,-100.730,-35.061,167.606,Roll
-0.446,0.157,0.847,-46.533,-7.464,-42.210,Roll
-0.428,0.086,0.776,27.851,-26.434,-230.527,Roll
-0.316,0.136,0.784,81.296,-55.072,-286.685,Roll
-0.214,-0.340,0.750,103.189,-32.874,-286.685,Roll
-0.212,0.114,0.955,167.694,3.386,-286.685,Roll
0.026,-0.089,1.090,130.909,30.546,-286.685,Roll
-0.191,-0.194,1.220,19.014,9.275,-286.685,Roll
0.188,0.136,1.016,-21.455,10.246,-286.685,Roll
0.464,0.246,1.017,-33.303,16.931,-286.685,Roll
0.226,0.280,1.044,-9.677,5.294,-137.497,Roll
0.081,0.309,1.136,-0.647,-20.667,22.724,Roll
-0.094,0.301,1.011,-2.844,-42.770,226.625,Roll
0.104,0.276,1.093,-46.025,-42.166,286.685,Roll
-0.046,0.134,1.040,-78.444,14.717,286.685,Roll
0.230,-0.046,0.979,-58.021,43.479,286.685,Roll
-0.176,0.112,1.302,-7.315,41.431,286.685,Roll
-0.416,0.183,1.111,18.716,-38.307,286.685,Roll
-0.346,0.429,1.116,-18.427,-38.474,286.685,Roll
-0.366,0.170,0.979,-63.954,-29.654,280.910,Roll
-0.502,0.293,0.991,-49.000,-51.144,81.620,Roll
-0.345,0.224,0.818,-0.989,-64.207,-148.715,Roll
-0.327,0.167,0.760,17.421,-66.876,-262.719,Roll
-0.205,0.236,0.762,29.750,-75.530,-286.685,Roll
-0.087,-0.045,0.949,57.006,-48.326,-286.685,Roll
-0.256,-0.009,0.972,40.705,-14.009,-286.685,Roll
0.178,-0.162,0.918,26.442,26.276,-286.685,Roll
0.177,0.052,1.092,13.020,41.895,-286.685,Roll
0.403,0.238,1.123,-12.259,-1.138,-284.305,Roll
0.462,0.428,1.135,-9.363,-20.939,-160.974,Roll
0.302,0.339,1.108,-4.996,-28.683,58.599,Roll
0.154,0.280,1.049,-27.676,-21.779,245.674,Roll
0.138,0.253,0.963,-52.185,22.890,286.685,Roll
0.112,0.073,1.064,-44.476,91.586,286.685,Roll
0.129,0.172,0.947,-53.515,132.475,286.685,Roll
-0.300,0.202,0.811,-76.974,95.393,286.685,Roll
-0.351,0.292,1.033,-66.150,9.450,286.685,Roll
-0.318,0.277,1.106,-101.798,-49.289,286.685,Roll
-0.304,0.127,1.074,-128.048,-37.074,286.510,Roll
-0.512,0.224,1.129,-119.088,-10.255,137.471,Roll
-0.527,0.373,0.896,-80.124,-10.089,-17.938,Roll
-0.423,0.085,0.803,9.949,-40.513,-221.462,Roll
-0.313,0.083,0.859,60.121,-45.229,-286.685,Roll
-0.221,0.173,1.056,90.536,-33.583,-286.685,Roll
-0.026,-0.297,0.942,121.607,-3.036,-286.685,Roll
-0.157,-0.061,1.205,114.109,11.865,-286.685,Roll
0.167,0.165,0.930,48.388,15.873,-286.685,Roll
0.278,0.100,1.057,64.802,12.618,-286.685,Roll
0.200,0.218,1.079,16.135,-21.350,-286.554,Roll
0.283,0.316,1.167,9.949,-27.125,-137.629,Roll
0.301,0.409,1.103,-5.084,-32.620,86.537,Roll
0.284,0.302,1.028,-12.871,-3.938,227.894,Roll
0.238,0.199,1.077,-36.479,56.612,286.685,Roll
0.133,0.123,0.976,-61.521,105.621,286.685,Roll
-0.084,0.286,1.129,-64.103,105.665,286.685,Roll
-0.332,0.263,0.691,-83.589,46.795,286.685,Roll
-0.188,0.492,0.903,-102.463,-39.165,286.685,Roll
-0.308,0.328,1.050,-96.670,-55.178,286.685,Roll
-0.563,0.320,0.925,-84.420,-75.486,247.284,Roll
-0.444,0.398,1.126,-65.240,-8.943,3.395,Roll
-0.437,0.151,0.741,-31.132,-7.009,-196.306,Roll
-0.301,-0.107,0.864,24.299,-39.445,-277.839,Roll
-0.126,-0.018,1.098,72.721,-24.754,-286.685,Roll
-0.089,-0.234,1.022,76.125,33.539,-286.685,Roll
0.016,0.044,1.291,48.318,31.605,-286.685,Roll
0.162,0.076,0.782,25.427,61.320,-286.685,Roll
0.132,-0.079,1.229,37.502,20.921,-286.685,Roll
0.428,0.292,1.031,-37.520,-52.290,-251.501,Roll
0.398,0.174,0.848,-17.815,-47.460,-100.091,Roll
0.323,0.327,0.971,2.608,-35.682,126.306,Roll
0.292,0.134,1.001,-21.079,-28.507,284.043,Roll
0.142,0.243,1.091,-34.248,6.589,286.685,Roll
-0.192,0.258,0.996,-39.147,7.980,286.685,Roll
-0.087,-0.221,1.083,-66.859,-31.001,286.685,Roll
-0.240,0.168,1.300,-46.541,-50.312,286.685,Roll
-0.255,0.148,1.207,-60.550,-29.216,269.561,Roll
-0.420,0.155,0.840,-62.965,-21.499,167.003,Roll
-0.463,0.069,0.890,6.492,-57.111,-41.939,Roll
-0.385,0.037,0.885,32.454,-63.070,-210.717,Roll
-0.260,0.020,0.954,35.507,-51.441,-284.856,Roll
0.183,-0.008,0.826,44.135,-7.770,-286.685,Roll
-0.007,-0.153,0.980,94.570,73.684,-286.685,Roll
-0.120,-0.272,1.165,63.604,119.298,-286.685,Roll
0.065,0.034,1.036,40.513,101.929,-286.685,Roll
0.215,0.219,1.231,-3.395,17.938,-286.685,Roll
0.566,0.468,1.085,2.993,-15.172,-232.540,Roll
0.429,0.329,1.142,-9.958,-12.267,-70.385,Roll
0.194,0.314,1.106,-36.496,-22.671,159.399,Roll
-0.018,0.235,1.015,-60.489,-25.778,286.685,Roll
-0.016,0.144,0.931,-41.519,9.432,286.685,Roll
0.063,0.006,0.993,-10.334,68.478,286.685,Roll
-0.155,0.043,1.206,2.135,50.732,286.685,Roll
-0.324,0.080,1.216,-0.324,-45.325,286.685,Roll
-0.257,0.362,1.046,-49.709,-37.879,286.685,Roll
-0.423,0.133,1.010,-72.433,-22.680,286.685,Roll
-0.492,0.269,1.040,-74.637,-18.786,123.025,Roll
-0.425,0.143,0.861,-24.955,-15.286,-127.584,Roll
-0.313,0.045,0.779,8.820,-30.118,-246.645,Roll
-0.107,0.154,0.897,39.077,-50.768,-286.685,Roll
-0.113,-0.071,0.958,68.950,-33.320,-286.685,Roll
-0.202,-0.026,1.119,55.519,-19.434,-286.685,Roll
-0.004,-0.021,1.104,11.314,47.075,-286.685,Roll
0.124,0.012,1.002,24.509,55.143,-286.685,Roll
0.239,0.106,1.200,3.150,-4.279,-286.685,Roll
0.353,0.337,1.066,-1.278,-18.034,-256.839,Roll
0.369,0.422,1.178,-0.403,-19.442,-21.376,Roll
0.098,0.316,1.087,-19.801,-15.417,195.913,Roll
0.140,0.385,1.040,-44.599,11.375,286.685,Roll
-0.091,0.169,0.866,-50.951,56.464,286.685,Roll
-0.015,0.011,1.135,-55.055,118.676,286.685,Roll
-0.223,0.016,0.872,-83.046,95.121,286.685,Roll
-0.303,0.181,0.972,-38.456,39.821,286.685,Roll
-0.364,0.153,1.104,-36.873,-33.031,286.685,Roll
-0.429,0.091,1.059,-68.145,-56.691,286.685,Roll
-0.633,0.205,0.989,-70.691,-54.145,186.042,Roll
-0.582,0.402,1.026,-61.381,-6.230,30.301,Roll
-0.503,0.210,0.724,-7.989,-7.691,-180.758,Roll
-0.316,0.230,0.683,50.803,-60.480,-286.685,Roll
-0.172,0.192,0.870,100.555,-85.759,-286.685,Roll
0.007,0.020,0.788,100.485,-74.751,-286.685,Roll
-0.127,-0.008,1.275,38.115,-5.722,-286.685,Roll
0.194,0.159,0.916,-54.565,48.545,-286.685,Roll
0.285,0.221,1.044,-43.347,21.989,-286.685,Roll
0.544,0.229,1.114,-31.351,-42.928,-269.185,Roll
0.362,0.150,1.159,-10.264,-61.670,-44.835,Roll
0.192,0.232,1.157,-4.148,-77.674,106.978,Roll
0.060,0.098,1.004,-22.015,-73.369,283.999,Roll
0.036,0.078,0.862,-8.873,-23.546,286.685,Roll
0.097,0.109,1.167,3.736,64.750,286.685,Roll
-0.258,0.106,1.540,-51.564,70.490,286.685,Roll
-0.272,-0.104,0.695,-100.126,-15.925,286.685,Roll
-0.233,-0.031,1.061,-70.586,-126.114,286.685,Roll
-0.143,-0.143,0.956,-66.666,-100.397,286.685,Roll
-0.337,0.011,0.975,-57.400,-76.571,184.083,Roll
-0.422,0.161,1.153,-56.857,-21.516,54.031,Roll
-0.397,-0.015,0.850,-19.714,7.814,-142.152,Roll
-0.224,-0.054,0.865,41.300,9.677,-285.110,Roll
-0.115,-0.102,0.890,61.162,13.440,-286.685,Roll
0.174,-0.036,0.986,79.634,41.895,-286.685,Roll
0.128,0.029,1.145,98.665,114.389,-286.685,Roll
0.077,-0.111,1.234,38.404,176.619,-286.685,Roll
-0.046,0.017,0.944,61.268,183.260,-286.685,Roll
0.209,0.423,1.312,41.790,106.706,-286.685,Roll
0.259,0.162,1.201,-37.835,-1.540,-195.212,Roll
0.250,0.273,1.081,-47.346,-6.134,-34.055,Roll
0.116,0.123,1.076,-29.733,28.490,215.495,Roll
-0.119,0.179,0.996,-60.296,13.580,286.685,Roll
-0.128,0.064,0.847,-32.322,-16.030,286.685,Roll
-0.119,-0.025,0.958,24.815,-6.676,286.685,Roll
-0.473,-0.018,1.218,13.991,-2.747,286.685,Roll
-0.008,0.102,1.004,1.829,2.004,226.818,Yaw
0.012,0.008,0.977,-9.660,9.931,219.940,Yaw
-0.245,0.025,1.102,20.913,-15.575,123.707,Yaw
-0.054,-0.079,1.006,-5.679,-5.180,10.413,Yaw
-0.751,0.074,1.031,-7.017,-1.645,-87.981,Yaw
-0.534,0.212,0.999,-4.734,-12.460,-286.685,Yaw
-0.460,0.672,0.849,-32.830,14.639,-286.685,Yaw
0.374,0.334,1.094,6.921,-9.336,-286.685,Yaw
0.648,0.532,1.051,8.767,-5.381,-286.685,Yaw
0.874,-0.013,1.048,4.401,-5.469,-244.134,Yaw
-0.014,-0.110,1.051,3.237,-2.634,-95.585,Yaw
-0.070,-0.303,1.033,-0.070,-2.266,-11.996,Yaw
0.697,-0.201,1.074,4.550,-8.759,41.720,Yaw
1.168,-0.239,1.080,-17.465,14.376,286.685,Yaw
0.847,0.810,0.982,-11.515,5.609,286.685,Yaw
0.171,0.892,0.997,0.026,-11.812,286.685,Yaw
-0.151,0.700,1.088,38.369,-22.864,286.685,Yaw
-1.196,0.693,0.995,6.501,-3.404,257.626,Yaw
-0.652,0.216,0.957,-10.911,3.229,57.417,Yaw
-0.600,0.032,1.009,0.892,-6.265,-99.846,Yaw
-0.542,-0.032,1.032,-4.436,-8.566,-286.685,Yaw
-0.463,0.391,1.012,2.721,-15.671,-286.685,Yaw
-0.116,0.741,0.988,-3.211,-25.051,-286.685,Yaw
0.977,0.159,1.428,-22.750,0.245,-286.685,Yaw
0.862,0.444,1.042,0.831,-2.345,-257.163,Yaw
0.328,0.031,1.070,1.768,-4.130,-116.996,Yaw
0.135,-0.060,1.039,0.858,-3.089,-80.272,Yaw
0.479,0.263,0.954,5.154,-5.801,14.472,Yaw
0.845,-0.361,1.119,-1.942,3.395,283.386,Yaw
0.966,0.143,1.073,-16.144,14.892,286.685,Yaw
0.086,0.883,0.927,-7.052,0.455,286.685,Yaw
-0.381,0.639,1.116,56.919,-38.491,286.685,Yaw
-0.731,0.424,1.039,6.423,-0.157,269.421,Yaw
-0.694,0.060,1.021,6.186,-4.918,148.540,Yaw
-0.119,-0.150,1.022,-0.700,-5.793,32.533,Yaw
-0.738,0.012,1.017,-1.908,-4.086,-85.724,Yaw
-0.685,0.281,1.012,-2.809,-12.740,-286.685,Yaw
-0.542,0.291,1.102,2.774,-16.835,-286.685,Yaw
-0.111,0.678,0.899,-8.619,-46.821,-286.685,Yaw
1.072,0.072,0.436,-69.195,54.521,-286.536,Yaw
0.977,0.333,1.068,3.203,-5.688,-212.354,Yaw
-0.040,0.226,1.048,1.347,-4.314,-112.551,Yaw
0.410,-0.207,1.004,-1.094,0.289,-63.333,Yaw
0.496,0.084,1.030,6.912,-5.364,143.780,Yaw
0.941,-0.346,1.066,-5.224,4.253,286.589,Yaw
1.016,0.427,0.969,-20.003,12.521,286.685,Yaw
-0.002,0.484,1.032,-2.879,-6.554,286.685,Yaw
-0.064,0.709,0.968,37.310,-26.775,286.685,Yaw
-0.615,0.594,1.005,2.188,3.771,286.501,Yaw
-0.888,0.441,1.010,-0.534,-0.866,113.706,Yaw
-0.064,0.237,0.989,-1.067,-2.608,49.621,Yaw
-0.418,-0.028,1.025,1.479,-7.490,-53.217,Yaw
-0.814,0.099,1.044,-1.041,-8.610,-269.517,Yaw
-0.308,0.674,1.064,3.754,-16.782,-286.685,Yaw
-0.480,0.379,0.969,5.329,-21.315,-286.685,Yaw
-0.008,0.357,1.017,-13.318,-18.882,-286.685,Yaw
0.709,0.050,0.591,-31.798,20.825,-286.685,Yaw
0.943,0.275,1.078,-0.998,-11.979,-144.629,Yaw
0.114,0.104,1.094,1.164,-7.403,-15.689,Yaw
0.238,0.400,1.054,2.030,-4.480,8.172,Yaw
0.513,0.166,1.032,12.705,-6.589,156.905,Yaw
0.612,-0.523,1.182,-2.485,16.660,286.685,Yaw
0.705,0.147,1.027,-13.746,12.075,286.685,Yaw
0.197,0.484,0.921,-2.126,-0.560,286.685,Yaw
-0.224,0.659,1.053,15.943,-7.359,286.685,Yaw
-0.885,0.828,0.975,3.404,0.945,286.466,Yaw
-0.803,0.166,1.010,-6.151,1.225,97.624,Yaw
-0.431,0.155,1.030,-5.267,-1.942,-83.344,Yaw
-0.485,-0.079,0.999,-5.075,-5.477,-246.146,Yaw
-0.500,0.235,0.939,-26.189,10.255,-286.685,Yaw
-0.613,0.555,0.870,26.618,-21.070,-286.685,Yaw
0.115,0.459,1.052,0.586,-22.269,-286.685,Yaw
0.923,0.109,0.899,-30.686,11.489,-286.685,Yaw
0.925,-0.023,1.097,11.462,-16.914,-212.258,Yaw
0.261,0.306,1.007,-2.503,-5.985,-82.897,Yaw
0.202,0.018,1.026,-9.065,3.194,-1.050,Yaw
0.570,0.433,0.939,8.890,-5.653,71.934,Yaw
0.804,-0.049,1.031,3.342,6.834,285.740,Yaw
0.549,0.276,0.885,-28.560,26.583,286.685,Yaw
0.183,0.401,0.887,-1.592,4.340,286.685,Yaw
-0.113,0.536,1.005,14.376,-4.506,286.685,Yaw
-0.303,0.338,0.950,5.521,9.030,286.685,Yaw
-1.071,0.444,0.990,-2.993,9.555,259.289,Yaw
-0.423,-0.019,1.036,-2.572,-3.255,30.048,Yaw
-0.318,0.160,1.016,-1.181,-5.224,-92.173,Yaw
-0.457,0.086,1.035,0.613,-11.489,-278.460,Yaw
-0.416,0.347,0.987,-1.899,-12.845,-286.685,Yaw
-0.108,0.454,1.006,4.314,-19.486,-286.685,Yaw
0.110,0.366,1.025,-6.562,-20.300,-286.685,Yaw
0.317,0.222,1.090,-4.392,-15.566,-286.685,Yaw
0.772,-0.111,1.083,-0.289,-2.380,-281.837,Yaw
0.552,0.389,1.047,-4.077,-7.359,-93.581,Yaw
0.024,0.030,1.046,-8.225,0.814,-0.613,Yaw
0.472,0.365,1.048,11.778,-4.559,147.840,Yaw
0.751,-0.094,1.054,-1.409,12.924,286.090,Yaw
0.620,0.284,1.069,-16.835,19.933,286.685,Yaw
0.177,0.385,1.156,52.255,-33.574,286.685,Yaw
-0.302,0.411,0.991,13.422,-2.047,286.685,Yaw
-0.732,0.356,0.972,5.941,4.856,281.566,Yaw
-0.727,0.219,1.036,-4.077,4.690,108.386,Yaw
0.021,0.020,1.019,-0.044,-3.386,-1.111,Yaw
-0.453,-0.044,1.037,-0.901,-1.461,-10.833,Yaw
-0.612,0.166,1.007,-1.575,-9.301,-244.913,Yaw
-0.351,0.363,1.056,2.555,-16.380,-286.685,Yaw
-0.088,0.485,0.992,2.651,-18.716,-286.685,Yaw
0.107,0.585,0.975,-6.073,-20.414,-286.685,Yaw
0.388,0.250,1.339,-19.836,-0.928,-286.685,Yaw
0.684,0.095,1.042,11.401,-7.700,-280.402,Yaw
0.542,0.246,0.989,33.644,-31.430,-183.934,Yaw
-0.082,0.137,0.999,4.847,-8.864,-94.281,Yaw
0.244,-0.245,1.042,-1.654,-0.717,-34.606,Yaw
0.347,0.257,0.997,7.324,-3.080,160.729,Yaw
0.808,-0.221,1.220,-15.382,20.991,286.685,Yaw
0.815,0.288,0.943,-16.292,15.549,286.685,Yaw
0.243,0.347,0.863,24.806,-23.380,286.685,Yaw
-0.246,0.773,1.018,16.362,-8.601,286.685,Yaw
-1.104,0.682,0.973,3.334,2.354,277.226,Yaw
-0.362,0.334,1.064,-10.684,10.273,43.312,Yaw
-0.141,-0.031,1.018,1.312,-3.736,-93.905,Yaw
-0.284,0.031,1.009,0.123,-7.997,-203.009,Yaw
-0.588,0.243,1.021,4.366,-17.255,-286.685,Yaw
-0.137,0.242,0.997,3.526,-28.280,-286.685,Yaw
0.179,0.374,0.957,-5.871,-23.608,-286.685,Yaw
0.638,-0.030,1.007,-27.869,1.575,-286.554,Yaw
0.378,0.228,0.984,-22.767,8.873,-161.394,Yaw
0.640,0.187,1.063,3.089,-4.226,-4.699,Yaw
0.737,0.064,1.019,17.552,-10.911,115.264,Yaw
0.639,0.098,1.083,-9.004,17.850,286.685,Yaw
0.443,0.299,0.896,-9.257,11.996,286.685,Yaw
0.211,0.376,1.100,53.209,-31.001,286.685,Yaw
-0.596,0.468,1.031,10.762,7.490,286.685,Yaw
-0.631,0.415,0.960,-5.722,13.738,284.454,Yaw
-0.014,-0.018,1.026,-1.890,-5.259,10.491,Yaw
-0.257,0.022,1.026,-0.928,-2.520,-6.930,Yaw
-0.562,0.082,1.017,1.033,-11.095,-191.205,Yaw
-0.593,0.376,1.022,1.811,-12.810,-286.685,Yaw
-0.004,0.252,0.979,4.113,-18.436,-286.685,Yaw
0.194,0.528,1.016,0.507,-16.170,-286.685,Yaw
0.179,0.104,1.082,-5.932,-20.003,-286.685,Yaw
0.774,0.107,0.968,-19.337,-0.901,-281.549,Yaw
0.577,0.275,1.091,14.227,-15.208,-141.312,Yaw
0.158,0.250,1.012,-4.909,-5.512,-88.786,Yaw
0.215,0.172,1.007,-13.606,8.837,-1.094,Yaw
0.626,-0.052,1.052,13.755,-3.535,249.786,Yaw
0.768,0.019,1.126,-18.156,23.861,286.685,Yaw
0.354,0.425,0.852,-2.642,10.080,286.685,Yaw
-0.052,0.450,1.054,24.780,-10.981,286.685,Yaw
-0.327,0.510,1.015,6.659,7.009,286.685,Yaw
-0.710,0.346,1.025,0.210,4.182,257.862,Yaw
-0.288,0.223,0.975,-5.189,4.664,101.588,Yaw
-0.025,-0.112,1.027,1.120,-2.957,9.887,Yaw
-0.014,-0.001,1.027,1.102,-4.296,-1.383,Yaw
-0.670,0.094,0.995,-1.610,-5.477,-133.394,Yaw
-0.630,0.400,1.018,0.472,-14.254,-286.685,Yaw
-0.278,0.660,1.079,1.452,-14.219,-286.685,Yaw
0.246,0.713,1.156,18.200,-24.771,-286.685,Yaw
0.639,-0.129,1.062,-3.220,-23.362,-286.685,Yaw
0.719,0.044,1.018,-49.560,22.050,-269.841,Yaw
0.485,0.179,0.969,0.464,-5.591,-115.518,Yaw
0.078,0.067,1.064,-2.625,-3.062,-8.969,Yaw
0.407,0.312,0.950,6.414,-7.044,26.521,Yaw
0.445,-0.257,1.049,43.689,-27.317,239.102,Yaw
0.633,-0.128,1.150,-15.995,23.975,286.685,Yaw
0.409,0.352,0.934,-1.050,7.525,286.685,Yaw
-0.059,0.545,1.094,20.423,-7.787,286.685,Yaw
-0.468,0.657,1.034,5.407,6.029,286.685,Yaw
-0.647,0.446,1.028,-10.526,9.940,282.747,Yaw
-0.320,-0.207,1.120,0.306,-0.971,88.007,Yaw
-0.146,0.002,1.007,-2.205,-3.535,9.328,Yaw
-0.361,0.056,1.014,-0.980,-3.299,-25.743,Yaw
-0.630,0.392,1.013,0.726,-9.765,-262.246,Yaw
-0.254,0.392,0.978,4.734,-14.315,-286.685,Yaw
0.248,0.320,0.965,3.684,-14.333,-286.685,Yaw
0.159,-0.034,1.014,11.961,-30.039,-286.685,Yaw
0.363,-0.101,1.080,-10.220,-17.999,-286.685,Yaw
0.469,0.034,0.713,-13.886,0.735,-186.629,Yaw
0.449,0.260,1.055,10.229,-15.785,-49.569,Yaw
0.097,0.415,1.004,-1.094,-3.360,18.034,Yaw
0.556,-0.147,1.037,-2.249,9.476,231.866,Yaw
0.619,-0.247,1.138,-19.337,23.888,286.685,Yaw
0.415,0.229,0.904,-4.148,12.259,286.685,Yaw
-0.041,0.493,1.010,34.807,-17.325,286.685,Yaw
-0.437,0.504,1.039,4.008,6.440,286.685,Yaw
-0.839,0.429,1.047,1.846,0.656,228.086,Yaw
-0.082,0.196,0.824,-6.562,4.471,51.870,Yaw
-0.241,-0.150,1.046,-1.041,-4.270,-37.888,Yaw
-0.323,0.143,0.985,-2.642,-7.446,-182.166,Yaw
-0.341,0.431,1.019,-2.310,-7.761,-284.323,Yaw
-0.060,0.553,0.979,2.835,-15.925,-286.685,Yaw
0.212,0.086,1.068,1.811,-25.261,-286.685,Yaw
0.403,-0.094,1.026,-3.727,-19.635,-286.685,Yaw
0.478,-0.021,0.956,-2.713,-9.047,-209.003,Yaw
0.141,0.186,1.054,-8.382,-3.640,-100.380,Yaw
0.444,0.243,1.033,0.700,-3.859,-12.644,Yaw
0.366,0.371,0.999,3.579,-3.290,31.272,Yaw
0.614,-0.151,1.077,-3.325,12.504,282.091,Yaw
0.629,0.164,0.933,-19.644,23.179,286.685,Yaw
0.391,0.383,0.876,14.752,-5.162,286.685,Yaw
-0.370,0.504,1.028,14.114,-4.436,286.685,Yaw
-0.776,0.280,1.058,4.139,-1.155,276.587,Yaw
-0.482,0.398,1.096,-6.239,18.489,188.746,Yaw
-0.103,-0.227,1.003,-4.305,-1.067,49.490,Yaw
-0.204,0.082,1.019,-0.945,-3.071,-8.461,Yaw
-0.439,0.131,1.019,-1.155,-5.416,-163.791,Yaw
-0.299,0.184,1.022,-7.035,-3.080,-281.374,Yaw
-0.082,0.388,0.991,2.485,-10.369,-286.685,Yaw
0.107,0.134,1.059,5.443,-18.917,-286.685,Yaw
0.068,0.122,1.044,-2.695,-21.709,-286.685,Yaw
0.229,0.298,0.981,2.144,-20.702,-286.685,Yaw
0.665,-0.142,1.103,12.302,-12.180,-148.750,Yaw
0.110,0.262,1.004,-0.376,-5.338,-61.066,Yaw
0.119,-0.091,1.049,1.523,-6.230,-0.315,Yaw
0.261,-0.005,1.028,3.430,-1.697,86.537,Yaw
0.697,0.019,1.117,-19.696,22.260,286.685,Yaw
0.417,0.168,0.922,-4.182,9.354,286.685,Yaw
0.259,0.291,0.918,29.820,-16.196,286.685,Yaw
-0.211,0.375,1.041,12.092,0.656,286.685,Yaw
-0.473,0.200,0.981,5.731,1.951,285.355,Yaw
-0.475,0.232,1.004,-8.347,11.174,208.521,Yaw
-0.164,0.003,1.105,8.680,-6.510,44.581,Yaw
0.001,0.009,1.012,0.079,-4.979,-0.831,Yaw
-0.563,0.025,1.040,-4.296,-1.033,-22.304,Yaw
-0.604,0.256,1.011,-1.864,-6.519,-200.690,Yaw
-0.364,0.445,1.016,-6.134,-3.946,-286.685,Yaw
0.397,0.521,1.100,28.630,-25.734,-286.685,Yaw
0.315,-0.267,1.059,6.134,-22.872,-286.685,Yaw
0.261,-0.156,1.091,-8.146,-20.230,-286.685,Yaw
0.171,-0.134,0.816,-2.091,-8.453,-212.555,Yaw
0.070,0.265,1.030,-3.229,-7.770,-84.849,Yaw
0.254,0.040,1.028,3.841,-7.621,-61.040,Yaw
0.007,0.043,1.013,3.631,-5.679,-0.070,Yaw
0.422,-0.310,1.075,-4.445,10.281,184.992,Yaw
0.640,0.006,1.147,-20.160,26.346,286.685,Yaw
0.494,0.079,0.940,-15.575,24.868,286.685,Yaw
0.256,0.259,1.046,34.256,-15.671,286.685,Yaw
-0.234,0.439,0.982,9.249,0.087,286.685,Yaw
-0.520,0.409,0.999,-5.311,11.007,285.959,Yaw
-0.624,0.383,1.002,6.142,-4.532,116.952,Yaw
-0.090,0.095,1.002,-4.121,-0.219,-5.504,Yaw
-0.374,0.075,1.037,-0.009,-5.994,-112.796,Yaw
-0.410,0.296,1.098,-20.860,4.182,-256.891,Yaw
-0.148,0.424,1.002,3.307,0.289,-286.685,Yaw
0.390,0.164,1.104,49.315,-41.589,-286.685,Yaw
0.178,-0.394,1.017,-0.613,-21.919,-286.685,Yaw
-0.050,0.037,1.063,-9.441,-18.541,-286.685,Yaw
0.340,0.022,0.904,2.240,-8.750,-235.200,Yaw
0.436,0.157,1.042,-4.165,-3.885,-86.660,Yaw
-0.010,-0.019,1.048,-0.131,-1.426,-5.460,Yaw
0.328,-0.051,1.010,5.364,-2.056,101.780,Yaw
0.649,0.023,1.082,-10.325,16.240,286.685,Yaw
0.423,0.190,0.893,-15.260,18.996,286.685,Yaw
0.252,0.365,1.164,38.675,-18.708,286.685,Yaw
0.008,0.291,1.009,12.364,2.695,286.685,Yaw
-0.355,0.129,1.166,6.878,0.114,286.685,Yaw
-0.519,0.401,0.927,-2.118,8.033,286.685,Yaw
-0.608,0.172,1.062,6.239,-5.469,50.838,Yaw
-0.167,-0.081,1.044,-0.674,-0.052,-8.592,Yaw
-0.382,-0.009,1.020,-1.768,-5.530,-107.686,Yaw
-0.377,0.299,1.015,1.391,-9.257,-214.051,Yaw
-0.295,0.569,0.990,4.778,-14.411,-286.685,Yaw
0.203,0.383,1.044,6.134,-17.106,-286.685,Yaw
0.291,-0.045,1.008,4.331,-18.979,-286.685,Yaw
0.381,-0.055,1.027,-5.390,-21.866,-286.685,Yaw
0.365,0.114,0.901,-9.861,-8.006,-276.307,Yaw
0.188,0.219,1.061,3.544,-11.182,-119.044,Yaw
0.128,0.142,1.006,0.901,-10.762,-94.308,Yaw
0.123,0.175,1.008,0.691,-4.051,3.824,Yaw
0.635,-0.079,0.999,-8.820,10.001,239.803,Yaw
0.660,0.092,1.032,-12.198,20.239,286.685,Yaw
0.405,0.104,0.945,-7.114,19.075,286.685,Yaw
-0.049,0.404,1.073,15.146,-5.504,286.685,Yaw
-0.557,0.142,1.046,4.550,-13.116,286.562,Yaw
-0.516,0.223,0.961,4.454,-25.218,189.166,Yaw
-0.260,0.217,0.884,1.426,-0.639,31.430,Yaw
-0.077,-0.036,1.144,-3.517,52.798,59.614,Yaw
-0.486,0.085,0.989,-8.540,-3.745,-86.984,Yaw
-0.581,0.383,0.984,-3.570,-7.858,-255.010,Yaw
-0.118,0.348,1.032,7.149,-17.981,-286.685,Yaw
0.213,-0.020,1.063,-2.240,-21.735,-286.685,Yaw
0.250,-0.147,1.076,-4.340,-18.620,-286.685,Yaw
0.042,-0.227,0.967,-0.280,-9.161,-267.610,Yaw
0.375,0.414,1.009,-4.270,-9.677,-175.569,Yaw
0.007,0.029,1.061,0.586,-1.286,-8.033,Yaw
0.289,0.031,1.043,-5.119,0.201,10.342,Yaw
0.600,-0.126,1.047,-20.886,20.702,267.916,Yaw
0.510,0.188,0.969,-6.265,8.557,286.685,Yaw
0.162,0.505,0.873,38.868,-25.253,286.685,Yaw
-0.161,0.361,1.036,11.007,-1.164,286.685,Yaw
-0.174,-0.048,1.022,8.549,7.193,286.685,Yaw
-0.617,0.129,1.129,0.726,-8.531,209.178,Yaw
-0.583,0.257,0.968,0.534,-29.435,75.162,Yaw
0.017,-0.040,0.975,-3.430,3.220,9.931,Yaw
-0.590,0.050,0.948,-5.031,9.109,-90.842,Yaw
-0.566,0.260,1.079,-2.529,-1.207,-285.443,Yaw
-0.229,0.552,1.068,-12.267,-10.264,-286.685,Yaw
0.449,0.183,0.993,-5.740,-0.175,-286.685,Yaw
0.348,-0.442,1.079,17.229,-17.868,-286.685,Yaw
0.065,-0.010,0.992,-4.095,-8.278,-286.685,Yaw
0.165,0.439,0.939,34.414,-32.856,-272.956,Yaw
0.063,0.031,1.095,-1.234,-6.895,-12.320,Yaw
0.369,-0.084,1.057,-2.765,5.810,145.040,Yaw
0.530,0.057,1.020,-16.642,17.657,281.899,Yaw
0.402,0.171,0.955,-27.484,20.090,286.685,Yaw
0.236,0.389,0.961,25.708,-12.416,286.685,Yaw
-0.167,0.364,1.016,21.569,2.581,286.685,Yaw
-0.571,0.185,1.035,5.749,6.904,286.641,Yaw
-0.480,0.235,1.021,1.995,1.628,149.546,Yaw
0.026,-0.111,1.032,-1.269,0.744,61.127,Yaw
0.030,-0.147,1.022,-1.977,-2.511,22.435,Yaw
-0.629,0.155,1.000,-3.369,-5.189,-103.880,Yaw
-0.476,0.259,1.083,-2.809,-7.770,-286.685,Yaw
-0.143,0.326,1.082,-26.609,14.796,-286.685,Yaw
0.328,0.459,1.064,11.839,-15.234,-286.685,Yaw
0.270,-0.562,1.109,5.294,-8.208,-286.685,Yaw
0.016,0.319,0.942,4.550,-10.439,-286.396,Yaw
0.293,0.211,0.988,26.994,-22.374,-246.750,Yaw
0.400,0.095,1.058,20.055,-19.871,-116.996,Yaw
0.098,-0.044,1.024,1.383,-6.405,-9.091,Yaw
0.130,-0.176,1.033,1.452,1.654,121.940,Yaw
0.581,-0.142,1.052,-7.088,11.743,280.184,Yaw
0.472,0.210,1.010,-11.427,17.421,286.685,Yaw
0.248,0.284,0.978,20.134,1.312,286.685,Yaw
0.178,0.329,1.016,12.740,2.030,286.685,Yaw
-0.427,0.474,0.972,8.601,2.896,286.685,Yaw
-0.652,0.334,0.965,2.791,-8.505,218.960,Yaw
-0.374,-0.175,1.192,-9.852,29.750,164.605,Yaw
-0.101,-0.247,1.002,-2.371,-1.111,52.920,Yaw
-0.236,0.180,1.006,-1.452,-4.008,-17.920,Yaw
-0.583,0.307,1.098,-10.745,-2.389,-234.036,Yaw
-0.503,0.434,1.015,-19.110,14.017,-286.685,Yaw
0.056,0.422,0.872,37.756,-24.132,-286.685,Yaw
0.431,0.061,1.115,-2.240,-25.375,-286.685,Yaw
0.562,-0.012,1.101,-5.267,-14.009,-286.685,Yaw
-0.060,0.076,0.871,-0.096,-9.371,-258.484,Yaw
0.051,0.408,1.013,1.216,-12.722,-201.171,Yaw
0.558,-0.022,1.064,3.421,-4.489,-68.040,Yaw
0.172,0.136,0.996,5.941,-3.736,48.379,Yaw
0.309,-0.271,1.065,-1.251,3.290,140.857,Yaw
0.371,0.066,1.049,-5.845,10.762,286.659,Yaw
0.293,0.299,1.059,-10.649,13.764,286.685,Yaw
0.239,0.222,0.995,2.826,8.846,286.685,Yaw
0.250,0.149,1.063,11.174,5.810,286.685,Yaw
-0.057,0.408,1.016,12.618,-4.165,286.685,Yaw
-0.277,0.323,0.968,-0.656,7.875,286.685,Yaw
-0.316,0.166,1.020,-4.182,9.748,274.383,Yaw
-0.387,0.239,1.011,3.841,-6.090,58.048,Yaw
-0.091,-0.079,1.027,-2.503,-2.205,11.804,Yaw
-0.262,0.046,1.011,-1.242,-3.237,-60.051,Yaw
-0.449,0.422,1.012,-3.938,-8.811,-222.443,Yaw
-0.337,0.329,1.023,3.159,-12.757,-286.685,Yaw
0.298,0.239,1.010,9.415,-17.911,-286.685,Yaw
0.395,0.037,0.980,5.766,-19.915,-286.685,Yaw
0.125,-0.096,1.137,-9.791,-12.959,-286.685,Yaw
0.136,-0.185,1.060,15.610,-16.319,-259.341,Yaw
0.216,0.202,1.006,-0.219,-12.819,-189.053,Yaw
0.305,0.062,1.038,0.569,-5.626,-105.464,Yaw
0.002,0.020,1.040,1.829,-3.946,-2.004,Yaw
0.329,-0.139,1.022,2.503,-1.977,72.713,Yaw
0.453,-0.218,1.085,-5.688,8.172,252.420,Yaw
0.384,0.196,1.062,-23.529,23.888,286.685,Yaw
0.236,0.304,1.091,25.751,-9.625,286.685,Yaw
0.125,0.225,0.981,6.213,5.530,286.685,Yaw
0.063,0.186,1.037,9.905,4.935,286.685,Yaw
-0.327,0.273,1.014,5.670,2.231,286.685,Yaw
-0.469,0.158,1.010,-3.911,10.745,281.601,Yaw
-0.467,0.224,1.087,2.459,0.070,137.095,Yaw
-0.078,-0.046,1.027,-4.392,-1.269,5.915,Yaw
-0.371,-0.020,1.041,-0.192,-5.801,-41.580,Yaw
-0.578,0.308,0.958,2.537,-9.765,-236.189,Yaw
-0.481,0.412,1.019,3.045,-10.719,-286.685,Yaw
0.200,0.401,1.014,3.938,-13.256,-286.685,Yaw
0.413,-0.260,1.098,4.909,-15.698,-286.685,Yaw
0.156,-0.047,1.049,-5.014,-21.490,-286.685,Yaw
-0.069,0.428,0.956,-44.249,17.526,-286.536,Yaw
0.290,0.420,1.055,58.783,-47.460,-271.801,Yaw
0.338,-0.068,1.066,0.131,-7.490,-97.711,Yaw
0.107,0.108,1.030,4.384,-5.968,-12.495,Yaw
0.243,-0.099,1.012,2.555,-1.820,61.119,Yaw
0.568,-0.075,1.068,-8.986,15.776,285.959,Yaw
0.468,0.147,1.045,-22.067,23.231,286.685,Yaw
0.296,0.388,1.124,24.097,-8.592,286.685,Yaw
-0.019,0.223,1.034,9.354,2.432,286.685,Yaw
-0.230,0.311,1.024,7.035,3.001,286.685,Yaw
-0.421,0.283,0.981,5.898,1.041,254.074,Yaw
-0.214,0.127,1.014,-7.577,7.280,143.614,Yaw
-0.126,-0.091,1.028,1.409,-0.744,49.184,Yaw
-0.192,-0.153,0.995,-1.671,0.035,0.184,Yaw
-0.258,0.023,1.027,6.790,-5.136,-25.156,Yaw
-0.585,0.260,1.026,-0.166,-12.688,-254.030,Yaw
-0.343,0.210,1.040,1.829,-10.220,-286.685,Yaw
0.129,-0.019,1.038,3.456,-7.997,-285.600,Yaw
0.494,-0.209,1.055,-1.312,-3.325,-135.231,Yaw
0.128,0.079,1.048,-0.219,-9.275,-34.939,Yaw
-0.161,0.246,1.037,-3.771,-5.740,-71.137,Yaw
-0.058,0.319,1.016,-0.560,-5.198,-104.685,Yaw
0.322,0.068,1.013,2.940,-4.454,-86.257,Yaw
0.281,-0.129,1.029,1.794,-5.329,-1.890,Yaw
-0.147,-0.191,1.006,3.141,-5.932,1.347,Yaw
0.013,0.013,1.022,0.280,-3.027,-1.111,Yaw
0.432,0.113,1.048,2.818,-6.659,22.601,Yaw
0.207,-0.052,0.982,7.613,4.664,241.570,Yaw
0.290,-0.220,1.016,1.487,6.633,285.443,Yaw
0.093,0.054,1.037,-0.123,5.040,286.685,Yaw
-0.456,0.321,1.008,0.298,-1.444,248.465,Yaw
-0.861,0.477,1.011,-8.505,-4.839,36.146,Yaw
-0.357,-0.026,1.023,-3.876,-3.658,-64.662,Yaw
-0.468,0.185,0.990,1.111,-13.422,-274.181,Yaw
-0.151,0.624,1.029,12.320,-9.257,-286.685,Yaw
0.484,0.016,1.018,4.174,-15.549,-286.685,Yaw
0.290,-0.124,1.003,3.474,-28.481,-286.685,Yaw
0.160,0.172,1.090,2.713,-33.355,-286.685,Yaw
0.333,-0.031,1.106,5.057,-2.818,-217.814,Yaw
0.281,0.155,1.017,-6.011,-1.067,-102.226,Yaw
0.406,-0.262,1.106,-13.283,5.198,9.730,Yaw
0.562,-0.048,1.017,-33.740,19.618,269.876,Yaw
0.483,0.330,0.981,-8.951,5.075,286.685,Yaw
0.209,0.572,0.952,8.733,-4.541,286.685,Yaw
-0.005,0.375,1.046,13.930,2.293,286.685,Yaw
-0.121,0.079,1.024,13.221,3.894,286.685,Yaw
-0.389,0.266,1.034,9.538,1.321,286.685,Yaw
-0.413,0.377,0.893,-3.579,1.225,256.996,Yaw
-0.510,-0.383,1.097,-1.654,3.841,64.137,Yaw
-0.052,0.055,0.981,-2.371,-0.928,-18.235,Yaw
-0.349,0.138,1.027,-2.616,-6.720,-111.099,Yaw
-0.549,0.322,1.002,-0.201,-10.570,-284.288,Yaw
-0.141,0.548,0.961,0.385,-11.786,-286.685,Yaw
0.369,-0.008,1.006,15.199,-25.734,-286.685,Yaw
0.243,-0.135,1.040,-0.822,-27.869,-286.685,Yaw
0.001,0.439,1.047,-8.181,-12.163,-286.685,Yaw
0.286,0.068,1.048,5.390,-7.411,-211.330,Yaw
0.508,0.151,1.013,0.052,-5.941,-113.304,Yaw
0.001,0.016,1.029,-0.516,-0.018,-0.814,Yaw
0.505,-0.135,1.020,-4.104,-1.286,80.902,Yaw
0.613,0.071,1.045,-9.940,9.345,269.710,Yaw
0.448,0.423,1.063,-23.608,23.231,286.685,Yaw
0.336,0.365,0.969,11.786,-1.732,286.685,Yaw
-0.117,0.190,1.011,12.679,1.094,286.685,Yaw
-0.446,0.278,1.073,12.512,2.572,286.685,Yaw
-0.633,0.294,0.965,2.852,-26.399,208.040,Yaw
-0.289,0.449,0.806,-0.376,23.161,129.693,Yaw
-0.212,-0.431,1.273,-11.498,40.294,38.369,Yaw
-0.131,-0.048,1.010,-3.273,-3.412,-9.389,Yaw
-0.475,0.084,1.028,-0.814,-7.298,-146.851,Yaw
-0.451,0.292,1.049,-12.364,-1.925,-286.685,Yaw
-0.136,0.475,0.999,-11.025,2.756,-286.685,Yaw
0.247,-0.018,1.136,34.029,-34.230,-286.685,Yaw
0.152,0.088,1.097,-6.090,-18.288,-286.685,Yaw
0.346,0.447,1.280,-21.901,8.488,-286.685,Yaw
0.361,0.355,0.939,26.985,-21.901,-248.447,Yaw
0.409,-0.044,1.067,3.640,-9.783,-87.369,Yaw
0.015,0.016,1.019,5.031,-6.492,-0.359,Yaw
0.273,-0.042,0.999,6.562,-4.918,40.127,Yaw
0.755,-0.087,1.066,-15.820,18.104,285.075,Yaw
0.501,0.287,0.926,-30.319,27.108,286.685,Yaw
0.218,0.457,0.963,30.048,-14.936,286.685,Yaw
-0.057,0.251,1.055,15.102,-4.786,286.685,Yaw
-0.393,0.334,1.004,7.254,4.856,286.685,Yaw
-0.553,0.285,0.969,3.684,-0.779,189.140,Yaw
-0.251,0.176,0.997,-5.066,7.298,122.579,Yaw
-0.229,-0.169,1.002,0.796,-0.114,50.881,Yaw
-0.000,0.008,1.011,-11.384,4.524,-0.009,Yaw
-0.300,0.055,1.022,-3.062,-4.751,-68.950,Yaw
-0.553,0.186,1.013,0.980,-10.413,-216.265,Yaw
-0.288,0.298,1.006,12.084,-16.651,-286.685,Yaw
0.201,0.096,1.000,5.661,-14.866,-286.685,Yaw
0.250,-0.109,1.034,0.228,-19.372,-286.685,Yaw
0.170,0.037,1.039,-4.104,-14.420,-286.685,Yaw
0.347,-0.074,1.072,3.920,-9.214,-170.914,Yaw
0.135,0.185,1.022,1.059,-6.081,-67.646,Yaw
0.005,-0.027,1.040,4.681,-6.387,-42.665,Yaw
0.007,0.021,1.005,1.969,-3.264,-1.549,Yaw
0.398,-0.035,1.028,0.324,-2.756,70.910,Yaw
0.662,0.094,1.104,-11.655,18.296,286.685,Yaw
0.504,0.376,1.013,-30.144,28.630,286.685,Yaw
0.314,0.267,0.943,32.716,-18.952,286.685,Yaw
-0.612,0.324,1.134,8.094,-2.590,286.685,Yaw
-0.626,0.248,1.002,2.747,-16.188,281.295,Yaw
-0.341,0.360,0.874,-3.474,-9.275,59.946,Yaw
-0.261,-0.230,1.215,3.421,38.946,43.846,Yaw
-0.332,0.199,0.971,-2.835,-7.613,-173.408,Yaw
-0.333,0.215,1.038,-1.356,-8.190,-276.176,Yaw
-0.048,0.213,1.048,-2.030,-11.672,-286.685,Yaw
0.109,-0.001,1.039,4.935,-21.254,-286.685,Yaw
0.098,0.170,1.012,-3.316,-23.747,-286.685,Yaw
0.397,0.304,0.917,-41.615,13.160,-286.685,Yaw
0.720,0.532,0.990,8.636,-7.525,-160.842,Yaw
0.039,0.135,0.997,23.153,-18.454,-62.361,Yaw
0.119,-0.288,1.040,19.504,-13.571,17.719,Yaw
0.225,-0.248,1.041,-1.584,2.301,147.840,Yaw
0.399,0.068,1.039,-34.072,27.388,286.685,Yaw
0.660,0.186,0.972,-4.856,6.948,286.685,Yaw
0.280,0.188,0.995,6.991,-4.401,286.685,Yaw
-0.285,0.305,1.029,20.282,-6.037,286.685,Yaw
-0.674,0.400,1.020,5.591,1.418,248.456,Yaw
-0.570,0.375,0.948,4.200,-1.173,119.079,Yaw
0.033,-0.118,1.031,-4.104,2.564,48.458,Yaw
-0.035,-0.002,1.057,-7.254,0.814,16.914,Yaw
0.020,0.171,0.985,-0.507,-3.124,-30.135,Yaw
-0.544,0.285,1.046,-1.741,-10.185,-208.600,Yaw
-0.286,0.251,1.063,-7.892,-5.705,-286.685,Yaw
0.201,-0.044,0.977,9.170,-23.914,-286.685,Yaw
0.257,-0.198,1.093,-8.488,-13.099,-286.685,Yaw
0.084,-0.296,1.129,-8.435,5.014,-261.616,Yaw
0.048,0.290,0.979,-2.730,-8.969,-222.434,Yaw
0.458,0.236,1.045,14.201,-13.825,-93.686,Yaw
0.109,0.105,1.062,17.517,-13.344,-11.882,Yaw
0.441,0.022,1.078,20.370,-12.198,64.470,Yaw
0.576,-0.052,1.093,-5.171,13.160,285.924,Yaw
0.445,0.282,1.008,-20.597,16.056,286.685,Yaw
0.281,0.368,1.101,27.764,-10.203,286.685,Yaw
-0.218,0.500,0.988,13.536,-0.219,286.685,Yaw
-0.631,0.111,1.103,4.410,1.418,258.081,Yaw
-0.538,0.182,0.964,1.942,-13.545,124.442,Yaw
0.015,0.059,0.912,-0.499,17.622,64.181,Yaw
-0.188,-0.048,1.037,-4.952,-5.372,-29.601,Yaw
-0.364,0.261,1.010,-6.204,-4.427,-183.129,Yaw
-0.408,0.213,1.103,-9.467,-2.756,-286.475,Yaw
0.099,0.192,1.004,-0.665,4.331,-286.685,Yaw
0.242,0.009,0.973,9.608,-13.046,-286.685,Yaw
0.129,-0.369,1.086,7.367,-13.475,-286.685,Yaw
0.004,0.291,0.954,31.167,-31.552,-286.685,Yaw
0.201,0.191,1.040,2.721,-10.360,-199.684,Yaw
0.456,0.149,1.059,-2.616,-2.581,-34.510,Yaw
0.335,0.305,0.988,5.512,-3.894,33.171,Yaw
0.367,-0.101,1.039,-1.505,5.898,217.613,Yaw
0.378,0.035,1.034,-13.895,17.045,286.685,Yaw
0.334,0.168,1.111,-23.065,25.865,286.685,Yaw
0.005,0.122,0.957,15.794,-8.330,286.685,Yaw
-0.256,0.288,0.998,8.347,2.818,286.685,Yaw
-0.458,0.383,1.007,1.794,1.680,230.641,Yaw
-0.547,0.333,1.014,0.096,-1.015,100.800,Yaw
0.024,-0.085,1.026,-1.846,-2.188,10.535,Yaw
-0.370,-0.021,1.029,-3.080,-0.376,-13.458,Yaw
-0.560,0.205,1.004,-3.483,-8.155,-258.668,Yaw
-0.391,0.351,1.121,-25.567,6.003,-286.685,Yaw
0.222,0.354,1.006,12.906,-7.858,-286.685,Yaw
0.603,-0.539,1.062,6.501,-10.386,-286.685,Yaw
-0.040,-0.123,1.068,-4.524,-7.630,-286.685,Yaw
-0.108,0.233,0.966,7.814,-10.080,-285.950,Yaw
0.440,0.074,1.030,9.030,-11.935,-158.996,Yaw
0.191,0.116,1.031,19.364,-20.160,-77.122,Yaw
0.096,-0.066,1.051,13.528,-16.450,-66.850,Yaw
0.017,0.020,1.028,4.427,-6.239,-1.041,Yaw
0.431,-0.089,1.037,-0.989,4.375,126.315,Yaw
0.555,0.090,1.013,-5.661,10.955,275.573,Yaw
0.473,0.240,1.004,-4.699,16.730,286.685,Yaw
0.322,0.224,1.057,14.052,6.265,286.685,Yaw
0.142,0.353,0.982,13.108,3.553,286.685,Yaw
-0.384,0.338,1.029,9.993,1.872,286.685,Yaw
-0.746,0.264,1.035,-0.394,-13.090,204.129,Yaw
-0.119,0.111,0.857,-2.599,8.523,22.628,Yaw
-0.211,-0.145,1.197,-4.200,25.358,-6.046,Yaw
-0.329,0.195,1.006,-3.421,-4.392,-158.725,Yaw
-0.493,0.243,1.066,-21.516,1.934,-286.685,Yaw
-0.015,0.370,0.972,7.753,-8.243,-286.685,Yaw
0.242,0.202,1.013,10.771,-9.196,-286.685,Yaw
0.116,-0.053,0.988,16.774,-21.368,-286.685,Yaw
0.151,0.161,0.962,23.835,-33.127,-286.685,Yaw
0.262,0.182,1.010,6.239,-13.738,-233.879,Yaw
0.407,0.248,1.016,0.735,-8.496,-112.490,Yaw
0.004,0.085,1.029,0.849,-4.979,-0.971,Yaw
0.305,-0.097,1.069,-1.741,5.906,72.074,Yaw
0.466,-0.021,1.038,-6.142,8.068,216.475,Yaw
0.527,0.147,1.004,-8.129,14.858,286.685,Yaw
0.384,0.562,1.006,-19.565,26.110,286.685,Yaw
0.258,0.470,1.065,27.125,-4.725,286.685,Yaw
-0.256,0.308,1.017,12.766,-0.140,286.685,Yaw
-0.634,0.108,1.066,5.644,-8.059,282.546,Yaw
-0.525,0.272,0.925,1.418,-5.705,110.066,Yaw
-0.089,-0.023,0.995,-2.879,9.153,29.802,Yaw
-0.367,0.021,1.008,-5.688,5.793,-47.889,Yaw
-0.475,0.252,1.090,-8.295,-2.231,-259.359,Yaw
-0.480,0.167,0.870,-23.861,16.608,-286.685,Yaw
0.062,0.409,1.002,17.395,-14.586,-286.685,Yaw
0.225,-0.272,1.013,10.342,-18.576,-286.685,Yaw
0.059,0.045,1.048,4.270,-23.336,-286.685,Yaw
0.200,0.255,1.006,3.334,-13.108,-281.242,Yaw
0.696,0.103,1.059,2.791,-7.534,-140.709,Yaw
0.208,0.284,0.998,7.061,-8.382,13.335,Yaw
0.430,-0.110,1.043,-5.670,8.671,230.011,Yaw
0.526,0.007,1.046,-8.645,14.998,286.685,Yaw
0.433,0.252,0.966,-5.705,19.442,286.685,Yaw
0.124,0.291,1.033,13.449,5.854,286.685,Yaw
-0.077,0.336,1.026,12.119,-0.420,286.685,Yaw
-0.530,0.336,1.089,9.756,-9.441,286.545,Yaw
-0.496,0.230,0.960,1.566,-15.864,134.111,Yaw
-0.095,0.170,0.805,-6.720,21.394,44.669,Yaw
-0.399,-0.126,1.205,-3.973,20.956,-32.926,Yaw
-0.307,0.247,1.101,-10.124,0.087,-270.883,Yaw
-0.157,0.192,0.875,-23.861,17.692,-286.685,Yaw
-0.050,-0.058,1.062,20.405,-26.049,-286.685,Yaw
0.041,0.032,1.021,27.843,-37.196,-286.685,Yaw
0.019,-0.253,1.179,18.786,-18.559,-286.685,Yaw
0.238,0.339,1.035,2.257,-12.171,-234.316,Yaw
0.542,0.214,1.038,3.299,-8.417,-136.999,Yaw
0.019,0.009,1.033,1.636,-3.045,-0.901,Yaw
0.489,-0.114,1.043,-4.629,7.166,176.654,Yaw
0.525,0.178,0.990,-8.076,10.640,286.685,Yaw
0.385,0.207,1.025,-9.485,15.671,286.685,Yaw
0.169,0.181,1.064,18.086,2.686,286.685,Yaw
-0.054,0.278,0.999,9.958,-0.901,286.685,Yaw
-0.377,0.324,1.042,9.931,-3.220,286.685,Yaw
-0.684,0.274,0.967,1.610,-12.495,156.170,Yaw
0.033,0.019,0.935,-1.523,10.736,20.825,Yaw
-0.358,0.022,1.065,-7.403,1.750,-22.890,Yaw
-0.423,0.269,1.023,-5.416,-2.467,-171.150,Yaw
-0.276,0.370,1.015,5.171,-13.825,-286.685,Yaw
0.186,-0.111,1.088,-1.330,-15.715,-286.685,Yaw
0.217,-0.039,1.089,-3.010,-18.795,-286.685,Yaw
-0.179,-0.153,0.791,-15.059,-1.033,-286.685,Yaw
0.305,0.132,1.063,3.736,-18.331,-282.555,Yaw
0.595,0.416,1.014,3.115,-6.046,-65.730,Yaw
0.012,0.020,1.036,1.549,-3.955,-0.726,Yaw
0.166,0.068,1.027,7.000,-2.590,69.948,Yaw
0.370,-0.015,1.020,-2.450,9.914,280.997,Yaw
0.385,0.066,1.088,-5.443,17.736,286.685,Yaw
0.282,0.268,1.033,-30.739,36.750,286.685,Yaw
0.255,0.217,0.886,2.415,-5.915,286.685,Yaw
-0.582,0.366,1.015,16.231,-18.576,285.381,Yaw
-0.804,0.298,0.965,3.447,1.768,226.747,Yaw
-0.152,0.090,1.014,-3.299,5.416,49.919,Yaw
0.032,0.118,1.108,-40.696,26.381,5.119,Yaw
-0.263,-0.142,0.962,-7.210,3.649,-89.652,Yaw
-0.560,0.391,0.982,6.668,-4.270,-244.169,Yaw
-0.111,0.457,1.017,15.557,-12.871,-286.685,Yaw
0.183,0.283,1.044,36.033,-37.319,-286.685,Yaw
0.302,-0.086,0.993,9.748,-30.879,-286.685,Yaw
0.376,-0.111,0.897,-26.513,3.526,-263.716,Yaw
0.104,0.466,0.997,1.934,-9.546,-147.665,Yaw
0.358,-0.060,1.062,11.217,-12.460,-77.158,Yaw
0.043,0.038,1.023,2.879,-3.771,-1.383,Yaw
0.342,-0.117,1.070,6.352,1.470,133.595,Yaw
0.644,-0.077,1.009,-8.619,16.380,286.685,Yaw
0.503,0.241,1.051,-17.561,26.670,286.685,Yaw
0.230,0.173,0.966,12.049,-1.908,286.685,Yaw
-0.336,0.484,1.020,4.568,2.013,286.685,Yaw
-0.740,0.431,0.968,0.639,0.788,204.129,Yaw
-0.693,0.353,1.019,-1.487,2.091,76.554,Yaw
0.001,0.025,1.033,-5.591,1.330,-1.697,Yaw
-0.475,0.221,1.013,-4.839,-2.765,-103.338,Yaw
-0.563,0.162,1.068,-8.251,6.230,-286.650,Yaw
-0.083,0.204,0.979,-0.254,0.026,-286.685,Yaw
0.049,0.312,1.113,13.825,-18.130,-286.685,Yaw
0.046,-0.104,0.951,19.757,-20.895,-286.685,Yaw
0.438,0.198,1.016,21.499,-27.353,-286.685,Yaw
0.407,0.250,1.037,4.576,-8.610,-147.271,Yaw
0.092,-0.014,1.034,7.149,-11.209,-75.442,Yaw
0.059,-0.151,1.019,2.231,-2.800,4.769,Yaw
0.305,-0.066,1.028,2.572,-0.464,88.077,Yaw
0.414,0.058,1.025,-4.445,9.590,286.169,Yaw
0.324,0.072,1.055,-7.613,19.460,286.685,Yaw
0.169,-0.060,1.028,5.670,13.265,286.685,Yaw
-0.084,0.200,1.000,10.465,3.570,286.685,Yaw
-0.455,0.302,1.007,0.009,3.106,262.710,Yaw
-0.799,0.453,0.974,1.286,-0.149,36.435,Yaw
-0.328,-0.106,1.064,-5.486,-0.236,-11.786,Yaw
-0.319,0.213,0.997,-2.188,-1.697,-151.996,Yaw
-0.360,0.121,1.053,-12.757,-2.879,-286.685,Yaw
-0.233,0.269,1.063,-18.069,0.717,-286.685,Yaw
0.412,0.511,0.981,4.664,-12.994,-286.685,Yaw
0.449,0.013,1.099,33.714,-29.312,-286.685,Yaw
-0.034,0.056,1.030,12.145,-17.710,-286.668,Yaw
0.140,0.035,1.010,9.450,-16.564,-271.171,Yaw
0.337,0.090,1.030,-3.115,-4.349,-36.243,Yaw
0.305,0.225,0.998,2.459,-1.942,76.116,Yaw
0.359,-0.134,1.073,1.312,3.430,279.510,Yaw
0.442,0.004,1.022,-2.293,11.349,286.685,Yaw
0.281,0.352,0.964,-3.885,16.336,286.685,Yaw
-0.124,0.367,1.011,7.543,6.834,286.685,Yaw
-0.487,0.329,1.039,6.545,6.641,286.685,Yaw
-0.645,0.186,1.033,1.418,-2.861,221.795,Yaw
0.030,0.036,0.907,3.421,-1.400,41.571,Yaw
-0.113,-0.262,1.218,-2.678,-0.683,5.932,Yaw
-0.247,-0.114,1.021,-5.889,-1.155,-58.135,Yaw
-0.592,0.204,0.962,-7.088,-0.070,-214.777,Yaw
-0.532,0.716,1.055,1.934,-13.921,-286.685,Yaw
-0.009,0.681,1.015,-4.673,-21.481,-286.685,Yaw
0.854,-0.129,0.956,10.220,-6.195,-286.685,Yaw
0.291,0.112,1.064,-7.604,-0.709,-188.913,Yaw
0.150,0.325,1.004,5.250,-6.991,-102.935,Yaw
0.125,-0.017,1.071,17.517,-15.811,-30.669,Yaw
0.389,0.261,0.930,25.786,-16.782,70.236,Yaw
0.297,-0.086,1.050,6.466,2.432,242.742,Yaw
0.401,-0.028,1.012,0.262,10.167,286.685,Yaw
0.098,0.266,1.008,0.140,15.330,286.685,Yaw
-0.180,0.360,0.987,6.457,5.670,286.685,Yaw
-0.485,0.175,1.055,2.109,-1.383,247.074,Yaw
-0.472,0.143,0.985,0.464,-4.209,109.550,Yaw
0.040,-0.050,0.974,0.472,0.936,24.028,Yaw
-0.494,0.207,1.023,-3.824,-2.503,-70.201,Yaw
-0.453,0.325,1.009,-0.726,-6.449,-234.964,Yaw
-0.149,0.099,1.050,-5.609,-11.506,-286.685,Yaw
0.399,0.156,0.951,-10.194,-2.809,-286.685,Yaw
0.511,-0.000,1.066,28.052,-30.712,-192.693,Yaw
0.339,0.286,1.047,0.901,-7.403,-66.281,Yaw
0.194,0.142,1.023,2.371,-4.148,1.855,Yaw
0.391,-0.322,1.018,0.866,2.109,173.303,Yaw
0.309,-0.200,1.029,-7.227,9.354,286.685,Yaw
0.156,0.105,0.955,-0.936,10.885,286.685,Yaw
-0.198,0.438,1.045,8.085,-0.971,282.809,Yaw
-0.097,0.074,1.019,4.016,4.655,242.576,Yaw
-0.226,0.156,1.006,3.622,0.901,173.337,Yaw
-0.008,-0.077,1.027,-5.267,-3.920,11.602,Yaw
-0.305,0.398,1.012,-0.394,-5.189,-153.633,Yaw
-0.258,0.172,1.020,0.875,-11.427,-286.685,Yaw
0.032,-0.175,1.076,-7.665,-9.083,-286.685,Yaw
0.289,-0.333,0.931,-22.479,9.389,-286.247,Yaw
0.406,0.423,0.999,-1.741,-3.666,-89.784,Yaw
0.015,0.010,1.081,-1.575,-4.673,-0.998,Yaw
0.424,0.019,0.983,3.701,-2.608,121.791,Yaw
0.360,-0.133,1.007,2.503,0.569,283.351,Yaw
0.069,0.029,0.941,35.691,-23.013,286.685,Yaw
-0.734,0.291,1.074,8.330,3.981,257.652,Yaw
-0.356,0.006,1.027,-0.621,-0.455,75.005,Yaw
0.003,-0.003,1.019,0.026,-3.334,1.216,Yaw
-0.037,-0.013,1.026,0.735,-3.491,-1.820,Yaw
-0.469,-0.186,1.034,-5.793,2.047,-64.995,Yaw
-0.420,0.014,0.976,-27.221,12.950,-203.464,Yaw
-0.138,0.300,1.097,-3.859,-7.901,-286.388,Yaw
-0.168,0.131,0.890,-14.525,-9.406,-286.685,Yaw
0.424,0.152,1.018,6.580,-6.274,-266.753,Yaw
0.342,0.128,1.049,1.523,-3.264,-121.030,Yaw
0.105,0.235,0.991,4.270,-5.959,-94.264,Yaw
0.094,-0.191,1.118,19.425,-17.483,-57.278,Yaw
0.532,0.315,1.093,28.788,-17.308,128.607,Yaw
0.485,-0.069,1.036,2.266,11.489,286.685,Yaw
0.344,0.007,0.966,7.420,19.416,286.685,Yaw
-0.002,0.356,1.035,9.844,8.120,286.685,Yaw
-0.501,0.652,1.037,0.184,5.661,286.685,Yaw
-0.855,0.468,0.988,-0.403,-7.613,110.128,Yaw
-0.526,0.089,1.076,-6.169,19.189,43.969,Yaw
-0.438,0.207,0.974,6.108,-7.122,-195.729,Yaw
-0.157,0.170,1.076,-19.495,6.956,-286.685,Yaw
-0.001,0.310,0.976,-4.104,4.821,-286.685,Yaw
0.288,0.121,1.113,9.809,-19.101,-286.685,Yaw
0.113,0.106,1.063,56.228,-58.240,-286.685,Yaw
0.139,0.168,1.027,-0.245,-65.896,-285.478,Yaw
0.588,0.514,1.348,-14.376,54.014,-110.924,Yaw
0.113,0.391,1.010,-8.881,-3.526,2.922,Yaw
0.488,0.043,1.035,-0.507,3.019,178.281,Yaw
0.481,-0.010,1.063,-1.986,7.193,284.471,Yaw
0.539,0.181,1.012,-1.977,17.622,286.685,Yaw
0.129,0.302,1.006,7.105,14.394,286.685,Yaw
0.088,0.267,1.042,12.731,7.814,286.685,Yaw
-0.689,0.360,1.010,4.209,5.224,286.685,Yaw
-0.736,0.277,0.999,1.050,5.381,170.354,Yaw
0.044,-0.026,1.023,-1.951,-0.875,27.064,Yaw
-0.001,0.017,1.028,-6.081,-3.570,-0.717,Yaw
-0.749,0.463,0.992,-3.124,-3.736,-128.634,Yaw
-0.554,0.412,1.092,-20.772,7.236,-286.685,Yaw
0.253,0.122,1.106,8.899,-6.282,-286.685,Yaw
0.133,-0.028,0.879,8.137,-7.665,-286.685,Yaw
0.615,0.414,1.002,62.300,-56.499,-286.685,Yaw
0.222,0.580,1.023,-0.761,-12.241,-167.038,Yaw
0.478,0.346,1.039,1.750,-5.985,-18.051,Yaw
0.446,0.195,1.003,3.132,-0.420,82.766,Yaw
0.295,-0.120,1.051,2.047,3.727,261.826,Yaw
0.387,0.237,1.019,-4.445,14.481,286.685,Yaw
0.308,0.297,1.031,1.864,17.255,286.685,Yaw
-0.017,0.126,1.060,15.663,6.344,286.685,Yaw
-0.715,0.410,1.089,6.624,-3.929,286.624,Yaw
-0.656,0.341,0.984,1.864,-16.686,128.581,Yaw
-0.084,0.141,0.893,2.056,14.639,77.035,Yaw
0.091,-0.103,1.065,1.138,-0.665,43.978,Yaw
-0.051,0.005,0.961,-2.406,-2.476,-1.977,Yaw
-0.454,0.239,1.006,-4.121,-0.219,-90.790,Yaw
-0.481,0.251,1.019,1.601,-5.906,-285.399,Yaw
-0.159,0.014,1.024,-0.639,-11.427,-286.685,Yaw
-0.096,-0.347,1.032,-7.823,-15.321,-286.685,Yaw
0.018,0.040,1.001,-39.515,8.006,-286.685,Yaw
0.658,-0.171,0.934,5.801,-6.554,-170.310,Yaw
0.080,0.540,0.994,-2.223,-3.255,-96.565,Yaw
0.094,0.239,0.963,15.943,-14.306,-143.115,Yaw
0.000,-0.214,1.072,23.275,-19.267,-111.738,Yaw
0.465,0.281,0.937,-3.999,2.844,27.860,Yaw
0.332,0.117,1.062,2.818,0.866,221.839,Yaw
0.546,0.002,1.014,-3.736,10.675,286.685,Yaw
0.208,0.126,1.022,2.284,11.209,286.685,Yaw
-0.409,0.404,1.030,14.411,-1.855,286.685,Yaw
-0.854,0.454,1.007,7.595,-1.899,265.457,Yaw
-0.120,-0.080,1.028,-4.550,-0.840,23.923,Yaw
-0.393,0.168,1.021,-3.754,-2.004,-53.060,Yaw
-0.486,0.210,1.025,-4.060,-3.693,-255.439,Yaw
-0.345,-0.010,1.223,-20.414,4.664,-286.685,Yaw
0.245,-0.105,0.964,-3.824,3.334,-286.685,Yaw
0.718,-0.007,1.027,6.274,-11.165,-202.283,Yaw
0.466,0.426,1.093,9.126,-6.414,30.441,Yaw
0.132,-0.070,1.059,-7.481,5.145,53.261,Yaw
0.210,-0.025,1.008,0.962,-5.477,99.505,Yaw
-0.176,0.134,1.046,2.065,-7.718,141.356,Yaw
-0.459,0.107,0.896,20.064,-17.535,92.846,Yaw
0.016,0.067,1.047,-0.910,-2.091,10.955,Yaw
-0.000,-0.011,1.026,0.245,0.114,4.532,Yaw
-0.000,0.031,1.028,6.081,-6.055,0.919,Yaw
-0.002,0.010,1.028,2.257,-4.690,-1.085,Yaw
-0.035,-0.073,1.018,-0.262,-4.585,-13.886,Yaw
0.010,0.009,1.021,2.704,-6.309,-0.998,Yaw
0.002,0.013,1.015,4.148,-6.081,-0.884,Yaw
0.007,0.007,1.019,5.294,-6.597,-0.788,Yaw
0.010,0.013,1.012,4.891,-6.729,-0.796,Yaw
0.021,0.032,1.040,-0.131,-2.975,-1.033,Yaw
0.498,0.315,1.022,4.331,-4.568,7.613,Yaw
0.257,-0.127,1.095,15.330,3.054,280.481,Yaw
-0.132,0.075,1.006,5.968,10.334,286.536,Yaw
-0.199,0.106,1.010,1.470,7.901,271.355,Yaw
-0.259,0.085,1.030,-0.586,3.483,172.839,Yaw
-0.201,-0.040,1.028,-5.390,-1.636,53.051,Yaw
-0.179,0.091,1.013,-9.205,3.132,-6.528,Yaw
-0.475,0.358,1.021,-2.984,-5.714,-153.230,Yaw
-0.586,0.282,1.007,1.216,-22.942,-286.685,Yaw
-0.267,0.194,1.078,4.305,-27.808,-286.685,Yaw
0.505,-0.291,0.712,1.207,-6.466,-286.685,Yaw
0.694,0.398,1.010,-12.311,-4.384,-280.753,Yaw
0.382,0.323,1.022,-5.574,-0.910,-108.859,Yaw
0.026,-0.189,1.085,-16.573,10.526,-34.562,Yaw
0.262,-0.219,0.960,-22.120,13.597,4.410,Yaw
0.667,-0.070,1.051,8.557,-12.600,221.288,Yaw
0.227,0.260,1.070,-1.986,2.406,286.685,Yaw
0.118,0.188,1.002,3.456,-0.543,286.685,Yaw
-0.202,0.411,1.169,38.351,-21.420,286.685,Yaw
-0.293,0.320,1.027,8.654,2.161,280.236,Yaw
-0.353,-0.084,1.045,2.494,4.769,178.316,Yaw
-0.322,0.146,1.003,0.105,0.735,98.831,Yaw
-0.082,0.027,0.986,-5.758,1.663,19.355,Yaw
-0.021,-0.061,1.028,-2.074,0.534,30.214,Yaw
0.003,-0.068,1.076,-2.118,1.479,32.874,Yaw
0.043,0.033,1.019,-22.435,16.100,51.546,Yaw
-0.064,0.126,0.974,-2.205,-1.435,28.551,Yaw
0.014,0.019,1.055,9.188,-10.658,-1.050,Yaw
-0.032,0.199,0.962,1.846,-5.635,-6.685,Yaw
-0.724,-0.007,1.099,12.390,-20.282,-208.845,Yaw
-0.389,0.195,1.000,2.713,-18.734,-286.685,Yaw
0.253,0.375,0.975,2.056,-17.062,-286.685,Yaw
0.485,0.181,1.069,-0.788,-15.767,-286.685,Yaw
0.258,-0.056,1.048,6.528,-19.933,-286.685,Yaw
0.347,0.124,1.008,0.096,-10.605,-218.137,Yaw
0.167,0.215,1.024,-1.278,-7.122,-82.574,Yaw
-0.013,-0.083,1.035,-0.919,-3.622,-14.726,Yaw
0.516,-0.028,1.053,-6.134,5.084,143.570,Yaw
0.544,0.025,1.004,-0.472,11.882,286.685,Yaw
0.432,0.146,1.098,-2.931,19.889,286.685,Yaw
0.287,0.511,1.003,14.717,8.155,286.685,Yaw
-0.178,0.397,1.074,11.410,12.521,286.685,Yaw
-0.393,0.350,0.987,1.234,7.385,286.685,Yaw
-0.561,0.279,1.016,0.621,-0.490,252.420,Yaw
-0.212,-0.069,1.069,-8.864,5.390,110.425,Yaw
-0.295,0.086,0.976,-11.655,-0.324,-50.487,Yaw
-0.343,0.224,1.054,-8.627,-0.403,-137.113,Yaw
-0.342,0.293,0.980,-11.252,14.613,-282.721,Yaw
0.045,0.508,0.953,14.656,-6.213,-286.685,Yaw
0.272,0.340,1.039,27.125,-28.368,-286.685,Yaw
0.208,-0.125,1.213,35.158,-43.120,-286.685,Yaw
0.521,-0.005,1.014,5.119,-23.371,-286.685,Yaw
0.296,0.055,1.042,8.496,-23.030,-258.764,Yaw
0.308,0.391,1.015,-8.006,-6.265,-99.820,Yaw
0.007,0.122,1.034,-1.033,-4.270,10.876,Yaw
0.212,-0.109,1.043,1.925,-1.505,63.306,Yaw
0.449,-0.039,1.043,-8.864,9.958,260.321,Yaw
0.447,0.269,1.029,-10.124,16.153,286.685,Yaw
0.247,0.291,0.936,-21.219,24.517,286.685,Yaw
0.192,0.112,1.130,32.839,-11.664,286.685,Yaw
-0.108,0.324,1.022,14.184,0.928,286.685,Yaw
-0.746,0.238,1.034,5.775,-10.203,281.435,Yaw
-0.391,0.217,0.889,-0.726,-1.969,132.650,Yaw
-0.038,-0.299,1.164,-12.189,17.281,41.650,Yaw
-0.385,0.048,1.014,-5.915,-2.774,-39.296,Yaw
-0.393,0.357,1.090,-6.003,-2.231,-259.105,Yaw
-0.091,0.276,0.973,-15.741,9.476,-286.685,Yaw
0.299,-0.015,1.016,30.004,-24.448,-286.685,Yaw
0.138,-0.115,1.047,17.036,-38.938,-286.685,Yaw
0.277,0.401,0.942,-0.919,-22.741,-286.685,Yaw
0.537,0.247,1.041,5.399,-6.659,-102.314,Yaw
0.050,0.062,1.024,0.315,-6.510,-9.424,Yaw
0.112,0.102,1.007,2.922,-1.435,40.827,Yaw
0.275,-0.144,1.051,-1.872,2.520,171.719,Yaw
0.495,-0.203,1.044,-9.887,16.756,286.685,Yaw
0.093,0.252,0.978,-24.885,27.326,286.685,Yaw
-0.052,0.179,1.029,18.253,-6.186,286.685,Yaw
-0.093,0.138,1.062,7.892,2.161,286.685,Yaw
-0.265,0.322,0.987,6.247,-0.420,250.731,Yaw
-0.396,0.189,1.019,1.610,-3.946,52.439,Yaw
0.055,-0.059,1.026,-2.047,-1.120,12.679,Yaw
0.030,0.243,0.995,-3.955,-0.525,-9.074,Yaw
-0.299,0.223,1.032,-0.201,-5.057,-74.944,Yaw
-0.400,0.100,1.045,-9.879,-3.561,-281.908,Yaw
-0.114,0.165,0.934,-7.210,4.209,-286.685,Yaw
0.397,0.374,1.070,11.568,-14.166,-286.685,Yaw
0.171,-0.141,1.162,54.845,-50.662,-286.685,Yaw
-0.142,0.194,1.008,3.203,-17.736,-286.685,Yaw
0.453,0.108,1.030,0.018,-7.997,-162.785,Yaw
0.452,0.240,1.010,-0.560,-7.971,-39.594,Yaw
0.291,-0.074,1.054,-12.486,8.339,171.798,Yaw
0.360,0.043,1.030,-27.913,22.750,286.685,Yaw
0.507,-0.031,1.006,-2.835,9.958,286.685,Yaw
0.224,0.186,1.025,4.287,5.609,286.685,Yaw
-0.279,0.371,1.084,21.770,-5.338,286.685,Yaw
-0.580,0.443,1.042,5.976,-0.420,281.767,Yaw
-0.632,0.244,1.022,2.966,-1.479,159.898,Yaw
0.082,-0.085,1.042,-10.342,6.352,66.535,Yaw
-0.274,0.113,1.008,-1.496,-6.282,-72.327,Yaw
-0.440,0.305,1.052,-6.816,-4.051,-257.617,Yaw
-0.316,0.220,1.112,-39.445,23.616,-286.685,Yaw
0.349,0.059,0.956,20.090,-10.439,-286.685,Yaw
0.110,-0.202,1.098,24.885,-39.778,-286.685,Yaw
0.042,-0.019,1.092,9.774,-30.774,-286.685,Yaw
-0.032,0.285,0.954,-13.169,4.865,-264.959,Yaw
0.677,0.248,0.980,15.435,-16.511,-165.182,Yaw
0.446,0.415,0.980,10.929,-12.854,30.433,Yaw
0.213,0.020,1.045,3.211,-0.315,184.100,Yaw
0.440,0.035,1.061,-3.456,16.327,286.685,Yaw
0.228,0.155,1.020,-21.403,30.888,286.685,Yaw
0.226,0.047,0.879,27.659,-7.665,286.685,Yaw
-0.183,0.258,1.026,9.529,0.481,286.685,Yaw
-0.678,0.383,0.991,2.879,-3.561,196.630,Yaw
-0.003,-0.062,1.030,-9.476,6.370,44.004,Yaw
0.007,0.014,0.970,-0.779,-4.340,-1.129,Yaw
-0.435,0.329,0.978,-4.506,-3.666,-141.663,Yaw
-0.277,0.413,1.009,-29.487,17.167,-286.685,Yaw
0.191,0.272,0.992,20.125,-14.359,-286.685,Yaw
0.319,-0.056,1.207,36.050,-44.678,-286.685,Yaw
0.094,-0.014,1.024,4.655,-26.407,-286.685,Yaw
0.228,-0.105,1.130,7.831,-16.581,-245.525,Yaw
0.389,0.371,0.997,-5.530,-4.952,-132.440,Yaw
0.156,0.195,1.043,-0.166,-6.475,5.898,Yaw
0.481,-0.176,1.041,-3.859,7.088,222.381,Yaw
0.475,0.103,1.046,-3.622,13.125,286.685,Yaw
0.187,0.132,1.033,-9.887,21.087,286.685,Yaw
0.008,0.056,1.077,14.017,0.280,286.685,Yaw
-0.155,0.115,1.048,5.688,4.148,286.685,Yaw
-0.288,0.235,1.032,6.204,-1.155,253.488,Yaw
-0.399,0.299,1.008,2.581,1.864,126.901,Yaw
0.007,0.071,1.017,-2.013,-2.196,10.868,Yaw
-0.127,0.113,1.013,-6.125,-0.805,-3.946,Yaw
-0.483,0.342,1.006,-5.889,-4.725,-137.165,Yaw
-0.502,0.251,1.137,-30.354,11.445,-286.685,Yaw
0.335,0.117,1.001,12.810,-3.509,-286.685,Yaw
0.515,-0.288,0.940,12.898,-15.024,-286.685,Yaw
0.192,-0.165,1.086,18.611,-24.509,-286.344,Yaw
0.265,0.297,0.941,-10.019,-2.537,-157.938,Yaw
0.336,0.281,1.151,27.038,-24.859,26.372,Yaw
0.352,0.036,1.039,4.130,3.526,200.104,Yaw
0.413,-0.102,1.058,-6.090,16.642,286.685,Yaw
0.100,0.069,1.138,23.616,1.803,286.685,Yaw
0.012,0.214,1.023,11.847,1.724,286.685,Yaw
-0.185,0.245,1.041,7.875,2.179,286.685,Yaw
-0.487,0.252,1.031,1.461,-7.805,149.126,Yaw
-0.144,0.013,1.175,-9.406,11.392,44.406,Yaw
-0.223,0.091,1.015,-2.398,-1.251,-25.996,Yaw
-0.349,0.310,1.010,-2.922,-3.570,-217.551,Yaw
-0.181,0.104,1.047,-22.969,12.530,-286.685,Yaw
0.174,0.031,0.935,13.913,-12.145,-286.685,Yaw
0.065,-0.234,1.104,25.034,-39.681,-286.685,Yaw
-0.135,0.510,1.095,-16.362,-9.564,-286.685,Yaw
0.285,0.413,1.064,20.781,-18.156,-232.934,Yaw
0.446,0.275,0.992,-4.392,-7.516,-141.645,Yaw
0.220,0.162,1.046,5.688,-9.432,0.735,Yaw
0.331,-0.088,1.042,5.880,-1.356,137.130,Yaw
0.562,0.103,1.054,-4.856,12.539,286.685,Yaw
0.443,0.260,1.034,-7.569,18.174,286.685,Yaw
-0.019,0.287,1.061,21.656,1.225,286.685,Yaw
-0.343,0.180,1.018,14.770,-1.234,286.685,Yaw
-0.508,0.165,1.135,5.530,-4.769,208.250,Yaw
-0.286,0.206,0.937,2.879,-20.142,111.169,Yaw
-0.315,0.102,1.006,3.675,5.267,62.344,Yaw
-0.010,-0.070,1.000,1.409,14.936,28.017,Yaw
-0.113,-0.106,1.171,-2.275,10.972,5.591,Yaw
-0.016,-0.001,1.019,-1.951,-2.100,-33.959,Yaw
-0.237,0.117,1.012,-3.132,-2.118,-71.400,Yaw
-0.270,0.299,1.008,-4.550,-10.246,-261.756,Yaw
-0.305,0.497,1.018,1.033,-13.991,-286.685,Yaw
-0.201,0.230,1.059,-1.680,-17.299,-286.685,Yaw
0.484,0.205,0.877,-19.609,-4.340,-286.685,Yaw
0.311,-0.122,0.995,-4.874,-4.856,-286.685,Yaw
0.423,0.284,1.019,10.491,-12.845,-241.246,Yaw
0.172,0.024,1.060,5.845,-6.064,-47.784,Yaw
0.018,0.000,0.988,3.124,-7.245,12.556,Yaw
0.358,0.027,1.048,3.325,-1.811,183.155,Yaw
0.639,0.191,1.000,-1.076,10.946,286.685,Yaw
0.453,0.347,1.111,3.054,17.710,286.685,Yaw
0.040,0.196,1.018,10.579,6.484,286.685,Yaw
-0.471,0.336,1.160,7.017,-5.259,286.685,Yaw
-0.596,0.413,0.976,0.411,-47.320,164.115,Yaw
-0.301,0.220,0.864,4.060,-2.179,80.754,Yaw
-0.226,0.082,0.971,-0.123,29.173,89.749,Yaw
-0.426,-0.165,1.140,1.033,30.231,5.609,Yaw
-0.181,0.175,1.021,-3.150,7.411,-178.570,Yaw
-0.261,0.077,1.140,-7.472,1.820,-282.362,Yaw
-0.099,0.320,0.870,5.224,-9.188,-286.685,Yaw
-0.343,-0.132,1.095,12.092,-25.139,-286.685,Yaw
-0.322,0.139,0.996,-59.264,23.984,-286.685,Yaw
0.204,0.487,0.088,-13.519,13.221,-286.685,Yaw
0.655,0.141,1.126,10.404,-26.442,-211.697,Yaw
0.296,0.099,1.082,31.299,-28.263,-47.950,Yaw
0.353,0.173,1.025,3.754,-1.671,55.116,Yaw
0.319,0.241,1.024,9.135,-2.196,141.977,Yaw
0.649,-0.201,1.070,-6.624,15.304,286.685,Yaw
0.420,0.304,0.966,-29.216,31.281,286.685,Yaw
0.124,0.404,0.831,6.300,-1.890,286.685,Yaw
-0.556,0.420,1.024,12.976,-1.347,286.685,Yaw
-0.877,0.224,0.976,4.349,-5.171,201.959,Yaw
-0.510,0.179,0.883,-2.642,14.971,53.287,Yaw
0.017,-0.077,1.041,-0.761,-1.820,11.113,Yaw
0.006,0.070,1.012,-3.220,-1.558,-1.706,Yaw
-0.470,0.102,1.030,-4.060,-6.676,-140.700,Yaw
-0.438,0.206,1.014,-5.504,-7.499,-282.293,Yaw
-0.670,0.116,0.965,-42.822,18.288,-286.685,Yaw
0.246,-0.035,0.873,12.635,-5.110,-286.685,Yaw
0.477,-0.185,1.044,2.800,-13.825,-286.685,Yaw
0.069,0.385,0.947,0.105,-10.972,-285.723,Yaw
0.466,0.346,0.979,35.954,-29.995,-170.380,Yaw
0.015,0.043,1.046,2.993,-7.954,-4.585,Yaw
0.375,0.129,0.988,8.260,-4.314,67.463,Yaw
0.513,0.078,1.032,-7.140,9.529,283.089,Yaw
0.557,0.163,1.040,-6.948,21.175,286.685,Yaw
0.123,0.207,0.862,-21.718,23.039,286.685,Yaw
0.202,0.223,0.936,39.270,-23.118,286.685,Yaw
-0.476,0.498,1.013,6.125,-1.085,284.839,Yaw
-0.565,0.285,0.946,3.141,-1.619,132.720,Yaw
-0.316,-0.036,1.039,-1.347,-1.514,3.938,Yaw
-0.000,0.020,1.019,-1.785,-1.391,-1.654,Yaw
-0.354,0.267,1.014,-2.266,-6.213,-157.447,Yaw
-0.338,0.254,1.113,-4.165,-8.374,-286.685,Yaw
-0.212,-0.089,1.000,-37.021,15.916,-286.685,Yaw
0.237,-0.031,0.871,10.623,-9.852,-286.685,Yaw
0.352,0.077,1.087,21.210,-25.112,-286.685,Yaw
0.366,0.043,1.056,0.052,-8.951,-266.849,Yaw
0.357,0.263,0.995,29.417,-27.073,-158.025,Yaw
0.009,0.012,1.052,1.295,-9.301,-5.241,Yaw
0.108,0.137,0.988,4.191,-4.742,39.226,Yaw
0.477,-0.185,1.067,-7.718,9.520,203.254,Yaw
0.498,0.146,1.060,-16.188,24.605,286.685,Yaw
0.082,0.269,0.947,-24.771,19.267,286.685,Yaw
0.120,0.098,1.152,43.785,-23.616,286.685,Yaw
-0.425,0.343,0.997,9.091,-1.225,286.142,Yaw
-0.506,0.234,1.016,2.608,-0.306,130.681,Yaw
0.037,-0.122,1.038,-1.356,-2.747,19.600,Yaw
0.011,0.024,1.019,-2.082,-3.132,-1.645,Yaw
-0.458,0.198,1.001,-2.406,-7.341,-160.221,Yaw
-0.298,0.097,1.094,-5.259,-6.816,-286.685,Yaw
0.135,-0.087,0.957,-21.472,7.910,-286.685,Yaw
0.562,-0.202,0.952,4.358,-2.301,-262.246,Yaw
0.187,0.187,1.096,0.717,-6.405,-151.979,Yaw
0.168,0.105,1.014,-0.735,-1.645,-137.646,Yaw
0.017,0.109,0.998,3.894,-7.849,-112.306,Yaw
-0.023,0.168,0.936,41.501,-35.647,-138.915,Yaw
-0.200,-0.056,1.035,4.209,-13.274,-160.230,Yaw
0.082,0.074,1.027,-1.216,-4.191,-111.064,Yaw
0.174,0.016,1.033,-0.525,-4.611,-76.948,Yaw
0.105,0.052,1.024,1.111,-5.617,-9.459,Yaw
0.151,0.003,1.021,1.724,-0.140,58.800,Yaw
0.353,-0.211,1.109,-17.272,17.360,269.719,Yaw
0.416,-0.073,0.891,-39.620,34.221,286.685,Yaw
0.204,0.107,1.010,-4.296,1.400,286.685,Yaw
0.004,0.424,1.112,50.636,-26.460,286.685,Yaw
-0.369,0.366,1.033,6.878,2.441,286.685,Yaw
-0.517,0.332,1.008,2.161,0.385,217.175,Yaw
-0.011,-0.042,0.998,-0.123,-1.102,77.683,Yaw
0.008,-0.163,1.066,-3.369,0.070,57.461,Yaw
0.006,0.023,1.044,-1.094,-5.233,0.464,Yaw
-0.335,0.104,1.017,-3.185,-4.568,-112.709,Yaw
-0.299,0.342,1.027,2.135,-8.698,-286.685,Yaw
-0.332,0.556,1.029,8.470,-21.315,-286.685,Yaw
0.112,-0.007,1.032,3.132,-20.177,-286.685,Yaw
0.267,-0.057,1.178,-17.456,-8.243,-286.685,Yaw
0.084,-0.126,0.986,3.710,-5.416,-286.685,Yaw
0.434,0.325,0.989,8.347,-13.309,-246.925,Yaw
0.227,-0.039,1.205,33.915,-30.651,-47.180,Yaw
0.013,0.021,1.023,3.124,-6.475,-0.577,Yaw
0.181,0.169,1.001,6.457,-5.836,19.294,Yaw
0.465,-0.232,1.071,-3.526,6.983,236.539,Yaw
0.409,0.249,1.075,-15.260,21.464,286.685,Yaw
0.286,0.107,1.024,6.344,5.224,286.685,Yaw
0.270,0.316,1.084,27.764,-14.184,286.685,Yaw
-0.209,0.343,1.004,6.116,6.195,286.685,Yaw
-0.381,0.328,0.996,2.800,0.140,274.085,Yaw
-0.576,0.277,1.007,2.152,0.324,122.692,Yaw
-0.132,-0.104,1.042,-7.551,4.454,64.986,Yaw
0.036,0.221,1.011,0.752,-3.430,-10.614,Yaw
-0.285,0.242,1.002,1.225,-6.930,-137.270,Yaw
-0.067,0.348,1.003,3.981,-9.634,-275.310,Yaw
-0.042,0.012,1.041,8.960,-19.451,-286.685,Yaw
0.012,-0.166,1.023,-0.507,-23.319,-286.685,Yaw
-0.011,-0.122,1.087,-18.165,-3.745,-286.685,Yaw
-0.050,-0.137,0.888,-21.805,16.292,-266.332,Yaw
0.404,0.234,0.993,10.491,-13.659,-116.952,Yaw
0.015,0.037,1.070,24.448,-24.036,-2.319,Yaw
-0.024,-0.192,1.052,2.240,-9.222,9.634,Yaw
0.313,-0.124,1.012,-2.135,3.955,180.670,Yaw
0.389,0.184,1.043,-5.241,11.384,286.685,Yaw
0.237,-0.031,1.065,11.078,1.575,286.685,Yaw
0.287,0.114,1.036,7.175,6.746,286.685,Yaw
0.015,0.255,1.024,7.289,5.574,286.685,Yaw
-0.543,0.415,1.074,3.010,-3.430,240.730,Yaw
-0.529,0.252,0.967,0.945,-18.226,89.775,Yaw
-0.022,-0.043,0.952,-1.960,10.903,8.540,Yaw
-0.327,0.152,1.038,-1.059,-2.345,-76.134,Yaw
-0.286,0.323,1.033,0.998,-7.936,-286.519,Yaw
-0.142,0.079,1.195,-24.439,6.037,-286.685,Yaw
0.284,0.403,0.911,8.479,1.820,-286.685,Yaw
0.313,-0.314,1.065,24.132,-23.520,-286.685,Yaw
0.172,-0.002,1.046,21.184,-22.549,-246.811,Yaw
0.061,0.146,0.996,5.460,-12.224,-187.381,Yaw
0.322,0.215,1.002,3.780,-9.083,-38.771,Yaw
0.045,-0.171,1.028,4.043,-8.908,9.336,Yaw
0.273,-0.112,1.033,-2.170,2.529,149.450,Yaw
0.322,-0.066,1.004,-10.413,15.111,285.967,Yaw
0.125,0.271,0.987,-6.510,9.651,286.685,Yaw
0.129,0.260,1.065,11.655,-1.671,286.685,Yaw
-0.084,0.147,1.013,4.734,4.051,286.685,Yaw
-0.294,0.243,1.008,4.025,1.111,211.759,Yaw
-0.123,0.178,1.011,3.439,-3.168,73.106,Yaw
0.052,-0.181,1.044,-0.971,-0.919,43.181,Yaw
-0.452,0.185,1.009,-3.736,-1.566,-37.739,Yaw
-0.407,0.296,1.063,-5.180,-6.239,-284.883,Yaw
-0.223,0.224,1.007,-23.730,1.706,-286.685,Yaw
0.432,0.233,0.975,-10.019,0.998,-286.685,Yaw
0.161,-0.129,1.036,4.401,-8.934,-286.685,Yaw
0.215,0.268,1.018,22.671,-21.866,-276.544,Yaw
0.342,0.196,1.006,29.041,-27.878,-169.426,Yaw
0.089,-0.136,1.056,1.977,-9.529,-56.394,Yaw
0.005,0.009,1.006,2.529,-4.532,-0.262,Yaw
0.314,-0.203,1.054,-3.929,2.704,139.729,Yaw
0.396,-0.016,1.023,-7.035,8.365,275.949,Yaw
0.332,0.217,1.041,-14.017,17.334,286.685,Yaw
0.334,0.139,0.922,-12.653,19.276,286.685,Yaw
0.467,0.243,0.971,35.674,-14.858,286.685,Yaw
-0.198,0.490,1.059,8.094,5.093,286.685,Yaw
-0.630,0.341,0.979,4.060,-9.695,269.080,Yaw
-0.301,0.087,0.920,1.409,11.034,102.707,Yaw
0.011,-0.382,1.104,-10.255,11.699,90.247,Yaw
-0.084,0.108,1.001,1.251,-5.941,-14.481,Yaw
-0.197,0.402,1.008,0.376,-5.355,-194.898,Yaw
-0.090,0.298,1.034,4.655,-9.144,-286.685,Yaw
0.190,-0.200,1.046,10.972,-16.371,-286.685,Yaw
-0.128,-0.079,1.077,-6.396,-22.120,-286.685,Yaw
-0.295,0.203,1.189,-44.713,14.752,-286.685,Yaw
-0.062,-0.222,0.809,5.311,-3.902,-286.685,Yaw
0.385,0.273,0.916,20.475,-28.612,-276.806,Yaw
0.394,0.031,1.101,9.100,-17.202,-48.764,Yaw
0.020,0.063,0.978,4.279,-7.892,10.395,Yaw
0.204,-0.152,1.032,-0.507,2.310,101.395,Yaw
0.481,-0.202,1.032,-6.440,12.486,285.985,Yaw
0.280,0.143,1.076,-25.979,31.351,286.685,Yaw
0.213,0.322,0.892,-13.948,18.034,286.685,Yaw
-0.046,0.439,1.101,38.404,-20.519,286.685,Yaw
-0.399,0.239,1.026,6.834,3.019,286.186,Yaw
-0.245,0.216,0.907,3.920,-3.719,192.587,Yaw
-0.330,0.004,1.164,1.120,18.760,174.527,Yaw
0.082,0.099,0.994,-6.064,3.797,108.666,Yaw
0.023,0.026,1.035,-3.973,-5.477,-1.496,Yaw
-0.256,0.437,1.002,0.796,-5.224,-158.664,Yaw
-0.106,0.280,1.021,0.018,-6.807,-281.864,Yaw
0.173,-0.014,1.047,4.568,-9.651,-286.685,Yaw
0.105,-0.359,1.035,15.286,-28.499,-286.685,Yaw
-0.217,-0.185,1.044,-6.571,-23.004,-286.685,Yaw
-0.124,0.035,0.731,-44.634,22.173,-271.355,Yaw
0.314,0.550,0.931,17.517,-19.661,-205.249,Yaw
0.392,-0.059,1.206,6.711,-15.146,-83.746,Yaw
-0.002,-0.046,1.031,3.045,-4.996,-9.091,Yaw
-0.016,-0.145,1.023,3.841,-7.735,2.118,Yaw
0.286,-0.248,1.026,-6.204,6.921,185.902,Yaw
0.391,-0.129,1.057,-9.118,13.834,285.749,Yaw
0.408,0.199,0.924,-43.829,34.239,286.685,Yaw
0.008,0.317,0.982,4.550,-7.438,286.685,Yaw
-0.126,0.277,1.065,12.539,-6.834,257.547,Yaw
-0.229,0.186,0.997,4.296,1.523,205.590,Yaw
-0.203,0.133,1.011,2.511,-1.347,87.124,Yaw
0.005,0.020,1.034,-3.027,-3.264,1.575,Yaw
-0.478,0.397,1.005,-1.908,-1.286,-37.231,Yaw
-0.335,0.273,1.060,-1.820,-8.837,-286.073,Yaw
-0.134,0.006,0.897,-25.506,12.757,-286.685,Yaw
0.452,-0.312,1.061,9.660,-12.994,-286.685,Yaw
0.394,0.020,1.002,34.536,-31.894,-286.685,Yaw
0.038,0.102,1.034,14.875,-24.220,-274.522,Yaw
0.214,-0.125,1.043,0.849,-5.276,-69.431,Yaw
0.038,0.029,1.029,-4.060,-1.418,30.555,Yaw
0.215,-0.133,1.048,-1.811,4.646,206.955,Yaw
0.327,-0.059,1.039,-4.165,10.395,286.685,Yaw
0.221,0.145,1.070,-9.126,19.049,286.685,Yaw
0.105,0.183,1.061,15.033,5.617,286.685,Yaw
-0.040,0.402,0.999,9.467,2.546,286.685,Yaw
-0.483,0.364,1.000,6.379,0.157,226.529,Yaw
-0.216,0.239,1.006,1.102,1.111,106.505,Yaw
0.007,-0.065,1.039,0.254,-1.067,74.524,Yaw
0.051,-0.174,1.045,-2.730,-4.270,32.734,Yaw
-0.359,0.076,1.005,-6.834,-0.744,-10.631,Yaw
-0.325,0.388,0.991,-2.555,-2.861,-176.829,Yaw
-0.357,0.391,1.037,-1.330,-11.620,-286.685,Yaw
0.171,-0.057,1.035,3.570,-18.778,-286.685,Yaw
0.415,-0.276,1.113,1.575,-13.528,-286.685,Yaw
0.137,0.265,1.034,7.674,-19.705,-286.685,Yaw
0.223,0.225,1.039,9.371,-16.485,-231.026,Yaw
0.396,-0.047,1.052,0.192,-5.731,-49.752,Yaw
0.011,0.020,1.021,1.374,-3.868,-0.796,Yaw
0.142,-0.304,1.040,2.056,-1.181,56.595,Yaw
0.467,-0.111,1.048,-7.586,10.273,265.230,Yaw
0.385,0.214,0.974,-11.917,14.131,286.685,Yaw
0.330,0.165,1.019,-9.800,15.943,286.685,Yaw
0.211,0.165,1.036,22.059,-5.206,286.685,Yaw
-0.343,0.470,0.976,7.367,-3.080,280.779,Yaw
-0.902,0.477,1.050,2.730,-9.126,83.615,Yaw
-0.224,0.199,0.916,-5.259,-5.259,6.379,Yaw
-0.498,0.159,1.012,-2.152,5.644,-160.562,Yaw
-0.386,0.076,1.023,-2.669,-10.789,-286.685,Yaw
-0.234,0.115,1.068,-3.010,-14.674,-286.685,Yaw
0.424,-0.203,0.893,-24.815,7.919,-286.685,Yaw
0.316,0.400,0.979,2.039,-7.761,-264.985,Yaw
0.400,0.154,1.073,10.071,-9.415,-168.814,Yaw
-0.001,-0.078,1.093,7.324,-7.560,-86.380,Yaw
0.259,0.216,0.923,-18.970,11.655,2.485,Yaw
0.362,-0.096,1.013,1.321,-4.830,159.425,Yaw
0.355,-0.131,1.032,2.888,-6.396,274.330,Yaw
0.219,0.099,1.019,8.251,-4.305,286.685,Yaw
-0.185,0.272,1.013,9.931,-2.082,286.685,Yaw
-0.352,0.227,1.010,5.215,0.359,211.068,Yaw
-0.416,0.122,1.006,3.806,-1.400,130.209,Yaw
-0.096,0.008,1.033,-2.415,-1.934,-2.406,Yaw
-0.463,0.394,1.019,-3.771,-3.780,-208.810,Yaw
-0.141,0.260,1.121,-3.412,-4.480,-286.685,Yaw
0.408,0.040,0.944,0.761,1.391,-286.685,Yaw
0.321,-0.095,1.068,12.206,-14.385,-266.376,Yaw
-0.248,0.159,0.988,24.010,-21.192,-211.208,Yaw
0.277,-0.093,1.064,20.571,-18.069,-155.400,Yaw
-0.012,-0.039,1.038,5.416,-9.966,-4.279,Yaw
0.134,0.050,1.000,-0.271,-1.426,133.997,Yaw
0.266,-0.306,1.051,-8.837,8.855,276.500,Yaw
0.495,-0.011,0.972,-49.919,37.319,286.685,Yaw
0.296,0.399,0.890,4.979,-6.064,286.685,Yaw
-0.452,0.493,1.031,9.100,-4.716,265.580,Yaw
-0.373,0.357,1.019,3.920,-1.242,170.923,Yaw
-0.129,-0.150,1.047,-2.879,-2.844,40.154,Yaw
-0.685,0.568,0.990,-0.534,-0.219,-55.475,Yaw
-0.561,0.403,1.065,-3.229,-0.298,-286.685,Yaw
0.167,0.129,1.121,-10.736,15.802,-286.685,Yaw
0.163,-0.386,0.972,12.583,24.798,-286.685,Yaw
0.191,0.295,0.887,8.671,-3.176,-267.400,Yaw
0.394,0.160,0.915,7.184,-35.691,-203.656,Yaw
0.008,-0.008,1.136,4.690,-14.971,-12.495,Yaw
0.261,-0.236,1.019,-4.734,-7.280,39.104,Yaw
0.467,0.007,1.031,1.356,-5.994,282.301,Yaw
0.524,0.230,1.040,11.944,-10.307,286.685,Yaw
0.161,0.362,1.014,11.436,5.600,286.685,Yaw
-0.188,0.269,1.067,10.675,5.565,286.685,Yaw
-0.320,0.307,1.053,11.865,0.595,286.685,Yaw
-0.362,0.221,1.006,2.861,1.190,207.848,Yaw
-0.277,-0.024,1.034,-2.704,-3.964,49.542,Yaw
-0.035,-0.102,1.015,-8.689,2.310,-5.705,Yaw
-0.187,0.244,1.045,-0.411,-0.962,-119.814,Yaw
0.021,0.254,1.026,3.203,-4.786,-270.016,Yaw
-0.027,-0.025,1.069,4.725,-15.076,-286.685,Yaw
-0.030,-0.191,1.006,5.810,-21.700,-286.685,Yaw
-0.021,-0.258,1.152,-15.216,-10.220,-286.685,Yaw
0.155,-0.084,0.925,-1.584,-2.118,-259.315,Yaw
0.201,0.337,0.980,4.646,-11.716,-151.042,Yaw
0.280,0.078,1.027,30.695,-27.239,-70.840,Yaw
-0.006,-0.038,1.041,2.179,-5.364,-8.767,Yaw
0.293,0.347,0.985,13.562,-9.852,87.272,Yaw
0.326,0.034,0.980,5.539,7.315,285.644,Yaw
0.491,-0.166,1.020,-0.735,20.230,286.685,Yaw
-0.034,0.308,1.012,6.204,12.749,286.685,Yaw
-0.336,0.436,1.132,6.773,-3.815,286.685,Yaw
-0.414,0.387,0.975,6.247,-11.961,250.451,Yaw
-0.318,0.160,0.908,2.459,7.367,103.338,Yaw
0.057,-0.203,1.068,-1.076,3.754,28.604,Yaw
-0.016,0.001,1.027,-3.902,0.674,-1.890,Yaw
-0.420,0.091,1.002,-6.659,-2.520,-111.834,Yaw
-0.509,0.121,1.047,-5.014,-8.330,-286.685,Yaw
0.166,-0.070,1.055,-17.115,4.568,-286.685,Yaw
0.245,0.242,1.000,-11.655,4.156,-283.098,Yaw
-0.288,0.212,1.065,-0.954,-9.065,-250.372,Yaw
0.256,0.398,0.991,0.919,-1.312,-231.481,Yaw
0.499,0.154,1.018,3.500,-5.801,-141.951,Yaw
0.132,-0.004,1.051,1.286,-7.105,-68.372,Yaw
0.009,0.119,1.003,1.619,-6.352,-40.591,Yaw
0.397,0.005,1.018,1.339,-3.062,38.588,Yaw
0.407,0.137,1.001,10.955,-10.517,165.777,Yaw
0.298,-0.181,1.072,17.561,-11.716,260.120,Yaw
0.204,-0.024,1.085,8.636,4.095,286.685,Yaw
0.047,0.241,1.023,7.280,2.818,286.685,Yaw
-0.197,0.245,1.019,5.898,2.144,286.685,Yaw
-0.601,0.493,1.002,2.870,-1.942,194.224,Yaw
-0.330,0.090,0.995,-3.089,-2.170,35.472,Yaw
-0.396,0.287,1.001,2.275,-5.495,-132.851,Yaw
-0.302,0.290,1.032,-1.295,-6.055,-268.205,Yaw
-0.227,-0.003,1.247,-13.842,-2.608,-286.685,Yaw
0.571,-0.346,1.056,9.931,9.818,-286.685,Yaw
0.205,-0.108,0.842,10.666,-7.026,-286.685,Yaw
0.199,0.435,1.115,59.972,-52.211,-273.770,Yaw
0.311,0.021,1.065,1.540,-8.916,-147.394,Yaw
0.084,0.008,1.074,-10.071,0.061,-6.615,Yaw
0.414,0.255,0.972,8.444,-5.591,74.786,Yaw
0.263,-0.164,1.056,-0.114,4.699,273.682,Yaw
0.344,-0.043,1.068,-10.517,17.570,286.685,Yaw
0.252,0.131,1.055,-20.431,28.017,286.685,Yaw
0.160,0.151,1.124,47.119,-24.045,286.685,Yaw
-0.300,0.292,0.985,6.983,4.699,286.685,Yaw
-0.756,0.490,1.005,3.500,-10.815,151.926,Yaw
-0.080,0.262,0.855,1.076,-3.640,20.414,Yaw
-0.229,0.111,1.022,-3.693,-3.027,-64.706,Yaw
-0.131,0.458,1.013,-4.174,-1.321,-253.304,Yaw
-0.019,0.417,1.103,-24.728,6.256,-286.685,Yaw
0.197,0.037,0.979,0.446,-0.656,-286.685,Yaw
0.412,-0.441,1.063,8.636,-13.361,-286.685,Yaw
-0.003,0.040,1.018,2.380,-7.691,-278.478,Yaw
0.075,0.242,1.014,3.500,-6.073,-239.190,Yaw
0.312,0.022,0.997,7.166,-7.726,-105.376,Yaw
-0.035,-0.117,1.044,-5.267,-0.831,-15.076,Yaw
0.221,-0.239,1.033,-6.624,-2.888,78.680,Yaw
0.246,-0.002,0.985,8.846,-11.611,212.511,Yaw
0.042,0.039,1.155,11.410,-5.407,286.685,Yaw
-0.134,0.058,0.911,-29.566,25.060,286.685,Yaw
0.168,0.158,0.959,-2.678,1.514,283.684,Yaw
0.313,-0.087,1.031,20.309,-8.566,286.685,Yaw
0.034,0.073,1.043,2.599,-1.829,256.296,Yaw
-0.118,0.139,1.007,3.999,-1.173,212.695,Yaw
-0.528,0.434,0.997,1.899,-3.115,120.015,Yaw
-0.390,0.343,1.004,-2.879,-2.818,-8.776,Yaw
-0.296,0.298,1.014,-2.205,-1.452,-196.122,Yaw
-0.191,0.113,1.114,-16.231,3.824,-286.685,Yaw
-0.184,0.091,0.956,6.440,-6.738,-286.685,Yaw
0.043,-0.267,1.037,12.215,-22.522,-286.685,Yaw
0.916,0.059,1.017,13.764,-19.731,-277.086,Yaw
0.743,0.190,1.064,2.783,-6.204,-104.283,Yaw
0.034,-0.081,1.030,0.892,-5.023,0.892,Yaw
0.433,0.131,1.042,-4.034,1.067,212.923,Yaw
0.376,0.223,1.044,-2.354,5.600,286.685,Yaw
0.352,0.094,1.018,-3.911,19.372,286.685,Yaw
-0.173,0.100,1.040,15.041,-0.096,286.685,Yaw
-0.301,0.251,1.002,7.219,0.814,286.685,Yaw
-0.335,0.184,1.035,4.077,-0.534,239.225,Yaw
-0.329,0.065,1.041,-0.744,-11.944,55.571,Yaw
-0.310,0.409,0.923,-1.102,-4.016,-61.145,Yaw
-0.153,0.411,1.098,-0.796,7.814,-214.480,Yaw
-0.033,-0.060,1.055,-0.201,-4.891,-285.924,Yaw
-0.175,-0.434,1.136,-19.941,-2.047,-286.685,Yaw
0.058,-0.296,1.010,6.624,-13.169,-286.685,Yaw
0.140,0.184,0.970,20.055,-23.056,-286.685,Yaw
0.513,0.417,1.021,6.387,-5.968,-84.805,Yaw
0.341,-0.457,1.116,-11.498,1.872,24.649,Yaw
0.404,-0.041,0.952,-8.837,2.328,227.036,Yaw
0.274,0.143,1.051,0.087,-2.432,286.685,Yaw
0.262,-0.034,1.043,4.130,2.013,286.685,Yaw
-0.138,0.250,1.123,35.814,-22.103,285.154,Yaw
-0.372,0.266,1.005,5.766,-2.844,217.928,Yaw
-0.459,0.323,1.022,3.159,-3.693,47.434,Yaw
-0.493,0.289,1.003,-2.319,-1.916,-21.542,Yaw
-0.785,0.284,1.059,-0.385,-8.225,-286.212,Yaw
-0.162,-0.109,1.234,-37.861,15.680,-286.685,Yaw
0.530,-0.291,0.941,6.265,15.461,-286.685,Yaw
0.064,0.426,0.812,6.807,-33.521,-286.685,Yaw
0.329,0.017,1.203,75.696,-60.699,-162.636,Yaw
0.236,0.174,1.051,-0.096,-7.367,-19.906,Yaw
0.298,0.046,1.029,-4.401,5.171,137.454,Yaw
0.348,-0.037,1.018,-1.190,5.434,278.171,Yaw
0.388,-0.035,1.100,-3.273,8.654,286.685,Yaw
0.093,0.033,0.928,-17.124,23.599,286.685,Yaw
0.023,0.164,1.091,22.671,-8.724,286.685,Yaw
-0.254,0.326,1.006,7.350,-0.359,273.954,Yaw
-0.464,0.340,1.000,3.859,-0.919,184.503,Yaw
-0.161,-0.069,1.017,-1.566,-2.082,36.435,Yaw
-0.381,0.171,1.011,1.321,-7.805,-69.912,Yaw
-0.282,0.260,1.007,0.254,-6.956,-196.989,Yaw
-0.153,-0.195,1.061,-3.727,-7.306,-286.685,Yaw
0.167,0.135,0.986,-37.013,16.004,-286.685,Yaw
0.181,0.012,1.009,3.596,-10.246,-286.685,Yaw
0.437,0.286,0.989,14.166,-15.461,-197.872,Yaw
0.082,0.187,1.074,17.360,-14.630,-32.716,Yaw
-0.004,-0.036,1.026,1.173,-2.975,-29.969,Yaw
-0.020,-0.061,1.014,0.070,-2.546,-18.051,Yaw
0.242,0.085,1.030,10.281,-13.387,2.660,Yaw
0.377,0.012,1.029,2.625,1.076,236.049,Yaw
0.453,-0.002,1.025,-3.727,15.645,286.685,Yaw
0.171,0.131,1.012,8.470,15.890,286.685,Yaw
-0.177,0.370,1.022,11.007,6.983,286.685,Yaw
-0.420,0.360,1.028,3.019,1.164,285.819,Yaw
-0.433,0.305,1.020,-0.376,-10.211,164.850,Yaw
0.069,0.195,0.892,-5.985,5.548,69.475,Yaw
-0.368,0.040,1.076,1.715,-2.118,-55.002,Yaw
0.076,0.114,1.018,0.394,0.368,-217.542,Yaw
0.250,0.066,1.021,1.671,-2.818,-283.771,Yaw
-0.097,-0.064,1.060,6.519,-14.438,-286.685,Yaw
-0.466,-0.444,1.060,14.875,-22.925,-286.685,Yaw
-0.702,0.076,1.078,-24.124,-21.647,-286.685,Yaw
0.447,0.216,0.796,-37.905,34.046,-286.038,Yaw
0.786,0.163,1.041,5.539,-18.209,-167.003,Yaw
0.015,0.031,1.090,17.850,-20.729,-0.359,Yaw
0.322,0.235,1.038,15.916,-21.271,4.891,Yaw
0.475,-0.160,1.044,3.229,2.616,222.950,Yaw
0.418,0.063,1.023,-1.111,11.261,286.685,Yaw
0.185,0.274,1.008,10.159,10.727,286.685,Yaw
-0.061,0.204,1.020,7.219,5.758,286.685,Yaw
-0.069,0.215,1.028,6.073,7.017,286.685,Yaw
-0.257,0.207,1.015,5.950,1.129,249.568,Yaw
-0.335,0.367,0.997,3.203,0.928,181.667,Yaw
-0.113,0.062,1.016,-2.345,-0.875,50.610,Yaw
0.056,0.008,1.056,-3.832,-0.901,41.580,Yaw
-0.261,0.297,0.989,3.211,-4.576,-57.951,Yaw
-0.298,0.365,1.014,5.119,-3.614,-215.792,Yaw
0.023,-0.205,1.093,7.262,-5.460,-286.685,Yaw
-0.100,-0.479,1.081,35.341,-24.920,-286.685,Yaw
-0.267,-0.159,0.999,-78.391,-9.249,-286.685,Yaw
-0.154,0.015,0.888,-8.715,10.972,-286.379,Yaw
0.514,0.615,1.008,8.444,-23.485,-286.676,Yaw
0.386,0.104,1.283,56.849,-50.768,-152.075,Yaw
0.285,0.253,1.036,5.617,-7.394,-66.211,Yaw
0.003,0.026,1.052,-2.485,-0.744,-0.788,Yaw
0.700,-0.018,1.034,2.301,-2.257,86.188,Yaw
0.571,0.119,1.008,3.588,3.281,286.685,Yaw
0.354,0.473,0.984,-1.942,8.846,286.685,Yaw
-0.037,0.321,1.076,7.289,9.564,286.685,Yaw
-0.258,0.164,1.054,9.354,3.054,286.685,Yaw
-0.515,0.074,1.094,7.105,3.211,286.685,Yaw
-0.863,0.221,0.994,1.225,-30.310,131.154,Yaw
-0.523,0.336,0.860,-1.059,9.257,-29.899,Yaw
-0.320,0.601,1.023,-7.079,30.520,-189.525,Yaw
0.552,0.140,1.030,-6.177,-1.592,-285.547,Yaw
-0.135,-0.183,1.072,-17.141,1.076,-286.685,Yaw
-0.002,-0.345,1.028,5.617,-1.768,-286.685,Yaw
-0.319,-0.548,1.046,6.948,0.359,-286.685,Yaw
0.043,0.645,0.532,26.311,-38.911,-286.685,Yaw
0.659,0.226,1.184,24.439,-28.621,-124.311,Yaw
0.179,0.090,1.090,-1.207,-9.494,-1.067,Yaw
0.227,0.225,0.998,4.191,-3.474,42.053,Yaw
0.370,0.113,1.018,-3.640,3.719,235.008,Yaw
0.309,0.143,1.025,-1.811,11.358,286.685,Yaw
0.311,-0.000,1.053,-2.494,20.834,286.685,Yaw
0.083,-0.040,1.021,18.708,6.764,286.685,Yaw
-0.074,0.348,1.033,11.751,2.179,286.685,Yaw
-0.518,0.389,1.027,4.384,0.228,231.140,Yaw
-0.418,0.299,0.999,-0.936,3.098,137.191,Yaw
-0.057,-0.101,1.072,-10.281,0.096,8.864,Yaw
-0.485,0.193,1.025,-0.096,-0.822,-103.757,Yaw
-0.420,0.341,1.083,-5.267,0.936,-270.489,Yaw
-0.071,0.080,0.994,-12.661,5.320,-286.685,Yaw
-0.097,0.141,1.139,42.175,-46.357,-286.685,Yaw
-0.127,0.606,0.882,0.333,-53.909,-286.685,Yaw
0.574,0.311,1.190,-9.669,28.875,-286.598,Yaw
0.623,0.358,1.034,1.654,-12.889,-206.133,Yaw
0.267,-0.109,1.054,2.940,-8.382,-43.295,Yaw
0.239,0.245,0.992,-2.861,-3.990,37.450,Yaw
0.410,-0.146,1.051,0.087,1.995,153.134,Yaw
0.321,0.113,1.040,-2.161,7.814,286.685,Yaw
0.494,0.097,1.011,-6.186,20.221,286.685,Yaw
0.265,0.201,1.067,8.934,13.335,286.685,Yaw
-0.151,0.420,1.009,10.001,3.264,286.685,Yaw
-0.458,0.241,1.045,5.775,1.803,283.124,Yaw
-0.753,0.239,1.042,0.866,-9.144,97.309,Yaw
-0.163,-0.065,0.929,1.006,-5.233,-3.964,Yaw
-0.423,0.071,1.050,-3.693,2.467,-71.094,Yaw
-0.453,0.178,1.030,-3.710,-1.654,-265.396,Yaw
-0.294,0.166,1.099,-28.761,10.964,-286.685,Yaw
0.083,-0.015,1.032,6.589,-5.285,-286.685,Yaw
-0.306,-0.044,0.958,-1.960,-4.900,-286.685,Yaw
-0.132,0.785,0.976,6.746,-6.702,-286.589,Yaw
0.580,0.121,0.921,24.526,-20.790,-242.077,Yaw
0.867,-0.100,1.120,6.746,-17.929,-77.158,Yaw
0.210,0.189,1.021,0.700,-1.164,32.987,Yaw
0.401,-0.144,1.034,3.526,0.892,101.299,Yaw
0.320,-0.076,1.009,-1.776,6.247,243.679,Yaw
0.141,0.121,1.068,0.858,6.414,286.536,Yaw
-0.092,0.078,0.991,2.249,-0.928,222.329,Yaw
-0.263,0.161,1.026,4.375,-0.560,181.283,Yaw
0.009,0.079,1.005,2.441,1.960,137.988,Yaw
-0.185,0.232,1.024,3.185,0.026,122.325,Yaw
-0.464,0.101,1.030,3.369,-4.095,26.731,Yaw
-0.674,0.192,1.001,3.255,-3.132,-8.829,Yaw
-0.320,-0.044,1.004,-5.276,-8.610,-201.311,Yaw
-0.278,0.348,1.047,-17.841,-3.369,-272.790,Yaw
-0.529,0.829,0.865,-48.195,26.311,-286.685,Yaw
0.784,0.468,1.019,-1.452,4.637,-286.685,Yaw
0.954,-0.451,1.119,9.642,-3.246,-276.789,Yaw
0.744,-0.263,1.064,13.904,-16.310,-119.866,Yaw
0.013,-0.112,1.047,6.108,-10.727,-67.699,Yaw
0.002,-0.073,1.061,-1.418,-1.452,-24.763,Yaw
0.386,-0.053,1.006,3.150,-5.548,25.743,Yaw
0.283,-0.031,1.085,10.080,-10.010,88.174,Yaw
0.353,0.128,1.115,40.600,-27.247,216.283,Yaw
0.068,-0.023,1.041,1.514,4.436,286.685,Yaw
-0.003,0.163,1.048,0.306,6.361,286.685,Yaw
0.013,0.485,1.011,2.152,3.307,286.685,Yaw
-0.089,0.079,0.998,6.213,2.135,282.091,Yaw
-0.150,0.081,1.026,4.786,4.681,285.906,Yaw
-0.649,0.131,0.985,2.984,-0.289,215.451,Yaw
-0.444,0.102,1.030,5.407,-5.863,19.714,Yaw
-0.411,0.179,1.039,-4.366,-3.736,-90.738,Yaw
-0.186,0.303,0.987,-0.464,-9.424,-237.974,Yaw
-0.394,0.338,0.989,-12.994,-6.370,-286.536,Yaw
-0.297,0.372,1.067,-49.254,23.538,-286.685,Yaw
0.240,0.083,1.056,4.358,-8.094,-286.685,Yaw
0.473,0.462,1.051,-0.726,0.840,-286.685,Yaw
0.716,-0.179,1.054,7.499,-4.952,-238.700,Yaw
0.346,-0.058,0.996,13.580,-11.489,-159.399,Yaw
-0.046,-0.184,0.972,15.129,-15.654,-65.660,Yaw
0.139,-0.121,1.031,30.826,-24.264,-22.173,Yaw
0.616,-0.278,1.054,5.477,-4.427,58.896,Yaw
0.316,-0.113,1.087,3.010,2.529,254.152,Yaw
0.694,0.035,1.051,-1.732,10.071,286.685,Yaw
0.417,0.278,1.002,2.975,6.668,286.685,Yaw
0.267,0.132,1.027,1.033,10.938,286.685,Yaw
0.002,0.724,0.873,-2.293,12.757,286.685,Yaw
-0.632,0.781,1.029,7.464,0.446,286.370,Yaw
-0.417,0.151,1.021,-0.595,6.711,212.056,Yaw
-0.272,0.056,1.001,0.385,2.004,145.154,Yaw
-0.176,0.111,0.992,2.004,-0.928,72.371,Yaw
-0.035,0.036,1.047,1.024,-7.779,1.610,Yaw
-0.795,0.289,1.013,-5.556,0.438,-51.118,Yaw
-0.747,-0.089,1.013,-10.203,-0.595,-229.040,Yaw
-0.834,0.429,1.099,-24.929,9.389,-286.668,Yaw
0.055,0.865,1.006,11.226,-6.685,-286.685,Yaw
0.481,0.739,0.933,3.780,-6.282,-286.685,Yaw
1.272,-0.339,1.100,11.349,-5.635,-279.344,Yaw
1.187,-0.566,1.151,5.381,-9.538,-129.867,Yaw
0.155,0.112,0.955,9.546,-11.235,17.474,Yaw
0.146,0.179,1.162,29.181,-24.150,63.350,Yaw
0.428,0.075,1.008,2.257,-0.639,104.755,Yaw
0.966,-0.151,1.047,-0.105,4.778,275.082,Yaw
0.038,0.548,0.941,2.616,6.318,286.685,Yaw
-0.126,0.325,1.128,-12.031,17.999,286.685,Yaw
0.329,0.060,0.954,-23.538,21.157,286.685,Yaw
-0.729,0.484,0.956,14.726,-11.988,286.685,Yaw
-0.754,-0.044,1.054,-3.220,4.384,185.159,Yaw
-0.445,-0.122,0.984,-15.015,3.754,52.631,Yaw
-0.656,0.052,1.093,2.056,-6.659,-19.189,Yaw
-1.017,0.179,1.002,-3.141,3.491,-241.281,Yaw
-0.430,0.728,1.063,7.674,-0.735,-286.685,Yaw
0.008,0.799,0.922,5.241,-11.139,-286.685,Yaw
0.998,0.277,1.120,21.061,-19.434,-286.685,Yaw
1.596,-0.641,1.222,37.397,-31.246,-214.008,Yaw
0.344,0.064,1.036,3.115,-5.976,-32.261,Yaw
0.059,0.167,1.020,-1.881,-7.648,-11.165,Yaw
0.775,0.181,1.111,-5.565,-22.934,103.171,Yaw
0.494,0.389,0.641,8.908,55.493,224.753,Yaw
1.033,0.130,1.130,3.168,3.902,284.611,Yaw
-0.107,0.335,0.998,-9.432,4.261,286.685,Yaw
-0.515,0.423,0.971,-2.371,-1.531,286.685,Yaw
-0.330,0.427,1.001,20.921,-15.864,286.685,Yaw
-0.823,0.407,1.072,16.284,-10.036,261.608,Yaw
-0.261,0.016,1.016,-24.552,16.389,149.065,Yaw
-0.484,-0.114,0.969,-5.469,0.726,89.644,Yaw
-0.486,-0.005,1.022,0.096,-3.710,16.179,Yaw
-0.938,-0.018,1.018,0.577,-2.056,-128.275,Yaw
-0.879,0.480,0.999,0.779,-0.376,-286.685,Yaw
-0.258,0.851,1.072,15.006,-6.930,-286.685,Yaw
0.329,0.835,0.967,16.118,-15.785,-286.685,Yaw
1.593,-0.145,1.051,9.222,-18.410,-286.685,Yaw
0.652,-0.010,0.919,22.479,-17.981,-125.195,Yaw
0.285,0.098,1.029,6.851,-8.041,-78.636,Yaw
0.054,0.082,1.035,1.942,-6.641,-44.678,Yaw
0.615,0.014,1.044,-5.749,3.447,35.857,Yaw
0.441,-0.118,0.965,-25.489,17.798,188.974,Yaw
0.137,-0.069,0.984,-13.142,6.685,280.184,Yaw
-0.182,0.310,1.049,-3.736,2.118,286.685,Yaw
-0.248,0.407,1.004,4.716,-0.980,286.519,Yaw
-0.052,0.160,0.966,22.339,-13.151,260.339,Yaw
0.111,0.127,1.062,20.580,-9.791,272.081,Yaw
-0.313,0.220,1.009,0.245,3.010,250.136,Yaw
-0.419,-0.175,1.098,-21.726,12.836,143.999,Yaw
-0.359,0.019,0.739,-33.548,22.680,109.357,Yaw
-0.791,-0.019,1.017,-0.376,0.140,-46.209,Yaw
-0.417,0.182,1.029,6.247,-1.601,-256.419,Yaw
-0.147,0.230,0.989,15.908,-9.284,-286.685,Yaw
0.091,0.208,1.043,9.783,-14.858,-286.685,Yaw
-0.167,0.541,0.965,4.830,-7.315,-286.685,Yaw
0.934,0.119,1.035,7.210,-8.767,-286.685,Yaw
1.367,-0.485,1.106,15.890,-18.874,-267.207,Yaw
0.008,0.022,1.035,20.711,-17.483,-15.304,Yaw
0.021,0.035,1.052,-8.951,3.964,-0.954,Yaw
0.654,-0.040,0.968,1.181,-1.033,84.726,Yaw
0.326,-0.002,1.103,15.216,-9.809,186.060,Yaw
-0.016,0.038,1.003,-31.308,27.038,243.644,Yaw
0.335,-0.112,1.075,-7.000,5.407,285.233,Yaw
0.246,0.352,1.079,-11.104,9.467,286.685,Yaw
-0.318,0.381,1.014,-3.509,1.837,286.685,Yaw
-1.033,0.247,1.007,4.979,-9.800,233.223,Yaw
-0.120,0.069,1.004,-2.940,-2.196,37.590,Yaw
-0.824,-0.118,0.967,3.850,-7.289,-47.171,Yaw
-0.457,0.331,0.980,14.000,-13.974,-188.746,Yaw
-0.370,0.180,1.046,10.404,-20.799,-286.685,Yaw
-0.089,0.637,0.980,8.627,-17.062,-286.685,Yaw
-0.154,0.845,0.990,5.827,-16.590,-286.685,Yaw
0.874,0.679,0.988,0.892,-22.829,-286.685,Yaw
1.443,-0.405,1.057,-0.691,-10.517,-281.671,Yaw
0.495,-0.295,1.066,12.915,-10.176,-122.719,Yaw
0.141,-0.204,1.014,-1.321,-6.545,-26.259,Yaw
0.327,0.027,1.014,-4.532,-3.553,47.040,Yaw
0.545,-0.085,1.039,-5.836,2.581,176.102,Yaw
0.309,0.322,1.017,-2.301,1.278,255.587,Yaw
-0.159,0.048,1.035,0.184,2.730,286.685,Yaw
0.117,0.311,1.049,-0.403,8.094,286.685,Yaw
0.188,0.410,1.039,-0.201,4.944,286.685,Yaw
-0.176,0.767,0.963,-12.066,13.414,286.685,Yaw
-0.056,0.036,1.190,28.516,-13.186,284.979,Yaw
-0.462,0.222,1.034,6.711,5.644,286.186,Yaw
-0.644,-0.009,1.011,20.528,-5.346,194.574,Yaw
-0.258,-0.232,1.008,-5.162,-0.919,64.391,Yaw
0.021,0.031,1.063,3.351,-5.066,0.341,Yaw
-0.003,0.018,1.027,-0.438,0.875,-5.451,Yaw
-0.388,-0.072,1.075,-0.438,-3.378,-91.158,Yaw
-0.403,0.255,0.734,-32.086,21.971,-204.470,Yaw
0.151,0.185,0.977,6.711,-8.663,-179.165,Yaw
0.377,0.066,0.996,18.034,-21.936,-111.834,Yaw
-0.088,0.017,1.020,0.368,-5.477,-89.609,Yaw
-0.060,-0.197,0.630,7.630,-11.209,-121.931,Yaw
0.064,0.004,0.975,-2.529,2.231,-5.976,Yaw
-0.162,0.014,1.018,-2.231,-2.380,-27.466,Yaw
0.546,-0.129,0.988,-1.558,-5.863,-93.861,Yaw
-0.351,0.000,1.025,0.752,-15.085,-250.381,Yaw
-0.229,0.156,0.986,3.981,-17.141,-286.388,Yaw
-0.015,-0.053,1.064,-4.445,-5.871,-280.971,Yaw
0.396,0.112,0.983,-1.916,-11.559,-271.294,Yaw
0.348,0.265,1.053,-6.720,2.126,-129.167,Yaw
0.117,-0.030,1.048,-38.159,27.571,-77.507,Yaw
0.040,-0.121,1.044,1.505,-4.209,-59.859,Yaw
0.088,-0.025,0.909,9.931,-13.615,43.076,Yaw
0.230,-0.013,1.181,50.522,-38.465,121.030,Yaw
0.244,0.184,1.034,-7.052,9.748,286.685,Yaw
0.277,0.201,1.013,3.395,6.195,286.685,Yaw
0.023,0.511,1.050,7.674,5.574,286.685,Yaw
-0.114,0.325,1.004,10.062,5.565,286.685,Yaw
-0.063,0.060,0.962,-2.371,8.243,286.685,Yaw
-0.765,0.128,0.986,6.221,-6.073,217.394,Yaw
-0.144,-0.119,0.998,-4.314,-4.690,15.041,Yaw
0.084,0.213,1.012,-0.096,1.960,-25.358,Yaw
-0.053,0.004,1.022,-1.312,-2.030,-132.624,Yaw
-0.500,-0.104,1.189,-7.945,-1.908,-285.399,Yaw
-0.479,0.087,1.027,5.661,-1.986,-286.685,Yaw
-0.095,0.400,0.935,33.950,-30.616,-286.685,Yaw
0.025,0.047,1.033,11.953,-21.315,-286.685,Yaw
0.187,-0.112,1.059,5.924,-25.716,-286.685,Yaw
0.188,0.039,0.824,5.285,-13.414,-243.976,Yaw
0.244,0.432,0.971,-3.588,-10.754,-150.876,Yaw
0.107,-0.069,1.045,-1.496,-5.924,-19.478,Yaw
-0.011,0.167,0.997,1.452,-2.196,32.112,Yaw
0.588,-0.052,1.023,-7.210,6.869,209.746,Yaw
0.612,0.440,0.974,-8.584,13.422,286.685,Yaw
0.264,0.344,1.045,3.797,8.645,286.685,Yaw
-0.255,0.204,1.017,7.525,6.090,286.685,Yaw
-0.195,0.106,1.031,8.094,5.968,286.685,Yaw
0.064,0.473,0.924,-0.534,6.930,286.685,Yaw
-0.559,0.213,1.050,1.444,3.439,282.660,Yaw
-0.233,0.178,0.999,3.089,-0.280,129.307,Yaw
-0.072,-0.018,1.037,2.345,-3.640,31.167,Yaw
0.012,0.027,1.018,-2.065,-0.280,-1.645,Yaw
0.086,0.415,0.999,2.494,-0.761,-34.090,Yaw
-0.502,-0.221,1.072,0.499,-6.764,-265.580,Yaw
-0.549,0.553,0.799,-42.131,12.390,-286.685,Yaw
-0.065,0.398,1.012,24.587,-16.817,-286.685,Yaw
-0.128,0.461,1.078,10.631,-27.816,-286.685,Yaw
0.043,0.224,1.036,8.663,-35.201,-286.685,Yaw
1.112,0.491,1.058,-13.851,9.266,-171.780,Yaw
0.014,0.027,1.139,-18.025,5.451,-12.985,Yaw
0.317,0.235,0.920,20.589,-14.341,86.433,Yaw
0.344,-0.126,1.031,-0.096,3.561,256.515,Yaw
0.654,0.298,1.057,-9.231,17.308,286.685,Yaw
0.006,0.219,0.872,-7.341,10.185,286.685,Yaw
-0.189,0.099,1.032,13.090,-0.245,286.685,Yaw
-0.339,0.278,0.988,-5.950,17.141,286.685,Yaw
-0.731,0.088,0.962,4.655,7.184,270.568,Yaw
-0.182,0.271,1.004,0.604,-1.129,46.935,Yaw
-0.001,0.016,1.039,-0.840,-1.006,-1.312,Yaw
0.001,0.016,1.012,-2.678,0.735,-5.758,Yaw
-0.315,0.068,1.055,-3.054,-3.447,-159.346,Yaw
-0.541,0.566,0.854,-22.085,14.333,-286.685,Yaw
0.109,0.183,0.985,13.869,-11.454,-286.685,Yaw
0.029,0.090,0.931,26.950,-23.581,-286.685,Yaw
-0.332,0.079,1.024,1.960,-20.886,-286.685,Yaw
0.354,0.519,0.784,-9.328,-12.434,-286.073,Yaw
1.112,0.280,1.095,-2.196,-1.575,-54.539,Yaw
-0.005,0.014,1.020,-8.610,-0.464,-19.705,Yaw
0.034,0.032,0.989,6.720,-7.411,4.847,Yaw
0.509,0.112,1.052,4.856,-4.602,109.104,Yaw
0.801,0.090,1.068,-2.590,14.245,286.641,Yaw
0.153,0.398,0.930,-23.503,24.666,286.685,Yaw
-0.125,0.270,1.159,34.265,-17.850,286.685,Yaw
-0.299,0.328,1.043,-1.312,9.424,286.685,Yaw
-0.603,0.286,0.995,-2.030,9.153,283.413,Yaw
0.010,0.002,1.015,-3.386,-5.355,-0.779,Yaw
-0.149,0.140,1.014,-4.209,-0.630,-7.508,Yaw
-0.296,0.050,1.043,-4.515,-2.205,-129.194,Yaw
-0.085,0.344,1.002,-10.649,12.583,-284.970,Yaw
-0.038,0.052,1.015,6.738,-2.695,-286.685,Yaw
-0.231,-0.168,1.026,15.251,-16.835,-286.685,Yaw
-0.416,0.105,0.900,38.299,-42.516,-286.685,Yaw
0.028,0.294,0.979,-3.045,-21.017,-286.685,Yaw
0.880,0.231,1.083,-1.794,0.368,-145.941,Yaw
0.292,0.238,1.016,-1.102,-3.447,-17.526,Yaw
0.001,-0.049,1.032,2.144,-5.407,-8.129,Yaw
0.368,0.234,0.993,5.215,-8.085,11.637,Yaw
0.706,0.276,1.042,-0.875,14.149,286.650,Yaw
0.464,0.173,1.033,-9.459,22.671,286.685,Yaw
-0.300,0.039,1.102,21.228,-4.839,286.685,Yaw
-0.453,0.306,0.978,6.895,3.132,286.685,Yaw
-0.313,0.146,0.998,-3.430,9.450,273.193,Yaw
-0.255,0.146,0.990,-11.200,7.744,151.156,Yaw
0.006,0.008,1.037,-1.155,-4.532,-1.409,Yaw
-0.182,0.167,0.956,-16.800,6.571,-85.094,Yaw
-0.115,0.080,1.048,-12.863,8.365,-174.562,Yaw
-0.182,0.152,1.042,6.624,-2.144,-286.668,Yaw
0.006,-0.128,1.017,7.438,-3.089,-286.685,Yaw
-0.169,-0.027,0.956,47.329,-44.870,-286.685,Yaw
-0.416,-0.002,1.104,6.580,-41.711,-286.685,Yaw
0.251,0.331,0.954,-6.764,6.361,-282.905,Yaw
0.789,0.313,1.038,-3.273,-0.962,-97.510,Yaw
-0.019,-0.004,1.077,-4.209,0.761,-1.916,Yaw
0.448,-0.012,1.040,3.054,-3.474,93.537,Yaw
0.472,0.427,1.008,-5.749,9.538,286.685,Yaw
0.239,0.279,1.078,-24.124,25.042,286.685,Yaw
-0.199,-0.004,0.892,0.219,1.995,286.685,Yaw
-0.415,0.118,1.029,7.219,-0.831,286.685,Yaw
-0.276,0.094,1.041,2.966,3.797,257.880,Yaw
-0.290,0.150,0.988,4.218,-2.984,121.485,Yaw
-0.094,-0.068,1.045,-6.239,-2.835,24.369,Yaw
-0.184,0.283,1.003,1.015,-3.745,-36.951,Yaw
-0.370,0.131,1.032,-1.636,-6.545,-255.106,Yaw
-0.568,-0.114,1.149,-9.494,-0.919,-286.685,Yaw
-0.379,-0.007,1.054,-9.345,2.459,-286.685,Yaw
-0.091,0.486,1.019,8.426,-28.691,-286.685,Yaw
0.579,0.296,0.984,10.745,1.111,-231.079,Yaw
0.663,0.518,1.010,3.141,-4.821,-148.601,Yaw
-0.019,-0.081,1.035,19.241,-16.853,-76.545,Yaw
0.101,0.052,1.019,2.861,-5.276,-8.085,Yaw
0.397,-0.032,1.020,2.704,-4.235,67.585,Yaw
0.574,0.165,1.060,-7.569,9.021,286.633,Yaw
0.008,0.193,1.103,-11.436,14.682,286.685,Yaw
0.083,-0.063,1.034,-11.016,13.571,286.685,Yaw
0.021,0.183,0.950,13.169,-9.826,286.685,Yaw
-0.670,0.308,1.033,15.295,-11.708,262.666,Yaw
-0.288,0.059,1.019,-5.285,7.753,157.124,Yaw
-0.119,-0.002,1.017,1.776,-0.420,77.814,Yaw
0.013,0.011,1.020,-0.858,-4.086,-1.181,Yaw
-0.287,0.219,1.016,-3.789,1.400,-23.406,Yaw
-0.369,0.129,1.038,-17.587,8.260,-219.818,Yaw
-0.659,0.041,0.966,-23.765,15.767,-286.685,Yaw
-0.226,0.222,0.982,11.821,-3.868,-286.685,Yaw
-0.318,0.469,0.988,15.514,-25.489,-286.685,Yaw
0.158,0.455,1.009,18.314,-21.875,-286.685,Yaw
0.847,-0.043,1.076,6.633,-5.548,-262.938,Yaw
0.523,0.423,0.987,4.095,-8.278,-61.075,Yaw
0.381,0.281,1.061,20.641,-19.154,25.095,Yaw
0.285,-0.166,1.056,2.608,-1.067,142.905,Yaw
0.441,0.218,1.057,-12.119,15.041,286.685,Yaw
0.130,0.423,1.018,-4.926,6.720,286.685,Yaw
-0.003,0.149,1.124,22.733,-8.225,286.685,Yaw
-0.179,-0.150,1.055,11.882,1.505,286.685,Yaw
-0.561,0.212,0.981,8.706,-2.599,278.399,Yaw
-0.255,0.195,1.045,-8.934,4.497,92.942,Yaw
-0.034,-0.071,1.066,-6.081,0.306,2.275,Yaw
0.001,0.009,1.020,-1.400,-1.199,-1.540,Yaw
-0.426,0.228,1.010,-2.398,-2.975,-123.952,Yaw
-0.496,0.113,1.061,-30.573,22.907,-286.685,Yaw
-0.075,0.049,0.965,11.375,-1.934,-286.685,Yaw
-0.255,0.278,0.954,17.386,-33.661,-286.685,Yaw
0.350,-0.190,1.061,-3.990,-6.930,-282.975,Yaw
0.531,0.384,1.066,-7.875,1.969,-171.404,Yaw
0.426,0.292,0.973,5.460,-6.081,-110.302,Yaw
0.023,-0.144,1.081,-1.768,-3.579,-24.701,Yaw
0.466,0.350,1.186,28.779,-19.075,133.761,Yaw
0.345,0.263,0.969,5.976,3.351,269.281,Yaw
0.201,0.010,1.056,-5.968,18.839,286.685,Yaw
-0.063,-0.080,0.940,-7.332,14.061,286.685,Yaw
-0.104,0.149,1.002,18.594,-3.999,286.685,Yaw
-0.424,-0.126,1.053,6.562,5.075,286.685,Yaw
-0.342,0.172,0.994,-4.043,8.321,251.475,Yaw
0.046,0.111,1.030,8.698,-6.519,11.970,Yaw
0.000,0.014,1.050,-2.310,-1.837,-1.654,Yaw
-0.176,0.059,1.017,0.560,-5.976,-73.692,Yaw
-0.064,0.048,1.066,0.691,-6.230,-221.751,Yaw
-0.274,-0.110,1.077,-24.596,12.609,-286.685,Yaw
0.019,0.105,0.956,11.148,-13.650,-286.685,Yaw
-0.211,-0.237,1.195,27.974,-32.287,-286.685,Yaw
-0.231,0.021,1.096,-3.622,-40.644,-286.685,Yaw
-0.070,0.262,0.770,-12.950,-10.377,-286.685,Yaw
0.492,0.008,1.050,1.452,-3.229,-187.364,Yaw
0.478,0.300,1.006,2.284,-7.831,-64.479,Yaw
0.018,0.024,1.047,3.946,-5.617,7.464,Yaw
0.403,0.054,1.017,0.901,6.239,186.970,Yaw
0.417,0.216,1.050,-6.764,19.285,286.685,Yaw
0.079,0.300,1.022,0.691,8.365,286.685,Yaw
-0.285,0.252,0.968,9.940,1.173,286.685,Yaw
-0.458,-0.130,1.012,6.991,5.355,286.685,Yaw
-0.353,-0.062,1.079,-27.423,24.115,282.503,Yaw
-0.261,0.096,1.001,21.691,-16.179,17.430,Yaw
-0.011,0.003,1.040,15.260,-13.493,-0.665,Yaw
-0.395,-0.311,1.053,-2.082,-6.169,-26.110,Yaw
-0.244,0.323,0.725,-54.583,34.256,-182.402,Yaw
-0.089,0.435,0.994,7.525,6.492,-286.589,Yaw
0.147,0.084,1.044,14.420,-12.653,-286.685,Yaw
-0.200,-0.115,0.963,24.351,-24.124,-286.685,Yaw
-0.156,0.058,1.011,2.231,-23.083,-286.685,Yaw
0.186,-0.048,1.170,-7.726,-5.556,-286.685,Yaw
0.202,0.222,0.967,14.254,-12.600,-211.321,Yaw
0.271,-0.077,1.057,8.164,-15.864,-174.842,Yaw
0.325,0.298,1.013,4.270,-4.489,-6.851,Yaw
0.073,-0.053,1.036,1.015,-5.276,1.435,Yaw
0.481,-0.021,1.076,-6.790,11.935,257.040,Yaw
0.415,0.277,1.091,-13.475,19.714,286.685,Yaw
0.193,0.192,0.969,-24.649,21.516,286.685,Yaw
-0.132,0.145,0.920,29.540,-19.110,286.685,Yaw
-0.443,0.100,0.997,7.577,3.054,286.685,Yaw
-0.240,0.069,1.028,-16.231,18.471,286.685,Yaw
-0.214,0.235,0.847,-48.746,31.596,251.169,Yaw
-0.053,-0.031,1.071,22.750,-18.795,10.255,Yaw
0.001,0.012,1.039,3.710,-5.241,-1.111,Yaw
-0.002,0.011,1.032,-7.114,1.820,-1.741,Yaw
-0.196,0.085,0.946,-10.448,2.511,-126.324,Yaw
-0.362,0.075,1.064,7.227,-6.562,-286.685,Yaw
-0.437,-0.031,1.048,5.574,-7.613,-286.685,Yaw
0.184,0.203,0.961,20.151,-13.554,-286.685,Yaw
-0.687,0.246,1.121,11.541,-44.537,-286.685,Yaw
0.307,0.444,0.642,-10.019,-21.324,-286.685,Yaw
0.435,0.190,1.286,3.211,26.110,-250.758,Yaw
0.518,0.195,1.004,0.840,-12.311,-162.496,Yaw
0.023,0.042,1.049,2.047,-2.126,-6.983,Yaw
0.043,0.048,1.000,1.566,-3.666,7.595,Yaw
0.179,0.025,1.046,2.126,1.312,81.340,Yaw
0.510,-0.008,1.024,-4.637,9.091,239.400,Yaw
0.432,0.260,1.050,-15.041,16.074,286.685,Yaw
0.111,0.246,0.952,0.140,8.417,286.685,Yaw
-0.193,0.405,0.991,4.480,1.628,286.685,Yaw
-0.359,0.027,0.997,8.304,2.328,286.685,Yaw
-0.233,0.063,0.970,1.890,3.894,250.005,Yaw
-0.284,-0.032,1.097,-7.017,10.176,212.117,Yaw
-0.131,0.015,0.885,-10.421,6.562,55.510,Yaw
0.011,-0.022,1.046,14.315,-10.045,-3.132,Yaw
-0.163,-0.108,1.070,2.065,-3.693,-43.085,Yaw
-0.257,0.025,1.029,-11.130,6.633,-79.406,Yaw
-0.244,0.189,1.022,6.449,-2.004,-231.149,Yaw
-0.247,0.363,0.981,7.306,-5.644,-286.685,Yaw
-0.111,0.407,1.030,14.158,-17.439,-286.685,Yaw
-0.245,-0.086,1.169,42.341,-39.629,-286.685,Yaw
0.192,0.095,0.957,3.456,-27.221,-286.685,Yaw
0.527,-0.132,1.061,6.020,-9.188,-203.770,Yaw
0.704,0.277,1.027,-6.081,-8.181,-129.150,Yaw
0.156,0.154,1.029,-0.131,-5.215,1.225,Yaw
0.219,-0.133,1.067,1.636,1.916,157.395,Yaw
0.373,0.151,1.014,-0.674,7.849,275.608,Yaw
0.397,0.085,1.045,-7.551,14.245,286.685,Yaw
0.051,0.146,0.969,4.244,6.379,286.685,Yaw
-0.072,0.192,1.042,13.160,-0.770,286.685,Yaw
-0.492,0.155,0.957,9.669,-2.642,286.676,Yaw
-0.472,-0.030,1.007,-2.415,8.094,225.689,Yaw
-0.008,0.024,0.926,-3.369,1.383,55.702,Yaw
0.024,0.143,1.022,5.451,-3.981,28.892,Yaw
-0.288,-0.144,1.054,-7.472,0.831,-25.445,Yaw
-0.209,0.101,0.845,-31.701,22.951,-131.644,Yaw
-0.070,0.261,1.025,8.409,-3.517,-286.685,Yaw
0.136,0.068,1.032,14.779,-13.571,-286.685,Yaw
0.069,-0.266,1.011,27.247,-23.450,-286.685,Yaw
-0.363,-0.004,1.026,-12.574,-14.035,-286.685,Yaw
-0.187,0.174,1.174,38.229,-33.591,-284.795,Yaw
0.485,0.480,1.036,-1.111,-9.231,-167.274,Yaw
0.157,-0.151,1.073,-1.365,-7.052,-12.092,Yaw
0.090,0.037,1.019,2.100,-1.470,43.155,Yaw
0.404,-0.120,1.046,-5.679,6.326,128.599,Yaw
0.475,0.397,1.021,-26.801,23.310,286.685,Yaw
0.226,0.064,1.020,-9.319,12.486,286.685,Yaw
0.034,0.166,0.931,3.745,-4.515,286.685,Yaw
-0.180,0.200,1.120,36.514,-20.440,286.685,Yaw
-0.356,0.260,1.025,0.691,2.520,286.685,Yaw
-0.394,0.182,1.019,-29.654,21.936,181.151,Yaw
-0.001,0.016,0.989,8.024,-15.750,-0.892,Yaw
0.024,0.044,1.088,8.094,-10.369,-1.347,Yaw
-0.248,0.115,0.883,-38.281,22.111,-65.179,Yaw
0.099,0.272,1.030,13.212,0.840,-234.176,Yaw
0.179,0.031,1.064,9.494,0.201,-285.180,Yaw
0.019,0.033,0.982,12.267,-14.831,-286.685,Yaw
-0.597,-0.445,1.004,28.858,-39.760,-286.685,Yaw
-0.707,0.121,1.004,-3.334,-35.525,-286.685,Yaw
0.093,0.422,0.831,-4.060,-4.594,-286.685,Yaw
0.610,0.165,1.033,-2.091,-6.843,-200.130,Yaw
0.536,0.257,1.042,7.088,-13.011,-37.284,Yaw
0.007,0.339,0.991,6.352,-8.382,26.276,Yaw
0.467,0.008,1.042,-6.790,14.954,273.122,Yaw
0.465,0.016,1.021,-9.887,17.544,286.685,Yaw
0.132,0.083,1.013,3.439,3.902,286.685,Yaw
0.033,0.218,0.986,6.073,1.803,286.685,Yaw
-0.272,0.295,1.038,0.499,4.786,286.685,Yaw
-0.498,0.083,0.995,-2.310,3.719,220.474,Yaw
-0.202,0.313,1.029,11.392,-6.694,48.562,Yaw
0.001,0.015,1.037,2.765,-2.293,-0.962,Yaw
-0.356,-0.276,1.048,-5.477,-1.418,-27.974,Yaw
-0.454,-0.110,0.972,-52.176,29.181,-172.533,Yaw
-0.040,0.550,0.900,3.465,6.983,-284.384,Yaw
0.172,0.032,1.093,15.234,-12.425,-286.685,Yaw
-0.123,0.107,0.947,14.525,-17.771,-286.685,Yaw
-0.399,-0.155,1.217,32.786,-37.861,-286.685,Yaw
-0.027,0.297,0.984,0.403,-50.278,-286.685,Yaw
0.907,0.126,1.130,-3.019,10.990,-199.211,Yaw
-0.018,0.007,1.061,-4.358,5.539,-6.501,Yaw
-0.014,-0.015,0.996,-14.954,9.966,-1.610,Yaw
0.395,0.253,0.896,12.355,-14.079,21.446,Yaw
0.252,-0.004,1.047,4.016,2.686,251.755,Yaw
0.644,0.091,1.112,-24.859,28.542,286.685,Yaw
0.302,0.144,0.974,-5.355,11.095,286.685,Yaw
-0.209,0.281,1.013,16.362,-5.985,286.685,Yaw
-0.518,0.450,0.992,-1.365,2.494,286.685,Yaw
-0.677,0.155,1.003,-2.004,6.405,265.913,Yaw
0.019,0.040,1.017,1.820,-4.244,5.556,Yaw
0.007,0.015,1.021,0.892,-3.955,-1.111,Yaw
-0.021,-0.002,1.037,-2.459,0.236,-10.552,Yaw
-0.289,0.009,1.037,-0.858,-2.056,-95.489,Yaw
-0.081,0.253,0.860,-28.709,20.702,-238.219,Yaw
-0.118,0.159,1.021,5.136,-6.939,-286.685,Yaw
-0.023,0.195,1.018,11.847,-11.970,-286.685,Yaw
-0.252,0.020,0.890,20.965,-23.109,-286.685,Yaw
-0.003,0.107,1.019,-0.639,-23.747,-286.685,Yaw
0.362,0.112,0.944,4.174,-3.334,-285.539,Yaw
0.273,-0.023,1.022,14.333,-24.649,-252.971,Yaw
0.218,0.008,1.018,5.784,-12.731,-160.598,Yaw
0.072,0.039,1.032,-1.706,-1.864,-24.719,Yaw
0.163,0.172,1.023,-1.356,-3.859,2.450,Yaw
0.336,-0.054,1.047,-2.039,5.311,177.529,Yaw
0.334,0.195,1.012,-4.218,8.269,286.685,Yaw
0.215,0.368,1.082,-4.883,15.453,286.685,Yaw
0.110,0.079,1.026,4.025,8.575,286.685,Yaw
-0.290,0.034,1.024,12.399,1.960,286.685,Yaw
-0.389,0.207,1.000,1.059,3.771,286.685,Yaw
-0.362,0.139,0.992,-3.815,10.307,196.140,Yaw
0.058,0.286,0.966,12.530,-8.076,38.920,Yaw
-0.065,-0.038,1.038,1.610,-7.052,-2.188,Yaw
-0.232,-0.125,1.014,-6.939,-2.441,-70.910,Yaw
-0.112,0.149,0.996,-1.444,-1.006,-125.247,Yaw
-0.083,0.339,1.044,0.884,-3.378,-272.501,Yaw
0.056,0.076,0.980,-16.747,10.097,-286.685,Yaw
0.031,0.200,0.992,26.968,-25.524,-286.685,Yaw
-0.190,-0.075,1.067,17.605,-33.679,-286.685,Yaw
0.109,0.020,0.909,-1.181,-37.170,-286.685,Yaw
0.559,0.006,1.132,4.200,-2.914,-155.811,Yaw
0.341,0.272,1.001,-6.528,-6.073,-97.641,Yaw
0.009,0.027,1.035,0.009,-4.139,-0.595,Yaw
0.395,0.030,1.020,-0.271,-0.796,70.814,Yaw
0.522,0.281,1.077,-10.334,14.052,286.624,Yaw
0.378,0.267,0.940,-25.629,24.544,286.685,Yaw
-0.078,0.114,0.953,22.934,-14.884,286.685,Yaw
-0.297,-0.101,1.035,9.012,2.004,286.685,Yaw
-0.110,-0.128,1.020,5.740,6.318,286.685,Yaw
-0.283,0.055,0.992,6.064,-0.892,218.759,Yaw
-0.253,0.351,1.003,-6.816,5.066,114.371,Yaw
0.006,0.012,1.045,-3.080,-2.406,-1.251,Yaw
-0.053,0.012,1.019,-2.047,-0.543,-2.432,Yaw
-0.188,0.226,1.000,-0.595,-5.705,-164.649,Yaw
-0.078,0.041,1.066,-0.604,-5.460,-286.449,Yaw
-0.123,-0.106,0.997,7.849,-19.171,-286.685,Yaw
-0.252,-0.309,1.072,7.271,-19.372,-286.685,Yaw
-0.452,0.227,1.065,-1.409,-28.542,-286.685,Yaw
0.294,-0.008,0.912,0.192,0.044,-264.652,Yaw
0.751,0.117,1.018,6.335,-8.829,-144.384,Yaw
-0.011,0.007,1.051,-1.190,-3.850,-6.589,Yaw
0.091,0.064,1.004,0.035,-6.099,15.129,Yaw
0.243,-0.094,1.038,-7.682,9.406,204.523,Yaw
0.396,0.187,1.074,-11.576,14.201,286.580,Yaw
0.240,0.126,0.995,0.018,7.149,286.685,Yaw
-0.106,0.088,1.014,13.948,-2.293,286.685,Yaw
-0.274,0.008,1.026,8.479,2.888,286.685,Yaw
-0.235,0.167,0.990,6.282,0.236,257.364,Yaw
-0.274,0.017,1.022,0.534,0.298,125.720,Yaw
-0.031,0.172,1.035,0.945,-0.613,73.614,Yaw
0.036,0.089,1.044,1.601,-6.606,6.510,Yaw
0.019,0.022,1.023,-0.726,-2.345,-1.374,Yaw
-0.118,0.161,1.009,1.592,-4.576,-91.332,Yaw
-0.104,0.166,1.019,2.678,-7.753,-215.189,Yaw
-0.081,0.082,1.011,4.331,-9.748,-286.685,Yaw
0.026,-0.002,1.036,5.469,-15.864,-286.685,Yaw
-0.197,-0.075,0.991,2.581,-24.771,-286.685,Yaw
-0.340,-0.010,1.011,-0.140,-28.228,-286.685,Yaw
0.253,0.020,1.110,-0.052,-4.847,-202.562,Yaw
0.627,0.257,0.992,-4.209,-4.970,-82.661,Yaw
-0.012,0.009,1.055,-0.595,-1.697,-0.359,Yaw
0.177,-0.081,1.022,-0.236,-2.564,55.046,Yaw
0.356,-0.006,1.013,-8.006,10.824,257.005,Yaw
0.247,0.204,0.988,-4.436,13.344,286.685,Yaw
-0.008,0.065,1.053,7.044,3.902,286.685,Yaw
-0.098,0.006,1.050,4.594,4.148,286.685,Yaw
-0.123,0.059,1.019,4.812,2.800,281.724,Yaw
-0.337,0.197,1.011,3.299,-2.328,132.711,Yaw
-0.064,0.178,1.007,1.278,-4.051,23.257,Yaw
0.013,0.021,1.031,-0.577,-2.783,-1.085,Yaw
-0.081,0.250,1.003,-2.476,1.111,-9.958,Yaw
-0.200,0.214,1.009,0.341,-7.613,-150.894,Yaw
-0.168,0.064,1.032,3.229,-9.879,-286.633,Yaw
-0.255,-0.396,1.050,8.243,-16.686,-286.685,Yaw
-0.343,0.072,0.974,-0.455,-25.366,-286.685,Yaw
0.089,0.460,0.909,-7.026,-11.926,-286.685,Yaw
0.507,0.227,0.995,2.450,-11.786,-210.954,Yaw
0.244,0.122,1.055,0.586,-5.154,-26.119,Yaw
0.015,0.029,1.025,0.507,-4.865,-0.429,Yaw
0.256,-0.183,1.060,-4.918,5.198,123.147,Yaw
0.363,0.095,1.053,-13.711,14.341,281.453,Yaw
0.138,0.103,1.027,-13.029,15.846,286.685,Yaw
0.004,0.043,0.995,1.374,1.059,286.685,Yaw
-0.102,0.002,1.100,21.035,-8.767,286.685,Yaw
-0.259,0.086,0.993,5.198,0.262,247.669,Yaw
-0.368,0.264,0.996,4.952,-4.069,77.586,Yaw
0.018,0.054,1.033,0.245,-5.119,5.530,Yaw
0.003,0.024,1.024,-3.194,-1.164,-1.706,Yaw
-0.203,0.173,1.011,-0.700,-6.729,-131.600,Yaw
-0.206,0.048,1.032,-1.015,-7.927,-257.670,Yaw
-0.317,-0.184,1.027,-5.801,-7.079,-286.685,Yaw
-0.194,0.445,0.934,1.995,-14.700,-286.685,Yaw
-0.120,0.072,1.168,11.533,-28.971,-286.685,Yaw
0.336,0.166,1.003,1.067,-11.839,-282.800,Yaw
0.511,0.195,1.031,0.866,-7.175,-117.819,Yaw
-0.018,-0.073,1.038,-1.461,-3.229,-11.042,Yaw
-0.001,0.016,1.025,0.341,-3.771,-0.613,Yaw
0.249,0.107,1.029,1.365,-0.201,85.689,Yaw
0.510,0.039,1.068,-6.387,10.955,282.144,Yaw
0.342,0.144,1.030,-10.150,16.389,286.685,Yaw
0.099,0.152,0.983,2.791,7.840,286.685,Yaw
-0.123,0.054,0.998,5.320,3.378,286.685,Yaw
-0.183,0.115,1.058,6.466,3.710,286.685,Yaw
-0.404,0.277,1.002,4.637,-0.700,226.292,Yaw
-0.245,0.019,1.017,0.403,-0.586,69.895,Yaw
0.066,0.135,1.049,-3.535,-1.487,25.646,Yaw
0.018,0.004,1.028,-3.596,-2.993,-1.312,Yaw
-0.265,0.127,1.029,-4.191,-1.312,-5.871,Yaw
-0.216,0.285,0.967,-0.175,-4.699,-234.307,Yaw
0.040,-0.047,1.075,1.024,-7.035,-286.685,Yaw
-0.203,-0.014,0.905,-1.024,-9.642,-286.685,Yaw
-0.430,0.194,1.048,6.055,-31.194,-286.685,Yaw
0.045,0.370,0.955,-3.596,-22.461,-286.685,Yaw
0.704,0.196,1.017,5.224,-7.332,-187.635,Yaw
0.597,0.181,1.015,-3.307,-8.260,-101.771,Yaw
0.020,0.038,1.029,-0.061,-4.821,-0.411,Yaw
0.222,-0.100,1.056,-2.100,4.191,95.786,Yaw
0.373,-0.025,1.043,-7.586,8.864,254.231,Yaw
0.249,0.152,1.058,-12.609,14.000,286.685,Yaw
0.086,0.125,0.966,3.124,4.594,286.685,Yaw
0.033,0.183,1.015,13.195,-0.630,286.685,Yaw
-0.068,0.074,1.027,7.709,3.211,286.685,Yaw
-0.267,0.175,0.998,6.431,0.621,286.501,Yaw
-0.333,0.021,1.014,1.155,2.231,175.289,Yaw
-0.181,-0.002,1.020,-5.215,2.293,73.150,Yaw
0.011,0.020,1.035,1.391,-5.364,-0.822,Yaw
0.006,0.021,1.024,-0.831,-2.599,-1.409,Yaw
-0.113,0.184,1.006,-0.114,-3.404,-70.910,Yaw
-0.152,0.196,1.025,2.161,-6.099,-195.458,Yaw
0.029,0.123,0.991,3.465,-12.460,-285.915,Yaw
0.096,-0.024,1.031,7.805,-12.985,-286.685,Yaw
-0.139,-0.259,1.034,8.172,-17.019,-286.685,Yaw
-0.233,-0.109,1.021,4.069,-26.145,-286.685,Yaw
0.157,0.220,1.057,-7.088,-13.090,-280.175,Yaw
0.202,0.265,1.016,5.215,-10.097,-135.371,Yaw
0.239,0.138,1.009,0.472,-9.826,-91.805,Yaw
0.111,0.109,1.027,2.310,-5.145,-12.512,Yaw
0.034,0.240,1.012,0.901,-5.512,7.936,Yaw
0.419,-0.148,1.047,-5.539,12.565,261.170,Yaw
0.407,-0.036,1.039,-11.384,17.850,286.685,Yaw
0.162,-0.052,1.016,-10.307,16.188,286.685,Yaw
0.048,0.118,1.025,22.400,-11.419,286.685,Yaw
-0.267,0.160,1.041,4.156,-0.061,274.601,Yaw
-0.408,0.310,1.008,2.564,-1.829,144.410,Yaw
0.087,0.080,1.026,-6.099,0.131,13.659,Yaw
0.006,0.017,1.018,0.560,-2.030,-1.076,Yaw
-0.001,0.037,1.020,-1.015,-0.035,-1.908,Yaw
-0.119,0.167,1.016,1.050,-5.915,-118.545,Yaw
-0.145,0.083,1.038,3.789,-10.028,-264.521,Yaw
-0.228,-0.053,1.023,8.278,-16.835,-286.685,Yaw
-0.299,-0.279,1.025,6.300,-19.014,-286.685,Yaw
-0.288,0.358,1.008,-0.586,-31.071,-286.685,Yaw
0.786,-0.120,1.006,0.262,-0.586,-183.969,Yaw
0.502,0.113,1.047,3.168,-6.274,-24.237,Yaw
-0.095,0.150,1.010,3.675,-9.292,-66.859,Yaw
0.108,-0.028,1.037,3.307,-5.512,-74.139,Yaw
0.040,-0.088,1.026,4.130,-5.434,-44.888,Yaw
0.009,0.023,1.029,-0.455,-2.634,-2.047,Yaw
0.251,-0.028,1.032,-3.841,1.995,87.929,Yaw
0.184,0.157,1.031,-6.580,6.939,270.025,Yaw
0.371,0.037,1.057,-6.571,14.551,286.685,Yaw
0.099,0.001,1.034,4.095,10.710,286.685,Yaw
-0.129,0.150,1.023,9.546,6.668,286.685,Yaw
-0.025,0.254,1.005,-11.462,18.392,286.685,Yaw
-0.336,-0.089,0.880,-20.046,24.421,284.742,Yaw
-0.283,0.319,0.998,0.219,-0.376,89.880,Yaw
0.026,0.128,1.038,1.706,-3.544,12.898,Yaw
-0.001,0.008,1.018,-1.181,-2.599,-1.312,Yaw
-0.347,-0.142,1.105,-5.233,1.286,-15.382,Yaw
-0.303,0.067,0.882,-39.716,21.840,-192.255,Yaw
-0.017,0.579,0.952,7.656,-2.555,-286.685,Yaw
-0.110,0.160,1.031,14.621,-10.246,-286.685,Yaw
-0.075,0.265,0.893,55.326,-47.810,-286.685,Yaw
-0.437,-0.054,1.016,13.939,-25.961,-286.685,Yaw
-0.308,0.167,1.029,-1.829,-30.984,-286.685,Yaw
0.569,0.092,1.053,-5.775,-1.942,-279.379,Yaw
0.683,0.197,1.009,-4.095,-8.269,-169.348,Yaw
-0.013,0.014,1.072,-0.079,-0.070,-1.864,Yaw
0.070,0.011,1.028,-1.951,-4.279,0.499,Yaw
0.481,-0.079,1.077,-6.221,9.677,230.038,Yaw
0.522,0.310,1.067,-14.665,18.725,286.685,Yaw
0.283,0.319,0.934,16.214,-1.444,286.685,Yaw
-0.097,0.076,1.027,8.715,4.952,286.685,Yaw
-0.116,0.085,0.994,3.973,6.440,286.685,Yaw
-0.402,0.177,1.099,-9.625,14.516,286.685,Yaw
-0.469,0.365,0.880,-45.920,31.929,221.594,Yaw
-0.095,0.155,1.064,29.400,-22.628,3.054,Yaw
-0.001,0.018,1.044,0.271,-3.159,-1.242,Yaw
-0.343,0.192,0.932,-19.670,6.528,-69.545,Yaw
-0.095,0.394,0.984,-2.056,-5.906,-191.747,Yaw
-0.323,0.135,1.013,-7.534,0.534,-286.685,Yaw
0.087,-0.052,1.016,27.878,-20.974,-286.685,Yaw
0.156,-0.070,1.015,24.911,-26.556,-286.685,Yaw
-0.197,-0.020,1.038,19.941,-22.251,-286.685,Yaw
-0.244,0.289,0.918,-21.516,-27.528,-286.685,Yaw
0.378,-0.065,1.094,3.071,-10.474,-225.076,Yaw
0.544,0.180,1.012,-4.673,-7.910,-168.822,Yaw
0.430,-0.049,1.044,1.558,-7.429,-75.136,Yaw
0.002,0.022,1.025,-2.257,-1.400,-0.814,Yaw
0.235,0.340,0.988,3.701,0.630,87.229,Yaw
0.373,-0.093,1.033,-1.592,5.128,213.561,Yaw
0.284,0.182,1.059,-7.411,13.239,286.685,Yaw
0.044,0.207,1.027,4.113,6.003,286.685,Yaw
-0.053,0.094,1.005,3.474,5.600,286.685,Yaw
-0.180,0.079,1.009,5.093,5.023,286.685,Yaw
-0.241,0.158,1.060,-6.571,8.645,267.872,Yaw
-0.220,0.168,1.053,-10.552,7.604,126.096,Yaw
-0.141,0.184,1.030,2.879,-4.200,13.913,Yaw
0.012,0.039,1.067,-2.082,-0.368,-1.426,Yaw
-0.131,0.206,0.978,7.166,-10.631,-91.525,Yaw
-0.149,0.215,1.018,4.069,-10.465,-219.529,Yaw
-0.364,0.017,1.041,5.565,-17.780,-286.685,Yaw
-0.028,0.189,0.986,6.930,-17.386,-286.685,Yaw
0.023,0.074,1.041,6.676,-23.310,-286.685,Yaw
0.047,0.033,0.986,1.881,-25.375,-286.685,Yaw
0.444,-0.220,0.998,4.847,-10.106,-241.754,Yaw
0.354,0.079,1.024,0.674,-6.659,-83.143,Yaw
-0.038,0.135,1.029,1.138,-5.119,-23.581,Yaw
0.002,0.017,1.033,-0.586,-5.880,-0.438,Yaw
0.270,0.060,1.030,2.625,0.849,106.855,Yaw
0.361,0.060,1.029,-5.565,10.167,284.366,Yaw
0.289,0.186,0.993,-5.407,10.255,286.685,Yaw
-0.110,-0.040,1.006,9.879,6.501,286.685,Yaw
-0.282,0.017,1.003,12.364,9.922,286.685,Yaw
-0.202,-0.069,1.032,-4.769,17.150,286.685,Yaw
-0.194,0.202,0.886,-35.324,29.085,262.404,Yaw
-0.093,0.305,1.008,18.445,-13.466,32.944,Yaw
0.002,0.022,1.033,-2.074,-3.622,-1.041,Yaw
0.004,0.008,1.022,-3.098,-2.966,-1.234,Yaw
0.013,0.113,1.003,-2.590,0.464,-2.555,Yaw
-0.207,0.107,1.090,-6.090,-0.543,-145.180,Yaw
-0.184,0.186,0.994,-11.174,6.738,-257.469,Yaw
0.128,0.018,0.990,15.899,-11.856,-270.839,Yaw
-0.109,-0.031,1.040,29.733,-28.070,-286.615,Yaw
-0.332,-0.450,1.017,9.818,-24.430,-286.685,Yaw
-0.218,-0.065,1.019,-1.321,-25.830,-286.685,Yaw
0.313,0.293,1.040,-7.140,-2.852,-265.300,Yaw
0.234,0.122,1.036,2.818,-7.709,-115.150,Yaw
0.188,0.119,1.014,4.156,-10.010,-120.838,Yaw
0.080,-0.111,1.044,1.470,-6.134,-82.591,Yaw
-0.035,0.266,1.003,2.616,-0.691,-33.679,Yaw
0.423,-0.222,1.048,-4.568,-1.505,34.571,Yaw
0.448,0.269,1.012,-5.355,2.249,232.312,Yaw
0.317,0.221,1.035,-3.841,9.222,286.685,Yaw
-0.234,-0.131,1.027,5.932,5.364,286.685,Yaw
-0.355,-0.140,1.041,4.279,8.566,286.685,Yaw
-0.217,-0.129,1.047,-2.826,10.404,272.580,Yaw
-0.026,0.297,1.034,-10.981,10.552,172.533,Yaw
0.042,0.074,1.098,14.114,-15.015,4.375,Yaw
0.016,0.023,1.051,-5.031,-0.376,-1.575,Yaw
-0.071,0.237,1.070,13.431,-12.941,-69.668,Yaw
-0.178,0.029,1.019,3.649,-8.776,-250.749,Yaw
-0.240,-0.143,1.040,5.171,-12.241,-286.685,Yaw
-0.103,0.281,0.989,4.751,-19.451,-286.685,Yaw
0.003,0.289,1.060,5.049,-16.048,-286.685,Yaw
0.226,0.018,1.026,2.809,-13.344,-286.685,Yaw
0.628,-0.203,1.037,0.018,-7.490,-159.014,Yaw
0.013,0.073,1.041,-1.041,-2.949,-34.134,Yaw
0.006,0.014,1.024,-1.820,-2.984,-0.403,Yaw
0.368,-0.016,1.035,-3.378,0.525,141.689,Yaw
0.358,-0.012,1.056,-3.806,5.049,277.471,Yaw
0.058,0.078,0.958,-4.419,10.587,286.685,Yaw
-0.137,0.067,1.022,7.534,-0.875,286.685,Yaw
-0.163,-0.103,1.056,1.811,5.530,286.685,Yaw
0.000,-0.086,1.003,1.330,7.096,285.504,Yaw
-0.108,0.028,1.014,2.879,1.768,191.100,Yaw
-0.246,0.354,1.002,0.875,1.251,105.901,Yaw
0.006,0.111,1.039,0.543,-3.640,6.597,Yaw
-0.054,0.123,1.007,-1.347,-0.551,-4.401,Yaw
-0.181,0.103,1.009,1.776,-8.278,-142.923,Yaw
-0.233,0.010,1.034,1.601,-8.767,-261.861,Yaw
-0.183,0.214,1.007,1.899,-12.898,-286.685,Yaw
-0.091,0.246,0.994,6.536,-19.206,-286.685,Yaw
-0.275,0.256,0.979,4.839,-28.368,-286.685,Yaw
0.173,-0.045,1.070,1.216,-19.355,-286.685,Yaw
0.602,-0.121,1.092,1.102,-8.741,-212.056,Yaw
0.191,0.241,1.011,0.359,-13.615,-177.284,Yaw
0.118,0.057,1.037,1.155,-1.732,-19.119,Yaw
0.041,0.052,1.018,1.864,-5.617,0.201,Yaw
0.266,-0.028,1.083,0.892,3.430,178.089,Yaw
0.522,0.159,1.042,-6.405,17.614,286.685,Yaw
0.464,0.340,1.084,-6.878,13.851,286.685,Yaw
-0.015,0.038,1.057,8.304,5.994,286.685,Yaw
-0.471,0.101,0.995,4.191,9.389,286.685,Yaw
-0.674,0.441,1.059,-6.983,8.837,209.633,Yaw
-0.069,0.348,1.048,-6.773,7.604,72.223,Yaw
-0.000,0.007,1.052,-1.452,-2.170,-0.919,Yaw
-0.012,0.019,1.022,-2.179,-3.054,-1.610,Yaw
-0.265,0.210,1.014,-0.691,-5.600,-121.345,Yaw
-0.132,0.310,1.029,3.334,-8.794,-252.166,Yaw
-0.188,0.010,1.007,8.409,-16.476,-286.685,Yaw
-0.038,-0.052,1.026,7.009,-13.248,-286.685,Yaw
-0.255,0.030,1.071,1.452,-17.675,-286.685,Yaw
0.126,0.113,1.010,-2.572,-18.830,-286.685,Yaw
0.621,0.112,1.061,6.781,-5.215,-130.349,Yaw
0.536,0.258,1.028,2.914,-11.926,-36.041,Yaw
0.017,0.070,1.023,1.846,-8.172,-0.140,Yaw
0.204,-0.065,1.050,0.866,2.196,97.370,Yaw
0.459,-0.030,1.067,-8.076,14.962,286.361,Yaw
0.566,0.168,1.065,-9.555,15.619,286.685,Yaw
0.002,-0.056,1.062,4.349,7.875,286.685,Yaw
-0.391,0.216,0.960,3.736,4.760,286.685,Yaw
-0.471,0.107,1.076,-18.655,19.714,234.299,Yaw
-0.061,0.292,0.814,-38.868,29.129,115.798,Yaw
-0.018,-0.018,1.034,12.653,-13.571,-0.087,Yaw
-0.002,0.014,1.044,12.092,-12.241,-0.971,Yaw
-0.288,-0.106,1.079,-5.889,2.494,-58.940,Yaw
-0.278,0.254,0.986,3.894,-6.807,-191.152,Yaw
-0.070,0.302,0.987,-1.225,-4.349,-286.685,Yaw
0.162,0.194,1.168,34.528,-30.923,-286.685,Yaw
0.068,0.172,1.072,8.365,-14.516,-286.685,Yaw
0.078,-0.215,1.017,6.090,-20.186,-286.685,Yaw
0.070,0.161,0.975,-4.891,-14.070,-280.184,Yaw
0.327,0.005,1.065,9.538,-10.868,-96.600,Yaw
0.115,0.165,1.025,0.446,-4.323,-27.711,Yaw
-0.001,0.020,1.029,1.146,-5.548,-0.394,Yaw
0.313,-0.074,1.024,-2.581,0.822,126.114,Yaw
0.421,0.022,1.024,-7.508,10.631,271.819,Yaw
0.306,0.263,0.995,4.349,7.613,286.685,Yaw
0.158,0.210,1.040,8.356,7.175,286.685,Yaw
-0.167,-0.173,1.058,6.099,4.909,286.685,Yaw
-0.550,0.436,1.027,-5.766,5.793,286.073,Yaw
-0.130,0.372,1.018,-2.905,2.669,67.716,Yaw
0.002,0.010,1.054,-1.120,-0.131,-1.426,Yaw
-0.107,0.183,1.008,1.558,-2.188,-15.033,Yaw
-0.167,0.149,1.018,1.365,-5.793,-120.382,Yaw
-0.234,0.109,1.040,1.724,-8.960,-270.979,Yaw
0.000,0.179,1.026,5.959,-14.551,-286.685,Yaw
-0.130,0.213,1.015,6.239,-18.436,-286.685,Yaw
-0.316,0.203,1.045,6.702,-27.983,-286.685,Yaw
0.158,-0.130,0.988,7.149,-21.665,-286.685,Yaw
0.573,-0.126,0.964,10.614,-16.153,-195.729,Yaw
0.421,0.208,1.027,-1.365,-12.635,-130.646,Yaw
-0.013,-0.011,1.026,-0.586,-2.616,-21.114,Yaw
0.064,0.082,1.026,0.280,-6.554,2.004,Yaw
0.302,-0.008,1.036,-3.027,2.529,116.725,Yaw
0.446,0.345,1.022,-9.520,11.786,286.668,Yaw
0.287,0.136,1.022,-6.965,15.190,286.685,Yaw
-0.164,-0.142,1.012,10.141,1.864,286.685,Yaw
-0.327,0.071,0.974,11.743,2.721,286.685,Yaw
-0.566,0.018,0.930,6.510,4.497,263.926,Yaw
0.030,0.022,1.028,-9.354,9.188,131.801,Yaw
0.055,0.209,0.988,8.146,-3.710,47.556,Yaw
0.061,0.116,1.012,-0.595,-4.769,12.976,Yaw
-0.224,-0.087,1.036,-6.492,-2.467,-6.773,Yaw
-0.339,0.214,1.010,-2.004,-2.082,-171.106,Yaw
-0.312,0.230,1.040,4.900,-9.721,-286.011,Yaw
0.057,-0.053,1.003,5.819,-11.655,-286.685,Yaw
-0.456,-0.206,1.058,9.222,-18.856,-286.685,Yaw
-0.330,0.164,0.948,2.004,-32.568,-286.685,Yaw
0.480,0.407,0.917,-4.725,-9.406,-284.909,Yaw
0.674,0.224,1.049,1.820,-8.698,-159.976,Yaw
0.027,0.037,1.035,3.159,-5.198,-52.859,Yaw
-0.012,0.023,1.022,-0.735,-1.216,-5.644,Yaw
0.459,0.120,1.010,-3.430,-1.750,105.700,Yaw
0.459,0.184,1.010,-6.344,9.056,286.685,Yaw
0.263,0.112,1.077,-7.665,12.731,286.685,Yaw
0.146,-0.032,1.047,2.608,8.855,286.685,Yaw
-0.097,0.248,1.000,10.185,5.049,286.685,Yaw
-0.637,0.389,1.028,-3.675,5.495,280.219,Yaw
-0.520,0.197,1.023,-3.307,5.976,132.659,Yaw
0.011,0.012,1.043,0.368,-1.050,-0.726,Yaw
-0.065,-0.030,1.031,-2.205,-1.645,-1.969,Yaw
-0.368,0.055,1.028,-7.131,-0.245,-98.604,Yaw
-0.088,0.374,1.014,2.765,-5.854,-229.880,Yaw
-0.320,0.137,1.050,6.571,-15.881,-286.685,Yaw
-0.000,0.087,1.027,7.621,-16.406,-286.685,Yaw
-0.207,0.225,1.043,5.443,-24.824,-286.685,Yaw
0.371,0.011,1.080,4.699,-17.150,-286.685,Yaw
0.558,0.044,1.091,9.266,-13.248,-218.374,Yaw
0.368,0.323,1.019,-1.619,-10.780,-89.574,Yaw
-0.000,0.023,1.059,-4.270,-0.236,-1.181,Yaw
0.298,0.288,0.995,1.934,-4.883,65.459,Yaw
0.550,0.146,1.042,-1.811,10.325,286.519,Yaw
0.468,-0.039,1.054,-5.758,18.366,286.685,Yaw
0.017,0.014,0.986,10.500,5.495,286.685,Yaw
-0.196,0.342,0.959,12.644,3.019,286.685,Yaw
-0.424,0.097,1.027,-4.209,13.309,286.685,Yaw
-0.416,0.058,1.026,-8.015,11.734,212.301,Yaw
0.016,0.153,1.017,7.927,-0.884,39.051,Yaw
-0.041,0.101,1.025,-0.446,-1.033,15.881,Yaw
-0.358,-0.232,1.121,-13.387,0.009,-79.371,Yaw
-0.215,0.241,0.889,-24.281,15.741,-139.344,Yaw
-0.196,0.464,0.997,9.975,-7.508,-277.200,Yaw
-0.022,0.655,0.993,49.682,-41.423,-286.685,Yaw
-0.227,0.172,0.998,6.379,-20.099,-286.685,Yaw
0.119,-0.049,1.024,8.137,-25.051,-286.685,Yaw
0.419,0.125,1.014,-6.344,-10.483,-286.685,Yaw
0.480,0.320,1.082,7.061,-17.491,-187.416,Yaw
0.371,0.193,1.039,0.166,-5.871,-56.210,Yaw
0.375,0.178,0.984,-0.096,-3.150,26.005,Yaw
0.369,0.304,1.012,-1.732,2.966,243.600,Yaw
0.418,0.305,1.027,0.114,10.325,286.685,Yaw
0.435,0.102,1.065,-7.875,15.908,286.685,Yaw
-0.030,0.198,1.014,11.882,-0.525,286.685,Yaw
-0.268,0.310,1.019,11.996,-4.865,286.685,Yaw
-0.500,0.380,0.919,-1.741,7.376,286.685,Yaw
-0.500,0.239,1.083,-3.168,9.590,145.075,Yaw
0.023,0.033,1.042,3.395,-3.929,-0.928,Yaw
-0.203,-0.132,1.045,-3.141,-3.176,-5.836,Yaw
-0.380,0.257,1.026,-10.850,1.304,-108.824,Yaw
-0.093,0.211,1.000,-19.670,14.271,-242.970,Yaw
-0.171,0.440,0.897,38.124,-35.236,-286.685,Yaw
-0.147,0.207,1.038,4.323,-17.736,-286.685,Yaw
-0.230,0.326,1.003,8.908,-21.446,-286.685,Yaw
0.546,0.352,0.918,5.670,-36.286,-286.685,Yaw
1.403,-0.473,1.073,7.910,-4.340,-185.500,Yaw
-0.061,0.301,1.040,-2.441,-7.175,-41.283,Yaw
0.375,0.222,0.985,1.207,-7.245,9.126,Yaw
0.135,0.019,1.045,0.691,-2.756,155.820,Yaw
0.301,0.084,1.048,-6.492,7.411,265.212,Yaw
0.352,0.116,1.040,-2.231,12.766,286.685,Yaw
0.173,0.014,0.968,4.944,6.440,286.685,Yaw
0.144,0.113,1.010,8.855,4.681,286.685,Yaw
-0.063,0.061,0.967,11.156,3.526,286.685,Yaw
-0.621,0.109,1.077,-7.359,10.334,285.031,Yaw
-0.413,0.309,0.881,-27.484,27.195,159.810,Yaw
0.032,0.060,0.963,1.146,3.194,74.681,Yaw
-0.112,-0.057,1.073,-1.033,-8.837,-49.464,Yaw
-0.328,0.201,1.021,-2.301,-6.090,-94.780,Yaw
-0.441,0.469,1.061,14.070,-17.850,-280.875,Yaw
-0.414,0.224,0.995,4.637,-15.041,-286.685,Yaw
-0.510,0.244,1.038,2.459,-19.058,-286.685,Yaw
0.129,0.440,1.029,9.415,-30.529,-286.685,Yaw
0.898,0.274,0.963,-9.240,-21.184,-286.685,Yaw
0.711,-0.005,1.062,6.291,-11.970,-180.906,Yaw
-0.020,-0.012,1.082,-4.436,-3.351,-1.776,Yaw
0.336,0.290,0.995,9.231,-4.471,101.614,Yaw
0.290,-0.058,1.033,3.693,0.980,157.946,Yaw
0.304,-0.116,0.993,-0.919,5.084,285.574,Yaw
0.301,0.091,1.014,-3.089,13.387,286.685,Yaw
0.178,0.050,1.062,0.236,8.312,286.685,Yaw
0.042,0.192,1.075,3.307,6.983,286.685,Yaw
-0.138,0.347,0.970,1.242,4.218,285.775,Yaw
-0.756,0.220,0.994,1.181,0.123,116.839,Yaw
-0.648,0.530,1.110,-9.660,8.068,29.129,Yaw
-0.292,0.195,1.097,37.721,-26.924,-72.371,Yaw
-0.914,0.246,1.012,2.809,-15.146,-286.545,Yaw
-0.996,0.129,1.079,4.008,-22.925,-286.685,Yaw
0.101,0.617,1.017,-5.801,-21.665,-286.685,Yaw
0.927,0.898,0.823,-23.415,-0.271,-286.641,Yaw
0.743,0.111,1.063,3.929,-11.541,-139.361,Yaw
0.267,0.238,1.023,3.832,-4.156,-27.458,Yaw
0.610,0.368,0.999,3.281,-2.074,15.417,Yaw
0.389,-0.055,1.043,1.829,0.376,210.367,Yaw
0.394,0.220,1.018,-4.769,11.401,286.685,Yaw
0.351,0.117,1.048,0.446,16.494,286.685,Yaw
0.136,0.158,1.034,4.883,6.387,286.685,Yaw
0.048,0.450,1.018,8.085,2.870,286.685,Yaw
-0.153,0.471,1.007,3.517,4.174,285.836,Yaw
-0.750,0.493,0.988,-5.644,10.413,267.601,Yaw
-0.391,-0.311,1.055,-2.179,-0.087,48.571,Yaw
-0.198,0.225,0.930,8.382,-8.592,-25.673,Yaw
-0.226,0.129,1.041,-0.052,-3.631,-101.911,Yaw
-0.126,0.172,1.010,7.919,-10.377,-277.926,Yaw
-0.393,-0.185,1.060,13.134,-25.778,-286.685,Yaw
-0.939,0.199,1.033,7.892,-31.062,-286.685,Yaw
0.051,0.829,0.915,-9.748,-20.265,-286.685,Yaw
0.775,0.104,1.074,-9.686,-5.836,-286.685,Yaw
0.773,-0.075,1.056,9.389,-11.882,-114.231,Yaw
0.200,-0.039,1.047,2.564,-5.320,-37.660,Yaw
0.229,0.075,1.029,-3.850,0.201,63.359,Yaw
0.437,0.194,1.028,-0.385,0.166,188.309,Yaw
0.485,0.249,0.987,1.164,6.352,286.685,Yaw
0.158,0.329,1.099,12.267,-0.472,286.685,Yaw
-0.023,0.231,0.988,6.676,1.391,286.685,Yaw
-0.589,0.184,1.031,4.576,0.368,265.379,Yaw
-0.287,0.141,1.029,-0.359,4.235,188.116,Yaw
-0.119,0.128,1.003,3.946,-0.429,137.664,Yaw
-0.083,0.008,1.039,-5.198,4.489,115.412,Yaw
-0.238,-0.002,1.005,4.148,-4.611,65.389,Yaw
-0.143,-0.022,1.033,-1.977,-0.026,46.646,Yaw
-0.450,0.069,1.014,-0.289,2.135,-68.145,Yaw
0.001,0.181,1.001,4.008,-2.608,-228.952,Yaw
-0.096,0.003,1.053,0.805,-5.040,-285.005,Yaw
-0.492,0.127,1.070,-38.728,15.015,-286.685,Yaw
-0.282,0.342,0.986,24.938,-24.561,-286.685,Yaw
0.549,0.332,0.861,20.764,-35.647,-286.685,Yaw
0.884,0.011,1.073,-13.895,-1.855,-279.212,Yaw
0.475,0.092,1.044,4.287,-10.167,-93.660,Yaw
-0.009,-0.054,1.037,3.447,-6.326,-10.194,Yaw
0.031,0.016,1.013,-1.269,-0.455,6.003,Yaw
0.498,-0.073,1.053,-3.806,2.975,111.177,Yaw
0.462,0.051,1.022,-2.188,3.815,275.730,Yaw
0.440,0.256,0.913,-13.562,15.575,286.685,Yaw
0.372,0.137,1.081,5.390,4.506,286.685,Yaw
0.007,0.488,0.994,9.581,2.608,286.685,Yaw
-0.211,0.482,1.046,8.111,1.365,286.685,Yaw
-0.496,0.360,0.985,1.977,4.235,246.260,Yaw
-0.515,0.182,1.023,1.452,0.709,165.795,Yaw
-0.234,0.106,1.060,-2.450,-0.245,74.848,Yaw
-0.004,-0.019,1.012,-2.957,-1.330,1.234,Yaw
-0.181,0.053,1.012,0.490,-1.610,-3.456,Yaw
-0.108,0.135,1.020,2.975,-4.594,-98.604,Yaw
-0.217,0.155,1.047,6.519,-11.235,-247.887,Yaw
-0.313,0.137,1.035,14.227,-19.355,-286.685,Yaw
-0.774,-0.337,1.188,48.615,-25.673,-286.685,Yaw
-0.376,0.922,0.549,55.309,-69.099,-286.685,Yaw
1.385,0.071,1.106,-109.707,-14.910,-285.250,Yaw
0.798,0.128,1.057,-38.159,-17.413,-178.202,Yaw
0.116,0.198,1.023,-9.415,-8.382,-54.451,Yaw
0.146,0.039,1.030,-6.099,-0.709,-26.985,Yaw
0.021,0.041,1.077,-7.385,1.908,-2.231,Yaw
0.258,0.183,0.927,-6.309,1.549,6.457,Yaw
0.357,-0.319,1.068,7.805,-5.460,97.545,Yaw
0.411,-0.121,1.041,-3.150,8.102,284.244,Yaw
0.469,0.228,1.091,-12.565,14.980,286.685,Yaw
0.216,0.376,1.050,6.641,7.963,286.685,Yaw
-0.203,0.451,0.978,4.209,3.176,286.685,Yaw
-0.123,0.234,0.998,3.868,5.320,285.801,Yaw
-0.185,0.090,1.012,2.319,1.242,232.803,Yaw
-0.460,0.221,1.019,-3.868,0.971,129.973,Yaw
-0.093,-0.058,1.019,-0.892,-2.450,36.339,Yaw
-0.074,-0.091,1.017,-0.752,-1.584,-2.669,Yaw
-0.221,0.164,1.035,4.270,-5.775,-55.344,Yaw
-0.488,0.210,1.008,6.423,-10.465,-249.699,Yaw
-0.238,-0.009,1.019,6.659,-13.361,-286.685,Yaw
-0.383,-0.080,1.050,3.902,-14.796,-286.685,Yaw
-0.162,0.245,0.988,-38.264,-31.736,-286.685,Yaw
-0.219,0.535,0.891,-16.712,2.118,-286.685,Yaw
0.798,0.347,1.052,10.579,-18.909,-273.866,Yaw
0.685,-0.003,1.069,1.216,-12.250,-115.220,Yaw
0.013,0.025,1.049,0.376,-4.340,-3.395,Yaw
0.007,0.013,1.020,1.033,-4.812,-0.525,Yaw
0.363,0.057,1.016,5.968,-5.827,21.149,Yaw
0.450,-0.110,1.053,-0.228,2.966,184.721,Yaw
0.404,0.096,1.047,-2.152,9.380,286.685,Yaw
0.113,0.190,1.078,3.062,7.052,286.685,Yaw
-0.048,0.281,1.021,5.224,7.394,286.685,Yaw
0.053,0.447,1.012,3.351,8.225,286.685,Yaw
-0.124,0.288,1.016,4.358,1.986,286.046,Yaw
-0.385,0.193,1.022,3.596,-0.087,209.501,Yaw
-0.538,-0.082,1.023,1.286,-4.952,96.521,Yaw
-0.072,-0.072,1.013,-3.080,-0.166,30.450,Yaw
-0.421,0.131,1.022,0.438,-3.570,-62.939,Yaw
-0.327,0.264,1.004,0.936,-6.055,-173.766,Yaw
-0.134,0.185,1.025,1.505,-8.523,-286.685,Yaw
-0.350,0.025,1.073,0.858,-14.884,-286.685,Yaw
-0.148,0.265,1.111,-34.991,-1.514,-286.685,Yaw
0.235,0.313,0.800,3.474,2.432,-286.685,Yaw
0.372,0.357,1.079,3.483,-9.660,-249.716,Yaw
0.565,-0.036,1.057,6.851,-9.214,-137.349,Yaw
0.302,-0.127,1.062,9.879,-12.259,-43.321,Yaw
0.157,0.117,0.938,4.489,-8.102,2.249,Yaw
0.140,0.062,1.062,11.034,-9.704,69.405,Yaw
0.313,-0.109,1.029,0.061,5.329,237.169,Yaw
0.416,0.081,1.045,0.105,7.070,286.676,Yaw
0.260,0.032,1.054,-1.330,12.854,286.685,Yaw
0.011,0.311,0.973,3.789,8.330,286.685,Yaw
-0.289,0.278,1.013,9.800,4.296,286.685,Yaw
-0.369,0.278,1.001,6.151,2.179,263.130,Yaw
-0.256,0.205,1.023,0.613,-0.971,138.740,Yaw
-0.054,0.059,1.050,-6.247,2.135,82.232,Yaw
0.100,-0.088,1.074,-7.551,-3.194,27.921,Yaw
-0.348,0.164,1.002,-4.095,2.730,-9.292,Yaw
-0.254,0.140,1.018,2.467,-4.918,-179.209,Yaw
-0.021,0.182,1.055,5.329,-7.236,-286.396,Yaw
0.043,0.096,1.011,1.531,-9.109,-286.685,Yaw
-0.025,-0.156,1.062,-4.497,-17.071,-286.685,Yaw
-0.052,0.538,0.922,-20.142,11.541,-286.685,Yaw
-0.001,0.031,1.032,5.609,-12.337,-286.685,Yaw
0.419,-0.013,1.063,0.403,-5.329,-164.238,Yaw
0.173,-0.122,1.062,-0.481,-5.364,-29.146,Yaw
-0.007,-0.013,1.011,0.219,-6.134,-0.306,Yaw
0.183,0.145,1.007,10.167,-9.861,35.228,Yaw
0.352,-0.050,1.111,20.300,-11.681,143.859,Yaw
0.297,-0.038,1.029,1.803,4.340,273.087,Yaw
0.182,0.209,1.016,-1.750,6.930,286.685,Yaw
0.058,0.225,1.059,4.918,6.081,286.685,Yaw
0.133,0.243,0.995,8.873,3.553,286.685,Yaw
-0.235,0.364,0.999,8.943,-3.124,284.970,Yaw
-0.901,0.186,1.019,5.399,-3.929,209.834,Yaw
-0.004,-0.135,1.048,1.540,4.121,83.256,Yaw
0.026,-0.057,1.001,4.051,-5.670,13.449,Yaw
0.050,0.017,1.019,2.459,-1.899,0.761,Yaw
-0.167,-0.093,1.037,-1.846,0.009,-20.510,Yaw
-0.302,-0.095,1.021,-1.986,-2.966,-96.985,Yaw
-0.504,0.378,1.023,-2.293,-3.080,-235.182,Yaw
-0.026,0.173,1.020,-0.613,-4.025,-286.685,Yaw
0.357,-0.194,1.044,-3.316,-3.483,-201.539,Yaw
-0.260,-0.118,1.038,-1.356,-8.575,-163.083,Yaw
-0.463,0.163,1.053,-9.188,-14.280,-282.695,Yaw
0.426,0.549,0.989,5.512,-12.845,-260.111,Yaw
0.408,0.116,1.062,2.450,-7.096,-102.926,Yaw
0.146,0.118,1.030,4.935,-6.221,-86.826,Yaw
0.018,0.000,1.035,4.690,-5.924,-77.481,Yaw
-0.081,-0.138,1.020,2.047,-3.544,-37.327,Yaw
0.022,-0.092,1.039,1.295,-3.763,0.507,Yaw
0.476,-0.104,1.030,-1.592,1.286,136.973,Yaw
0.136,0.148,1.026,0.875,-0.998,206.141,Yaw
0.371,0.069,1.050,1.636,5.023,285.451,Yaw
0.012,0.235,1.000,5.407,1.785,286.685,Yaw
-0.127,0.335,1.058,5.189,3.631,286.685,Yaw
0.079,0.193,1.011,4.165,3.754,286.685,Yaw
-0.588,0.118,1.035,-6.440,4.305,237.720,Yaw
-0.470,-0.074,1.029,-2.004,-6.431,56.980,Yaw
0.063,-0.088,1.005,-4.077,-3.806,15.881,Yaw
-0.142,-0.118,1.026,-1.531,1.006,-4.751,Yaw
-0.478,0.166,1.000,4.489,-3.824,-124.819,Yaw
-0.335,0.256,1.005,4.174,-7.577,-266.402,Yaw
-0.021,0.105,1.074,1.811,-9.467,-286.685,Yaw
-0.403,-0.108,1.130,-11.882,-8.321,-286.685,Yaw
-0.110,0.452,0.864,-2.905,-1.750,-286.685,Yaw
0.287,0.394,1.116,16.564,-23.861,-286.685,Yaw
0.752,0.183,0.906,3.815,-2.362,-249.629,Yaw
0.333,0.092,0.994,26.836,-22.960,-95.812,Yaw
0.014,-0.123,1.066,12.469,-13.221,-57.269,Yaw
0.055,-0.103,1.086,-2.293,0.490,-18.497,Yaw
0.405,-0.290,1.058,-30.853,17.745,48.484,Yaw
0.246,0.042,1.012,-2.669,-5.740,186.786,Yaw
0.184,0.095,1.021,1.969,-7.088,240.695,Yaw
0.252,0.161,0.977,7.236,-6.108,286.685,Yaw
0.006,0.280,1.068,5.582,-2.503,286.685,Yaw
-0.001,0.359,0.996,0.254,4.375,286.685,Yaw
-0.015,0.473,0.984,7.753,1.785,286.685,Yaw
-0.308,0.332,1.022,2.441,2.537,285.119,Yaw
-0.463,-0.022,1.081,3.159,-4.016,160.580,Yaw
-0.119,0.004,0.867,-4.611,-8.767,99.759,Yaw
0.000,-0.009,1.011,-0.157,-2.503,36.243,Yaw
-0.163,0.113,1.009,-1.111,0.998,-6.326,Yaw
-0.395,0.307,1.014,6.650,-8.873,-137.874,Yaw
-0.348,0.341,0.997,4.323,-7.289,-252.630,Yaw
-0.104,0.186,1.035,1.671,-8.216,-286.685,Yaw
0.095,0.027,0.937,-4.944,-12.985,-286.685,Yaw
-0.056,0.152,1.031,-1.461,-13.125,-286.685,Yaw
-0.226,0.559,1.099,-3.500,-17.369,-286.685,Yaw
0.876,0.198,0.858,-12.924,10.526,-248.859,Yaw
1.013,-0.286,1.151,1.365,-6.029,-43.470,Yaw
-0.012,-0.039,1.005,-1.942,-2.564,-7.621,Yaw
0.140,-0.053,0.975,16.888,-10.929,6.834,Yaw
0.590,-0.300,1.050,0.385,-0.271,152.241,Yaw
0.419,-0.007,1.029,1.925,-2.082,266.595,Yaw
0.196,0.076,1.030,1.697,2.231,286.685,Yaw
0.133,0.200,1.045,3.517,4.480,286.685,Yaw
-0.012,0.343,0.974,3.588,1.864,286.685,Yaw
-0.029,0.326,1.003,8.006,1.654,286.685,Yaw
-0.225,0.329,1.046,2.590,1.435,270.812,Yaw
-0.351,0.079,1.070,-3.483,4.900,200.690,Yaw
-0.249,0.027,1.021,-0.262,0.394,121.704,Yaw
0.083,0.059,1.042,-2.109,-1.549,40.714,Yaw
-0.070,-0.046,1.035,-2.047,1.855,20.720,Yaw
-0.031,0.239,0.923,-6.702,5.548,-9.599,Yaw
-0.267,0.101,1.055,10.483,-13.300,-106.864,Yaw
-0.152,0.231,1.027,7.508,-9.538,-215.591,Yaw
0.019,0.192,1.016,4.961,-11.489,-286.685,Yaw
0.125,0.007,1.048,3.281,-12.609,-286.685,Yaw
-0.060,-0.180,1.050,-3.115,-15.278,-286.685,Yaw
-0.251,0.277,1.030,-1.286,-22.628,-286.685,Yaw
0.336,0.182,1.074,-4.550,-4.637,-275.432,Yaw
0.570,-0.261,1.086,4.673,-9.284,-194.898,Yaw
0.157,-0.024,1.030,2.415,-5.101,-44.993,Yaw
0.040,0.028,1.017,2.739,-4.349,-24.754,Yaw
0.251,-0.245,1.052,-5.722,3.307,45.544,Yaw
0.441,-0.264,1.040,-10.964,7.236,154.595,Yaw
0.134,0.095,1.017,4.121,-4.340,277.427,Yaw
0.146,0.078,1.020,2.564,1.890,286.685,Yaw
0.307,0.145,1.045,2.940,6.134,286.685,Yaw
0.058,0.528,0.981,5.775,3.797,286.685,Yaw
-0.227,0.397,1.032,6.160,3.395,286.676,Yaw
-0.480,0.345,1.093,3.622,-4.489,181.615,Yaw
-0.117,0.123,0.929,-3.439,-4.918,92.391,Yaw
0.056,-0.092,1.051,0.245,0.175,30.459,Yaw
-0.003,0.017,1.046,-3.159,4.016,-1.864,Yaw
-0.056,0.112,1.023,4.454,-4.690,-52.124,Yaw
-0.228,0.200,1.019,5.399,-9.975,-177.179,Yaw
-0.217,0.204,1.003,2.957,-12.337,-286.685,Yaw
-0.017,0.113,1.045,-2.686,-13.869,-286.685,Yaw
0.210,0.041,1.052,-5.407,-12.276,-286.685,Yaw
0.134,0.086,0.984,2.319,-13.405,-286.685,Yaw
0.278,0.075,1.035,-4.576,-10.938,-265.799,Yaw
0.400,-0.096,1.090,-24.614,19.154,-96.154,Yaw
0.025,-0.187,1.054,-5.093,0.822,-44.362,Yaw
0.019,0.013,0.995,5.136,-5.040,14.534,Yaw
0.580,-0.172,1.075,19.897,-14.297,98.096,Yaw
0.422,-0.160,1.063,12.591,-7.718,226.634,Yaw
0.177,0.051,1.046,5.250,2.039,286.685,Yaw
-0.080,0.160,1.032,7.394,2.371,286.685,Yaw
-0.111,0.270,1.000,5.617,4.340,286.685,Yaw
-0.314,0.286,1.037,8.172,0.438,264.723,Yaw
-0.203,0.198,1.023,4.541,0.831,186.602,Yaw
-0.301,0.142,1.019,4.427,-1.374,118.799,Yaw
0.040,-0.021,1.036,4.769,-5.548,64.549,Yaw
0.005,-0.078,1.064,-2.896,-19.416,9.301,Yaw
-0.339,0.151,0.861,-2.047,5.425,-67.567,Yaw
-0.264,0.084,1.053,3.614,-6.825,-206.815,Yaw
-0.124,0.277,1.050,-3.710,-9.835,-286.624,Yaw
-0.090,0.144,1.045,-7.324,-11.401,-286.685,Yaw
0.021,-0.107,1.106,-43.584,21.096,-286.685,Yaw
0.016,0.489,1.006,-2.013,-4.077,-286.685,Yaw
0.786,-0.137,1.078,6.475,-8.663,-192.579,Yaw
-0.004,0.015,1.065,2.126,-4.471,-40.959,Yaw
-0.030,-0.206,1.063,-2.826,-3.281,-41.107,Yaw
0.004,-0.027,0.943,-0.306,-1.908,-3.062,Yaw
0.487,-0.074,0.993,33.005,-23.844,84.245,Yaw
0.383,0.071,1.044,5.031,0.166,271.040,Yaw
0.368,0.109,1.027,4.174,5.066,286.685,Yaw
0.002,0.185,0.962,4.401,7.910,286.685,Yaw
-0.401,0.355,0.991,10.999,3.246,286.685,Yaw
-0.153,0.231,1.002,1.584,8.155,286.064,Yaw
-0.383,0.224,0.999,3.281,2.170,215.731,Yaw
0.030,0.044,1.023,3.561,-2.249,89.723,Yaw
-0.029,-0.110,0.982,-8.304,-1.085,32.042,Yaw
-0.257,0.239,1.032,4.480,-4.077,-75.478,Yaw
-0.261,0.212,1.033,3.841,-8.391,-190.242,Yaw
-0.156,0.133,1.030,3.535,-10.159,-285.443,Yaw
-0.160,0.080,1.004,-0.123,-13.387,-286.685,Yaw
-0.148,-0.084,1.068,-5.469,-13.204,-286.685,Yaw
0.143,0.618,0.953,-26.740,-0.245,-286.685,Yaw
0.686,0.229,1.032,-4.165,1.531,-236.583,Yaw
0.631,-0.162,1.101,-0.096,-5.425,-80.325,Yaw
0.222,-0.058,1.071,4.515,-6.081,-33.565,Yaw
0.355,-0.123,1.021,5.994,-6.029,67.253,Yaw
0.406,-0.067,0.925,28.639,-21.280,172.629,Yaw
0.097,-0.178,1.085,16.327,-10.824,243.758,Yaw
-0.075,-0.107,1.066,4.051,6.134,286.685,Yaw
-0.241,0.138,1.028,2.135,4.235,286.633,Yaw
-0.438,0.207,1.019,5.014,1.312,225.732,Yaw
-0.401,0.170,1.028,4.436,-0.368,143.386,Yaw
-0.026,0.139,1.020,3.841,-3.054,59.054,Yaw
0.102,0.062,1.023,1.470,-3.614,17.964,Yaw
0.120,0.084,1.022,2.529,-3.316,2.109,Yaw
0.012,0.028,1.032,-0.630,-0.735,-0.954,Yaw
0.206,0.153,1.004,-0.822,-0.481,6.886,Yaw
0.274,0.018,1.058,-0.403,1.829,92.584,Yaw
0.042,0.067,1.026,1.514,-1.347,125.353,Yaw
-0.258,0.031,1.016,-0.123,-1.024,110.478,Yaw
-0.040,-0.020,1.026,-2.957,-2.100,44.783,Yaw
-0.081,-0.053,1.037,-6.738,1.426,20.650,Yaw
-0.228,0.196,0.997,2.494,-4.471,-33.766,Yaw
-0.402,0.274,1.002,3.596,-10.019,-185.999,Yaw
-0.424,0.264,1.032,0.866,-10.859,-286.685,Yaw
-0.132,0.237,1.102,-1.531,-15.540,-286.685,Yaw
0.357,0.437,0.737,-26.180,15.523,-286.685,Yaw
0.883,-0.003,1.087,13.703,-14.227,-284.296,Yaw
0.321,-0.053,1.035,-0.298,-3.719,-158.917,Yaw
0.120,-0.014,1.064,-0.779,0.569,-81.716,Yaw
0.055,-0.134,1.011,-0.324,0.087,-13.081,Yaw
0.182,-0.167,0.975,19.679,-18.506,84.254,Yaw
0.033,-0.060,1.196,42.131,-31.552,156.852,Yaw
0.177,0.057,1.021,-0.998,4.349,277.112,Yaw
0.041,0.022,0.997,3.553,5.364,286.685,Yaw
0.399,0.238,1.031,2.231,14.166,286.685,Yaw
0.429,0.420,0.994,7.175,13.212,286.685,Yaw
0.242,0.137,1.023,2.170,12.189,286.685,Yaw
-0.722,0.436,0.955,5.889,2.380,286.685,Yaw
-0.768,0.269,1.008,-2.546,6.405,165.025,Yaw
-0.018,-0.062,1.016,-2.310,-1.269,52.719,Yaw
-0.005,-0.059,1.021,2.170,-1.986,-14.472,Yaw
-0.100,0.039,1.034,3.010,-4.664,-82.880,Yaw
-0.249,0.308,1.012,1.995,-7.254,-179.436,Yaw
-0.480,0.487,0.967,9.328,-18.104,-286.685,Yaw
-0.054,0.183,1.010,0.350,-17.062,-286.685,Yaw
0.200,0.041,1.045,-6.204,-15.811,-286.685,Yaw
-0.025,-0.058,0.974,1.584,-22.111,-286.685,Yaw
0.459,0.308,1.083,-12.898,-3.168,-283.491,Yaw
0.719,-0.031,1.054,-13.501,6.291,-104.361,Yaw
0.205,-0.094,1.035,0.726,-3.141,-14.674,Yaw
0.199,-0.053,1.013,7.367,-5.556,74.725,Yaw
0.533,-0.190,1.071,7.648,-5.399,213.911,Yaw
0.232,-0.027,1.097,13.212,-9.695,286.685,Yaw
0.047,0.019,1.020,-2.634,7.289,286.685,Yaw
0.118,0.003,1.035,2.266,11.148,286.685,Yaw
-0.104,0.359,1.034,2.984,3.902,286.685,Yaw
-0.374,0.429,1.056,3.824,0.796,279.685,Yaw
-0.685,0.448,0.991,5.005,-5.381,106.277,Yaw
-0.512,0.208,0.996,-1.181,-3.832,-29.689,Yaw
-0.286,0.258,1.061,4.550,-7.315,-243.092,Yaw
-0.468,0.106,1.012,2.021,-13.624,-286.685,Yaw
-0.212,0.017,1.012,-0.341,-19.626,-286.685,Yaw
0.248,-0.046,0.928,-4.909,-3.351,-286.685,Yaw
0.539,0.214,1.022,-0.700,-12.049,-272.239,Yaw
0.870,0.237,1.041,1.951,-6.939,-154.595,Yaw
0.048,0.127,1.029,0.201,-0.298,-12.101,Yaw
0.318,0.096,0.971,0.858,-5.320,7.551,Yaw
0.274,0.078,1.052,5.880,-5.486,90.624,Yaw
0.355,0.181,1.043,-2.485,3.264,259.210,Yaw
0.090,0.069,1.031,-0.822,5.267,286.685,Yaw
0.014,0.014,1.002,-0.052,9.625,286.685,Yaw
0.129,0.090,1.069,-0.096,13.002,286.685,Yaw
-0.343,0.255,0.961,-37.214,27.562,286.449,Yaw
-1.054,0.142,1.029,0.683,-5.609,82.749,Yaw
-0.335,0.316,0.940,-0.061,-5.084,-27.501,Yaw
-0.563,0.169,1.009,26.749,-24.544,-199.062,Yaw
-0.804,0.225,1.046,1.872,-10.544,-286.685,Yaw
-0.235,0.198,0.966,0.735,-18.874,-286.685,Yaw
0.619,0.517,0.918,5.705,-14.079,-286.685,Yaw
0.980,-0.010,1.078,1.584,-8.977,-173.346,Yaw
0.310,-0.005,1.040,0.945,-5.416,-48.020,Yaw
0.219,0.175,1.008,-2.223,-0.219,-22.461,Yaw
0.447,0.112,1.048,1.934,0.674,119.621,Yaw
0.340,-0.126,1.028,-0.201,-1.295,210.814,Yaw
-0.101,0.122,1.034,-7.892,8.925,286.685,Yaw
-0.017,0.456,1.026,-18.462,21.271,286.685,Yaw
-0.201,0.111,1.002,-14.009,11.961,286.685,Yaw
-0.590,0.066,0.982,-11.672,9.083,286.685,Yaw
-0.510,0.118,1.019,-12.661,8.776,237.291,Yaw
-0.254,0.192,0.988,-0.009,-13.790,70.105,Yaw
-0.073,-0.104,1.076,13.002,-17.754,-27.423,Yaw
-0.926,0.141,1.003,8.899,-9.765,-150.098,Yaw
-0.846,0.064,1.055,26.215,-23.135,-286.422,Yaw
-0.771,0.888,0.889,-7.341,-7.044,-286.685,Yaw
0.754,0.725,1.018,9.406,-22.645,-286.685,Yaw
1.080,-0.097,1.013,-0.858,-18.288,-286.685,Yaw
0.774,-0.007,1.062,-6.729,-12.250,-238.455,Yaw
0.406,0.181,1.024,6.073,-3.316,-37.607,Yaw
0.705,0.069,1.019,-1.067,3.719,10.141,Yaw
0.488,-0.101,1.066,-2.266,5.591,126.919,Yaw
0.590,-0.004,1.035,-9.861,10.658,284.629,Yaw
0.222,0.374,0.999,-4.856,9.170,286.685,Yaw
0.036,0.373,1.029,-7.997,9.109,286.685,Yaw
-0.088,0.238,1.056,-12.495,15.321,286.685,Yaw
-0.469,0.456,0.988,-15.855,-13.387,286.685,Yaw
-0.981,-0.049,1.041,51.783,-43.251,103.171,Yaw
-0.724,-0.043,1.061,3.369,-10.719,-8.190,Yaw
-1.040,0.171,0.988,-3.693,-6.624,-233.852,Yaw
-0.447,0.502,1.070,-4.611,-3.027,-286.685,Yaw
-0.382,1.014,1.025,-9.887,-8.540,-286.685,Yaw
0.826,0.687,0.998,0.683,-11.594,-286.685,Yaw
1.325,0.116,1.016,4.200,-12.574,-286.650,Yaw
0.309,-0.125,1.069,12.539,-10.036,-141.846,Yaw
0.314,-0.249,1.030,2.756,-0.700,-57.374,Yaw
0.098,-0.107,1.043,2.721,-4.401,46.891,Yaw
0.516,-0.082,1.052,3.045,-4.681,155.750,Yaw
0.272,0.344,1.011,2.415,3.071,286.685,Yaw
0.037,0.473,1.012,5.819,6.869,286.685,Yaw
-0.487,0.121,1.028,-2.599,8.470,277.804,Yaw
-0.339,0.032,1.014,-3.185,-2.144,80.841,Yaw
-0.299,0.092,1.026,-4.532,-4.331,32.375,Yaw
0.127,0.178,1.024,4.489,-6.755,39.760,Yaw
0.096,0.073,1.020,7.140,-5.381,89.723,Yaw
-0.389,0.009,1.009,-3.062,5.565,101.832,Yaw
-0.275,-0.221,1.062,-11.602,5.889,42.088,Yaw
0.010,0.038,1.063,-5.801,1.864,-1.715,Yaw
-0.053,-0.008,1.011,-4.025,2.424,-3.185,Yaw
-0.676,0.283,0.997,9.406,-8.610,-165.130,Yaw
-0.394,0.255,1.031,23.345,-27.221,-286.291,Yaw
0.226,0.142,1.013,10.920,-20.247,-286.685,Yaw
0.537,-0.030,1.020,-2.616,-9.109,-263.121,Yaw
0.316,-0.374,1.044,1.986,-12.495,-194.232,Yaw
0.017,0.411,1.030,-7.980,-4.506,-113.190,Yaw
1.171,-0.179,1.031,-6.125,1.076,96.731,Yaw
0.352,0.408,1.017,7.324,-0.315,286.685,Yaw
0.002,0.320,0.989,8.689,6.545,286.685,Yaw
-0.358,0.043,1.010,6.510,9.284,286.685,Yaw
-0.200,0.442,1.000,-3.526,7.700,286.685,Yaw
-0.456,0.305,1.015,0.490,6.930,278.714,Yaw
-0.350,-0.099,1.076,-10.955,0.805,24.981,Yaw
-0.288,0.012,0.997,-16.826,9.371,-116.979,Yaw
-0.313,0.023,1.042,0.892,-1.365,-216.038,Yaw
-0.278,0.596,0.917,7.595,-2.284,-286.633,Yaw
0.110,0.123,1.033,15.916,-15.015,-286.685,Yaw
-0.013,-0.087,1.017,11.086,-18.305,-286.685,Yaw
0.269,-0.196,1.041,10.360,-18.751,-286.685,Yaw
0.360,-0.166,1.020,6.221,-27.562,-286.659,Yaw
0.428,0.414,0.927,-3.124,-2.135,-44.607,Yaw
0.913,-0.063,1.047,-3.693,0.490,74.506,Yaw
0.643,0.142,0.999,-4.148,4.541,275.013,Yaw
0.293,0.046,0.991,-3.701,10.859,286.685,Yaw
0.105,0.024,1.055,1.908,11.979,286.685,Yaw
0.087,-0.114,0.995,-7.919,9.791,286.685,Yaw
-0.279,0.061,0.940,-28.910,19.390,286.685,Yaw
-0.557,0.612,0.978,0.831,-7.595,156.783,Yaw
-0.446,0.244,1.077,-2.678,0.236,-4.095,Yaw
-0.151,0.146,0.994,1.995,-1.418,-32.935,Yaw
-0.508,0.138,1.022,1.278,-6.020,-239.872,Yaw
-0.200,0.106,1.044,13.221,-5.233,-286.685,Yaw
-0.312,0.260,1.002,12.530,-15.706,-286.685,Yaw
-0.310,0.332,1.114,38.754,-41.580,-286.685,Yaw
0.199,0.467,1.043,6.344,-29.347,-286.685,Yaw
1.009,0.144,1.033,-10.806,-6.396,-257.022,Yaw
0.940,0.105,1.046,2.678,-8.680,-75.784,Yaw
0.093,0.418,0.997,1.470,-4.025,23.949,Yaw
0.710,0.001,1.012,0.175,6.300,220.019,Yaw
0.187,0.073,1.049,-2.503,13.877,286.685,Yaw
0.064,0.070,1.037,2.730,13.799,286.685,Yaw
0.078,-0.071,0.994,14.184,8.969,286.685,Yaw
-0.193,0.220,0.990,1.067,4.489,286.685,Yaw
-0.310,0.448,0.938,0.411,0.376,169.102,Yaw
-0.428,0.325,1.021,2.415,-5.941,51.940,Yaw
0.004,0.019,1.011,-0.866,-0.210,-1.269,Yaw
-0.328,0.021,1.017,-1.391,-5.338,-102.585,Yaw
-0.215,0.292,1.041,-1.067,-8.829,-252.822,Yaw
-0.110,0.098,1.127,-1.654,-1.601,-286.685,Yaw
-0.042,0.064,0.935,8.102,-10.203,-286.685,Yaw
-0.033,0.040,0.970,6.606,-22.986,-286.685,Yaw
-0.173,0.019,1.022,-3.719,-23.774,-286.685,Yaw
0.220,0.329,0.774,-20.606,0.665,-252.000,Yaw
1.020,0.495,1.021,6.046,-8.864,-53.804,Yaw
0.340,-0.043,1.081,0.700,-3.159,27.676,Yaw
0.580,-0.128,1.029,-0.901,6.309,285.075,Yaw
0.335,0.130,0.975,7.262,12.337,286.685,Yaw
0.027,0.008,1.061,9.765,11.042,286.685,Yaw
-0.269,0.023,1.025,-0.840,5.959,286.554,Yaw
-0.160,0.210,0.982,-5.932,9.100,232.496,Yaw
-0.327,0.564,1.014,7.306,-7.105,71.960,Yaw
0.045,0.101,1.124,-10.833,1.278,-3.203,Yaw
-0.291,0.201,0.996,6.186,-14.455,-130.576,Yaw
-0.280,0.113,1.028,-10.684,1.523,-279.414,Yaw
-0.211,0.279,0.941,15.102,-13.816,-286.685,Yaw
0.062,0.057,1.161,28.788,-32.935,-286.685,Yaw
-0.124,-0.254,1.041,4.707,-21.455,-286.685,Yaw
0.344,0.307,0.989,-9.266,-21.228,-286.685,Yaw
1.013,0.353,1.029,-11.200,-0.647,-181.501,Yaw
0.752,0.568,1.023,12.163,-10.719,52.010,Yaw
0.507,-0.002,1.024,2.852,7.753,286.685,Yaw
-0.101,0.146,1.006,-1.715,13.099,286.685,Yaw
-0.019,0.004,0.994,7.403,12.661,286.685,Yaw
-0.140,0.097,1.025,7.324,6.151,286.685,Yaw
-0.272,0.224,1.022,5.267,1.015,259.866,Yaw
-0.282,0.188,1.015,-1.067,4.314,118.073,Yaw
-0.168,0.081,1.031,-10.141,3.885,36.452,Yaw
-0.122,0.182,1.017,-3.281,-4.200,-81.139,Yaw
-0.190,0.150,1.029,4.340,-7.613,-229.959,Yaw
-0.163,0.042,1.047,4.191,-9.100,-286.685,Yaw
-0.263,-0.105,1.032,6.352,-17.614,-286.685,Yaw
-0.643,0.196,1.055,2.424,-33.932,-286.685,Yaw
-0.034,0.432,0.981,-5.075,-33.408,-286.685,Yaw
0.773,0.127,0.938,-4.384,19.119,-202.178,Yaw
0.099,-0.005,1.097,-2.774,-5.128,-4.611,Yaw
0.485,0.166,1.038,4.524,0.455,167.807,Yaw
0.269,-0.043,1.060,-0.700,6.554,285.897,Yaw
0.140,-0.066,1.024,-7.341,13.458,286.685,Yaw
0.040,-0.080,1.032,8.505,8.873,286.685,Yaw
0.005,0.106,1.033,7.753,5.355,286.685,Yaw
-0.178,0.334,1.001,2.328,-0.717,265.353,Yaw
-0.329,0.348,1.032,-6.492,1.829,128.319,Yaw
-0.338,-0.004,1.025,-2.634,1.015,18.786,Yaw
-0.005,0.083,1.008,1.837,-4.935,-53.673,Yaw
-0.199,0.171,1.026,0.096,-6.186,-147.796,Yaw
-0.252,0.097,1.031,2.888,-8.627,-286.388,Yaw
-0.527,-0.049,1.015,3.027,-13.396,-286.685,Yaw
-0.522,0.194,1.071,-1.085,-26.994,-286.685,Yaw
-0.134,0.609,0.681,-31.798,3.658,-286.685,Yaw
0.673,0.367,1.143,12.784,-7.560,-286.685,Yaw
0.902,0.197,1.009,2.966,-6.370,-142.266,Yaw
0.230,0.014,1.083,24.955,-19.670,-55.842,Yaw
0.275,0.190,0.946,-2.336,-0.998,6.318,Yaw
0.310,0.156,1.025,4.165,-7.945,113.277,Yaw
0.432,0.175,1.047,-0.166,2.835,252.420,Yaw
0.297,-0.013,1.062,-4.979,10.876,286.685,Yaw
0.055,-0.008,1.081,-3.439,21.298,286.685,Yaw
-0.331,0.190,0.998,14.866,3.588,286.685,Yaw
-0.014,0.360,0.997,11.200,-1.864,286.685,Yaw
-0.374,0.341,1.017,3.981,2.800,263.156,Yaw
-0.335,0.270,0.998,-4.489,7.490,171.430,Yaw
-0.160,0.001,1.058,-4.323,3.955,84.184,Yaw
0.002,-0.001,0.987,-15.470,4.839,-0.604,Yaw
-0.154,0.248,1.100,13.073,-15.846,-105.315,Yaw
-0.124,0.236,1.015,2.109,-8.663,-253.076,Yaw
-0.144,0.210,1.049,-0.175,-3.273,-286.685,Yaw
-0.352,-0.343,1.136,-7.963,-2.608,-286.685,Yaw
-0.395,0.325,0.964,-3.491,-3.194,-286.685,Yaw
0.104,0.276,0.495,-6.948,-9.336,-286.685,Yaw
0.663,0.309,1.081,13.624,-8.260,-274.628,Yaw
0.627,0.104,1.027,10.938,-10.045,-173.268,Yaw
0.155,0.051,1.008,39.139,-32.069,-127.076,Yaw
0.005,-0.359,1.035,6.641,-11.795,-95.979,Yaw
0.063,0.075,1.004,-2.013,-1.059,-0.009,Yaw
0.468,0.110,1.055,-3.194,0.910,132.204,Yaw
0.216,0.134,1.030,-2.791,5.504,273.376,Yaw
0.289,0.142,0.990,-7.157,14.438,286.685,Yaw
0.010,-0.037,1.052,-4.349,14.604,286.685,Yaw
-0.165,0.399,1.035,0.507,11.935,286.685,Yaw
-0.130,0.146,1.047,13.458,3.938,286.685,Yaw
-0.132,0.248,1.012,9.642,-0.079,253.216,Yaw
-0.096,0.084,1.034,0.954,4.673,198.126,Yaw
-0.156,0.118,1.032,-5.005,4.174,176.426,Yaw
-0.243,0.256,0.971,3.666,-0.770,62.545,Yaw
0.007,0.075,1.031,-2.730,1.120,-2.257,Yaw
-0.231,0.146,1.033,-2.555,-7.061,-174.055,Yaw
0.084,0.362,1.024,1.094,-10.167,-285.644,Yaw
-0.141,-0.345,1.027,3.544,-15.715,-286.685,Yaw
-0.517,-0.045,1.111,-34.877,2.144,-286.685,Yaw
-0.854,0.461,0.936,-7.814,8.374,-286.685,Yaw
0.175,0.198,1.031,22.645,-2.634,-286.685,Yaw
0.207,0.214,0.979,17.019,-22.986,-286.685,Yaw
0.707,0.214,1.028,16.161,-15.829,-200.637,Yaw
0.844,-0.030,1.076,11.113,-12.285,-64.173,Yaw
0.276,0.187,0.903,-2.345,-1.400,9.765,Yaw
0.299,-0.148,1.041,0.709,-2.047,130.314,Yaw
0.554,0.021,1.173,-20.186,19.941,286.685,Yaw
0.489,-0.107,0.978,-45.045,29.907,286.685,Yaw
0.360,0.106,1.036,-15.024,8.304,286.685,Yaw
-0.042,0.133,0.878,13.869,-13.991,286.685,Yaw
0.096,0.510,1.093,62.624,-39.086,286.685,Yaw
-0.343,0.363,1.031,5.241,1.076,259.612,Yaw
-0.488,0.336,1.016,0.875,0.333,130.725,Yaw
-0.068,0.110,1.025,-0.726,-1.697,24.701,Yaw
0.014,0.026,1.029,-3.929,-3.132,-0.779,Yaw
-0.294,0.178,1.005,-3.220,-2.520,-10.500,Yaw
-0.231,0.138,1.018,-1.461,-5.968,-171.255,Yaw
-0.111,0.001,1.192,-11.716,21.919,-285.810,Yaw
-0.227,0.370,0.937,-3.902,-0.009,-286.685,Yaw
-0.348,0.331,1.120,7.963,-4.541,-286.685,Yaw
-0.234,0.002,0.994,11.655,-6.510,-286.685,Yaw
0.109,0.594,1.037,17.132,-11.419,-286.685,Yaw
0.262,0.330,1.016,14.061,-12.390,-286.685,Yaw
0.923,0.164,1.208,57.846,-48.353,-249.130,Yaw
0.683,-0.162,1.099,5.565,-8.671,-35.333,Yaw
0.011,0.037,1.018,1.925,-4.235,-0.656,Yaw
0.389,0.121,1.001,1.391,-2.590,65.205,Yaw
0.377,0.111,1.035,-5.968,8.321,254.730,Yaw
0.247,0.222,1.037,-8.243,11.865,286.685,Yaw
0.120,0.215,1.041,-8.881,10.106,286.685,Yaw
-0.245,-0.130,1.088,-28.490,19.591,286.685,Yaw
0.003,0.008,0.937,-4.637,13.825,286.685,Yaw
0.133,0.217,0.936,7.184,-6.519,280.000,Yaw
-0.136,0.258,1.050,33.556,-23.030,173.110,Yaw
-0.221,0.174,1.009,0.761,0.333,104.878,Yaw
-0.426,0.149,1.031,1.111,-3.062,40.688,Yaw
0.063,0.267,1.012,5.346,-9.004,-59.491,Yaw
-0.243,0.038,1.051,0.123,-8.645,-228.926,Yaw
-0.584,-0.061,0.963,-8.024,-8.041,-286.685,Yaw
-0.614,-0.076,1.097,-9.502,-11.953,-286.685,Yaw
-0.391,0.471,1.041,-7.875,1.829,-286.685,Yaw
0.326,0.496,0.989,17.509,-7.735,-286.685,Yaw
0.880,-0.028,1.036,23.424,-21.289,-207.760,Yaw
0.832,0.111,1.072,16.126,-17.972,-52.045,Yaw
0.617,0.336,0.969,11.226,-8.689,41.834,Yaw
0.407,-0.245,1.100,-2.861,4.970,270.462,Yaw
0.311,0.094,1.070,-13.142,10.325,286.685,Yaw
0.081,0.097,0.939,-36.855,22.085,286.685,Yaw
0.092,0.021,1.004,-4.952,0.936,286.685,Yaw
-0.171,0.090,0.961,25.112,-14.438,286.685,Yaw
-0.136,0.336,1.144,39.104,-21.131,270.839,Yaw
-0.361,0.299,1.010,3.246,-0.306,134.330,Yaw
-0.420,0.177,1.029,-0.262,-1.715,28.096,Yaw
0.017,0.115,1.001,-0.298,-1.435,-4.471,Yaw
-0.233,0.067,1.049,1.050,-6.414,-86.424,Yaw
-0.306,0.058,1.040,-0.796,-10.596,-281.059,Yaw
-0.340,-0.096,0.991,-14.271,-2.082,-286.685,Yaw
-0.399,0.117,0.951,-31.378,10.736,-286.685,Yaw
-0.531,0.452,1.009,8.636,-5.057,-286.685,Yaw
0.408,0.353,1.000,51.170,-39.970,-286.685,Yaw
0.694,0.068,0.944,21.656,-29.934,-284.008,Yaw
0.938,0.218,1.060,0.516,-9.441,-73.071,Yaw
0.306,0.315,1.000,3.999,-7.280,12.504,Yaw
0.326,-0.123,1.043,-0.166,4.489,196.639,Yaw
0.250,0.012,1.062,-6.930,9.188,284.559,Yaw
0.170,0.169,0.997,-9.852,11.305,286.685,Yaw
0.009,-0.020,1.021,-22.855,17.868,286.685,Yaw
0.028,-0.245,1.010,-15.137,17.202,286.685,Yaw
-0.021,0.097,0.834,29.208,-16.485,286.685,Yaw
-0.442,0.255,1.062,4.559,-0.543,182.893,Yaw
-0.190,0.177,1.013,-0.717,1.803,94.290,Yaw
-0.185,0.183,1.016,-1.138,-2.257,31.728,Yaw
0.021,0.188,0.973,-3.089,-1.531,-6.545,Yaw
-0.262,0.141,1.035,1.295,-6.825,-148.846,Yaw
-0.323,0.031,1.086,-9.529,-5.574,-286.685,Yaw
-0.645,0.034,0.973,-4.883,-9.485,-286.685,Yaw
-0.407,0.148,1.080,-2.844,-2.118,-286.685,Yaw
0.045,0.598,0.952,16.590,-14.236,-286.685,Yaw
0.633,0.228,0.983,26.810,-21.962,-286.685,Yaw
0.863,-0.074,1.074,5.871,-15.636,-189.262,Yaw
-0.004,0.011,1.055,0.551,-3.649,-5.407,Yaw
0.365,0.258,0.989,9.511,-10.780,51.153,Yaw
0.317,-0.128,1.052,-0.700,3.334,213.316,Yaw
0.266,0.080,1.047,-11.279,13.239,286.685,Yaw
0.144,0.261,1.054,-13.869,16.888,286.685,Yaw
0.266,0.128,0.969,-1.750,6.125,286.685,Yaw
-0.355,-0.033,0.947,27.589,0.989,286.685,Yaw
-0.258,0.458,0.987,7.936,-1.549,212.284,Yaw
-0.427,0.252,1.041,0.989,-0.464,63.149,Yaw
-0.038,0.029,1.022,-2.135,-1.986,12.591,Yaw
0.010,0.015,1.024,-4.760,-2.039,-1.339,Yaw
-0.277,0.242,1.026,-2.371,-1.278,-49.761,Yaw
-0.177,0.183,1.014,-3.631,-0.534,-273.105,Yaw
-0.138,0.037,0.877,-37.205,23.642,-286.685,Yaw
-0.437,-0.012,1.020,1.820,-8.199,-286.685,Yaw
-0.386,0.127,1.113,11.611,-5.302,-286.685,Yaw
-0.145,0.414,0.982,8.610,-2.730,-286.685,Yaw
0.753,0.068,1.063,11.156,-13.090,-285.513,Yaw
0.674,0.186,1.041,5.355,-10.972,-69.081,Yaw
0.203,0.180,1.011,23.301,-22.540,34.528,Yaw
0.235,-0.000,0.989,17.237,-9.520,175.551,Yaw
0.091,-0.164,1.063,-7.805,12.189,286.685,Yaw
0.201,-0.077,1.064,-8.943,18.323,286.685,Yaw
0.083,-0.253,1.094,-34.799,34.020,286.685,Yaw
0.212,0.133,0.967,43.120,-26.381,286.685,Yaw
-0.136,0.319,1.037,9.135,-5.994,228.970,Yaw
-0.237,0.224,1.026,3.911,-1.207,123.314,Yaw
-0.271,0.216,1.008,1.225,-1.207,83.396,Yaw
0.002,-0.002,1.024,-8.286,-0.647,-1.636,Yaw
-0.217,0.151,1.021,0.569,-2.888,-33.513,Yaw
-0.167,0.122,1.011,-1.942,-5.749,-171.990,Yaw
-0.163,-0.017,1.152,-11.988,-0.481,-286.685,Yaw
-0.393,0.079,0.957,-9.188,1.689,-286.685,Yaw
-0.364,0.305,1.053,14.507,-6.825,-286.685,Yaw
-0.469,0.167,1.049,13.667,-10.570,-286.685,Yaw
0.232,0.488,0.927,21.315,-19.933,-286.685,Yaw
0.997,0.098,1.046,19.128,-22.995,-212.126,Yaw
0.673,0.200,1.100,8.969,-14.945,-14.149,Yaw
0.392,0.314,0.916,1.138,-3.080,14.700,Yaw
1.933,-0.535,0.165,-17.351,-238.639,279.414,Shake
1.098,0.087,0.266,-3.211,-286.685,286.685,Shake
-1.366,1.367,1.283,-48.991,-286.685,286.685,Shake
-1.999,1.392,1.164,-35.114,-286.685,286.685,Shake
-1.999,-0.311,0.687,19.005,-226.117,37.896,Shake
-1.999,-0.244,1.548,32.086,243.609,-245.656,Shake
-1.999,-0.502,0.589,-88.427,286.685,-186.375,Shake
-1.905,-0.270,-0.099,-104.221,286.685,-273.324,Shake
-0.717,-0.046,-0.347,-13.046,286.685,-286.685,Shake
-0.459,-0.132,-0.078,76.746,248.631,-278.758,Shake
0.104,0.015,0.286,128.319,189.114,-273.691,Shake
0.480,0.060,1.382,151.305,195.431,-231.227,Shake
0.836,-0.227,1.999,41.396,217.875,-206.281,Shake
1.571,-0.548,1.850,-199.640,206.159,-57.304,Shake
0.844,-0.425,0.708,-286.685,153.720,190.120,Shake
-0.032,-0.199,0.042,-286.685,38.588,273.184,Shake
-1.545,-0.459,-1.997,-278.486,-131.635,235.139,Shake
-1.935,-0.196,-1.997,173.469,-286.685,96.618,Shake
0.181,-0.278,-0.865,277.804,-286.685,-22.374,Shake
0.231,-0.378,-0.099,243.250,-286.685,-19.416,Shake
0.747,-0.040,1.888,191.467,-286.685,-90.842,Shake
1.269,-0.151,1.999,-27.860,-34.869,-163.765,Shake
1.592,-0.086,1.399,-164.106,286.685,-141.277,Shake
-0.248,-0.377,1.541,-267.759,286.685,-140.438,Shake
-0.372,-0.208,0.632,-286.685,286.685,-286.492,Shake
0.017,-0.344,0.396,-283.124,286.685,-237.116,Shake
0.412,-0.772,-0.318,-238.341,282.870,-120.724,Shake
1.115,-1.146,-1.997,-54.180,-257.644,29.164,Shake
0.214,0.175,-0.185,286.685,-286.685,200.970,Shake
-0.724,-0.373,1.031,269.185,-286.685,112.910,Shake
0.002,-0.647,1.265,205.896,-286.685,-100.765,Shake
0.607,0.185,1.999,-36.995,253.986,-158.515,Shake
-0.358,-0.209,1.991,-280.455,286.685,-286.685,Shake
-0.095,0.132,0.970,-286.685,286.685,-286.685,Shake
0.585,0.174,0.374,-286.650,286.685,-286.685,Shake
1.474,-0.671,-0.988,-230.055,265.073,-273.805,Shake
1.999,-0.733,-1.997,132.379,-286.633,70.805,Shake
1.036,0.319,0.074,286.685,-286.685,255.421,Shake
0.933,0.019,1.249,286.685,-286.685,81.007,Shake
0.494,-0.025,1.999,286.685,-266.612,127.024,Shake
-1.999,-0.376,1.999,-36.768,286.685,93.966,Shake
-1.121,-0.377,1.376,-276.535,286.685,-286.685,Shake
-0.178,-0.741,0.440,-286.685,286.685,-286.685,Shake
0.842,-1.010,-1.997,-251.212,97.099,-286.685,Shake
1.094,0.028,-1.949,280.709,-286.685,99.872,Shake
-0.067,0.778,0.089,286.685,-286.685,-8.181,Shake
1.999,-0.093,1.999,266.122,-224.577,-280.166,Shake
1.999,0.020,1.797,-50.627,286.685,-183.584,Shake
1.393,-0.377,0.212,-286.685,286.685,67.095,Shake
-0.124,-0.530,-0.531,-286.685,286.685,-42.096,Shake
-0.210,-0.398,-1.997,-175.525,-286.195,44.397,Shake
-0.552,0.216,-1.997,240.363,-286.685,175.201,Shake
-0.288,0.026,0.954,286.685,-286.685,-5.224,Shake
1.801,-0.171,1.999,143.710,286.685,-141.741,Shake
-0.065,0.023,0.140,-286.685,286.685,240.546,Shake
-1.999,0.441,-1.678,-282.441,-72.774,52.526,Shake
-1.999,-0.155,-1.997,130.874,-286.685,-67.848,Shake
0.199,1.341,-0.198,286.685,-286.685,-282.380,Shake
1.762,-0.325,1.999,278.399,267.418,-108.666,Shake
-1.473,-0.179,1.276,-224.341,286.685,105.298,Shake
-1.999,0.257,-1.108,-286.685,282.695,-24.946,Shake
-1.999,-0.038,-1.997,149.170,-286.685,-163.555,Shake
0.014,0.683,-0.282,286.519,-286.685,-286.685,Shake
1.999,0.372,1.999,285.250,267.059,-239.417,Shake
-0.268,-0.807,1.680,-192.658,286.685,32.235,Shake
-1.329,-0.112,-0.129,-286.685,286.641,-39.874,Shake
-1.999,-0.678,-1.997,11.042,-286.589,-66.439,Shake
-0.803,0.355,-0.017,230.046,-286.685,-282.992,Shake
1.999,-0.038,1.999,249.917,113.391,-280.332,Shake
1.689,-0.676,1.980,-240.818,286.685,-113.680,Shake
-0.272,-0.325,0.462,-286.685,286.685,-55.134,Shake
-1.061,-0.380,-1.677,-245.516,-234.605,-142.861,Shake
-1.071,-0.377,-1.584,70.639,-286.685,-114.284,Shake
1.984,-0.205,1.550,123.812,-237.186,-286.685,Shake
1.999,-0.356,1.999,34.405,286.685,-71.041,Shake
1.049,-0.397,1.110,-286.055,286.685,207.944,Shake
-0.715,0.313,-0.907,-286.685,286.685,8.479,Shake
-1.917,-0.555,-1.997,-246.960,-285.250,-5.329,Shake
-1.567,0.044,-1.378,263.112,-286.685,-65.039,Shake
0.255,-0.008,0.835,286.685,-279.457,-256.524,Shake
-0.326,-1.051,1.830,40.162,286.011,-81.515,Shake
-1.591,-0.421,0.148,-251.300,286.685,-159.110,Shake
-0.305,-0.268,-0.191,-190.943,286.685,-286.685,Shake
0.658,0.169,0.385,-42.928,22.216,-274.802,Shake
1.999,-0.637,0.020,-3.404,-283.561,-102.497,Shake
1.999,0.149,0.484,191.363,-286.685,286.685,Shake
-0.310,1.997,1.999,-81.497,-286.685,286.685,Shake
-1.999,1.997,-1.550,-263.786,-106.295,286.685,Shake
-1.999,1.894,-1.017,155.680,123.086,-188.667,Shake
-1.999,0.046,1.529,97.151,286.685,-286.685,Shake
-1.629,-0.171,-0.717,-77.963,162.680,-286.685,Shake
-0.890,0.346,-0.827,64.330,189.822,-286.685,Shake
-0.116,0.633,0.427,158.497,277.961,-286.685,Shake
0.690,0.695,1.238,104.414,218.216,-286.685,Shake
1.999,-0.553,0.809,-30.590,-100.677,-229.005,Shake
1.999,-0.014,0.233,-12.609,-205.844,282.774,Shake
1.624,1.024,0.323,-86.380,-152.652,286.685,Shake
-1.999,1.997,-0.034,-153.624,-173.600,286.685,Shake
-1.999,0.195,-0.997,241.754,-49.919,57.347,Shake
-1.999,-0.604,0.531,103.040,-8.943,-286.685,Shake
-1.315,-0.746,0.300,28.709,-103.757,-286.685,Shake
-0.853,-0.230,0.103,61.854,174.851,-286.046,Shake
0.081,0.603,0.575,20.528,270.515,-286.685,Shake
1.621,0.920,0.593,-57.286,159.268,-286.685,Shake
1.999,0.183,0.190,-125.624,86.870,-264.565,Shake
1.999,-0.393,-0.613,-41.501,-34.011,247.643,Shake
1.405,0.749,0.207,8.592,-235.288,286.685,Shake
-1.999,1.996,1.414,-19.801,-275.240,286.685,Shake
-1.999,-1.265,-1.975,90.361,-226.765,283.684,Shake
-1.999,-0.699,0.770,93.695,-43.146,-286.431,Shake
-1.992,-1.168,0.537,0.201,-46.174,-208.372,Shake
-1.999,-0.197,-0.181,-33.355,208.154,-280.359,Shake
-1.573,0.413,-0.250,-27.405,286.685,-286.685,Shake
-0.092,1.172,0.461,24.981,220.080,-286.685,Shake
1.388,1.371,0.970,47.827,73.815,-286.685,Shake
1.999,0.271,1.212,-38.876,-21.184,-276.203,Shake
1.999,0.207,1.003,-81.095,-91.919,30.538,Shake
1.930,0.994,0.285,-177.555,-133.105,286.685,Shake
0.763,1.446,0.304,-155.811,-282.310,286.685,Shake
-0.245,1.872,0.375,-74.051,-286.685,286.685,Shake
-1.999,1.548,-0.881,56.857,-255.719,286.685,Shake
-1.999,-0.232,-0.185,142.651,-97.720,167.930,Shake
-1.999,-1.096,-0.605,-23.284,-147.289,-119.647,Shake
-1.999,-0.564,-0.905,45.850,-57.260,-108.220,Shake
-1.999,-0.193,-0.391,86.949,27.790,-259.849,Shake
-1.736,0.238,0.069,78.225,93.713,-286.685,Shake
-0.642,0.683,0.278,96.871,21.849,-286.685,Shake
0.255,1.034,0.949,101.325,81.918,-286.685,Shake
0.884,1.064,1.283,30.634,158.401,-286.685,Shake
1.999,0.504,1.313,-75.302,73.973,-286.685,Shake
1.999,-0.163,0.562,-113.216,-89.723,-77.009,Shake
1.999,0.161,0.235,-139.729,-57.750,286.169,Shake
1.802,0.761,-0.051,-139.834,-112.271,286.685,Shake
1.015,1.751,0.563,-146.178,-216.807,286.685,Shake
-1.999,1.997,-0.034,-170.091,-122.850,286.685,Shake
-1.999,0.311,-1.934,76.177,195.107,218.435,Shake
-1.999,0.301,-0.662,150.342,286.685,-104.230,Shake
-1.999,-0.496,-1.206,11.427,256.253,-32.533,Shake
-1.999,-0.078,-1.997,-20.659,-162.216,-125.878,Shake
-1.531,0.306,-1.467,118.650,-286.685,-269.220,Shake
-0.771,0.472,-1.004,84.306,-286.685,-286.685,Shake
0.008,0.280,-0.376,7.639,-286.685,-286.685,Shake
0.004,0.031,-0.211,-88.305,-286.685,-286.685,Shake
1.600,-0.390,0.232,-9.336,-286.685,-258.344,Shake
1.999,-0.493,-0.001,6.326,283.815,-68.626,Shake
1.992,-0.431,-0.002,-25.401,286.685,120.960,Shake
-0.484,-0.251,-1.382,-187.268,286.685,286.685,Shake
-1.999,-0.830,-0.326,-199.334,283.771,114.065,Shake
-0.540,0.055,-1.997,-9.844,-286.685,-286.554,Shake
0.424,-0.381,-1.637,207.952,-286.685,-286.685,Shake
1.999,-0.102,-0.088,284.462,-283.124,-286.064,Shake
1.557,-0.390,1.954,225.304,286.685,52.780,Shake
-0.982,-0.288,0.949,-255.378,286.685,153.659,Shake
-1.988,0.012,-1.844,-286.685,30.083,-121.065,Shake
-0.941,-0.003,-1.997,68.889,-286.685,-76.878,Shake
-1.295,-0.047,-0.402,285.591,-286.685,-113.540,Shake
1.999,0.047,1.335,279.624,131.959,-286.659,Shake
1.139,-0.436,1.230,-53.515,286.685,201.399,Shake
-1.993,0.054,-0.187,-286.685,282.853,281.794,Shake
-1.999,0.112,-1.997,-273.753,-236.180,-111.116,Shake
-1.790,0.475,-1.923,226.223,-286.685,-268.117,Shake
1.939,0.441,1.009,286.685,-276.622,-286.685,Shake
1.819,-0.365,1.999,206.098,286.685,40.994,Shake
-0.338,-0.158,0.307,-271.478,286.685,276.001,Shake
-1.999,0.314,-1.051,-286.580,148.794,146.738,Shake
-1.999,0.048,-1.954,164.194,-286.685,-159.924,Shake
0.763,1.206,0.600,286.685,-286.685,-286.685,Shake
1.999,0.257,1.999,274.671,257.066,-243.460,Shake
1.497,-0.153,1.913,-19.696,286.685,234.754,Shake
-1.180,0.602,0.397,-285.793,286.353,261.354,Shake
-1.999,-0.109,-1.207,-139.038,-223.431,154.700,Shake
-0.633,0.379,-0.108,173.084,-286.685,-252.070,Shake
0.909,0.362,1.694,281.269,-159.154,-164.071,Shake
1.512,0.161,1.999,170.056,269.378,66.894,Shake
-0.222,0.508,0.674,-189.525,286.685,262.736,Shake
-1.254,0.512,-0.137,-284.069,286.685,227.587,Shake
-1.801,0.429,-0.721,-177.301,82.688,77.613,Shake
-1.999,0.058,-0.389,-54.215,-240.625,-49.542,Shake
-1.360,0.129,0.257,32.681,-286.685,-141.715,Shake
-1.257,0.204,0.580,30.861,-286.685,-284.121,Shake
-0.380,0.158,0.658,-62.405,-286.685,-286.685,Shake
0.737,-0.178,0.402,-83.562,-286.685,-285.040,Shake
1.785,-0.156,0.572,-39.821,71.067,-92.715,Shake
1.450,0.194,0.636,6.265,286.685,235.034,Shake
-0.274,0.677,-0.081,-16.371,286.685,286.685,Shake
-1.541,0.253,-0.695,-99.120,286.685,286.641,Shake
-1.999,0.267,-0.018,-166.679,227.360,-22.400,Shake
-1.479,1.287,-1.997,-131.548,-286.685,-286.685,Shake
-0.056,0.557,-0.391,-81.384,-286.685,-286.685,Shake
1.999,0.115,0.938,-19.679,-104.825,-262.544,Shake
1.999,-0.055,0.888,72.835,286.685,171.482,Shake
-1.674,0.524,-0.664,-91.647,286.685,286.685,Shake
-1.999,-0.246,-0.001,-148.811,286.685,-176.531,Shake
-1.999,0.547,-1.972,-127.916,-286.685,-286.685,Shake
-0.577,0.774,-1.926,-30.861,-286.685,-286.685,Shake
1.987,-0.400,0.104,75.565,-286.650,-286.685,Shake
1.999,0.055,1.999,256.288,286.685,2.608,Shake
-1.109,-0.500,1.328,-250.180,286.685,142.240,Shake
-1.868,0.303,0.692,-286.685,286.685,-172.454,Shake
-1.062,-0.327,-1.997,-254.074,-230.729,-286.685,Shake
0.152,0.591,-1.985,150.666,-286.685,-265.589,Shake
1.999,-0.379,0.372,238.149,-275.730,-285.967,Shake
1.928,-0.789,1.831,148.321,286.685,166.451,Shake
0.111,-0.076,0.803,-185.684,286.685,272.878,Shake
-1.924,0.455,-0.928,-286.685,282.844,5.696,Shake
-1.251,-0.230,-1.997,-139.536,-286.685,-199.780,Shake
0.124,0.136,-0.842,219.739,-286.685,-203.193,Shake
1.698,-0.429,1.474,286.685,-4.515,-121.756,Shake
1.004,-0.680,1.283,125.790,286.685,200.436,Shake
-1.285,-0.045,-0.107,-150.133,286.685,284.235,Shake
-1.999,-0.361,-1.471,-148.024,194.810,59.465,Shake
-1.772,-0.006,-1.997,88.673,-286.685,-239.680,Shake
-0.054,0.196,-1.675,209.755,-286.685,-286.685,Shake
1.835,-0.397,0.153,261.669,-286.685,-286.685,Shake
1.999,-0.816,1.999,183.934,-159.040,-132.842,Shake
0.812,-0.720,1.692,-33.119,286.685,205.765,Shake
0.973,-0.521,1.238,-53.261,286.685,285.749,Shake
0.318,-0.107,0.154,-149.607,286.685,286.685,Shake
-1.693,-0.696,-1.005,-117.162,286.685,106.671,Shake
-1.784,-0.487,-1.997,-164.054,-237.055,-219.870,Shake
0.121,0.711,-1.943,65.914,-286.685,-286.562,Shake
1.999,-0.292,0.369,218.820,-286.685,-286.685,Shake
1.999,-0.795,1.905,154.341,-193.515,-146.676,Shake
0.639,0.144,1.450,0.901,286.685,285.696,Shake
-1.297,-0.155,-0.160,-41.624,286.685,193.541,Shake
-1.999,-0.266,-0.539,-39.917,283.106,-142.564,Shake
-0.515,-0.208,-1.997,11.996,-286.685,-197.628,Shake
-0.274,0.375,-1.491,74.139,-286.685,-182.761,Shake
1.059,-0.366,0.328,255.850,-286.685,-286.685,Shake
1.998,-0.042,1.999,121.573,125.694,-68.512,Shake
1.042,-0.054,1.000,-52.833,286.685,182.744,Shake
-0.111,-0.245,-0.410,-100.118,286.685,161.499,Shake
-1.394,-0.396,-0.481,-80.010,286.685,-46.252,Shake
-1.505,-0.909,-0.279,-63.481,285.110,-173.337,Shake
-0.494,-0.687,-1.935,-68.994,-286.685,-31.124,Shake
-0.212,0.149,-1.864,92.488,-286.685,-38.806,Shake
-0.014,0.057,0.278,264.267,-286.685,-269.062,Shake
1.487,-0.173,0.755,230.361,-286.685,-285.294,Shake
1.999,-0.054,1.999,62.414,-211.759,-47.057,Shake
0.849,-0.282,0.353,-150.666,286.685,70.052,Shake
0.174,-0.400,1.156,47.451,286.685,107.266,Shake
-0.551,-0.318,1.742,61.915,286.685,111.353,Shake
-0.621,-0.093,0.759,-250.075,286.685,-253.225,Shake
-0.843,-0.887,-0.319,-258.711,286.685,-269.316,Shake
0.040,-0.670,-1.997,1.120,-286.685,-122.124,Shake
0.301,-0.574,-1.122,176.181,-286.685,-4.568,Shake
-0.147,0.187,0.656,286.685,-286.685,43.662,Shake
1.799,-0.431,0.683,201.303,-286.685,-252.805,Shake
1.999,0.226,1.999,50.864,-110.889,66.395,Shake
1.319,-0.132,0.556,-119.621,286.685,106.216,Shake
-0.142,-0.583,0.990,-140.464,286.685,22.540,Shake
-1.498,-0.422,1.057,-220.124,286.685,-100.205,Shake
-0.279,-0.627,0.469,-286.685,286.685,-286.685,Shake
-0.738,-1.314,-1.411,-186.410,-208.705,-266.402,Shake
0.320,-0.100,-1.980,53.287,-286.685,-140.166,Shake
-0.477,0.175,-1.991,234.929,-286.685,-271.040,Shake
1.983,-0.664,1.885,286.685,-286.685,-133.201,Shake
1.777,-0.613,1.999,-12.819,195.344,-20.659,Shake
0.747,-0.048,1.698,-286.466,286.685,9.608,Shake
0.468,0.103,-0.297,-286.685,286.685,-209.519,Shake
-0.668,-0.923,-0.922,-240.520,286.685,-161.473,Shake
0.371,-0.655,-1.984,-16.389,-280.989,24.587,Shake
0.889,-0.521,-1.093,-29.907,-286.685,-21.997,Shake
0.672,-0.318,1.252,280.892,-285.906,-49.674,Shake
1.658,-0.277,1.522,0.254,286.685,12.574,Shake
0.275,-0.449,-0.028,-270.288,286.685,173.180,Shake
-0.735,0.164,-1.038,-283.255,267.181,-61.311,Shake
0.059,-0.163,-1.997,-115.412,-286.685,11.244,Shake
-0.473,-0.146,-1.874,79.144,-286.685,2.888,Shake
1.207,-0.067,1.362,286.685,-240.520,-222.688,Shake
1.783,-0.582,1.602,253.094,286.685,-42.368,Shake
-0.715,0.094,0.189,-154.402,286.685,286.685,Shake
-1.999,0.415,-0.326,-286.641,275.223,245.359,Shake
-1.999,-0.180,-1.997,-131.250,-286.685,-42.814,Shake
-0.125,-0.463,-0.155,86.660,-286.685,-286.353,Shake
1.999,-0.614,1.999,205.783,134.829,-196.648,Shake
0.994,-0.793,1.922,-78.942,286.685,217.210,Shake
-1.999,-0.062,0.298,-240.476,286.685,205.931,Shake
-1.999,-0.216,-0.997,-211.234,-51.607,-175.577,Shake
-0.934,-0.180,-1.392,-115.168,-286.685,-286.685,Shake
0.297,-0.790,-0.530,-30.091,-286.685,-262.141,Shake
1.403,-0.590,1.394,163.004,250.154,-18.559,Shake
0.514,-0.535,1.492,148.321,286.685,122.010,Shake
-1.352,-0.091,0.255,-201.399,286.685,96.959,Shake
-1.999,0.038,-1.168,-286.685,215.548,-263.419,Shake
-0.572,0.080,-1.997,-90.571,-286.685,-267.557,Shake
-0.961,-0.062,-1.626,5.040,-286.685,-224.481,Shake
1.452,-0.334,0.973,170.511,-66.159,-197.890,Shake
0.244,-0.802,1.591,61.583,286.685,34.510,Shake
-1.754,-0.259,0.526,-281.645,286.685,-64.662,Shake
-1.851,0.290,-1.404,-286.685,147.035,-283.342,Shake
-0.152,-0.207,-1.997,-28.122,-286.685,-207.830,Shake
-0.601,-0.010,-1.063,94.762,-286.685,-251.134,Shake
1.999,-0.233,1.522,252.114,-15.908,-173.574,Shake
1.009,-0.563,0.823,-52.955,286.685,197.960,Shake
-0.188,-0.115,-0.248,-270.856,286.685,203.936,Shake
-1.846,0.454,-0.708,-286.685,285.259,-170.152,Shake
0.983,0.175,-1.997,-86.039,-286.685,-272.598,Shake
-0.202,0.425,-1.982,256.331,-286.685,-77.717,Shake
1.680,0.191,0.858,286.685,-134.312,-172.322,Shake
1.350,-0.234,0.550,286.204,286.685,250.355,Shake
-1.928,0.498,-0.936,95.533,286.685,286.685,Shake
-1.999,0.118,-1.122,150.159,286.641,237.921,Shake
-1.999,0.232,-0.515,64.164,-60.086,-286.685,Shake
-1.999,0.373,-1.288,156.319,-121.012,-286.685,Shake
-1.332,1.052,1.088,275.432,18.743,-286.685,Shake
-0.116,0.994,1.050,113.890,286.685,-286.685,Shake
0.745,1.402,0.876,108.509,286.685,-286.685,Shake
1.393,1.997,1.607,173.075,286.685,-286.685,Shake
1.999,0.683,1.999,111.650,-43.943,-286.685,Shake
1.999,0.933,1.728,-103.871,-141.006,245.385,Shake
1.999,1.997,1.002,-190.768,-81.707,286.685,Shake
1.185,1.997,0.544,-228.454,-246.872,286.685,Shake
-1.999,1.997,0.090,-160.423,-286.685,286.685,Shake
-1.999,0.476,-0.313,-9.809,-286.685,143.614,Shake
-1.999,-0.116,0.303,-100.327,-286.685,-286.239,Shake
-1.999,-0.376,-0.540,-138.941,-286.685,-286.685,Shake
-0.102,0.009,-0.410,-286.580,-286.685,-286.685,Shake
1.999,0.259,0.191,-286.685,-286.606,-243.714,Shake
1.999,0.180,-1.997,-252.236,254.467,255.859,Shake
1.309,0.085,-1.814,-41.388,286.685,286.685,Shake
0.679,-0.496,-1.697,78.619,286.685,286.685,Shake
0.076,-0.173,-0.561,255.518,286.685,286.685,Shake
-1.842,-0.325,-0.655,137.130,286.685,286.685,Shake
-1.999,-0.832,-0.149,-59.246,286.685,7.682,Shake
-1.978,0.311,-1.612,-216.370,-62.842,-281.068,Shake
0.439,0.025,-1.997,-140.473,-286.685,-286.685,Shake
0.229,-0.534,0.316,-65.853,-286.685,-128.599,Shake
-1.306,-1.167,-0.405,-237.265,-286.685,-42.201,Shake
-1.681,-0.353,0.331,-195.090,-286.685,-209.239,Shake
-0.223,-0.801,-0.769,-142.791,-286.685,-249.244,Shake
1.986,-0.901,0.230,86.275,223.641,-146.501,Shake
1.701,-0.325,0.582,108.229,286.685,263.016,Shake
0.208,0.068,-1.651,-93.625,286.685,286.685,Shake
-0.470,0.145,-1.280,-66.482,286.685,286.685,Shake
-1.922,-0.094,-0.535,-104.090,277.130,95.541,Shake
-0.207,0.403,-1.997,-111.615,-286.685,-284.690,Shake
0.651,-0.212,-1.889,-4.585,-286.685,-270.095,Shake
1.002,-0.503,-1.179,284.804,-109.786,-35.350,Shake
0.967,-0.272,-0.670,286.685,286.685,90.344,Shake
-0.186,-0.164,-0.709,50.680,286.685,286.685,Shake
-1.999,0.152,-0.704,-239.269,182.402,189.245,Shake
-1.933,0.315,-1.997,-7.210,-286.685,-274.339,Shake
-1.152,0.149,-1.997,95.305,-286.685,-286.685,Shake
1.999,0.077,1.040,286.685,-144.121,-286.685,Shake
1.700,-0.770,1.084,252.271,286.685,123.314,Shake
-1.529,0.057,0.089,-127.199,286.685,286.685,Shake
-1.999,0.078,-1.798,-130.611,175.201,208.863,Shake
-1.910,0.604,-1.622,278.819,-286.685,-278.329,Shake
0.447,0.276,0.512,272.807,-286.685,-286.685,Shake
1.244,-0.942,1.999,110.836,-286.685,-286.685,Shake
1.053,-0.789,1.180,-42.761,-286.685,-286.685,Shake
1.999,-0.693,1.778,-6.318,-265.545,-266.481,Shake
1.999,-0.825,1.906,14.394,286.685,144.322,Shake
-0.487,-0.692,1.576,-88.620,286.685,286.685,Shake
-1.990,-0.507,0.964,-118.431,286.685,9.196,Shake
-1.615,-0.132,0.759,-131.889,286.125,-274.103,Shake
0.978,-0.025,-1.997,-76.239,-286.685,-286.685,Shake
1.617,-0.483,-1.001,123.795,-286.685,-203.359,Shake
0.852,-0.566,1.999,186.585,279.099,-17.019,Shake
0.091,-0.696,1.991,-177.432,286.685,-21.499,Shake
0.017,-0.264,0.605,-277.821,286.685,-117.425,Shake
1.060,-0.054,-1.997,-225.050,-285.897,-171.106,Shake
0.160,0.547,-1.472,160.064,-286.685,-51.266,Shake
1.983,0.544,1.999,286.685,41.020,-167.169,Shake
1.931,-0.485,1.999,242.279,286.685,-124.241,Shake
0.773,-0.125,1.770,-239.855,286.685,220.430,Shake
0.837,0.294,-1.702,-286.685,-38.176,97.283,Shake
0.182,0.257,-1.239,-127.418,-286.685,286.685,Shake
-1.784,-0.422,0.566,202.895,-286.685,268.914,Shake
0.788,-0.118,1.869,286.685,278.959,-90.081,Shake
-0.681,-0.706,1.999,-13.781,286.685,207.804,Shake
-1.467,0.265,0.745,-286.685,218.829,73.859,Shake
-1.885,0.390,-1.751,-286.685,-286.676,16.879,Shake
-1.999,-0.683,1.175,-166.092,-286.685,67.244,Shake
-0.223,-0.402,-1.157,-217.236,-286.685,-286.685,Shake
1.999,-0.409,0.891,270.217,268.555,-44.511,Shake
0.734,-0.189,1.923,167.029,286.685,286.685,Shake
-1.999,0.368,0.437,-280.000,286.685,273.691,Shake
-1.999,0.785,-1.997,-264.180,-274.199,-285.206,Shake
-1.166,0.245,-0.854,-223.527,-286.685,-286.685,Shake
-0.041,-0.321,-0.518,-55.597,-281.549,-286.685,Shake
1.999,0.109,1.744,232.216,276.141,-117.871,Shake
-0.275,-0.146,0.192,-19.311,286.685,286.685,Shake
-1.999,0.468,0.464,-232.076,286.685,92.094,Shake
-1.999,0.576,-1.997,-154.901,-270.480,-286.685,Shake
-0.000,0.459,-1.951,-38.491,-286.685,-286.685,Shake
1.775,-0.415,-0.048,170.432,-262.955,-269.710,Shake
1.190,-0.601,1.420,122.010,286.685,107.065,Shake
-0.924,-0.198,1.000,-214.217,286.685,148.601,Shake
-0.714,0.005,-0.596,-286.685,-4.952,-153.423,Shake
-0.853,0.404,-1.110,-271.897,-286.685,-169.575,Shake
-1.134,-0.018,-0.858,-158.550,-286.685,-143.211,Shake
0.484,-0.271,-1.764,57.522,-217.105,-165.497,Shake
1.959,0.245,0.461,278.696,286.685,190.636,Shake
0.022,0.998,-0.936,-119.569,286.685,286.685,Shake
-0.985,0.852,-1.678,-277.883,286.685,286.685,Shake
-1.999,0.838,-1.968,-286.449,97.484,93.756,Shake
-1.788,1.208,-1.997,24.325,-286.685,-286.685,Shake
-0.009,0.461,-1.997,93.205,-286.685,-286.685,Shake
1.857,0.592,-0.150,286.685,228.585,-85.505,Shake
-0.039,0.128,0.446,138.863,286.685,249.270,Shake
-1.886,0.468,-0.584,-109.261,286.685,286.685,Shake
-1.999,0.592,-1.997,24.675,-285.381,-156.730,Shake
-0.698,1.222,-1.997,234.518,-286.685,-286.685,Shake
1.018,0.559,-1.200,269.124,-286.685,-286.685,Shake
1.999,0.188,1.999,286.685,283.229,-197.208,Shake
-0.798,-0.457,1.052,-31.386,286.685,277.060,Shake
-1.999,0.225,-0.879,-95.760,286.685,270.182,Shake
-1.999,0.407,-1.174,-45.946,-98.796,57.566,Shake
-1.573,0.549,-0.712,176.540,-286.685,-286.379,Shake
0.194,0.095,-0.059,76.326,-286.685,-286.685,Shake
1.701,0.267,1.999,278.845,203.656,-141.400,Shake
0.162,-0.256,1.999,128.564,286.685,1.067,Shake
-1.999,-0.138,1.171,-206.045,286.685,17.552,Shake
-1.999,0.267,-0.687,-208.696,-165.996,-191.415,Shake
-1.999,0.247,-0.821,-100.756,-286.685,-286.685,Shake
-1.535,0.218,-0.794,-136.535,-286.685,-286.685,Shake
1.191,-0.470,-0.333,-128.590,-286.685,-286.685,Shake
1.999,-0.300,1.292,-20.230,283.369,-9.791,Shake
-0.005,-0.435,-0.188,-165.270,286.685,234.710,Shake
-1.055,-0.443,-0.888,-156.546,286.685,32.244,Shake
-1.310,-0.399,-1.068,118.650,63.516,-209.072,Shake
0.006,-0.052,-1.915,149.258,-286.685,-286.685,Shake
0.332,0.168,-1.272,127.978,-286.685,-286.685,Shake
1.169,-0.492,0.781,18.410,-286.685,-240.074,Shake
1.072,-0.429,0.496,53.042,-286.685,-125.055,Shake
0.365,-0.438,0.589,30.625,-286.685,-85.330,Shake
0.390,-0.231,0.586,-70.516,-286.685,-115.649,Shake
1.810,-0.363,-0.555,-66.045,-106.899,-31.517,Shake
1.960,-0.018,-0.944,183.146,286.685,209.186,Shake
1.947,0.070,0.165,152.723,286.685,286.685,Shake
0.653,1.015,-1.297,133.709,286.685,286.685,Shake
-1.255,0.588,-1.997,38.623,286.685,286.685,Shake
-1.999,0.110,-1.317,47.644,286.685,286.685,Shake
-1.999,0.002,-1.100,11.226,-85.496,83.239,Shake
-1.713,0.151,-1.476,-118.099,-286.685,-286.414,Shake
-0.592,-0.348,-1.696,-214.322,-286.685,-286.685,Shake
1.999,-0.624,-1.018,-52.920,-286.589,-234.045,Shake
1.984,-0.097,0.039,282.765,286.685,125.694,Shake
-0.045,0.375,-0.732,262.299,286.685,286.492,Shake
-1.999,-0.177,-1.978,35.315,286.685,285.539,Shake
-1.999,-0.097,0.333,-11.366,235.673,-17.290,Shake
-1.938,0.358,-1.170,-132.003,-286.685,-266.997,Shake
-1.417,-0.359,-0.570,-117.162,-286.685,-177.441,Shake
0.030,-0.763,0.204,-80.360,-286.685,-260.899,Shake
1.999,-0.169,1.357,7.997,-98.665,26.548,Shake
0.699,-0.035,-0.042,-37.651,286.685,226.931,Shake
-1.142,-0.191,-1.424,-148.811,286.685,175.254,Shake
-1.999,-0.347,-0.534,-59.421,286.685,49.490,Shake
-1.999,0.082,-0.700,-49.936,99.094,-55.370,Shake
-0.801,-0.860,-1.153,8.278,-286.685,-286.685,Shake
-0.532,0.170,0.175,-135.546,-286.685,-253.636,Shake
-0.029,-0.187,-0.297,-174.230,-286.685,-239.426,Shake
1.497,-0.263,-0.946,55.414,173.399,-36.986,Shake
0.275,-0.258,1.146,270.261,286.685,134.908,Shake
-1.571,-0.308,-1.249,69.510,286.685,127.829,Shake
-1.999,-0.117,-0.385,61.478,286.685,-72.686,Shake
-0.783,0.119,-0.858,53.611,-155.330,-284.165,Shake
0.259,-0.283,-0.066,17.001,-286.685,-15.295,Shake
0.237,-0.674,-0.140,46.935,-286.685,0.595,Shake
1.159,0.038,0.218,239.872,23.695,142.205,Shake
-0.244,-0.792,-0.486,91.262,286.685,-2.721,Shake
0.251,0.062,-0.212,-148.969,286.685,33.976,Shake
-0.760,-0.559,-0.293,-248.150,286.685,115.491,Shake
-1.999,-0.030,-1.183,-88.812,-285.915,162.076,Shake
-1.999,-0.678,-0.642,264.932,-286.685,30.319,Shake
-0.912,-0.296,1.609,60.121,-286.685,-221.742,Shake
1.265,-0.650,0.780,-122.938,-286.685,-151.883,Shake
1.999,-0.016,0.765,-75.784,42.875,-131.967,Shake
1.442,-0.406,1.086,-200.655,286.685,-258.116,Shake
-0.161,-0.324,1.622,-279.554,286.685,-286.685,Shake
-1.999,-0.400,1.516,-175.306,286.685,-286.685,Shake
-0.253,0.277,1.711,-107.607,286.685,-286.685,Shake
0.707,0.173,0.470,-22.339,41.186,-286.685,Shake
0.984,0.387,0.111,55.860,-58.100,-286.685,Shake
1.746,0.915,1.122,73.351,17.911,-286.676,Shake
1.999,0.864,1.623,-89.294,60.147,-174.283,Shake
1.999,0.964,1.264,-218.811,65.669,97.326,Shake
1.999,0.778,0.129,-286.685,21.586,285.959,Shake
1.447,1.498,0.024,-270.987,-245.665,286.685,Shake
-1.999,1.997,0.065,-83.387,-286.685,286.685,Shake
-1.999,-0.434,-0.835,122.955,-286.685,286.685,Shake
-1.283,1.685,1.999,286.685,-280.709,-99.330,Shake
-1.999,-0.031,1.999,-150.876,286.685,-286.685,Shake
-1.280,0.049,0.020,-230.449,262.535,-286.685,Shake
-1.819,0.401,1.514,70.210,286.685,-286.685,Shake
-0.926,1.414,1.812,-79.625,286.685,-286.685,Shake
1.239,1.992,1.451,-214.322,286.685,-286.685,Shake
1.999,1.997,1.999,-275.686,259.245,-286.685,Shake
1.999,1.997,1.999,-286.685,51.896,-285.180,Shake
1.262,1.997,1.052,-286.685,-285.617,108.850,Shake
0.599,1.997,-0.531,-286.685,-269.168,266.945,Shake
-1.442,1.755,-1.997,-286.685,121.179,282.905,Shake
-1.966,-0.143,-1.997,-165.270,-38.054,3.316,Shake
0.280,-0.268,-1.997,83.107,-129.264,-17.517,Shake
-0.076,-0.540,-1.997,194.259,-114.870,57.662,Shake
-0.058,0.227,-1.997,286.685,-160.090,71.181,Shake
-0.323,0.602,-1.997,286.685,-50.514,37.835,Shake
-0.264,1.070,-1.345,286.685,17.255,-0.464,Shake
-0.360,1.744,-0.510,286.685,48.851,-53.270,Shake
-0.621,1.997,0.486,286.685,-6.265,-108.395,Shake
-0.805,1.997,1.999,286.685,-2.047,-196.805,Shake
1.574,1.997,1.999,176.943,101.710,-273.297,Shake
0.924,1.997,1.999,-286.685,90.414,-31.124,Shake
0.323,1.997,0.986,-286.685,-117.408,78.575,Shake
1.847,1.997,0.063,-286.685,-158.821,204.277,Shake
-0.438,1.997,-1.997,-286.685,4.847,286.685,Shake
-1.999,1.574,-1.997,-286.685,-286.685,286.685,Shake
-1.999,1.483,-1.997,-146.895,-223.361,174.746,Shake
-1.999,0.432,-1.997,64.820,-111.186,10.062,Shake
-1.977,0.622,-1.997,286.668,-225.094,-184.590,Shake
-1.400,0.481,-1.997,286.676,-84.018,-243.355,Shake
-0.711,1.105,-1.735,286.685,-15.505,-286.685,Shake
-0.360,1.786,-0.421,286.685,31.920,-286.685,Shake
0.028,1.997,0.164,286.685,71.094,-286.685,Shake
0.235,1.997,1.193,286.685,178.150,-286.685,Shake
1.995,1.997,1.999,274.225,286.685,-285.355,Shake
0.665,1.997,1.999,-221.480,279.878,-119.000,Shake
-0.494,1.997,1.999,-286.685,-147.201,71.146,Shake
-0.577,1.997,1.616,-286.685,-284.392,174.344,Shake
-0.152,1.997,-0.144,-286.685,-187.189,280.122,Shake
-1.999,1.997,-1.997,-286.685,-286.676,286.685,Shake
-1.999,1.997,-1.997,-286.527,-286.685,186.568,Shake
-1.999,1.213,-1.997,-193.393,-286.685,14.297,Shake
-1.999,0.618,-1.997,-177.564,-96.119,-178.264,Shake
-1.999,1.343,-1.505,-51.362,-286.685,-286.685,Shake
-1.999,1.997,-1.034,-207.804,-286.685,-286.685,Shake
-1.722,1.997,-1.498,-286.562,-286.685,-286.685,Shake
-0.224,1.997,-1.997,-286.685,-286.685,-286.685,Shake
1.856,1.355,-1.997,-285.775,-286.685,-286.685,Shake
1.604,0.718,-1.669,-148.776,-79.695,-190.837,Shake
1.037,0.451,-1.446,-83.230,174.274,-122.255,Shake
0.824,0.189,-1.559,61.976,6.878,-72.870,Shake
1.080,-0.094,-1.216,180.128,-93.826,-29.164,Shake
1.478,-0.406,-1.183,286.116,61.548,47.810,Shake
1.289,-0.115,-1.518,286.685,286.685,261.459,Shake
0.359,1.139,-1.966,286.685,286.685,286.685,Shake
-1.999,1.997,-1.997,286.685,286.685,286.685,Shake
-1.999,1.997,-1.997,225.899,286.685,286.685,Shake
-1.999,0.612,-1.875,286.685,204.706,61.565,Shake
0.455,1.278,-0.534,280.612,-286.685,-286.685,Shake
-1.762,0.074,-1.307,-61.574,-286.685,97.169,Shake
-1.999,0.007,-0.158,-120.251,-286.685,-92.155,Shake
-1.999,1.337,-0.345,-280.927,-286.685,-286.685,Shake
-0.677,0.494,-1.909,-286.685,-286.685,-260.505,Shake
0.889,-0.270,-0.853,-145.985,-286.685,-8.164,Shake
1.862,-0.222,-1.049,-284.296,50.243,-107.573,Shake
1.567,-0.237,-1.026,-226.852,286.685,-33.232,Shake
1.143,-0.567,-1.477,-126.997,286.685,172.489,Shake
0.785,-0.303,-1.734,98.140,286.685,255.824,Shake
-0.413,0.134,-1.279,72.188,286.685,231.236,Shake
-1.935,-0.754,-1.997,-171.806,286.685,118.974,Shake
-1.999,-1.355,-1.513,-46.104,284.506,-88.165,Shake
-0.385,-0.589,-0.728,286.659,-286.685,-13.930,Shake
-0.514,-0.775,-1.027,246.951,-286.685,210.893,Shake
-0.717,-1.104,-1.312,257.302,-286.685,162.068,Shake
1.836,-0.811,-0.798,225.391,-286.685,38.360,Shake
1.999,0.539,1.510,125.764,33.320,-119.490,Shake
0.632,-0.427,0.343,-276.036,286.685,-286.685,Shake
-0.251,-0.565,0.689,-201.626,286.685,-286.685,Shake
-1.860,-0.462,1.063,-95.077,286.685,-286.685,Shake
-1.741,0.042,1.184,-74.130,286.685,-286.685,Shake
1.659,-0.442,0.641,-6.519,-25.340,-239.470,Shake
1.919,-0.209,0.134,199.430,-286.685,286.685,Shake
-0.437,0.280,0.198,209.676,-286.685,286.685,Shake
-0.739,0.594,1.999,178.710,-167.492,255.202,Shake
0.678,0.218,0.549,-283.509,286.685,-281.041,Shake
1.217,0.207,0.451,-286.685,286.685,-286.685,Shake
0.782,0.045,-0.177,-286.685,116.996,-32.952,Shake
-0.741,0.527,-0.065,-139.116,-286.685,286.685,Shake
-1.425,-0.513,-0.781,-61.162,-286.685,286.685,Shake
-0.354,-0.363,-0.100,165.104,58.231,201.390,Shake
0.367,-0.138,-0.986,125.230,286.685,69.615,Shake
0.222,0.651,-1.997,-29.094,286.685,151.296,Shake
-1.825,0.978,-1.997,-286.501,286.685,286.685,Shake
-1.999,-0.128,-1.997,-286.685,-28.892,155.986,Shake
-1.999,-0.138,-1.997,105.507,-286.685,57.496,Shake
-1.701,0.173,-1.967,203.149,-286.685,-14.735,Shake
-0.660,-0.413,0.256,107.817,-286.685,119.857,Shake
0.850,-0.190,0.373,-48.860,-286.685,171.465,Shake
1.999,0.157,1.390,-102.707,-224.648,103.749,Shake
1.999,-0.538,-0.580,-211.251,286.676,-155.619,Shake
0.234,0.036,0.068,39.585,286.685,90.545,Shake
-1.742,-0.189,-0.101,-4.900,286.685,54.031,Shake
-1.999,-0.791,-1.303,-25.917,286.685,-285.828,Shake
-1.999,-0.202,-0.372,131.617,286.685,-286.685,Shake
-0.476,0.388,0.295,118.711,-111.090,-278.119,Shake
-0.240,-0.064,-0.098,-34.720,-286.685,284.008,Shake
-1.994,0.139,1.591,46.751,-286.685,286.685,Shake
-1.999,-0.163,1.479,-213.605,-286.685,224.621,Shake
0.777,0.036,0.448,-131.276,-283.666,69.160,Shake
0.732,0.271,0.731,-97.694,286.685,-286.318,Shake
-1.999,-0.745,-0.210,-121.870,286.685,-286.685,Shake
-1.999,0.400,-0.115,142.266,286.685,-286.685,Shake
-1.707,0.819,1.317,250.477,286.685,-286.685,Shake
1.726,0.252,0.561,179.401,-175.280,-277.524,Shake
1.842,-0.362,-0.072,170.310,-286.685,284.769,Shake
-0.158,-0.038,0.765,261.397,-286.685,286.685,Shake
-0.282,-0.419,1.216,181.038,-286.685,286.685,Shake
-0.130,-0.872,1.071,39.681,-286.685,261.896,Shake
0.448,-0.456,0.169,-99.794,196.613,-152.084,Shake
0.446,-0.233,0.080,-27.921,286.685,-286.685,Shake
-1.022,-0.442,-0.084,-59.640,286.685,-286.685,Shake
-1.999,-0.152,0.593,15.321,286.685,-286.685,Shake
0.129,1.154,1.999,103.189,254.879,-286.685,Shake
1.999,-0.263,0.529,-188.694,-286.685,94.544,Shake
1.089,0.846,0.111,-49.770,-286.685,286.685,Shake
-1.467,1.577,0.982,110.801,-286.685,286.685,Shake
-1.911,-0.191,1.389,151.139,-286.685,286.685,Shake
-1.181,0.271,0.239,23.450,189.438,-82.092,Shake
-0.006,-0.024,-0.135,-3.001,286.685,-286.685,Shake
-0.946,-0.591,-0.151,-207.270,286.685,-286.589,Shake
-0.318,-0.120,0.286,-286.685,286.685,-286.685,Shake
1.825,0.247,-0.755,-286.685,112.919,-36.951,Shake
-1.860,0.682,-1.665,-286.685,-286.685,286.668,Shake
-1.999,0.431,-1.997,-251.492,-286.685,267.829,Shake
-1.999,0.041,-1.997,-86.188,-286.685,43.584,Shake
-1.999,0.052,-0.821,74.707,-286.685,-217.788,Shake
-1.981,0.152,-0.011,-82.863,-286.685,-224.000,Shake
-1.480,0.232,-0.597,-182.096,-286.685,-271.897,Shake
0.378,-0.348,-0.731,-163.056,-286.685,-208.766,Shake
1.270,-0.323,0.108,-109.681,-286.134,-216.143,Shake
1.999,-0.433,-0.034,-146.072,283.448,-271.758,Shake
0.697,-0.378,0.970,-38.789,286.685,-165.077,Shake
-0.960,-0.556,-0.008,-143.386,286.685,-243.801,Shake
-1.999,-0.962,-1.588,15.855,286.685,-286.685,Shake
-1.999,-0.318,0.493,272.650,268.695,-286.685,Shake
1.186,0.476,0.300,286.685,-286.081,-225.400,Shake
0.730,-0.252,0.167,167.633,-286.685,283.045,Shake
-0.501,-0.357,0.566,68.294,-286.685,286.685,Shake
-1.151,-0.569,0.825,-14.578,-286.685,96.924,Shake
1.827,-0.020,-0.741,-143.561,207.900,-279.195,Shake
0.743,-0.094,0.175,-82.731,286.685,-286.685,Shake
-1.725,-1.062,-0.478,-240.590,286.685,-286.685,Shake
-1.999,-0.823,0.366,52.132,63.000,-285.845,Shake
1.798,0.219,-0.364,251.064,-286.685,10.587,Shake
1.358,-0.321,-0.064,163.669,-286.685,286.685,Shake
0.761,-0.023,0.445,285.215,-286.484,286.685,Shake
0.470,-0.063,0.409,-4.261,286.685,-231.481,Shake
0.321,0.044,0.381,-153.562,286.685,-286.685,Shake
0.096,-0.137,-0.094,-286.685,286.685,-152.539,Shake
1.012,0.211,-0.385,1.584,-286.685,236.040,Shake
1.673,0.373,-0.479,195.869,-286.685,286.685,Shake
0.975,0.914,-0.100,284.891,-286.685,286.685,Shake
-1.914,1.816,-0.104,286.685,244.755,286.685,Shake
-1.999,1.286,-1.419,250.740,286.685,146.440,Shake
-1.999,0.118,-1.997,-127.601,286.685,-126.647,Shake
-1.999,0.093,-1.997,-144.926,266.499,-196.997,Shake
-1.395,0.776,-1.997,132.379,-286.685,-129.824,Shake
-1.999,-0.035,-1.997,213.395,-286.685,-232.356,Shake
-0.933,0.603,-1.020,286.685,-155.277,-286.685,Shake
-0.653,0.831,0.336,286.685,281.811,-286.685,Shake
-0.578,0.805,0.494,286.685,286.685,-286.685,Shake
-0.515,1.908,0.365,286.685,138.644,-286.685,Shake
0.435,1.997,0.987,286.685,-157.342,-286.685,Shake
1.700,1.997,1.462,281.759,-257.932,-286.685,Shake
1.999,1.724,1.999,22.899,-15.671,-219.590,Shake
1.999,1.992,1.543,-286.685,181.694,214.664,Shake
1.999,1.997,-0.598,-286.685,-62.213,286.685,Shake
0.410,1.997,-1.263,-286.685,-233.459,286.685,Shake
-1.999,0.762,-1.997,-51.292,-286.685,286.685,Shake
-1.963,1.988,1.974,286.685,-286.685,286.685,Shake
-1.999,1.997,1.999,269.168,-164.465,-57.680,Shake
-1.997,1.997,1.999,-151.900,259.717,-286.685,Shake
-1.536,1.407,1.979,-286.685,134.137,-286.685,Shake
-1.284,1.145,0.598,-286.685,-49.805,-286.685,Shake
-0.345,1.567,0.434,-286.685,52.981,-286.685,Shake
0.548,1.997,0.269,-286.685,282.818,-286.685,Shake
0.801,1.997,0.240,-256.025,286.685,-286.685,Shake
1.593,1.997,0.365,-90.632,284.594,-286.685,Shake
1.999,1.995,1.999,25.226,-15.531,-279.895,Shake
1.999,1.867,1.932,-284.130,-208.241,234.255,Shake
1.999,1.731,0.855,-286.685,-206.360,286.685,Shake
-0.724,1.997,-0.448,-286.685,-284.777,286.685,Shake
-1.999,-0.261,-1.997,-228.874,-286.685,286.685,Shake
-0.249,0.684,1.241,286.685,-286.685,280.770,Shake
-1.336,1.587,1.999,286.685,-286.685,286.685,Shake
-1.259,1.240,1.999,93.957,-286.685,148.636,Shake
-1.024,1.331,1.999,-144.594,-227.693,43.514,Shake
-0.633,1.110,1.996,-286.685,170.914,-213.465,Shake
-0.257,0.907,1.043,-286.685,286.685,-286.685,Shake
0.233,1.189,0.557,-286.685,286.685,-286.685,Shake
0.447,1.154,0.493,-286.685,286.685,-286.685,Shake
0.197,1.416,0.714,-136.946,286.685,-286.685,Shake
0.197,1.527,0.842,-24.334,286.685,-286.685,Shake
1.529,1.521,0.865,92.794,-104.475,-286.685,Shake
1.999,0.462,1.999,45.859,-175.096,-62.571,Shake
1.999,0.259,1.964,-242.786,-66.999,286.659,Shake
1.602,1.510,0.712,-286.685,-278.189,286.685,Shake
-1.999,1.997,-0.261,-286.685,-286.685,286.685,Shake
-1.999,-1.780,-1.319,44.284,-286.685,283.211,Shake
-1.936,1.640,1.999,282.301,-98.464,-146.038,Shake
-1.999,-0.040,1.999,-19.819,286.685,-286.685,Shake
-1.476,0.257,0.854,-205.432,283.386,-286.685,Shake
-0.312,0.287,0.205,-167.886,76.361,-286.685,Shake
-0.149,0.151,0.078,-17.430,123.655,-286.685,Shake
0.462,0.822,0.217,30.188,151.445,-286.685,Shake
0.984,1.795,0.061,64.811,286.685,-286.685,Shake
1.617,1.990,1.071,124.128,286.685,-286.685,Shake
1.999,1.619,1.999,-26.810,114.984,-286.554,Shake
1.999,1.093,1.999,-275.319,55.064,-61.040,Shake
1.983,1.920,0.278,-286.685,-87.815,286.685,Shake
-1.991,1.997,-1.819,-286.685,-286.685,286.685,Shake
-1.999,1.469,-1.997,-101.456,-286.685,286.685,Shake
-1.999,1.179,-1.262,286.685,-286.685,103.469,Shake
-1.999,0.604,1.999,267.094,4.760,-92.321,Shake
-1.999,-0.065,1.279,-88.253,282.651,-286.685,Shake
-1.043,-0.186,-0.362,-154.551,43.444,-286.685,Shake
-0.862,0.002,-0.007,132.335,-41.090,-266.665,Shake
-0.512,0.177,0.360,116.331,34.869,-286.685,Shake
0.206,0.485,0.485,25.987,161.131,-286.685,Shake
0.870,1.363,0.446,-28.542,252.499,-286.685,Shake
1.914,1.447,0.251,-22.243,286.685,-286.685,Shake
1.999,0.824,1.251,-11.305,286.685,-286.685,Shake
1.999,0.277,1.983,-222.906,82.408,56.271,Shake
1.847,1.123,0.534,-286.685,-80.719,286.685,Shake
-1.880,1.997,-1.666,-286.685,-266.849,286.685,Shake
-1.999,0.114,-1.997,139.449,-286.685,286.685,Shake
-1.670,0.468,1.204,286.685,-286.685,286.361,Shake
-0.773,0.356,1.999,266.219,-286.685,246.881,Shake
-1.404,0.443,1.999,-51.266,-286.685,187.311,Shake
-1.000,0.380,1.941,-141.400,-286.685,183.452,Shake
-0.396,0.357,1.479,-252.367,-286.685,229.180,Shake
-0.080,0.290,0.539,-286.685,-286.685,175.665,Shake
0.436,0.093,-0.413,-286.685,-122.675,23.292,Shake
0.805,0.291,-0.775,-286.685,124.775,-23.634,Shake
0.647,0.233,-1.082,-286.685,251.178,35.516,Shake
0.102,-0.578,-1.686,-243.014,14.849,153.361,Shake
0.190,-1.618,-1.997,39.979,59.351,113.811,Shake
0.666,-1.526,-1.997,267.295,252.087,83.256,Shake
0.379,0.549,-1.726,286.685,286.685,246.181,Shake
-1.999,1.997,-1.194,286.685,286.685,286.685,Shake
-1.999,0.016,-0.655,286.685,286.685,-132.510,Shake
-1.754,1.184,1.974,273.464,-101.264,-286.685,Shake
-0.384,-0.171,-0.019,-2.686,-286.685,222.766,Shake
-1.481,-0.800,0.843,-77.289,-286.685,281.680,Shake
0.969,-0.506,0.294,-221.025,-286.685,140.219,Shake
1.657,-0.402,-1.708,-56.691,235.795,-121.249,Shake
0.476,-0.669,-0.433,52.509,286.685,-285.932,Shake
-1.639,-0.709,0.301,-74.340,286.685,-286.685,Shake
-1.999,-0.451,0.964,-94.159,286.685,-286.685,Shake
0.018,0.104,0.261,33.635,-219.905,-272.029,Shake
1.225,-0.092,0.271,108.832,-286.685,286.641,Shake
0.042,-0.403,0.302,65.564,-286.685,286.685,Shake
-0.141,-0.631,1.066,217.193,-286.685,278.854,Shake
0.285,-0.021,1.006,25.323,269.824,-252.035,Shake
0.363,-0.482,0.448,-171.833,286.685,-286.685,Shake
-1.143,-0.707,0.798,-285.950,286.685,-286.685,Shake
0.861,-0.185,-1.026,-17.596,-286.685,25.541,Shake
0.195,-0.687,0.159,136.754,-286.685,286.685,Shake
-0.412,-0.630,-0.290,190.820,-286.685,249.760,Shake
0.244,-0.220,0.081,215.705,-44.144,-87.832,Shake
1.332,-0.201,-0.267,-44.818,286.685,-286.685,Shake
0.012,-0.390,-0.727,-70.586,286.685,-172.462,Shake
-1.999,-0.777,-0.511,-178.736,258.247,21.105,Shake
-0.512,-0.292,0.073,284.646,-286.685,286.685,Shake
0.218,-0.489,0.630,286.685,-286.685,286.685,Shake
1.708,0.026,1.835,286.685,-286.685,192.946,Shake
0.698,0.030,1.204,-24.334,236.504,-162.409,Shake
0.547,-0.082,-0.122,14.936,286.685,-283.045,Shake
-0.726,-0.215,-0.891,-89.766,286.685,-239.645,Shake
-1.999,-0.974,-0.206,-162.776,286.685,-100.012,Shake
-0.654,-0.238,-0.534,-44.958,-266.402,28.919,Shake
-1.265,-0.010,-0.258,213.220,-286.685,286.685,Shake
0.129,-0.154,1.323,286.685,-286.685,286.475,Shake
1.630,-0.060,1.891,286.685,-286.685,207.839,Shake
0.716,1.740,1.949,131.005,70.910,45.307,Shake
0.572,0.421,0.739,-129.430,286.685,-286.685,Shake
-1.897,0.072,1.734,-122.552,286.685,-286.685,Shake
-1.992,0.658,1.751,-244.764,286.685,-286.685,Shake
-0.535,0.189,0.817,-286.685,271.784,-286.685,Shake
0.151,-0.024,-0.613,-122.386,-286.685,33.145,Shake
-0.709,0.058,0.032,148.689,-286.685,286.685,Shake
-0.943,-0.147,1.329,275.783,-286.685,286.685,Shake
1.094,-0.413,1.980,164.264,-286.685,286.685,Shake
0.846,1.221,1.319,-120.662,127.706,81.603,Shake
0.327,-0.373,-0.470,-280.647,286.685,-286.685,Shake
-1.983,-1.117,-0.042,-274.934,286.685,-286.685,Shake
-1.999,-0.994,-0.039,-178.561,286.685,-286.685,Shake
0.323,0.162,-0.360,-1.916,-184.188,-285.171,Shake
0.740,-0.435,0.036,123.629,-286.685,283.237,Shake
-0.785,-0.445,-0.548,70.411,-286.685,286.685,Shake
-0.551,0.529,1.999,207.812,-124.031,-3.500,Shake
0.104,0.323,1.647,-35.998,286.685,-286.685,Shake
-0.267,-0.387,0.585,-261.406,286.685,-286.685,Shake
-0.707,-0.415,0.321,-200.970,283.745,-286.685,Shake
1.999,0.081,-0.893,159.040,-286.685,56.586,Shake
1.276,-0.232,-0.202,286.659,-286.685,286.685,Shake
-0.135,-0.718,0.245,169.864,-286.685,286.685,Shake
-0.498,0.554,1.020,285.626,282.704,-173.346,Shake
-0.086,-0.629,0.600,-111.632,286.685,-286.685,Shake
-0.907,-0.534,0.731,-133.271,286.685,-286.685,Shake
0.149,-0.897,0.027,-172.366,163.083,-259.997,Shake
1.480,-0.266,-0.464,138.241,-286.685,286.440,Shake
-0.861,0.390,0.059,285.617,-286.685,286.685,Shake
-1.726,-0.593,1.299,286.685,-249.366,256.576,Shake
-0.806,0.397,1.682,282.450,286.685,-286.685,Shake
-0.600,-0.278,1.515,99.339,286.685,-286.685,Shake
-0.693,-0.463,0.680,-102.244,257.504,-163.984,Shake
-0.634,0.182,0.498,43.811,-286.685,286.685,Shake
-1.999,-0.534,1.164,125.134,-286.685,286.685,Shake
-1.344,-0.373,0.815,127.566,-286.685,228.226,Shake
1.199,-0.409,0.430,91.376,-286.685,122.168,Shake
0.759,0.628,1.305,215.863,62.956,-118.475,Shake
0.352,-0.099,1.462,59.176,286.685,-286.685,Shake
0.150,0.055,1.753,61.976,286.685,-286.685,Shake
-1.065,0.092,1.767,-37.345,286.685,-286.685,Shake
-1.922,-0.107,0.578,-63.096,286.685,-286.685,Shake
-1.999,-0.565,0.522,-87.124,286.685,-286.685,Shake
-1.812,-0.536,-0.386,0.289,-278.311,-79.686,Shake
-0.968,-0.517,-0.503,121.152,-286.685,258.283,Shake
-1.124,-0.498,0.497,188.536,-286.685,281.356,Shake
1.191,-0.394,0.170,86.949,-286.685,230.326,Shake
1.639,0.259,1.750,54.049,-286.580,285.320,Shake
0.734,0.376,0.325,-252.551,237.702,21.901,Shake
0.640,-0.530,-0.675,-222.749,286.685,-270.594,Shake
-0.632,-0.279,0.287,-33.775,286.685,-227.482,Shake
-1.999,-1.093,-0.063,-58.931,286.685,-286.685,Shake
-1.999,-0.038,1.177,74.147,262.281,-286.685,Shake
1.187,-0.197,-0.540,54.705,-284.253,-215.390,Shake
0.315,-0.678,0.495,123.436,-286.685,286.685,Shake
0.027,-0.639,0.802,147.971,-286.685,286.685,Shake
0.121,-0.572,1.051,54.897,-286.650,202.667,Shake
0.147,-0.172,0.815,-52.763,198.879,-112.105,Shake
0.227,-0.528,0.087,-146.116,286.685,-286.685,Shake
-1.768,-0.916,0.179,-149.327,286.685,-286.685,Shake
0.672,-0.309,-0.775,-14.849,-154.849,-276.885,Shake
1.999,-0.387,-0.223,251.396,-286.685,217.210,Shake
0.348,-0.390,0.013,212.966,-286.685,286.685,Shake
0.184,0.136,1.086,286.598,-286.685,285.311,Shake
0.627,-0.279,1.247,69.099,-209.256,72.774,Shake
0.918,-0.031,0.335,-105.665,286.318,-218.312,Shake
1.103,-0.449,-0.466,-164.316,286.685,-286.685,Shake
0.110,-0.615,-0.552,-173.871,286.685,-286.685,Shake
-1.798,-1.047,-0.349,-135.083,193.594,-218.943,Shake
1.529,-0.030,0.156,265.755,-286.685,286.685,Shake
0.361,0.305,1.171,286.685,-286.685,286.685,Shake
-0.348,-0.449,1.729,248.824,-286.685,286.685,Shake
0.756,-0.033,1.766,37.546,-286.685,217.919,Shake
0.875,-0.509,-0.967,-201.311,286.650,-267.277,Shake
1.013,-0.527,-1.011,203.009,286.685,-257.346,Shake
-1.316,0.091,-0.709,149.958,286.685,-144.314,Shake
-1.999,-0.221,-0.102,-77.105,286.685,-201.635,Shake
-1.724,-0.128,-0.581,-241.649,-39.375,-282.371,Shake
-0.971,-0.331,-0.177,4.331,-286.685,281.479,Shake
-1.834,-0.568,-0.252,54.408,-286.685,285.565,Shake
-0.757,-0.390,0.460,167.318,-286.685,88.427,Shake
0.038,0.576,1.268,220.561,266.376,-272.283,Shake
-0.859,-0.246,1.403,1.645,286.685,-286.685,Shake
-1.545,-0.487,0.736,-275.450,286.685,-286.685,Shake
-0.332,-0.452,-0.355,-285.574,286.685,-286.685,Shake
0.022,-0.481,-0.523,-163.415,286.685,-238.446,Shake
-0.426,-0.597,-0.779,-155.523,59.272,-89.880,Shake
-0.867,-0.850,-1.914,-45.062,-286.685,103.408,Shake
-1.059,-0.374,-1.282,284.874,-286.685,286.344,Shake
-0.112,-0.441,-0.320,286.685,-286.685,286.685,Shake
1.771,0.206,-0.071,286.685,-286.685,286.685,Shake
1.999,1.802,1.999,286.685,-286.685,286.685,Shake
1.644,1.321,0.904,-284.909,286.685,-255.456,Shake
1.171,0.556,0.598,-286.685,286.685,-286.685,Shake
-0.072,0.212,1.390,-286.685,286.685,-278.478,Shake
-0.918,0.427,1.456,-286.685,286.685,-286.685,Shake
-0.493,0.329,0.602,-286.685,286.685,-286.685,Shake
0.647,-0.377,-1.095,-264.460,-62.685,-286.685,Shake
1.579,0.058,-0.482,10.290,-286.685,231.875,Shake
-0.404,-0.274,-0.389,186.086,-286.685,286.685,Shake
-0.461,-0.163,0.823,283.710,-286.685,204.181,Shake
-0.184,0.973,1.999,114.590,265.274,-264.766,Shake
-0.302,0.074,1.726,-268.870,286.685,-286.685,Shake
-0.320,0.336,0.892,-282.441,286.685,-286.685,Shake
0.378,0.609,0.900,-179.419,286.685,-286.685,Shake
1.999,-0.840,-0.531,-72.161,-219.818,-241.535,Shake
1.789,-0.290,-0.325,216.274,-286.685,286.685,Shake
-0.157,0.100,-0.730,262.771,-286.685,286.685,Shake
-0.753,0.248,1.201,286.685,-286.685,286.633,Shake
-0.057,0.340,1.999,190.601,283.675,-275.362,Shake
-0.188,-0.423,1.549,-142.048,286.685,-286.685,Shake
-0.005,-0.759,0.162,-261.249,284.603,-286.685,Shake
1.866,-0.954,-0.912,45.080,-286.685,207.769,Shake
0.770,-0.218,0.015,272.816,-286.685,286.685,Shake
-0.569,-0.409,0.573,286.685,-286.685,286.685,Shake
0.358,0.403,1.557,265.361,175.000,-162.068,Shake
1.026,-0.159,1.560,-50.470,286.685,-286.685,Shake
0.432,-0.664,1.160,-282.581,286.685,-286.685,Shake
0.801,-1.066,-0.574,-286.685,-29.374,-66.027,Shake
0.256,0.155,-0.258,75.329,-286.685,286.685,Shake
-1.997,-0.513,-0.046,286.685,-286.685,286.685,Shake
-0.453,-0.210,1.345,286.685,-286.685,125.361,Shake
1.999,0.150,1.984,257.723,266.621,-286.580,Shake
0.437,-0.120,0.382,-113.059,286.685,-180.145,Shake
-1.999,-0.804,-1.413,-267.610,286.685,68.626,Shake
-1.999,-0.646,-0.994,43.925,-277.165,-46.699,Shake
-1.244,-0.765,0.239,171.334,-286.685,210.166,Shake
-0.926,-0.648,0.801,138.880,-286.685,285.862,Shake
1.900,-0.936,0.187,26.801,-286.685,176.356,Shake
1.999,0.573,1.309,41.912,-69.457,105.857,Shake
1.889,0.250,0.313,-141.356,286.685,-12.381,Shake
-0.082,-0.061,0.807,-192.386,286.685,-76.274,Shake
-1.945,-0.626,0.407,-286.685,286.685,-282.397,Shake
-1.999,-0.093,0.786,-189.788,286.685,-286.685,Shake
0.852,-0.046,-1.103,-203.744,-275.660,-286.186,Shake
1.083,-0.783,-0.681,-14.613,-286.685,201.539,Shake
-0.171,-0.683,-0.417,116.471,-286.685,286.685,Shake
0.017,-0.959,0.899,184.424,-286.685,232.768,Shake
1.208,0.186,1.126,-27.956,286.685,-284.681,Shake
0.089,-0.542,-0.068,-284.769,286.685,-286.685,Shake
-1.755,-0.915,-0.068,-286.685,286.685,-286.685,Shake
1.226,0.280,-1.442,-67.060,-284.217,-162.960,Shake
0.589,-0.898,-0.596,138.635,-286.685,280.892,Shake
-0.292,-0.594,-0.089,281.181,-286.396,238.919,Shake
0.525,0.556,1.878,185.054,286.685,-286.676,Shake
0.158,-0.674,1.497,-138.250,286.685,-286.685,Shake
-0.229,-0.587,-0.723,-284.515,147.324,-231.254,Shake
0.201,-0.487,-0.450,72.835,-286.685,282.765,Shake
-1.339,-0.792,-0.100,140.455,-286.685,286.598,Shake
0.531,0.189,0.166,269.106,150.167,-171.640,Shake
1.067,-0.220,0.949,221.454,286.685,-286.685,Shake
-0.030,-0.892,-0.334,-139.773,286.685,-13.396,Shake
-0.299,-0.102,-0.593,94.229,-283.019,280.402,Shake
-1.746,0.032,1.815,284.918,-286.685,286.685,Shake
-1.999,-0.761,1.137,121.861,-286.685,43.978,Shake
0.713,-0.584,-0.492,133.875,-286.685,-248.526,Shake
1.707,0.485,1.384,286.685,42.079,-226.196,Shake
-1.126,0.326,1.999,285.609,286.685,-286.685,Shake
-1.999,0.251,1.999,150.500,286.685,-286.685,Shake
-1.999,-0.066,1.269,23.984,286.685,-286.685,Shake
-1.797,-0.399,0.604,-31.771,-128.520,-204.584,Shake
-0.838,-0.481,0.927,73.684,-286.685,274.242,Shake
-1.161,-0.597,1.345,-6.186,-286.685,219.774,Shake
0.184,-0.431,0.877,-125.440,-286.685,85.461,Shake
0.814,0.096,0.690,-18.996,269.465,-233.940,Shake
-0.509,-0.547,0.288,-34.230,286.685,-286.685,Shake
-1.999,-0.654,0.268,-61.495,286.685,-286.685,Shake
-1.788,0.317,0.993,110.198,286.633,-286.685,Shake
-0.147,-0.057,0.332,116.270,-260.234,-273.000,Shake
0.087,0.477,0.519,237.702,-286.685,-76.912,Shake
0.030,1.207,1.350,117.364,-100.555,-249.655,Shake
0.649,1.812,1.285,-30.966,165.235,-286.685,Shake
1.999,1.997,0.877,-269.237,172.340,-286.685,Shake
1.999,0.784,0.647,-286.685,272.335,-82.827,Shake
1.999,0.393,-0.170,-286.685,72.616,278.372,Shake
0.740,1.997,0.043,-286.685,-279.116,286.685,Shake
-1.999,1.471,-1.532,-170.336,-286.685,286.685,Shake
-1.999,1.972,1.999,286.685,-279.396,-27.501,Shake
-1.999,1.235,1.999,219.389,257.626,-286.685,Shake
-1.999,0.236,1.002,-285.793,252.901,-286.685,Shake
-1.777,0.250,-0.811,-184.572,1.286,-286.685,Shake
-0.789,1.296,0.025,45.509,1.610,-286.685,Shake
-0.001,1.990,0.320,34.965,62.125,-286.685,Shake
0.803,1.997,0.042,-22.855,202.746,-286.685,Shake
1.999,1.997,0.743,54.915,222.259,-286.685,Shake
1.999,1.997,1.999,-115.885,94.885,-113.137,Shake
1.999,1.997,1.274,-286.685,-64.479,284.384,Shake
0.897,1.997,-0.428,-286.685,-149.004,286.685,Shake
-1.999,1.997,-1.997,-285.635,-286.685,286.685,Shake
-1.999,1.184,-1.835,285.224,-286.685,286.685,Shake
-1.981,1.997,1.999,286.685,-283.185,228.533,Shake
-1.999,1.997,1.999,13.142,126.122,-127.908,Shake
-1.989,1.210,1.736,-286.685,168.919,-286.685,Shake
-1.697,0.309,-0.176,-273.691,134.409,-286.685,Shake
-1.592,1.155,0.109,-119.875,151.182,-286.685,Shake
-0.945,1.841,0.217,-79.704,262.439,-286.685,Shake
-0.074,1.997,0.690,-21.131,286.685,-286.685,Shake
1.142,1.997,0.740,11.550,186.279,-286.685,Shake
1.999,1.997,1.999,-25.847,-26.495,-286.650,Shake
1.999,1.997,1.999,-254.117,-23.809,8.426,Shake
1.930,1.997,0.897,-286.685,-236.049,286.685,Shake
-0.430,1.997,-0.039,-286.685,-282.783,286.685,Shake
-1.999,1.993,-1.997,-286.239,-286.685,286.685,Shake
-1.999,-0.210,-1.997,235.034,-286.685,281.566,Shake
-1.999,-0.046,1.999,286.685,-237.300,60.638,Shake
-1.999,-0.664,0.738,-179.156,190.391,-284.848,Shake
-1.999,-0.319,-1.233,-72.012,19.766,-273.455,Shake
-1.999,0.348,-0.434,154.954,-148.601,-283.736,Shake
-1.118,0.906,0.169,176.514,-95.217,-286.685,Shake
-0.054,1.615,0.403,137.568,-4.847,-286.685,Shake
0.859,1.997,0.330,101.526,162.592,-286.685,Shake
1.203,1.997,0.800,185.771,235.699,-286.685,Shake
1.999,1.997,1.999,195.904,109.970,-286.685,Shake
1.999,1.988,1.999,-258.571,-12.740,142.669,Shake
1.933,1.997,0.180,-286.685,-23.161,286.685,Shake
0.855,1.997,-0.505,-286.685,-132.878,286.685,Shake
-1.999,1.964,-1.997,-286.685,-286.685,286.685,Shake
-1.999,0.605,-1.997,268.354,-286.685,286.685,Shake
-1.999,1.048,1.999,286.519,-272.641,98.997,Shake
-1.999,0.151,1.607,-273.534,279.370,-286.685,Shake
-1.999,-0.052,-0.230,-233.485,242.891,-286.685,Shake
-1.699,0.634,0.123,69.414,-82.390,-286.685,Shake
-0.569,1.566,0.458,73.430,-85.295,-286.685,Shake
0.670,1.997,0.345,-4.253,56.726,-286.685,Shake
1.748,1.997,0.461,-21.429,198.144,-286.685,Shake
1.999,1.997,1.838,-138.092,286.641,-286.685,Shake
1.999,1.997,1.573,-278.539,34.615,120.488,Shake
1.845,1.997,0.312,-286.685,-231.280,286.685,Shake
0.728,1.997,0.123,-286.685,-252.516,286.685,Shake
-1.997,1.376,-1.963,-274.671,-286.685,286.685,Shake
-1.999,0.206,-1.441,255.273,-286.685,286.685,Shake
-1.999,0.336,1.999,250.600,-239.846,86.835,Shake
-1.999,-0.147,1.908,-125.239,179.786,-277.970,Shake
-1.999,-0.583,-0.609,-130.769,191.747,-286.685,Shake
-1.390,0.308,-0.075,60.996,-110.652,-286.685,Shake
-0.309,0.662,0.330,9.179,-15.733,-286.685,Shake
0.203,1.494,0.345,-19.871,136.246,-286.685,Shake
0.830,1.979,0.391,9.354,200.270,-286.685,Shake
1.455,1.997,0.962,55.807,218.523,-286.685,Shake
1.999,1.685,1.999,11.909,-61.915,-261.957,Shake
1.999,1.197,1.992,-283.789,-70.674,273.035,Shake
1.973,0.713,0.180,-286.685,-250.189,286.685,Shake
-0.308,1.802,0.841,-87.246,-286.685,286.685,Shake
-1.999,1.997,1.999,286.685,-286.685,286.685,Shake
-1.999,1.997,1.999,276.045,-286.685,286.685,Shake
1.999,-1.825,1.990,37.301,-286.685,286.685,Shake
0.245,1.717,1.589,-90.851,-11.480,121.012,Shake
1.221,-0.485,0.295,-167.387,286.685,-286.685,Shake
0.458,-0.006,0.883,-83.982,286.685,-257.337,Shake
-1.394,0.099,1.978,-145.635,286.685,-109.226,Shake
-0.860,0.115,0.548,-286.685,286.685,-286.685,Shake
-0.315,-0.469,0.219,-286.685,286.685,-286.685,Shake
-0.458,-0.249,-0.941,-55.650,-286.554,271.215,Shake
-1.430,-0.083,0.740,178.465,-286.685,286.685,Shake
-1.191,-0.475,1.062,-38.894,-286.685,279.641,Shake
0.172,0.544,1.282,-64.890,196.534,-78.076,Shake
-0.447,-0.534,0.165,-176.977,286.685,-286.685,Shake
-1.489,-0.347,-0.336,-269.719,285.495,-286.685,Shake
0.708,0.198,-1.539,-136.413,-274.068,-116.620,Shake
0.203,-0.783,-0.390,28.796,-286.685,284.410,Shake
-1.021,-0.020,-0.351,124.399,-286.685,173.381,Shake
0.472,0.132,0.698,219.730,266.805,-218.050,Shake
-0.079,0.216,0.897,126.052,286.685,-261.800,Shake
-0.389,-0.202,0.500,-120.006,286.685,-254.791,Shake
-0.518,-0.202,-1.235,-274.269,93.826,-109.051,Shake
-0.900,0.304,-0.350,133.324,-286.685,286.685,Shake
-1.999,0.080,0.462,202.947,-281.418,268.467,Shake
-1.219,0.887,0.784,264.845,237.151,-241.167,Shake
-0.222,-0.093,1.066,213.045,286.685,-254.511,Shake
-0.454,-0.765,-0.430,-25.191,285.189,-35.000,Shake
-1.413,-0.354,-1.046,1.295,-275.135,244.003,Shake
-1.999,0.035,-1.163,285.705,-271.635,151.856,Shake
-1.972,0.935,0.852,286.685,228.769,-80.509,Shake
-1.999,0.182,1.095,286.685,286.685,-188.160,Shake
-1.720,0.137,0.431,193.725,-131.548,15.339,Shake
-1.999,0.393,1.135,205.336,-286.685,178.430,Shake
-1.999,0.497,1.923,115.439,-286.685,31.343,Shake
-0.291,0.242,0.864,-101.106,-286.685,-115.272,Shake
1.814,-0.115,1.426,-183.680,-286.633,-126.910,Shake
1.594,0.599,1.124,-147.665,286.685,-286.221,Shake
0.991,0.549,1.002,-127.776,286.685,-286.685,Shake
-0.799,0.013,0.790,-126.262,286.685,-286.685,Shake
1.577,-0.194,-0.578,-29.269,-93.520,-283.964,Shake
1.274,-0.411,0.006,142.905,-286.685,228.139,Shake
0.155,-0.286,-0.059,149.126,-286.685,197.575,Shake
0.187,0.888,1.900,274.619,255.071,-216.702,Shake
0.845,-0.222,1.999,-71.435,286.685,-286.685,Shake
1.732,-0.977,0.220,-235.349,-34.519,-152.854,Shake
1.301,-0.350,-0.389,-23.415,-286.685,286.685,Shake
0.008,-0.104,0.403,54.303,-286.685,286.685,Shake
0.312,-0.289,0.432,219.354,-209.326,200.874,Shake
0.628,-0.007,1.097,164.482,286.685,-105.613,Shake
0.625,-0.285,1.699,-158.988,286.685,66.168,Shake
0.307,0.009,0.475,-286.685,-152.731,280.578,Shake
-1.310,0.827,1.852,-94.465,-286.685,286.685,Shake
-1.999,-0.463,1.637,-125.956,-286.685,285.784,Shake
-0.376,-0.467,-1.014,27.484,-286.685,-29.811,Shake
1.991,-0.214,0.754,239.015,-146.274,-32.533,Shake
0.694,1.215,1.978,254.896,286.685,125.046,Shake
-1.999,-0.262,-1.636,-286.615,286.685,-11.051,Shake
-1.859,-0.300,-1.734,-281.916,0.858,-280.184,Shake
-1.999,0.268,-0.139,-26.862,-286.685,-42.105,Shake
-1.554,-0.203,1.042,-213.430,-286.685,120.488,Shake
-0.113,-0.118,0.184,-165.856,-286.685,24.911,Shake
1.272,-0.190,1.108,31.990,-140.761,106.461,Shake
-0.042,0.663,1.366,-14.971,286.685,0.026,Shake
-1.879,-0.004,-0.071,-273.770,286.685,-91.000,Shake
-1.999,0.103,-0.287,-286.633,286.685,-286.055,Shake
-0.896,0.379,-1.377,-31.360,-284.454,-261.371,Shake
-1.121,-0.007,-0.040,-26.014,-286.685,34.711,Shake
-1.004,-0.106,-0.152,-225.348,-286.685,1.374,Shake
-0.019,-0.114,-0.443,-194.574,-286.685,-78.339,Shake
0.753,-0.515,-0.344,-32.944,-102.007,-26.119,Shake
0.893,0.085,0.388,32.314,286.685,-71.207,Shake
0.501,-0.074,-0.960,-257.451,286.685,-27.904,Shake
-1.824,-0.364,-1.325,-286.685,286.685,-73.552,Shake
-1.138,-0.084,-1.997,21.333,-286.685,-94.054,Shake
0.671,-0.444,0.286,259.219,-286.685,123.777,Shake
-0.471,-0.258,-0.134,57.855,-286.685,227.658,Shake
-0.497,-0.034,-0.942,-11.113,-286.685,0.009,Shake
0.135,-0.443,-0.682,213.474,-235.725,-57.855,Shake
0.774,0.185,-0.040,286.633,259.052,-186.646,Shake
0.506,0.977,0.382,267.663,286.685,-3.771,Shake
-1.952,0.727,-1.081,-131.854,286.685,268.100,Shake
-1.999,0.639,-1.167,-250.390,166.486,151.734,Shake
-1.999,-0.023,-0.867,-17.386,-286.685,-286.344,Shake
-1.113,0.121,-1.198,94.832,-286.685,-185.404,Shake
-0.367,0.077,-0.393,286.685,-286.685,5.372,Shake
-0.273,-0.100,-0.012,286.685,134.006,-76.379,Shake
-1.508,0.138,1.042,268.590,286.685,-174.344,Shake
-1.999,0.088,0.339,104.501,286.685,-137.795,Shake
-1.999,-0.098,-0.862,171.693,-286.685,13.738,Shake
-1.746,-0.069,-1.013,150.535,-286.685,-170.240,Shake
-0.311,-0.048,1.848,124.512,-286.685,-269.500,Shake
0.308,0.654,1.999,60.104,171.859,-286.685,Shake
-0.271,0.253,1.995,-35.963,286.685,-286.685,Shake
-0.799,-0.060,0.469,22.645,286.685,-286.685,Shake
-1.911,-0.117,0.376,202.694,286.685,-286.685,Shake
-0.101,0.072,1.290,162.803,-128.572,-286.046,Shake
0.787,-0.458,0.348,-24.019,-286.685,-119.875,Shake
-0.621,0.027,0.446,-112.394,-286.685,-27.116,Shake
0.291,-0.236,-0.190,-78.584,-276.211,-153.475,Shake
1.437,-0.565,0.646,37.931,227.701,-255.509,Shake
1.073,-0.342,0.465,-107.310,286.685,-257.652,Shake
0.471,-0.709,0.114,-201.224,286.685,-82.495,Shake
-1.999,-0.648,-0.849,-164.754,139.510,-49.551,Shake
-0.056,-0.847,-0.456,-64.881,-286.685,-79.012,Shake
-0.045,-0.519,-0.651,23.205,-286.685,79.634,Shake
1.168,-0.469,-0.598,221.436,-278.145,-89.302,Shake
1.973,-0.779,0.354,91.770,278.302,-186.174,Shake
1.664,-0.012,0.198,-240.695,286.685,-57.531,Shake
-1.208,-0.488,-0.924,-279.396,244.125,273.726,Shake
-1.576,-0.679,-0.447,-100.450,-286.685,222.171,Shake
-0.929,-0.809,-0.342,66.168,-286.685,69.851,Shake
0.670,-0.460,0.378,204.785,-286.685,68.198,Shake
1.993,-0.486,1.180,286.668,18.655,111.589,Shake
0.394,0.194,0.566,-83.720,286.685,225.006,Shake
-0.807,0.416,-0.848,-286.318,286.685,285.696,Shake
-1.999,0.039,-0.934,-176.732,252.735,279.983,Shake
-1.999,-0.179,-0.012,-89.049,-286.685,-40.119,Shake
-0.996,-0.400,0.887,-94.701,-286.685,26.031,Shake
-0.089,-0.383,1.383,-62.720,-286.685,140.446,Shake
0.618,-0.190,0.794,19.792,-77.857,132.160,Shake
0.062,0.338,1.294,44.791,286.685,107.756,Shake
-1.822,0.251,-0.307,-286.685,286.685,194.346,Shake
-1.999,0.162,-0.517,-234.167,34.632,-59.395,Shake
-1.999,0.385,-0.289,-197.549,-286.685,-283.141,Shake
-1.607,0.141,-0.277,-210.682,-286.685,-187.583,Shake
-0.457,-0.215,-0.166,-168.577,-286.685,-63.542,Shake
1.128,-0.301,0.831,-25.699,-247.074,96.652,Shake
1.034,0.085,0.056,-1.155,286.685,95.795,Shake
0.010,0.445,-0.712,-66.448,286.685,170.179,Shake
-1.662,0.066,-1.156,-286.134,286.685,71.435,Shake
-1.999,0.104,-0.786,-7.936,-153.580,-202.160,Shake
-0.572,0.155,-0.732,-53.515,-286.685,-284.147,Shake
-0.465,-0.086,-0.570,-105.560,-286.685,-178.675,Shake
-0.068,-0.471,-0.566,28.770,-286.685,21.954,Shake
0.726,0.070,-0.274,286.685,222.040,-116.007,Shake
0.045,-0.312,-0.022,62.274,286.685,-194.994,Shake
-0.547,-0.193,-0.157,-139.204,286.685,-72.957,Shake
-1.643,-0.308,-0.956,-282.555,191.310,-120.934,Shake
-0.288,-0.077,-0.654,106.129,-286.685,-71.864,Shake
-1.095,-0.375,-1.400,164.553,-286.685,-29.645,Shake
0.567,0.486,0.889,286.685,177.686,-230.895,Shake
0.113,0.282,1.020,270.366,286.685,-159.268,Shake
-0.937,-0.414,0.493,60.664,286.685,81.279,Shake
-1.864,0.070,0.253,-132.965,57.059,208.880,Shake
-1.999,-0.437,-0.220,96.731,-286.685,103.058,Shake
-1.999,-0.161,0.360,195.519,-286.685,-112.787,Shake
-0.317,0.091,0.394,244.685,-286.685,-281.321,Shake
0.308,-0.070,1.857,286.685,20.195,-99.374,Shake
-0.449,0.135,1.563,195.466,286.685,-106.890,Shake
-0.848,-0.111,0.703,30.931,286.685,-102.856,Shake
-1.999,-0.246,-0.660,130.165,286.685,-89.626,Shake
-1.999,-0.077,-0.178,217.761,286.685,-100.467,Shake
-1.999,-0.282,0.122,187.066,238.350,-160.484,Shake
-1.022,-0.423,-0.699,217.096,-286.685,-231.542,Shake
-0.762,-0.232,-0.411,229.110,-286.685,-190.216,Shake
-0.274,-0.196,0.643,115.850,-286.685,-168.753,Shake
1.271,-0.451,1.094,4.156,-286.685,-106.120,Shake
1.602,0.137,0.771,5.486,286.676,-244.991,Shake
0.048,-0.308,0.370,-282.879,286.685,-286.685,Shake
-1.122,-1.009,-0.455,-286.685,286.685,-281.365,Shake
-1.652,-0.295,-0.062,139.020,7.394,-278.652,Shake
0.382,-0.582,-0.666,159.066,-286.685,-284.174,Shake
0.478,-0.363,0.305,191.494,-286.685,-38.220,Shake
0.600,-0.061,0.726,168.621,-286.685,29.636,Shake
1.693,-0.903,0.583,-126.061,145.670,-85.129,Shake
0.683,-0.050,0.431,-286.685,286.685,-120.015,Shake
-0.691,-0.825,-0.711,-286.685,286.685,-123.725,Shake
-1.375,-0.539,-0.513,-188.405,-245.455,-122.456,Shake
-1.189,-0.451,-0.651,-117.014,-286.685,-214.961,Shake
-0.855,-0.770,-1.731,1.969,-286.685,-256.349,Shake
0.170,0.117,-1.997,48.353,-286.685,-171.430,Shake
0.875,-0.813,-0.643,231.219,-254.923,-199.859,Shake
1.889,-0.232,-1.032,1.339,286.685,-189.954,Shake
1.687,0.327,-0.430,25.979,286.685,118.641,Shake
0.424,0.638,-0.396,-50.365,286.685,286.685,Shake
-1.293,0.423,-0.320,-7.997,281.295,286.685,Shake
-1.999,-0.095,0.119,23.975,-25.917,286.650,Shake
-1.999,-0.731,-0.318,-56.026,-269.824,56.105,Shake
-1.381,-0.487,-1.175,69.449,-286.685,-281.339,Shake
0.562,-0.674,-1.356,148.059,-286.685,-286.685,Shake
1.999,-0.761,-0.728,269.561,-145.792,-243.985,Shake
1.999,-0.044,0.204,270.489,286.685,270.734,Shake
0.384,1.428,0.364,40.757,286.685,286.685,Shake
-1.876,1.346,-1.442,-191.669,286.685,286.685,Shake
-1.999,0.965,-1.218,-206.482,286.685,286.685,Shake
-1.999,0.385,-1.140,-286.685,-262.237,58.310,Shake
-1.999,0.572,-1.946,-136.447,-286.685,-254.958,Shake
-1.999,1.446,-0.445,-179.060,-286.685,-286.685,Shake
-1.669,1.282,-0.498,-256.366,-286.685,-286.685,Shake
-0.381,0.592,-0.332,-286.685,-286.685,-286.685,Shake
1.702,-1.022,-1.647,-201.591,-264.565,-264.924,Shake
1.999,-0.043,0.113,108.649,286.685,142.905,Shake
0.458,0.743,-0.265,-34.107,286.685,286.685,Shake
-1.999,-0.552,-1.710,-115.552,286.685,286.020,Shake
-1.999,-0.526,0.337,17.220,188.256,-172.541,Shake
-1.098,0.446,-0.882,122.622,-286.685,-286.685,Shake
0.384,0.038,-0.412,26.854,-286.685,-255.622,Shake
1.403,-1.041,-1.020,-117.539,-286.685,-104.125,Shake
1.601,-0.443,-0.781,284.918,252.429,79.625,Shake
0.031,-0.137,-0.118,-38.439,286.685,-54.722,Shake
-0.890,-0.113,-0.727,-273.604,286.685,61.145,Shake
-1.999,-0.614,-0.067,-137.454,282.949,-85.575,Shake
0.159,-0.182,-1.206,94.272,-286.685,-286.466,Shake
-0.065,-0.341,-0.237,139.151,-286.685,-31.789,Shake
-0.023,-0.742,-1.000,126.823,-286.685,104.195,Shake
0.501,-0.585,-0.981,286.020,260.601,-186.961,Shake
0.490,-0.270,0.602,120.444,286.685,-278.364,Shake
-1.183,-0.497,0.372,-226.144,286.685,-8.137,Shake
-1.999,-0.796,-0.570,-101.981,54.731,-93.686,Shake
-0.417,-0.542,-0.325,-21.061,-286.685,-196.201,Shake
0.070,-0.351,-0.035,-30.844,-286.685,-158.209,Shake
1.305,-1.204,-1.412,-32.498,-284.769,-77.866,Shake
1.177,-0.264,-0.617,282.853,286.685,86.319,Shake
0.110,0.355,-0.383,40.434,286.685,280.578,Shake
-0.942,0.150,-1.226,-286.685,286.685,275.634,Shake
-1.999,-0.816,-1.052,-144.384,60.716,139.650,Shake
-1.549,-0.615,-0.859,60.375,-286.685,-245.788,Shake
-0.757,-0.614,-0.546,90.545,-286.685,-234.351,Shake
-0.253,-0.917,-1.339,-20.011,-286.685,-282.546,Shake
1.999,-0.431,-1.103,286.685,-178.570,-49.717,Shake
1.048,0.006,-0.253,286.685,286.685,74.646,Shake
-0.707,0.473,-1.178,-49.639,286.685,216.492,Shake
-1.999,0.293,-1.671,-286.685,286.685,286.685,Shake
-1.999,-0.612,-1.764,190.654,-277.410,-129.229,Shake
-0.946,-0.156,-0.871,286.685,-286.685,-286.685,Shake
0.559,-0.411,-0.398,286.685,-286.685,-238.761,Shake
1.958,-0.212,0.887,286.685,-100.179,-21.796,Shake
0.303,0.593,0.759,251.974,286.685,87.316,Shake
-1.999,0.478,-0.465,-157.544,286.685,233.459,Shake
-1.999,-0.525,-0.464,-215.101,286.685,109.331,Shake
-1.999,-0.315,-0.204,13.676,-138.556,-119.744,Shake
-1.999,-0.094,-0.536,182.105,-286.685,-286.685,Shake
-1.325,-0.024,0.339,166.932,-286.685,-286.685,Shake
0.121,0.292,1.304,-16.774,-286.685,-273.035,Shake
0.452,0.089,0.791,-232.137,-286.685,-141.277,Shake
1.534,-0.678,-0.145,-271.434,-63.630,-98.656,Shake
1.999,-0.394,0.003,-55.659,286.685,-77.577,Shake
0.725,0.074,-1.102,-244.195,286.685,141.391,Shake
-1.397,-0.891,-1.294,-216.799,286.685,111.011,Shake
-1.999,-0.938,-0.485,-124.372,286.685,-105.394,Shake
-1.803,0.064,-1.672,67.751,-278.889,-286.685,Shake
0.157,0.237,-1.580,265.073,-286.685,-286.685,Shake
0.196,0.655,-0.805,-13.256,-286.685,-286.685,Shake
1.999,0.542,-1.302,-180.232,-221.996,-271.661,Shake
1.999,-0.585,-1.584,-119.324,286.685,83.204,Shake
1.969,0.585,0.179,-248.955,286.685,285.302,Shake
0.477,0.581,-0.960,-286.685,286.685,286.685,Shake
-1.999,-0.467,-0.786,-286.685,229.215,276.806,Shake
-1.999,-0.932,-1.010,-128.747,-286.685,-43.592,Shake
-1.458,-0.224,-1.542,51.739,-286.685,-175.779,Shake
0.514,-0.179,-1.965,-14.429,-286.685,-286.685,Shake
1.999,-0.463,-1.899,281.584,-283.071,-254.039,Shake
1.835,0.529,1.951,282.800,286.606,235.988,Shake
0.567,0.763,-0.156,-51.739,286.685,286.685,Shake
-1.999,0.639,-1.496,-32.340,286.685,286.685,Shake
-1.999,-0.640,-1.362,-194.311,186.716,180.311,Shake
-1.999,0.246,-1.702,-48.396,-286.685,-263.043,Shake
-1.167,0.539,-1.568,-138.635,-286.685,-286.685,Shake
-0.735,0.072,-1.460,-188.895,-286.685,-286.685,Shake
0.976,-0.798,-0.808,-58.966,-286.685,-286.685,Shake
1.999,-0.801,0.551,136.684,186.340,-110.784,Shake
0.925,-0.379,0.606,109.077,286.685,286.020,Shake
-1.671,-0.199,-0.455,28.228,286.685,285.110,Shake
-1.999,-0.542,0.239,-1.566,286.685,92.881,Shake
-1.999,-0.851,-0.079,15.873,223.169,-222.609,Shake
-0.122,0.171,-0.798,201.556,-286.685,-229.311,Shake
1.111,-0.271,-0.596,61.950,-263.935,53.375,Shake
1.999,0.058,1.097,148.671,-36.006,-156.117,Shake
1.717,-0.005,-0.001,-21.840,205.056,13.545,Shake
1.999,-0.246,0.283,-120.391,271.320,186.541,Shake
1.974,0.428,0.433,-254.432,38.763,286.685,Shake
-1.256,1.976,-0.322,-268.485,-22.452,286.685,Shake
-1.999,0.567,-1.997,-80.430,233.634,286.484,Shake
-1.999,0.705,-1.997,76.099,219.406,-117.757,Shake
-1.999,0.091,-1.994,75.950,-286.283,-278.294,Shake
-1.923,0.306,-1.862,131.723,-286.685,-286.685,Shake
-0.384,1.066,-0.675,286.685,-137.812,-286.685,Shake
0.460,1.963,0.452,286.685,95.830,-286.685,Shake
1.265,1.997,0.685,286.685,129.255,-286.685,Shake
1.968,1.997,1.164,286.685,114.354,-286.685,Shake
1.999,-0.286,1.999,86.380,90.283,-102.996,Shake
1.999,0.350,0.900,-286.685,248.194,286.685,Shake
1.312,1.652,-0.148,-286.685,152.906,286.685,Shake
-1.996,1.997,-1.266,-286.685,-41.571,286.685,Shake
-1.999,-1.298,-1.997,0.691,-286.685,213.080,Shake
-1.999,1.029,1.999,282.441,-145.119,-286.685,Shake
-1.999,0.385,1.294,-102.471,274.978,-286.685,Shake
-1.234,0.851,-0.036,-48.195,142.870,-286.685,Shake
-0.118,1.338,0.054,95.751,115.290,-286.685,Shake
0.671,1.955,0.694,155.645,100.048,-286.685,Shake
1.999,1.997,0.985,165.769,32.751,-286.685,Shake
1.999,1.069,1.862,-64.855,260.085,-225.068,Shake
1.999,0.824,1.884,-282.030,210.919,134.636,Shake
1.999,1.267,-0.062,-286.685,-43.138,286.685,Shake
-1.459,1.997,-0.664,-286.685,-282.485,286.685,Shake
-1.999,1.997,-1.997,-274.120,-286.685,286.685,Shake
-1.999,1.997,1.999,286.685,-286.685,168.499,Shake
-1.999,1.995,1.999,-128.625,286.685,-286.685,Shake
-1.693,1.224,0.418,-260.592,258.501,-286.685,Shake
-0.682,1.131,-0.296,-66.832,116.244,-286.685,Shake
-0.059,1.424,0.055,70.332,76.414,-286.685,Shake
0.802,1.997,0.276,89.548,47.635,-286.685,Shake
1.999,1.997,0.327,58.459,144.095,-286.685,Shake
1.999,1.143,1.955,40.478,269.290,-286.685,Shake
1.999,1.213,1.999,-213.159,273.656,-99.776,Shake
1.999,1.697,0.522,-286.685,21.394,286.685,Shake
0.884,1.997,0.017,-286.685,-97.247,286.685,Shake
-1.998,1.997,-1.997,-286.685,-286.589,286.685,Shake
-1.999,1.603,-1.997,-256.497,-286.685,286.685,Shake
0.805,0.348,1.997,286.685,-286.685,262.133,Shake
-0.965,0.946,1.999,-141.208,-286.685,286.685,Shake
-0.511,1.006,1.999,-286.685,-286.685,286.685,Shake
0.545,0.633,1.367,-286.685,-286.685,286.685,Shake
0.702,0.217,0.509,-286.685,-248.334,286.142,Shake
0.741,-0.192,-0.214,-286.685,265.816,203.779,Shake
0.669,-0.282,-0.318,-286.685,286.685,219.231,Shake
0.552,-0.756,-1.069,-279.414,286.685,286.685,Shake
0.619,-1.586,-1.952,-90.729,286.685,286.685,Shake
0.074,-0.192,-1.950,286.685,286.685,286.685,Shake
-1.950,0.671,-1.997,286.685,286.685,285.408,Shake
-1.999,-0.071,-1.997,284.996,286.685,-116.463,Shake
-1.942,1.262,-0.571,217.079,-264.749,-149.975,Shake
0.492,-0.380,-0.544,-285.171,-286.685,36.330,Shake
-0.504,-0.248,-0.181,-286.685,-286.685,286.545,Shake
-1.296,-0.586,-0.837,-251.125,-264.171,156.572,Shake
0.552,-0.113,-0.768,283.290,286.685,-258.711,Shake
-1.067,0.168,-0.315,259.219,286.685,-109.655,Shake
-1.962,-0.051,-0.430,113.365,286.685,-85.356,Shake
-1.492,0.324,0.103,-15.015,-178.806,-62.711,Shake
-0.525,-0.092,-0.237,-221.191,-286.685,203.508,Shake
-0.819,-0.282,-0.231,-185.929,-286.685,196.726,Shake
-0.092,-0.608,-0.424,95.051,-159.758,44.336,Shake
0.321,-0.606,-0.441,285.723,267.234,-126.604,Shake
0.034,-0.289,-0.198,286.685,286.685,-147.210,Shake
-0.495,-0.273,-0.567,255.299,286.685,4.690,Shake
-1.967,-0.350,-0.409,92.619,283.622,122.027,Shake
-1.999,0.260,0.153,-10.106,-209.991,202.939,Shake
-1.999,0.176,0.601,-153.405,-286.685,286.685,Shake
-1.999,-0.141,0.633,-281.383,-286.685,102.331,Shake
-0.763,-0.588,-0.130,-286.685,-286.685,3.483,Shake
1.806,-0.651,-0.057,-226.774,-286.685,12.119,Shake
1.999,-0.604,-0.165,-173.364,124.836,-169.584,Shake
0.712,-0.811,0.118,4.436,286.685,-126.875,Shake
0.328,-0.850,-0.078,16.712,286.685,13.221,Shake
0.214,-1.054,-0.432,226.476,286.685,51.511,Shake
0.136,-0.522,-0.612,286.685,286.685,76.878,Shake
-1.873,0.293,-1.793,286.685,286.685,136.894,Shake
-1.999,0.346,-1.932,286.685,286.685,-18.611,Shake
-1.999,1.008,-0.312,101.719,-3.920,-200.568,Shake
-1.999,0.447,-0.674,-161.394,-286.685,-78.339,Shake
-1.999,0.409,-0.922,-286.685,-286.685,-15.873,Shake
-1.136,0.586,-1.460,-286.685,-286.685,-238.350,Shake
0.545,0.215,-1.362,-286.685,-286.685,-190.514,Shake
1.964,-1.194,-1.997,-213.902,-114.651,104.484,Shake
1.058,-1.421,-1.997,200.926,286.318,178.342,Shake
0.342,0.044,-1.947,286.685,286.685,273.184,Shake
-1.255,1.454,-1.997,286.685,286.685,286.685,Shake
-1.999,0.780,-1.997,286.685,286.685,286.598,Shake
-1.999,0.353,-1.997,211.391,286.685,112.586,Shake
-1.999,1.208,-1.997,-79.179,-277.427,-250.521,Shake
-1.999,1.339,-1.997,-248.281,-286.685,-286.685,Shake
-1.382,1.446,-1.997,-286.685,-286.685,-286.685,Shake
-0.538,1.596,-1.997,-286.685,-286.685,-286.685,Shake
1.368,0.034,-1.997,-286.685,-286.685,-286.685,Shake
1.579,-1.886,-1.997,15.330,-33.390,-27.685,Shake
0.245,-0.584,-1.252,286.685,286.685,147.402,Shake
-1.468,0.131,-0.557,286.685,286.685,175.840,Shake
-1.999,0.513,-1.157,286.685,286.685,112.429,Shake
-1.999,0.039,0.149,286.685,286.685,-247.896,Shake
-0.754,0.317,0.502,45.894,-281.663,-277.349,Shake
-0.491,-0.555,-0.797,-286.283,-286.685,44.844,Shake
-0.449,-0.538,-0.525,-286.685,-286.685,21.298,Shake
-0.288,-0.592,-1.401,-286.685,-286.685,1.409,Shake
1.871,-1.594,-1.997,68.512,265.440,-93.048,Shake
-0.207,-0.417,-0.949,286.685,286.685,15.488,Shake
-1.137,-0.210,-0.738,286.685,286.685,-14.910,Shake
-1.999,-0.299,0.834,256.638,286.685,-229.311,Shake
-1.249,0.582,0.976,-41.536,-252.149,-177.345,Shake
-0.266,-0.651,-0.064,-286.685,-286.685,224.875,Shake
-0.502,-0.428,-0.425,-286.685,-286.685,286.685,Shake
-0.218,-0.627,-1.341,-219.249,-286.685,262.885,Shake
0.655,-1.796,-1.997,75.994,-62.011,5.740,Shake
0.269,-0.208,-0.908,286.685,286.685,-137.690,Shake
-0.758,0.157,-1.073,286.685,286.685,-60.917,Shake
-1.999,-0.056,0.013,138.189,286.685,11.602,Shake
-1.999,0.224,0.064,-179.996,96.679,-61.478,Shake
-1.572,-0.278,-0.129,-276.973,-286.685,244.676,Shake
-1.800,-0.224,-0.027,-286.685,-286.685,286.659,Shake
-0.640,-0.542,-0.835,-286.685,-286.685,62.606,Shake
0.096,-0.596,-1.283,-190.365,-282.319,-86.310,Shake
0.593,-1.816,-1.827,194.040,176.977,-142.450,Shake
0.090,0.219,-0.708,286.685,286.685,78.479,Shake
-1.855,1.504,-1.423,286.685,286.685,270.235,Shake
-1.999,1.158,-1.728,286.685,286.685,215.285,Shake
-1.999,0.717,-0.479,163.004,286.466,-50.829,Shake
-1.999,0.266,-0.695,-139.589,-286.685,-120.452,Shake
-1.999,-0.092,-0.875,-286.685,-286.685,88.865,Shake
-0.884,-0.011,-1.033,-286.685,-286.685,-93.616,Shake
0.237,-0.416,-1.041,-286.685,-286.685,-30.853,Shake
1.801,-1.314,-1.811,-172.051,-231.971,81.489,Shake
0.059,-0.702,-1.759,286.685,286.685,79.686,Shake
-1.706,1.177,-0.767,286.685,286.685,109.812,Shake
-1.999,0.623,-1.485,286.685,286.685,-140.061,Shake
-1.999,0.771,0.143,268.660,286.685,-286.685,Shake
-1.953,0.642,0.471,11.174,-150.999,-283.229,Shake
-1.913,0.217,-0.989,-286.685,-286.685,62.772,Shake
-1.923,0.073,-0.519,-286.685,-286.685,33.346,Shake
-0.557,-0.000,-0.586,-286.685,-286.685,20.440,Shake
0.098,-0.554,-0.916,-274.269,-285.198,185.518,Shake
0.848,-1.999,-1.997,100.170,208.504,47.801,Shake
-0.469,0.016,-1.233,286.685,286.685,-100.205,Shake
-1.999,-0.010,-1.888,286.685,286.685,-196.210,Shake
-1.999,0.377,-0.159,269.203,286.685,-271.434,Shake
-1.999,0.761,-0.062,-144.961,-280.367,-264.057,Shake
-1.429,-0.016,-0.913,-265.913,-286.685,58.704,Shake
-1.763,-0.101,-0.896,-286.685,-286.685,182.438,Shake
-0.715,-0.449,-0.890,-286.685,-286.685,48.886,Shake
0.051,-1.280,-1.882,-241.062,-245.735,28.201,Shake
0.055,-0.909,-1.336,286.571,286.685,-187.836,Shake
-0.939,0.280,-0.512,286.685,286.685,-174.160,Shake
-1.999,0.274,-0.137,286.685,286.685,-183.488,Shake
-1.999,0.482,0.695,-13.414,60.585,-286.326,Shake
-0.508,-0.199,-0.518,-249.708,-286.685,119.061,Shake
-1.036,-0.534,-0.707,-286.685,-286.685,286.685,Shake
-0.713,-0.789,-0.570,-286.685,-286.685,229.486,Shake
-0.358,-0.704,-1.058,-192.964,-263.725,49.044,Shake
0.702,-0.937,-0.746,286.685,286.685,-286.685,Shake
-0.697,0.247,-0.829,286.685,286.685,-286.685,Shake
-1.999,-0.098,-1.247,286.685,286.685,-286.685,Shake
-1.999,0.158,0.712,163.450,286.011,-286.685,Shake
-0.586,0.077,0.230,-190.111,-257.329,-154.122,Shake
-1.143,-0.501,-0.375,-269.596,-286.685,286.685,Shake
-1.178,-0.578,-0.155,-286.685,-286.685,286.685,Shake
-0.139,-0.921,-0.294,-264.897,-286.685,167.283,Shake
1.163,-1.999,-1.994,176.260,283.579,-201.994,Shake
0.166,-0.931,-1.709,286.685,286.685,-73.299,Shake
-1.495,-0.021,-1.862,286.685,286.685,31.561,Shake
-1.999,0.233,-0.720,229.399,286.685,115.202,Shake
-1.999,0.884,-0.883,-282.625,-252.105,-159.408,Shake
-1.999,0.005,-1.291,-258.571,-286.685,-57.374,Shake
-1.999,0.210,-1.063,-286.685,-286.685,-4.305,Shake
-0.949,0.202,-1.632,-286.685,-286.685,-105.875,Shake
0.607,-0.704,-1.997,-286.685,-282.984,-166.723,Shake
1.376,-1.733,-1.997,241.071,286.685,-111.457,Shake
0.550,0.482,-1.668,286.685,286.685,249.637,Shake
-1.225,1.210,-1.911,286.685,286.685,286.685,Shake
-1.999,1.331,-1.997,286.685,286.685,286.685,Shake
-1.999,0.801,-1.043,164.395,283.089,126.280,Shake
-1.999,0.730,-0.849,7.989,-278.355,-92.024,Shake
-1.137,-0.077,-0.544,-201.136,-286.685,92.671,Shake
-1.062,-0.288,-0.888,-286.685,-286.685,-0.157,Shake
0.544,-0.240,-0.674,-286.685,-286.685,-98.009,Shake
1.998,-1.402,-1.451,-42.814,-116.891,-87.027,Shake
0.642,-0.895,-1.052,284.848,286.685,-108.062,Shake
-1.461,1.460,0.792,286.685,286.685,-113.951,Shake
-1.999,1.084,1.058,286.685,286.685,-286.685,Shake
-1.999,1.613,1.238,286.685,286.685,-286.685,Shake
-1.867,0.395,1.516,213.973,286.685,-286.685,Shake
-0.967,-0.273,-0.592,-249.253,-285.057,-153.527,Shake
-1.999,0.003,-1.336,-279.624,-286.685,118.641,Shake
-1.890,0.219,-0.432,-285.198,-286.685,-146.720,Shake
-0.269,0.222,-1.072,-286.685,-286.685,-193.830,Shake
0.465,-0.503,-1.234,-286.685,-286.685,-30.511,Shake
1.978,-1.162,-1.784,-147.227,-269.465,77.228,Shake
0.679,-0.926,-0.548,209.064,286.685,25.847,Shake
0.145,-0.835,-0.428,259.324,286.685,-109.541,Shake
-0.669,-0.539,-0.378,286.685,286.685,-275.922,Shake
-1.950,-0.462,-0.499,286.685,286.685,-286.685,Shake
-1.999,-0.098,1.032,202.676,286.685,-286.685,Shake
-0.252,-0.556,0.032,-142.599,-286.685,-34.982,Shake
-0.856,-0.601,-0.422,-282.074,-286.685,286.685,Shake
-0.567,-0.813,-0.039,-286.685,-286.685,286.685,Shake
0.063,-0.907,-0.061,-286.685,-286.685,278.617,Shake
0.147,-0.647,0.130,-188.641,-284.095,-6.396,Shake
1.139,-1.218,-0.604,219.905,286.685,-286.431,Shake
0.113,-0.341,0.081,286.685,286.685,-286.685,Shake
-1.999,-0.471,-0.309,277.008,286.685,-286.685,Shake
-1.999,-0.001,0.944,218.943,286.685,-286.685,Shake
-0.252,-0.303,0.852,-25.331,73.876,-284.559,Shake
-0.056,-1.174,-0.649,-187.512,-286.685,265.265,Shake
-0.529,-0.712,-0.581,-135.931,-286.685,286.685,Shake
0.047,-0.868,0.177,-93.634,-286.685,286.685,Shake
0.216,-1.300,0.209,-253.383,-286.685,219.669,Shake
1.108,-1.137,-0.345,-99.592,-4.340,24.141,Shake
0.277,-1.146,-0.898,277.769,286.685,-263.970,Shake
-0.181,-0.635,-0.854,286.685,286.685,-286.685,Shake
-1.349,-0.618,-0.674,233.791,286.685,-286.685,Shake
-1.780,-0.606,0.235,61.766,286.685,-286.685,Shake
-1.196,-0.949,-0.149,-236.521,-21.823,-239.601,Shake
-1.093,-0.842,-1.393,-252.096,-286.685,283.220,Shake
-1.703,-0.608,-0.646,-192.736,-286.685,286.685,Shake
-0.269,-0.780,-0.660,-285.967,-286.685,201.898,Shake
0.191,-0.869,-0.877,-286.685,-286.685,182.831,Shake
0.761,-0.959,-0.436,-265.134,-286.685,94.098,Shake
0.637,-0.993,-0.873,10.736,263.603,-93.354,Shake
0.220,-1.179,-1.108,262.859,286.685,-80.281,Shake
-0.113,-0.717,-0.804,286.685,286.685,21.009,Shake
-0.514,-0.077,-0.831,286.685,286.685,60.760,Shake
-1.999,0.119,-1.320,286.685,286.685,15.409,Shake
-1.999,-0.090,-0.575,243.119,286.685,-185.693,Shake
-1.999,-0.358,-0.839,-162.417,48.213,-199.955,Shake
-1.862,-0.466,-1.733,-250.136,-286.685,85.654,Shake
-1.968,-0.380,-1.234,-234.369,-286.685,242.559,Shake
-1.235,-0.141,-1.033,-286.685,-286.685,90.291,Shake
-0.443,-0.272,-1.364,-286.685,-286.685,-105.691,Shake
0.919,-0.704,-1.426,-286.685,-286.685,-136.246,Shake
1.784,-1.775,-1.784,36.829,2.721,-80.474,Shake
0.454,-1.018,-0.800,286.685,286.685,-141.750,Shake
0.054,-0.103,0.185,286.685,286.685,-156.949,Shake
-0.791,0.381,0.227,286.685,286.685,-92.059,Shake
-1.997,0.708,-0.407,286.685,286.685,-120.269,Shake
-1.999,0.755,-0.136,286.685,286.685,-257.670,Shake
-1.999,0.532,1.009,249.436,286.685,-286.685,Shake
-1.306,-0.033,-0.222,-195.807,-206.587,-153.834,Shake
-1.866,-0.167,-1.042,-274.636,-286.685,97.484,Shake
-1.952,-0.063,-0.396,-205.704,-286.685,18.664,Shake
-1.074,0.046,-0.193,-263.217,-286.685,-103.058,Shake
-0.270,-0.330,-0.451,-286.685,-286.685,-112.219,Shake
0.043,-0.413,-0.726,-286.685,-286.685,-51.214,Shake
0.643,-0.625,-0.664,-284.725,-286.685,8.111,Shake
1.288,-0.927,-0.988,-110.539,-204.934,70.236,Shake
1.019,-1.109,-1.371,83.956,249.568,69.912,Shake
0.429,-0.755,-1.336,286.685,286.685,82.425,Shake
-0.346,-0.262,-1.367,286.685,286.685,81.113,Shake
-1.999,1.114,-1.310,286.685,286.685,98.262,Shake
-1.999,0.343,-1.015,286.685,286.685,-58.336,Shake
-1.999,0.670,0.802,191.494,286.440,-286.685,Shake
-1.981,-0.030,-1.456,-266.989,-286.685,-143.465,Shake
-1.999,-0.305,-1.447,-286.685,-286.685,73.456,Shake
-1.591,-0.378,-1.179,-286.685,-286.685,24.675,Shake
-0.813,-0.789,-1.189,-286.685,-286.685,61.757,Shake
0.365,-1.134,-0.606,-286.685,-286.685,105.271,Shake
0.783,-1.680,-1.650,-24.019,219.949,18.524,Shake
0.066,-0.832,-0.825,286.685,286.685,-235.900,Shake
-0.391,-0.277,-0.440,286.685,286.685,-277.244,Shake
-1.999,-0.345,-0.423,286.685,286.685,-286.685,Shake
-1.999,0.909,1.536,26.705,268.730,-286.685,Shake
-0.021,-0.399,-0.032,-168.254,-286.685,128.074,Shake
-1.095,-0.419,0.209,-244.387,-286.685,286.247,Shake
-0.443,-0.874,-0.041,-286.685,-286.685,161.394,Shake
0.730,-0.882,-0.929,-176.715,-286.685,205.607,Shake
0.523,-1.155,-0.993,120.085,284.812,-118.589,Shake
0.082,-0.457,-0.246,242.445,286.685,-259.061,Shake
-0.575,-0.370,-0.190,125.379,286.685,-173.967,Shake
-0.958,-0.158,0.090,-129.290,103.145,-65.179,Shake
-0.305,-0.347,0.159,-151.620,-286.685,170.678,Shake
-0.653,-0.224,0.095,-172.130,-286.685,286.685,Shake
-0.982,-0.352,0.107,-267.645,-286.685,285.801,Shake
-0.358,-0.690,-0.418,-248.894,-286.685,218.190,Shake
0.691,-0.981,-0.257,-101.552,-268.441,45.815,Shake
0.649,-1.099,-0.720,281.155,286.685,-265.816,Shake
-0.066,-0.439,-0.451,286.685,286.685,-250.460,Shake
-1.512,0.106,-1.136,286.685,286.685,-58.397,Shake
-1.999,-0.049,-1.483,286.685,286.685,-103.372,Shake
-1.999,-0.155,-0.019,216.580,286.685,-110.101,Shake
-1.999,-0.313,-0.664,-159.399,-280.087,13.536,Shake
-1.999,-0.183,-0.883,-141.820,-286.685,265.116,Shake
-1.991,-0.401,-0.841,-274.435,-286.685,173.364,Shake
-0.355,-0.269,-1.146,-286.685,-286.685,-26.792,Shake
1.525,-0.279,-0.294,-228.891,-286.668,97.615,Shake
0.890,-1.949,-1.990,-86.774,286.685,-217.481,Shake
0.330,-1.360,-1.449,286.685,286.685,-163.398,Shake
-0.513,0.325,-1.206,286.685,286.685,-1.067,Shake
-1.999,1.552,-1.633,286.685,286.685,105.683,Shake
-1.999,1.129,-0.054,286.633,286.685,-58.669,Shake
-1.999,1.106,-0.060,-87.868,-232.225,-271.696,Shake
-1.999,0.075,-0.997,-223.423,-286.685,-6.668,Shake
-1.999,-0.098,-1.232,-258.379,-286.685,133.254,Shake
-0.004,-0.097,-1.644,-286.685,-286.685,-242.226,Shake
1.998,-1.368,-1.997,-257.976,-286.685,-79.905,Shake
1.602,-0.677,-0.868,286.685,201.399,47.688,Shake
0.357,-0.014,0.655,286.685,286.685,-265.318,Shake
-1.007,0.544,1.991,286.685,286.685,-278.897,Shake
-1.999,0.423,1.721,195.571,286.685,-286.685,Shake
-1.999,0.494,0.982,109.016,286.685,-286.685,Shake
-1.540,0.140,0.996,13.965,286.484,-286.685,Shake
-0.713,-0.201,-0.195,-269.168,-277.672,-242.541,Shake
-0.783,-0.441,-0.635,-286.685,-286.685,12.749,Shake
-0.653,-0.519,-0.092,-261.573,-286.685,37.336,Shake
-0.620,-0.492,0.074,-285.714,-286.685,24.369,Shake
-0.430,-0.587,-0.087,-286.685,-286.685,48.825,Shake
0.143,-0.839,-0.484,-286.685,-286.685,51.406,Shake
1.425,-1.392,-1.704,-156.161,-227.150,104.948,Shake
-0.111,-0.841,-1.025,281.925,286.685,77.691,Shake
-0.553,-0.594,-0.731,286.685,286.685,-108.456,Shake
-1.048,-0.082,-0.657,286.685,286.685,-158.594,Shake
-1.999,-0.219,-0.732,286.685,286.685,-252.849,Shake
-1.999,0.390,1.076,123.550,264.346,-286.685,Shake
-0.337,-0.249,-0.776,-176.190,-286.685,-157.561,Shake
-0.399,-0.531,-1.161,-286.283,-286.685,272.545,Shake
-0.930,-0.981,-0.985,-286.685,-286.685,286.685,Shake
-0.251,-1.459,-1.574,-253.689,-286.685,148.330,Shake
0.817,-1.034,-0.883,258.834,286.685,-286.492,Shake
-0.042,-0.275,0.197,286.685,286.685,-286.685,Shake
-1.899,-0.108,0.737,261.914,286.685,-266.017,Shake
-1.999,0.071,1.430,-36.059,286.685,-286.685,Shake
0.204,-0.249,-0.018,-276.246,-286.344,-171.727,Shake
-0.538,-0.461,-0.167,-121.144,-286.685,286.685,Shake
0.164,-0.822,-0.635,-202.055,-286.685,286.685,Shake
0.577,-1.223,-0.944,225.059,127.470,-53.603,Shake
-0.151,-0.525,0.127,283.911,286.685,-252.604,Shake
-0.564,-0.294,-0.361,49.612,286.685,-182.682,Shake
-1.476,-0.240,0.067,-151.769,286.685,-145.101,Shake
-0.805,-0.453,-0.964,-209.265,-286.501,62.554,Shake
-0.903,-0.268,0.504,6.948,-286.685,286.685,Shake
-0.691,-0.150,0.313,-92.374,-286.685,286.624,Shake
-0.256,-0.510,-0.485,-190.137,-286.685,203.376,Shake
0.560,-1.003,-1.228,-35.805,-266.044,22.032,Shake
-0.259,-0.798,-1.209,286.685,286.685,4.918,Shake
-0.727,1.201,-0.903,286.685,286.685,150.938,Shake
-1.999,1.818,-1.997,286.685,286.685,273.954,Shake
-1.999,1.381,-0.632,283.596,286.685,104.720,Shake
-1.999,1.186,-0.908,-142.161,-225.636,-201.749,Shake
-1.999,0.519,-0.571,-271.591,-286.685,-131.688,Shake
-1.999,0.623,-0.934,-286.685,-286.685,-143.526,Shake
-1.105,0.845,-1.436,-286.685,-286.685,-283.133,Shake
0.784,0.514,-1.939,-286.685,-286.685,-286.685,Shake
1.080,-1.008,-1.997,-251.851,-286.685,-60.375,Shake
-0.007,-1.626,-1.997,254.406,212.914,43.417,Shake
0.049,-0.334,-1.792,286.685,286.685,45.202,Shake
-0.503,1.553,-0.540,286.685,286.685,193.594,Shake
-1.999,1.939,-0.453,286.685,286.685,57.916,Shake
-1.999,1.384,0.215,286.685,286.685,-237.134,Shake
-1.999,1.142,1.972,240.179,286.685,-286.685,Shake
-1.298,0.533,-0.650,-286.615,-286.685,-217.420,Shake
-1.999,-0.074,-1.080,-286.510,-286.685,273.656,Shake
-1.979,-0.092,-0.612,-286.685,-286.685,181.379,Shake
-0.748,-0.334,-1.287,-286.685,-286.685,40.784,Shake
1.998,-1.485,-1.997,-41.449,-46.533,-56.271,Shake
-0.458,0.149,-0.250,286.685,286.685,-274.846,Shake
-1.999,-0.040,-0.588,286.685,286.685,-241.202,Shake
-1.999,0.669,1.999,171.447,286.685,-286.685,Shake
-1.748,0.590,1.543,-247.415,-96.311,-285.530,Shake
-0.922,-0.391,0.969,-286.177,-286.685,179.786,Shake
-0.862,-0.240,-0.885,-246.461,-286.685,60.104,Shake
1.033,-0.719,-0.318,28.411,-214.594,-66.622,Shake
0.922,-0.205,0.792,15.111,286.685,-10.911,Shake
-0.280,-0.232,0.385,-124.372,278.644,80.106,Shake
-1.730,-0.362,0.320,-101.325,-59.815,145.425,Shake
-1.987,-0.667,0.593,-105.805,75.994,-69.606,Shake
-0.552,-0.462,-0.010,-54.311,109.961,-187.197,Shake
-0.440,-0.589,0.225,49.201,10.028,-75.294,Shake
-0.397,-0.293,0.774,50.173,-26.022,-3.885,Shake
0.069,-0.129,-0.044,-93.301,275.056,259.420,Shake
-1.221,0.111,-0.694,-121.660,-83.169,5.609,Shake
-0.883,-0.767,0.453,5.302,-11.366,-1.654,Shake
-0.935,-0.574,0.293,46.130,-31.439,2.013,Shake
-0.523,-0.465,1.106,-64.496,-122.482,11.900,Shake
-1.284,-0.450,-0.042,-197.995,-175.490,-15.164,Shake
-0.691,-0.657,0.570,-166.381,-281.995,-99.925,Shake
-0.657,-0.825,0.318,-21.997,-221.401,-83.370,Shake
-0.187,-0.778,0.206,-156.196,-142.056,-66.045,Shake
-0.317,-1.033,0.703,-245.411,-226.949,-65.074,Shake
0.839,-1.999,-0.752,38.167,58.958,116.935,Shake
-0.274,-0.380,-0.852,286.685,182.770,258.169,Shake
-0.623,0.603,0.293,286.685,164.465,239.321,Shake
-1.188,1.120,1.336,285.031,75.696,99.645,Shake
-1.263,0.070,1.105,-181.825,-8.365,8.627,Shake
-0.478,-0.249,1.511,-175.822,21.438,-80.010,Shake
-0.572,0.086,1.024,-286.685,-21.420,-69.484,Shake
-0.712,0.026,0.897,-286.685,-15.908,-52.255,Shake
-0.155,-0.097,0.496,-286.685,184.966,-67.060,Shake
-1.593,-0.513,-0.828,-286.685,236.408,-78.759,Shake
-0.933,0.111,0.869,-286.685,-72.319,-149.590,Shake
-0.664,-0.224,-0.335,-286.685,-94.964,-193.279,Shake
-0.477,-0.724,-1.917,-286.685,-85.365,-115.955,Shake
0.274,-1.789,-1.997,-28.122,-37.826,81.926,Shake
0.346,-0.614,-1.997,286.685,-135.126,286.685,Shake
-0.043,1.341,-1.787,286.685,-130.480,286.685,Shake
-1.067,1.997,-0.232,286.685,88.952,286.685,Shake
-1.877,1.843,1.928,286.685,272.335,253.435,Shake
-1.507,1.378,1.999,148.619,114.651,-115.281,Shake
-1.980,1.997,0.817,-286.685,-233.012,-271.031,Shake
-0.666,1.997,-1.316,-286.685,-286.685,-286.685,Shake
0.437,-0.295,-1.988,-286.685,-286.685,-276.806,Shake
-0.415,-0.404,-1.652,-286.685,-88.795,90.956,Shake
-1.307,-0.189,-1.997,-105.490,-12.066,129.587,Shake
-0.787,0.323,-1.997,286.527,-30.651,84.761,Shake
-0.383,1.239,-1.122,286.685,113.015,164.325,Shake
0.070,1.149,-0.769,286.685,254.109,261.826,Shake
-1.290,1.889,0.992,286.685,286.685,286.685,Shake
-1.784,1.997,1.999,282.879,286.685,209.781,Shake
-1.883,1.997,-1.986,-286.685,-181.221,-278.889,Shake
-0.251,1.997,-0.558,-286.685,-286.685,-286.685,Shake
0.691,-0.121,-1.398,-286.685,-286.475,-286.685,Shake
0.455,-1.121,-0.812,-286.685,-70.735,14.586,Shake
-0.875,-0.059,-1.894,-270.270,120.750,105.613,Shake
-1.286,0.213,-1.997,271.950,145.101,-38.071,Shake
0.306,0.380,-1.724,286.685,16.021,-24.561,Shake
0.071,1.731,-1.154,286.685,66.342,208.276,Shake
-1.916,1.997,1.714,286.685,96.049,194.075,Shake
-1.298,1.644,1.999,278.241,22.960,-215.294,Shake
-0.788,1.795,0.922,-286.685,-188.081,-286.685,Shake
-0.341,1.451,-1.531,-286.685,-237.667,-286.685,Shake
0.150,0.634,-1.708,-286.685,-103.014,-286.685,Shake
0.396,-0.874,-1.997,-279.344,169.776,-212.984,Shake
0.249,-0.601,-1.997,286.685,286.668,10.868,Shake
0.305,0.721,-1.033,286.685,286.685,266.280,Shake
-0.320,1.505,-0.937,286.685,286.685,286.685,Shake
-1.653,1.997,1.939,286.685,286.685,286.685,Shake
-1.470,1.024,1.999,269.386,234.841,129.264,Shake
-1.999,1.997,0.393,-286.685,-280.061,-209.178,Shake
-0.577,1.997,-0.430,-286.685,-286.685,-286.685,Shake
1.011,1.053,-1.997,-286.685,-286.685,-286.685,Shake
1.060,-1.359,-1.997,-286.685,-196.962,-153.676,Shake
0.293,-0.081,-1.997,283.544,234.281,182.901,Shake
-0.078,-0.040,-0.492,286.685,189.262,100.109,Shake
1.053,-1.597,0.605,286.685,204.864,12.084,Shake
1.471,-1.939,-1.368,286.685,286.685,281.951,Shake
0.001,0.453,-1.247,286.685,286.685,286.685,Shake
-1.190,1.096,1.638,286.685,286.685,286.685,Shake
-0.766,0.719,1.999,286.685,286.685,276.237,Shake
-1.189,1.989,0.188,-268.861,175.726,67.952,Shake
-1.597,1.997,-0.290,-286.685,-208.880,-278.259,Shake
0.225,1.997,-1.088,-286.685,-286.685,-286.685,Shake
0.862,1.562,-1.997,-286.685,-286.685,-286.685,Shake
0.827,-0.007,-1.687,-286.685,-277.804,-286.685,Shake
1.175,-1.779,-1.997,-246.321,25.112,-244.151,Shake
1.508,-1.999,-1.997,285.346,97.842,65.424,Shake
1.225,-1.999,-1.344,286.685,3.316,166.241,Shake
1.209,-1.999,-1.386,286.685,9.240,279.247,Shake
0.697,-1.332,0.033,286.685,73.841,286.685,Shake
0.641,0.501,0.309,286.685,119.411,286.685,Shake
0.711,1.379,0.390,286.589,258.527,286.685,Shake
-0.439,1.997,-1.060,223.562,258.011,281.733,Shake
-0.929,1.997,-0.798,-222.574,-174.107,-173.775,Shake
0.230,1.708,-0.822,-286.685,-251.081,-286.685,Shake
0.976,-1.907,-1.022,-237.344,-61.924,-286.685,Shake
0.975,-1.999,0.883,194.434,6.256,-170.135,Shake
-0.316,-1.999,1.369,89.731,52.176,13.151,Shake
-0.173,-1.999,0.566,47.862,144.909,196.009,Shake
0.118,-0.885,0.098,68.066,218.680,256.699,Shake
0.077,0.605,-0.133,97.650,223.169,229.416,Shake
-0.282,1.990,-0.571,19.189,166.976,84.744,Shake
-0.088,1.995,-0.601,9.677,77.228,-144.646,Shake
0.688,0.677,-0.218,32.944,-17.684,-255.299,Shake
0.668,-0.313,-0.076,73.220,-52.369,-213.789,Shake
0.419,-1.999,-0.935,37.039,24.343,240.109,Shake
-0.939,-0.454,0.820,286.685,-27.055,147.210,Shake
-0.811,-0.505,0.103,285.793,-95.979,-43.829,Shake
-0.540,1.057,1.999,125.668,-62.589,56.814,Shake
0.336,0.615,1.737,208.591,-30.231,-265.475,Shake
-0.177,-1.812,1.086,5.644,103.723,-95.401,Shake
-0.914,-1.999,0.948,-13.807,84.140,-37.476,Shake
-1.173,-1.982,1.286,-40.705,17.596,-80.299,Shake
-0.167,-1.999,1.964,-202.396,-10.124,-127.811,Shake
-0.060,-0.561,1.142,-286.685,82.355,56.586,Shake
0.212,0.160,1.010,-286.685,75.442,61.749,Shake
0.713,1.361,0.568,-235.839,98.052,79.896,Shake
0.876,1.630,-0.275,-253.837,94.290,103.486,Shake
0.845,1.507,-1.920,-46.664,-71.942,68.626,Shake
0.554,1.252,-1.996,134.689,-155.374,69.939,Shake
0.102,1.145,-0.908,286.685,-153.370,74.664,Shake
-0.913,-1.117,1.608,286.685,-95.506,4.016,Shake
-1.951,-1.999,1.999,286.685,-195.939,-113.382,Shake
-1.689,-1.999,1.999,35.779,-8.951,-112.910,Shake
-0.935,-1.999,1.297,-262.264,177.538,-45.631,Shake
-0.600,-1.013,0.433,-286.685,196.236,-35.263,Shake
-0.184,0.289,0.585,-213.238,126.621,-35.184,Shake
0.042,0.933,0.318,-216.449,71.899,-46.174,Shake
0.233,1.845,0.167,-95.069,-26.495,-93.677,Shake
0.879,1.978,0.263,50.426,-91.963,-137.462,Shake
1.468,1.465,-0.715,117.232,-152.959,-31.202,Shake
0.565,1.088,-1.610,255.150,-121.503,67.673,Shake
-0.410,-0.302,-0.226,286.685,-53.235,168.928,Shake
-1.999,-1.999,1.999,286.685,-91.149,112.473,Shake
-1.999,-1.999,1.999,64.785,-98.656,-61.731,Shake
-0.709,-1.999,1.999,-215.189,-15.041,-117.574,Shake
-0.196,-0.596,1.357,-286.685,163.354,-93.327,Shake
0.112,0.879,0.605,-286.685,175.997,-53.716,Shake
0.516,1.982,0.058,-271.705,105.726,-69.991,Shake
0.862,1.997,-0.290,-162.339,26.250,-126.779,Shake
1.386,1.624,-0.970,-21.306,-115.518,-123.069,Shake
1.308,0.641,-1.849,221.952,-160.702,89.871,Shake
1.146,-0.270,-0.327,286.685,-192.447,286.615,Shake
0.215,-0.659,1.856,286.685,-163.958,286.685,Shake
-0.532,-0.999,1.999,269.815,112.446,286.685,Shake
-1.698,-1.189,1.999,-171.482,286.685,254.572,Shake
-0.863,0.416,0.745,-286.685,286.685,274.260,Shake
-1.818,-0.115,-0.821,-286.668,251.738,286.685,Shake
-1.999,0.117,-0.831,-155.732,187.469,189.595,Shake
-1.696,0.146,-0.793,-101.701,78.024,-42.455,Shake
-1.573,0.887,-1.247,36.549,-86.555,-98.683,Shake
-1.999,0.640,-1.621,110.092,69.939,-244.720,Shake
-1.999,0.579,-1.756,152.416,158.261,-286.685,Shake
-1.952,0.667,-0.949,286.633,11.839,-286.685,Shake
-1.836,0.464,-0.211,286.685,-98.088,-286.685,Shake
-0.778,0.854,0.902,286.685,-110.880,-286.685,Shake
-0.050,0.912,1.471,281.872,-131.320,-286.685,Shake
0.848,0.840,1.499,215.932,-164.089,-286.685,Shake
1.998,1.400,1.955,41.554,-123.559,-286.685,Shake
1.998,0.431,0.467,-76.729,-166.075,-222.215,Shake
1.998,0.436,0.084,-34.353,-183.068,44.800,Shake
1.998,0.582,0.215,23.327,-137.812,276.220,Shake
1.873,0.564,0.034,39.900,-101.238,286.685,Shake
0.765,0.853,0.081,103.626,-107.021,286.685,Shake
-0.317,1.148,0.394,123.786,-127.732,286.685,Shake
-1.999,1.402,1.552,135.441,-15.837,286.685,Shake
-1.999,0.046,1.943,75.346,64.348,261.686,Shake
-1.999,0.035,1.955,-76.562,110.985,-62.956,Shake
-1.999,0.036,0.499,-121.152,58.844,-261.616,Shake
-1.440,0.169,0.147,-32.498,29.934,-286.685,Shake
-0.474,0.664,0.421,72.082,31.929,-286.685,Shake
0.314,1.115,0.800,124.224,49.884,-286.685,Shake
1.993,1.996,1.478,105.726,13.641,-286.685,Shake
1.998,0.317,0.198,-91.569,-230.396,-286.685,Shake
1.998,-0.752,-1.442,37.783,-215.512,21.569,Shake
1.998,0.377,-0.360,200.209,-96.941,238.166,Shake
1.743,0.668,0.347,286.589,-82.460,286.685,Shake
1.202,1.108,0.759,248.902,-22.225,286.685,Shake
0.083,1.680,1.070,224.928,36.312,286.685,Shake
-1.999,1.993,1.999,133.770,150.378,286.685,Shake
-1.999,0.186,1.999,4.244,142.100,283.465,Shake
-1.999,0.492,1.700,-114.380,38.938,-25.462,Shake
-1.999,0.153,0.927,-201.066,-4.287,-247.818,Shake
-1.198,0.161,-0.040,-217.306,81.918,-286.685,Shake
-0.350,0.269,-0.232,-44.056,174.702,-286.685,Shake
0.729,0.854,0.135,109.104,118.396,-286.685,Shake
1.696,1.063,0.716,164.675,63.455,-286.685,Shake
1.998,0.302,0.857,-51.669,-109.996,-286.685,Shake
1.998,-0.202,-0.870,37.625,-250.932,-125.781,Shake
1.998,0.195,-0.102,264.241,-176.741,244.921,Shake
1.998,0.496,0.983,286.685,-113.855,286.685,Shake
0.890,1.420,1.456,281.356,113.225,286.685,Shake
-1.998,1.748,1.999,82.644,286.685,286.685,Shake
-1.999,-0.290,1.999,-132.046,237.326,228.699,Shake
-1.999,-0.677,1.999,-195.633,15.881,25.646,Shake
-1.731,-0.466,1.678,-284.025,-89.434,-232.837,Shake
-0.001,0.301,0.537,-286.685,147.158,-277.191,Shake
0.534,0.917,0.203,-286.685,286.641,-204.750,Shake
0.837,1.123,-0.022,-286.685,286.685,-163.826,Shake
1.236,1.379,-1.276,-286.685,286.685,-148.899,Shake
1.800,0.603,-1.997,-119.158,282.056,-160.020,Shake
1.998,0.222,-1.997,273.682,-3.824,58.188,Shake
1.123,1.323,-1.997,286.685,-256.891,284.611,Shake
0.764,1.997,-1.057,286.685,-286.685,286.685,Shake
0.509,1.997,1.999,286.685,-286.685,286.685,Shake
-1.694,1.997,1.999,17.561,-286.685,49.814,Shake
1.998,1.064,1.999,-286.685,111.291,-258.466,Shake
0.773,0.314,1.999,-286.685,205.424,-78.759,Shake
0.373,1.455,1.310,-286.685,274.435,61.574,Shake
0.425,1.997,-0.460,-286.685,286.685,98.647,Shake
0.646,1.997,-1.115,-286.685,286.685,-41.737,Shake
1.577,1.759,-1.997,-286.685,286.685,-168.122,Shake
1.998,0.365,-1.997,45.658,206.325,-143.378,Shake
0.679,1.594,-1.997,286.685,-128.048,55.720,Shake
0.454,1.605,-1.997,286.685,-210.105,99.409,Shake
1.483,1.997,0.064,286.685,-286.247,147.586,Shake
0.995,1.898,1.999,286.685,-286.685,282.765,Shake
1.644,1.909,1.999,-252.779,-103.346,-22.663,Shake
1.924,0.225,1.999,-286.685,192.973,33.880,Shake
0.830,0.607,0.283,-286.685,286.685,284.620,Shake
0.352,1.411,-0.879,-286.685,255.001,286.685,Shake
-0.023,1.662,-1.997,-286.685,284.480,174.746,Shake
0.259,0.885,-1.997,-286.466,272.414,45.570,Shake
1.680,0.161,-1.997,59.220,19.171,163.765,Shake
0.624,0.747,-1.997,285.775,-239.960,286.685,Shake
-0.220,0.986,-1.229,286.685,-203.026,286.685,Shake
-1.999,1.464,1.999,281.724,153.160,286.414,Shake
-1.999,-0.677,1.999,45.028,286.676,-198.363,Shake
-1.999,-0.196,0.982,-38.920,43.986,-286.685,Shake
-1.839,-0.232,0.607,-55.256,12.136,-286.685,Shake
-0.589,0.274,0.108,-103.897,155.033,-286.685,Shake
0.588,1.411,0.313,-103.110,244.011,-286.685,Shake
1.998,1.997,0.348,-86.319,-128.564,-286.685,Shake
1.998,1.997,-1.997,118.107,-197.995,196.158,Shake
1.998,1.997,-1.427,286.650,177.678,286.685,Shake
-1.840,1.997,0.181,248.622,129.299,286.685,Shake
-1.999,-1.647,1.999,185.456,-122.202,278.128,Shake
-1.999,-1.858,1.999,97.283,-277.987,-148.330,Shake
-1.999,-1.586,1.744,-23.511,-108.159,-284.821,Shake
-1.999,0.446,0.671,-179.497,161.577,-286.685,Shake
-0.426,1.997,0.528,-158.182,129.141,-286.685,Shake
1.998,1.997,0.282,-149.205,25.480,-286.685,Shake
1.998,1.997,-1.615,-203.193,-36.662,-255.342,Shake
1.998,1.997,-1.997,-39.891,21.892,187.609,Shake
1.998,1.997,-0.849,175.219,42.193,286.685,Shake
-0.200,1.997,0.297,267.724,-69.414,286.685,Shake
-1.999,1.997,1.018,235.226,-1.794,286.685,Shake
-1.999,-1.368,1.999,103.005,-7.166,283.920,Shake
-1.999,-1.962,1.950,-2.257,-221.926,-100.327,Shake
-1.999,-0.940,0.122,-86.257,-115.080,-286.685,Shake
-1.296,-0.161,-0.683,-211.444,168.096,-286.685,Shake
-0.724,0.825,0.129,-48.423,95.961,-286.685,Shake
0.196,1.497,-0.504,-144.541,-127.846,-286.685,Shake
1.993,1.997,-0.480,-169.050,65.677,-286.685,Shake
1.998,1.830,-1.175,40.057,-265.633,-97.694,Shake
1.998,0.920,-1.372,259.578,-286.685,277.489,Shake
1.245,0.381,0.514,286.685,-286.685,286.685,Shake
0.205,0.555,1.999,286.685,-286.685,242.620,Shake
0.829,-1.401,1.999,283.246,-286.685,167.834,Shake
0.345,-0.589,-0.190,-145.224,-286.685,121.012,Shake
-0.151,-1.928,-1.997,158.786,-174.396,-31.692,Shake
-0.141,0.196,0.505,157.561,286.685,-286.685,Shake
-1.999,-0.425,1.781,-62.685,286.685,-118.020,Shake
-1.999,-0.848,1.999,-241.089,286.685,-191.249,Shake
-1.822,-0.553,1.999,-286.685,173.932,-77.796,Shake
-1.999,-1.728,-0.084,-37.362,-286.685,191.424,Shake
-1.059,-0.954,0.732,31.833,-286.685,-116.287,Shake
0.692,-0.581,-0.671,-11.594,-286.685,14.297,Shake
0.804,-0.411,-1.102,9.056,-194.408,161.709,Shake
-0.200,-0.806,-0.627,-146.554,286.668,79.441,Shake
-0.833,-0.505,0.996,-286.685,286.685,4.489,Shake
-0.209,0.233,0.979,-286.685,286.685,7.971,Shake
-0.260,0.402,-1.726,-282.888,-14.761,181.519,Shake
-1.025,-0.235,-1.108,218.452,-286.685,206.185,Shake
-0.577,1.332,1.984,282.555,-286.685,191.030,Shake
-1.324,-0.227,1.753,46.445,-286.685,93.853,Shake
-0.816,0.046,-1.165,-266.464,-286.685,-3.596,Shake
-0.404,-0.640,-1.997,-92.339,175.945,-161.788,Shake
-1.125,-0.319,-0.714,204.645,286.685,-280.402,Shake
-1.969,0.332,0.500,186.497,286.685,-169.592,Shake
-1.994,-0.141,1.311,286.624,286.685,-61.583,Shake
-1.191,-0.225,1.999,204.024,-125.842,-29.514,Shake
-1.302,-0.800,1.999,285.871,-286.685,-75.364,Shake
-0.935,-0.381,1.999,162.312,-286.685,36.452,Shake
-1.552,-0.002,0.741,-281.181,-286.685,189.901,Shake
-0.740,-0.498,-1.997,-286.685,-286.685,286.685,Shake
-0.316,-1.808,-1.997,-96.582,284.209,-162.356,Shake
0.079,-0.318,0.145,-127.986,286.685,-285.469,Shake
-0.725,-0.623,1.808,-266.831,286.685,-205.021,Shake
-1.624,-0.782,1.999,-286.685,286.685,-285.810,Shake
-0.339,-0.119,1.999,-286.685,192.133,-271.582,Shake
-1.176,-0.649,-0.189,9.240,-286.685,-87.421,Shake
-0.832,-0.177,0.006,91.726,-286.685,-66.098,Shake
0.001,-0.455,-1.990,-112.411,-286.685,-47.285,Shake
0.792,-0.463,-1.463,-244.169,286.685,-271.723,Shake
0.333,-0.334,0.790,-286.685,286.685,-127.855,Shake
0.354,-0.387,0.804,-243.696,104.353,47.530,Shake
0.065,-0.408,-0.215,141.234,-286.685,180.827,Shake
-0.089,-0.836,0.629,281.190,-286.685,102.559,Shake
-0.046,-0.544,-0.188,71.426,-286.685,-57.820,Shake
1.181,-0.115,-1.991,-99.286,-101.736,-145.994,Shake
1.610,0.353,-1.887,32.393,286.685,-20.256,Shake
0.828,1.068,-0.696,154.656,286.685,286.676,Shake
-0.453,0.598,0.952,204.102,272.580,286.685,Shake
-0.733,0.201,1.738,286.685,-285.810,286.685,Shake
-0.812,-1.689,1.999,241.482,-286.685,269.938,Shake
-1.353,-1.120,1.999,-245.254,-286.685,-42.096,Shake
-1.389,-0.383,-0.687,-16.853,-286.685,-100.327,Shake
0.331,-1.872,-1.997,284.786,-283.964,6.571,Shake
0.545,0.458,0.559,-37.083,286.685,-286.685,Shake
-1.879,0.048,1.006,-209.160,286.685,-28.385,Shake
-1.999,-1.685,1.559,-191.634,286.685,66.062,Shake
-1.998,-0.747,1.999,-240.607,232.750,-132.536,Shake
-1.381,0.170,1.216,106.190,-286.685,-23.511,Shake
-0.895,-0.806,0.489,163.048,-286.685,79.975,Shake
-0.085,-0.461,-0.376,67.935,-286.685,39.366,Shake
0.910,-0.482,-1.739,84.577,-123.235,-4.034,Shake
-0.158,-0.366,0.810,-130.839,286.685,-111.353,Shake
-0.369,-0.304,1.467,-266.866,286.685,11.672,Shake
-0.182,-0.330,1.541,-239.496,286.685,92.872,Shake
-0.278,0.137,1.694,-8.575,-281.829,231.122,Shake
-0.501,0.130,1.999,168.140,-286.685,286.685,Shake
-1.952,-0.774,0.332,-73.675,-286.685,258.991,Shake
-0.448,-1.483,-1.916,-100.844,-180.792,-78.916,Shake
1.124,0.536,0.426,-34.002,286.685,-225.732,Shake
-0.730,-0.164,0.567,-62.877,286.685,129.561,Shake
-1.566,-0.965,1.728,13.370,221.489,44.415,Shake
-0.152,-0.049,1.451,27.020,32.410,-70.070,Shake
-0.279,-0.185,1.299,-169.846,95.996,-3.517,Shake
-0.547,-0.911,-0.444,-254.292,30.546,-62.834,Shake
-1.084,-0.770,1.177,62.562,-62.615,121.756,Shake
-1.182,-0.601,1.457,-74.918,-66.850,219.747,Shake
-1.616,1.178,1.078,-106.173,17.579,129.307,Shake
-0.720,0.175,0.432,-136.964,-48.860,-286.624,Shake
-0.026,-0.708,0.354,-179.524,-68.670,-286.256,Shake
-0.633,0.050,0.314,-186.445,-33.355,-286.685,Shake
1.465,-1.956,1.863,-283.089,-87.570,-226.520,Shake
0.303,-0.894,0.486,-17.071,-266.499,85.260,Shake
-0.764,-1.351,0.899,-1.671,-165.331,-33.521,Shake
-0.853,-1.244,1.079,-100.765,-109.734,-254.739,Shake
-0.273,-1.004,0.453,-163.686,-261.476,-286.685,Shake
1.192,-0.262,-0.524,-171.981,-284.821,-267.470,Shake
1.982,-0.278,-0.991,-86.179,216.344,4.611,Shake
1.959,-0.254,-0.285,-31.859,286.685,286.169,Shake
1.419,-0.281,-1.530,-76.440,286.685,286.685,Shake
0.199,0.132,-1.997,-16.739,286.685,286.685,Shake
-1.999,-0.960,-1.346,143.290,286.685,255.929,Shake
-1.999,-1.541,0.903,-132.711,-122.990,-102.550,Shake
-1.478,-0.459,-0.567,66.561,-286.685,-274.234,Shake
-1.311,-0.190,-0.776,67.567,-286.685,-286.685,Shake
-0.043,-0.037,-1.997,-100.371,-286.685,-286.685,Shake
1.799,-0.302,-1.997,10.430,-286.685,-284.349,Shake
1.998,-0.352,-1.469,218.601,244.309,-96.670,Shake
0.509,-0.117,0.495,277.489,286.685,209.475,Shake
-0.223,-0.818,0.191,91.026,286.685,250.057,Shake
0.200,-0.359,-1.240,60.646,286.685,206.395,Shake
-1.379,-0.200,-1.996,32.987,286.685,286.685,Shake
-1.999,-0.369,-1.288,-11.559,286.685,162.059,Shake
-1.999,-1.069,-0.049,-80.290,210.831,-60.865,Shake
-1.857,-0.778,-1.550,114.301,-286.685,-105.499,Shake
-1.763,-0.430,-1.988,251.807,-286.685,-277.786,Shake
0.503,-0.032,-1.760,240.914,-286.685,-286.685,Shake
1.998,0.255,0.377,244.676,-286.685,-286.685,Shake
1.998,0.564,1.999,6.090,179.769,-135.389,Shake
1.934,-0.265,-0.103,-285.950,286.685,136.649,Shake
1.220,-0.625,0.073,-84.927,154.989,201.565,Shake
1.941,-0.223,0.527,-38.491,286.685,265.527,Shake
1.207,-0.089,0.447,-198.756,286.685,286.685,Shake
0.314,-0.550,-1.892,-283.728,286.685,237.947,Shake
-0.714,-1.013,-1.686,-133.884,286.685,168.473,Shake
-1.324,-1.413,-1.191,-27.913,286.685,3.141,Shake
-1.640,-1.078,-0.878,22.733,-43.374,-50.470,Shake
-0.796,-0.691,-1.596,120.995,-286.685,2.249,Shake
-0.221,-0.645,-1.050,157.430,-286.685,-10.220,Shake
1.075,-0.454,-0.774,89.959,-286.685,-30.538,Shake
1.980,-0.607,-0.102,59.955,-286.685,-1.942,Shake
1.998,0.049,0.621,101.027,-130.051,171.526,Shake
0.449,-1.308,-0.727,-141.908,286.685,-52.623,Shake
0.738,-0.344,0.208,0.665,286.685,76.335,Shake
0.568,-0.745,0.314,36.234,286.685,143.342,Shake
-0.200,-0.933,-0.789,37.196,286.685,-4.856,Shake
-0.768,-0.908,-0.871,-5.688,286.685,-181.038,Shake
-1.413,-0.812,-0.475,-239.741,244.834,-213.509,Shake
-1.264,-0.536,-0.811,67.244,-286.685,58.844,Shake
-1.290,-0.569,-0.094,28.350,-286.685,-38.920,Shake
-0.280,-0.543,-0.649,-113.811,-286.685,-203.849,Shake
1.264,-0.781,-0.940,-161.262,-286.685,-83.344,Shake
1.316,-0.662,-1.234,4.883,14.744,63.534,Shake
0.611,-0.900,-1.354,91.753,286.685,10.587,Shake
0.452,-0.704,-0.568,235.602,286.685,57.225,Shake
-0.798,-0.452,-0.978,171.019,286.685,149.975,Shake
-1.886,-0.756,-0.293,61.303,286.685,-14.131,Shake
-1.999,-0.775,0.808,-122.719,249.725,-98.543,Shake
-1.716,-0.755,0.134,47.635,-286.685,172.646,Shake
-0.955,-0.884,-0.186,-61.574,-286.685,10.964,Shake
0.744,-0.748,-0.677,-150.325,-286.685,-120.076,Shake
1.998,-0.987,-1.058,-4.900,-226.266,37.756,Shake
1.740,-0.490,-1.388,274.584,255.185,254.712,Shake
-0.274,-0.508,-1.850,286.685,286.685,150.413,Shake
-1.933,0.086,-1.997,286.685,286.685,149.310,Shake
-1.999,-0.050,-0.664,129.246,286.685,44.074,Shake
-1.999,-0.331,0.656,-231.490,256.865,-4.427,Shake
-1.999,0.343,-1.159,-209.641,-286.685,17.246,Shake
-1.999,-0.125,-1.405,-129.579,-286.685,-8.645,Shake
-1.639,0.103,-1.997,-286.685,-286.685,-286.685,Shake
1.506,-1.104,-1.997,44.118,-270.375,-202.361,Shake
1.752,-0.113,-0.749,282.214,285.740,-183.461,Shake
-1.019,-0.116,0.836,247.065,286.685,-196.542,Shake
-1.227,-0.056,1.741,259.105,286.685,-81.690,Shake
-1.990,-0.313,1.164,107.957,286.685,-267.181,Shake
-1.672,-0.198,1.148,-21.420,286.685,-286.685,Shake
-1.198,-0.302,0.655,-191.371,-120.120,-166.390,Shake
-1.671,-0.766,-0.061,-45.780,-286.685,103.154,Shake
-0.792,-0.252,0.588,30.459,-286.685,-82.206,Shake
1.297,-0.704,-0.080,-62.396,-286.685,-65.511,Shake
1.998,-0.640,0.304,-39.428,31.211,65.319,Shake
0.569,-0.490,-0.493,84.018,286.685,-0.901,Shake
0.332,-0.457,0.384,5.819,286.685,-102.296,Shake
-1.632,-0.997,-1.337,-87.325,286.685,-101.299,Shake
-1.999,-0.729,-0.803,1.321,286.685,-245.525,Shake
-1.955,-0.578,0.440,-171.325,143.544,-214.331,Shake
-1.989,-0.716,-0.659,65.389,-286.685,11.235,Shake
-1.408,-0.459,-0.036,52.290,-286.685,-27.064,Shake
0.601,-1.029,-0.195,-131.976,-286.685,-126.385,Shake
1.637,-0.892,0.017,-121.853,-285.530,-42.394,Shake
1.279,-0.082,-0.333,133.621,286.633,19.163,Shake
-0.695,-0.879,-0.829,-52.299,286.685,-142.354,Shake
-1.999,-1.000,-0.571,-37.678,286.685,-160.387,Shake
-1.749,-0.542,1.103,-134.540,261.004,-273.823,Shake
-0.316,-0.496,0.194,65.695,-286.685,43.750,Shake
-0.770,-0.636,0.150,58.319,-286.685,157.640,Shake
-0.416,-0.867,0.301,-53.121,-286.685,9.012,Shake
0.915,-0.851,0.214,-8.470,-246.741,-27.388,Shake
0.799,-0.590,0.210,57.199,275.013,-36.374,Shake
-0.512,-0.691,0.134,-99.776,286.685,-102.384,Shake
-1.095,-0.731,0.296,-198.712,286.685,-51.529,Shake
-1.396,-0.560,0.306,-93.179,-210.438,-109.051,Shake
-0.657,-0.465,-0.473,-49.219,-286.685,-70.516,Shake
-0.510,-0.399,-0.306,5.390,-286.685,27.353,Shake
-0.206,-0.725,-0.643,-132.212,-286.685,-66.815,Shake
1.544,-0.953,-0.762,40.959,-222.329,-110.705,Shake
1.397,-0.188,-0.656,193.182,286.685,22.601,Shake
0.097,-0.428,-0.862,50.846,286.685,117.793,Shake
-1.861,-0.599,-1.569,-86.284,286.685,212.074,Shake
-1.999,-0.993,-0.346,-59.220,286.685,66.316,Shake
-1.318,-0.383,-0.629,33.311,-257.644,-116.769,Shake
-1.133,-0.438,-0.934,137.550,-286.685,-93.520,Shake
-0.919,-0.691,-0.801,137.961,-286.685,-180.434,Shake
0.902,-0.661,-1.341,43.269,-286.685,-286.685,Shake
1.998,-0.709,-0.614,104.641,-286.291,-143.570,Shake
1.316,0.081,-0.703,224.726,283.946,197.855,Shake
-0.589,-0.160,-0.931,73.579,286.685,254.887,Shake
-1.807,0.062,-1.339,5.364,286.685,286.685,Shake
-1.999,-0.013,-1.109,17.806,286.685,286.685,Shake
-1.999,-0.894,-0.050,-147.131,246.348,60.095,Shake
-1.518,-0.273,-0.670,104.221,-286.685,-176.006,Shake
-1.793,-0.527,-0.509,89.959,-286.685,-54.661,Shake
-1.016,-0.636,-0.249,-33.022,-286.685,-239.986,Shake
1.086,-0.652,-0.294,-81.961,-286.685,-266.166,Shake
1.998,-0.595,-0.416,-16.118,-187.880,53.944,Shake
0.288,-0.421,-1.012,188.344,286.685,223.318,Shake
-1.145,0.172,-0.439,208.381,286.685,277.112,Shake
-1.999,-0.290,-1.460,-23.476,286.685,286.685,Shake
-1.999,-0.378,-0.587,126.324,286.685,138.600,Shake
-1.999,-0.321,0.686,41.851,101.089,-155.724,Shake
-1.605,-0.205,-0.425,2.581,-286.685,-222.110,Shake
-1.797,-0.328,-0.494,2.056,-286.685,-134.706,Shake
-1.170,-0.332,-0.197,-119.796,-286.685,-273.647,Shake
0.241,-0.323,-0.625,-195.667,-286.685,-286.685,Shake
1.630,-0.489,-1.149,-129.491,-286.685,-159.486,Shake
1.998,-0.314,-1.373,258.562,263.786,89.434,Shake
0.064,0.197,-0.361,286.685,286.685,178.491,Shake
-1.666,0.780,-1.827,-37.345,286.685,286.685,Shake
-1.999,-0.580,-1.589,-115.841,286.685,282.730,Shake
-1.999,-0.596,0.231,-116.541,21.114,-134.768,Shake
-1.469,-0.016,-1.501,114.503,-286.685,-286.685,Shake
-1.586,-0.284,-0.831,115.640,-286.685,-158.139,Shake
1.367,-0.796,-1.190,208.189,-285.215,-113.024,Shake
0.877,-0.353,-0.066,137.848,286.685,-164.045,Shake
-0.838,-0.272,0.449,-211.724,286.685,31.456,Shake
-1.575,-0.317,0.525,-256.524,286.624,142.065,Shake
-1.999,-0.457,-0.100,-155.277,-283.027,-54.320,Shake
-1.999,-0.479,-0.138,39.209,-286.685,-108.938,Shake
-1.309,-0.128,0.233,15.706,-286.685,-194.924,Shake
-0.176,-0.421,-0.723,-146.458,-286.685,-276.045,Shake
1.360,-0.726,-1.082,27.003,-286.326,-168.753,Shake
1.998,-0.054,-0.721,160.773,197.286,7.403,Shake
-0.315,0.131,-0.781,9.004,286.685,155.864,Shake
-1.999,-0.070,-1.798,-108.518,286.685,286.685,Shake
-1.999,-0.652,-0.051,77.210,286.685,255.465,Shake
-1.999,-0.722,1.348,-6.729,192.798,-107.152,Shake
-1.910,0.005,-0.645,44.984,-286.685,-268.546,Shake
-1.632,-0.227,-0.702,-23.240,-286.685,-125.808,Shake
1.401,-0.631,-1.232,123.357,-285.626,-64.925,Shake
1.773,-0.532,-0.773,97.055,286.685,-195.965,Shake
-0.667,-0.060,-0.352,-73.658,286.685,-115.202,Shake
-1.900,-0.657,-0.661,-253.348,286.685,53.874,Shake
-1.999,-0.644,0.672,-36.041,31.491,-57.803,Shake
-1.879,-0.370,-0.277,69.134,-286.685,-183.374,Shake
-1.809,-0.480,-0.344,18.016,-286.685,-95.576,Shake
-1.187,-0.360,-0.365,41.886,-286.685,-124.040,Shake
0.245,-0.667,-1.041,4.646,-286.685,-65.327,Shake
1.998,-0.532,-1.653,8.960,-159.705,-59.237,Shake
0.750,-0.348,-0.910,43.610,286.685,-22.374,Shake
-0.550,-0.107,-1.042,25.130,286.685,54.197,Shake
-1.999,-0.225,-1.974,41.125,286.685,282.984,Shake
-1.999,-0.281,-0.280,141.706,286.685,178.806,Shake
-1.999,-0.776,1.385,64.540,138.337,-146.956,Shake
-1.495,-0.338,0.362,108.929,-286.685,-232.400,Shake
-1.354,-0.608,-0.290,29.724,-286.685,-62.309,Shake
-0.891,-0.756,0.053,-41.676,-286.685,-129.614,Shake
0.046,-0.714,-0.093,-50.785,-286.685,-173.863,Shake
1.544,-0.718,-0.314,13.956,-286.685,-54.976,Shake
1.631,-0.354,-0.316,72.249,-44.196,57.356,Shake
0.365,-0.484,-0.373,-38.885,286.685,11.778,Shake
-1.291,-0.180,-0.600,-50.103,286.685,139.615,Shake
-1.999,-0.438,-0.808,-22.995,286.685,238.420,Shake
-1.999,-0.717,-0.073,-9.564,286.685,119.823,Shake
-1.999,-0.549,0.697,-81.077,76.545,-233.048,Shake
-1.159,-0.176,-0.813,82.058,-286.685,-212.030,Shake
-1.554,-0.634,-0.874,-20.099,-286.685,-170.712,Shake
-1.235,-0.609,-0.671,-106.304,-286.685,-261.503,Shake
-0.228,-0.516,-1.044,-128.669,-286.685,-286.449,Shake
1.998,-0.500,-1.997,62.790,-276.185,-152.399,Shake
0.997,-0.048,-0.583,183.794,286.685,-4.305,Shake
-1.119,0.103,0.161,-44.905,286.685,235.305,Shake
-1.999,-0.476,-0.889,-81.594,286.685,286.685,Shake
-1.999,-0.599,-0.348,-45.736,286.685,136.465,Shake
-1.999,-0.366,0.291,-74.331,87.448,-177.651,Shake
-1.531,-0.097,-0.918,149.590,-286.685,-243.512,Shake
-1.284,-0.542,-0.504,107.205,-286.685,-246.969,Shake
-0.266,-0.386,-0.601,20.344,-286.685,-286.685,Shake
1.769,-0.490,-1.411,-90.930,-286.685,-240.214,Shake
1.998,-0.560,-1.959,-26.880,-21.009,59.062,Shake
0.363,0.413,-0.996,74.655,286.685,242.585,Shake
-1.438,0.558,-1.796,-51.625,286.685,286.685,Shake
-1.999,-0.245,-1.997,-112.621,286.685,286.685,Shake
-1.999,-0.659,-0.866,-96.530,286.685,231.280,Shake
-1.999,-0.376,-0.517,-165.217,-10.719,-249.410,Shake
-1.717,0.129,-1.934,282.914,-286.685,-286.685,Shake
-1.999,-0.172,-1.006,174.492,-286.685,-285.154,Shake
-0.532,-0.516,-1.725,-5.329,-286.685,-286.685,Shake
1.998,-0.299,-1.997,-44.284,-218.636,-178.745,Shake
0.704,0.794,-0.581,8.312,286.685,208.250,Shake
-1.999,-0.530,-0.705,-284.392,286.685,286.685,Shake
-1.999,-1.033,0.528,-41.335,-10.972,91.823,Shake
-1.233,-0.265,0.292,89.364,-286.685,-104.772,Shake
-0.413,-0.551,-0.251,53.322,-286.685,146.492,Shake
-0.426,-0.439,-0.690,83.702,-285.749,197.846,Shake
-0.601,-0.156,0.014,244.886,-127.435,46.812,Shake
-1.070,-0.450,1.187,99.872,28.184,35.761,Shake
-0.471,-0.228,0.613,5.696,98.665,-43.557,Shake
-1.433,0.330,0.430,-59.124,-26.198,-87.544,Shake
-1.156,-0.659,0.542,65.327,98.411,-21.997,Shake
-1.733,-0.255,0.669,141.523,162.312,-65.573,Shake
-0.356,-0.479,1.342,103.162,183.488,-55.641,Shake
-0.951,-0.322,0.558,-31.649,98.192,15.776,Shake
-0.433,-0.250,1.421,-126.954,-21.980,-14.927,Shake
-1.286,0.119,0.836,-174.519,-104.457,-28.306,Shake
-0.891,-0.661,0.881,-286.685,-255.246,-5.661,Shake
-1.337,-0.167,-0.017,-286.685,-286.685,-153.011,Shake
0.052,-1.469,1.039,-286.685,-286.685,-246.260,Shake
0.506,-1.549,-0.344,-286.685,-286.685,-152.924,Shake
-0.227,-1.141,-1.622,-259.647,-172.270,42.796,Shake
-0.251,-0.382,-1.997,275.362,154.805,112.201,Shake
-0.533,0.161,-1.101,286.685,286.685,146.020,Shake
-1.477,0.941,0.643,286.685,286.685,277.576,Shake
-0.981,0.178,1.999,286.685,286.685,146.729,Shake
-0.850,-0.092,0.545,146.003,286.685,35.744,Shake
-1.642,0.229,-0.900,-183.636,222.941,0.560,Shake
-1.740,0.537,-0.752,-286.685,-251.685,-159.119,Shake
-1.838,1.377,0.139,-286.685,-286.685,-286.685,Shake
-0.778,1.973,-1.712,-286.685,-286.685,-286.685,Shake
0.158,0.126,-1.997,-286.685,-286.685,-284.716,Shake
1.463,-1.999,-1.861,-286.685,-286.641,-10.911,Shake
-1.470,0.605,-1.988,286.685,285.880,270.559,Shake
-0.981,1.026,-1.026,286.685,286.685,104.948,Shake
-1.103,1.211,0.189,286.685,286.685,225.312,Shake
-0.807,0.937,1.954,286.685,286.685,204.312,Shake
-0.808,0.597,1.280,281.829,286.685,19.128,Shake
-0.690,0.500,-1.017,-122.745,98.158,-258.939,Shake
-0.438,0.095,-1.997,-141.951,-251.484,-286.685,Shake
0.040,0.261,-1.997,-32.620,-286.685,-286.685,Shake
1.762,1.997,-1.264,-44.459,-286.685,-286.685,Shake
1.998,1.997,-0.362,-286.685,-286.685,-286.685,Shake
1.998,-0.160,-1.997,-286.685,-286.580,-286.685,Shake
1.998,-1.939,-1.997,161.665,121.993,118.729,Shake
1.998,1.819,-1.962,286.685,286.685,286.685,Shake
1.998,0.280,-1.240,275.161,132.090,286.685,Shake
1.998,-0.484,-0.457,119.770,-151.681,286.685,Shake
1.977,-0.181,0.233,126.122,-178.561,286.685,Shake
1.756,0.350,0.415,146.606,-105.787,286.685,Shake
0.849,1.399,0.515,152.128,45.675,286.685,Shake
-0.379,1.997,0.309,21.438,22.199,286.685,Shake
-1.499,1.997,-0.300,-66.421,-41.615,286.221,Shake
-1.838,1.997,-0.409,-14.262,-42.114,138.889,Shake
-0.923,1.668,0.279,170.074,96.591,-185.404,Shake
-0.913,1.994,0.447,132.755,146.151,-286.685,Shake
-0.262,1.997,0.254,3.307,90.598,-286.685,Shake
1.712,1.997,0.133,-123.471,82.110,-286.685,Shake
1.998,1.997,-0.939,-286.685,-126.630,-286.685,Shake
1.998,0.509,-1.997,-286.685,-112.324,-286.685,Shake
1.998,-1.171,-1.997,3.220,281.636,-61.897,Shake
1.998,0.165,-1.997,166.819,285.101,285.136,Shake
1.998,0.489,-1.929,286.685,-22.199,286.685,Shake
1.998,-0.005,0.027,286.685,-235.200,286.685,Shake
1.998,0.045,1.013,286.685,-51.923,286.685,Shake
1.712,0.838,1.312,286.685,196.035,286.685,Shake
1.070,1.163,0.739,169.531,286.685,286.685,Shake
0.784,1.451,-0.360,26.950,286.685,286.685,Shake
0.548,1.660,-0.825,27.160,286.685,286.685,Shake
0.282,1.521,-1.575,93.923,286.685,286.685,Shake
0.034,1.328,-1.491,222.469,286.685,286.685,Shake
-0.295,1.081,-1.439,223.003,265.405,198.249,Shake
-0.867,0.665,-1.997,162.146,34.134,28.919,Shake
-0.787,0.859,-1.997,224.989,-286.685,-245.621,Shake
0.545,1.997,-0.511,199.395,-286.685,-286.685,Shake
1.998,1.997,0.196,-271.267,-286.685,-286.685,Shake
1.998,1.997,-1.415,-286.685,-286.685,-286.685,Shake
1.998,-1.757,-1.997,-277.734,-270.830,-286.685,Shake
1.998,-1.968,-0.863,270.629,54.845,90.020,Shake
1.998,1.470,-0.032,286.685,286.685,286.685,Shake
1.998,0.944,0.389,193.533,286.685,286.685,Shake
1.998,0.047,1.170,45.229,286.685,286.685,Shake
1.998,0.932,1.129,-102.979,286.685,286.685,Shake
1.998,1.963,0.143,-244.081,286.685,286.685,Shake
1.998,1.997,-0.504,-242.217,286.685,286.685,Shake
1.989,1.997,-1.997,-191.887,286.685,286.685,Shake
0.051,1.379,-1.997,-124.346,269.413,256.769,Shake
-0.141,1.470,-1.997,125.221,-286.519,-153.501,Shake
0.677,1.997,-1.515,250.775,-286.685,-286.685,Shake
1.200,1.997,-0.557,111.335,-286.685,-286.685,Shake
1.998,1.997,-0.637,-156.056,-286.685,-286.685,Shake
1.998,1.990,-1.897,-286.685,-286.685,-286.685,Shake
1.998,-1.999,-1.997,-260.645,-238.665,-286.685,Shake
1.998,-1.995,-1.029,148.400,185.421,282.879,Shake
1.998,0.871,-0.849,239.199,286.685,286.685,Shake
1.998,0.074,-0.354,109.839,184.712,286.685,Shake
1.998,-0.140,0.337,31.334,121.607,286.685,Shake
1.998,0.584,0.444,60.077,253.085,286.685,Shake
1.998,1.997,0.260,24.946,286.685,286.685,Shake
1.990,1.997,-1.347,-156.590,286.685,286.685,Shake
0.774,1.888,-1.997,-23.739,286.685,286.685,Shake
-0.136,1.235,-1.997,6.843,286.685,274.759,Shake
-0.550,1.009,-1.997,44.975,-27.370,-23.765,Shake
-0.008,1.077,-1.997,246.601,-286.685,-284.987,Shake
0.231,1.993,-1.307,286.685,-286.685,-286.685,Shake
1.297,1.997,-0.650,271.696,-286.685,-286.685,Shake
1.998,1.997,-0.036,-110.950,-286.685,-286.685,Shake
1.998,1.130,-1.034,-277.568,-286.685,-286.685,Shake
1.998,-1.999,-1.540,-114.800,-163.030,-277.559,Shake
1.998,-0.321,0.066,227.693,218.024,286.685,Shake
1.998,1.164,-0.060,200.988,286.685,286.685,Shake
1.998,0.531,-0.374,25.532,286.685,286.685,Shake
1.998,0.527,0.555,-8.496,286.650,286.685,Shake
1.998,1.112,0.551,-61.924,286.685,286.685,Shake
1.998,1.795,-0.304,-138.154,286.685,286.685,Shake
1.905,1.997,-1.906,-164.745,286.685,286.685,Shake
-0.388,0.882,-1.997,-56.840,286.685,286.685,Shake
-1.258,0.354,-1.997,-50.680,-253.304,68.145,Shake
-0.344,0.498,-1.997,-43.934,-286.685,-238.280,Shake
0.758,-0.491,-1.262,-247.940,-286.685,-286.685,Shake
1.728,-0.318,-0.048,-286.685,-286.685,-286.685,Shake
1.998,-1.999,-1.108,-286.685,-286.685,-277.979,Shake
1.998,-1.999,1.223,246.951,-118.107,286.685,Shake
-1.658,1.679,1.999,143.150,124.793,286.685,Shake
-0.458,0.137,0.963,-286.685,-246.251,212.844,Shake
-0.787,0.313,-0.352,-286.685,28.446,279.545,Shake
-1.029,0.404,-0.142,-226.048,126.779,75.793,Shake
-1.168,0.391,-0.173,-147.831,218.146,-31.141,Shake
-1.048,0.775,-0.277,155.348,286.685,-222.801,Shake
0.837,0.975,0.863,286.685,286.685,-286.685,Shake
1.998,0.869,1.999,286.685,286.685,-286.685,Shake
1.998,-0.320,1.999,129.325,286.685,-286.685,Shake
1.998,-1.999,-0.742,-286.685,286.685,-81.524,Shake
1.998,-1.067,-0.762,-153.510,286.685,286.685,Shake
1.826,0.380,-0.439,-155.706,286.685,286.685,Shake
0.862,0.074,-1.107,-257.652,286.685,286.685,Shake
-0.010,-1.007,-1.997,-13.554,72.424,284.620,Shake
0.738,0.128,-1.997,146.842,-286.685,113.348,Shake
1.998,1.997,-0.240,45.588,-286.685,-273.385,Shake
1.998,1.994,-0.604,-285.399,-286.685,-286.685,Shake
1.998,-1.999,-1.997,-286.685,-286.685,-286.685,Shake
1.835,-0.492,-1.997,200.699,-107.870,263.883,Shake
-1.999,1.990,-0.255,286.685,237.151,239.059,Shake
-0.350,-0.164,0.732,18.935,-202.641,-276.526,Shake
1.144,-1.776,-1.602,255.062,155.356,-111.554,Shake
-0.582,0.680,-0.942,286.685,286.685,100.004,Shake
-1.007,0.340,1.572,286.685,286.685,86.537,Shake
-0.615,-0.276,1.999,286.685,286.685,22.400,Shake
0.015,-0.469,1.999,286.335,286.685,-42.919,Shake
-0.784,0.125,1.176,-89.714,286.685,-39.716,Shake
-1.310,-0.092,0.350,-168.262,286.685,-117.906,Shake
-0.942,0.255,0.908,-196.866,286.685,-202.458,Shake
-0.507,0.380,0.753,-242.760,286.685,-259.823,Shake
0.069,0.777,0.011,-272.169,286.685,-246.277,Shake
0.542,0.812,-1.356,-198.625,286.685,-286.685,Shake
0.869,0.550,-1.997,-76.851,231.254,-286.685,Shake
1.242,0.429,-1.997,264.513,-104.519,-286.685,Shake
0.733,1.970,-1.428,286.685,-241.167,-286.685,Shake
0.414,1.997,-0.148,286.685,-286.685,-286.685,Shake
1.998,1.997,0.718,286.685,-286.685,-286.685,Shake
1.998,1.997,0.521,286.685,-286.685,-286.685,Shake
1.998,1.960,1.127,286.685,-286.685,-286.685,Shake
1.998,-1.947,0.704,105.525,-286.685,-286.685,Shake
1.998,-0.277,0.098,223.982,-220.062,286.090,Shake
1.998,1.923,-1.470,286.685,-4.690,286.685,Shake
1.998,0.937,-1.306,286.685,-280.105,286.685,Shake
1.998,0.014,-0.066,286.685,-286.685,286.685,Shake
1.845,0.989,-1.104,286.685,71.872,286.685,Shake
0.825,1.663,-1.337,286.685,274.741,286.685,Shake
0.110,1.997,-1.403,286.685,286.685,286.685,Shake
-0.995,1.997,-1.294,286.685,286.685,286.685,Shake
-1.464,1.997,-0.006,286.685,286.685,286.685,Shake
-1.916,1.759,1.588,286.685,286.685,155.523,Shake
-1.543,1.993,1.577,123.515,286.685,-173.845,Shake
0.665,1.997,-0.470,-103.976,286.685,-286.685,Shake
0.913,0.810,0.460,230.492,286.685,-286.685,Shake
0.349,0.984,-0.313,283.719,286.685,-286.685,Shake
0.232,1.089,-0.849,286.685,286.685,-286.685,Shake
1.963,-0.156,-1.997,286.685,165.602,-286.685,Shake
1.365,1.653,-0.893,286.685,-90.195,-286.685,Shake
0.094,1.997,1.999,286.685,-285.959,-286.685,Shake
1.932,1.997,1.981,286.685,-286.685,-286.685,Shake
1.998,1.997,0.695,286.685,-286.685,-286.685,Shake
1.998,-0.005,-0.587,286.685,-286.685,-286.685,Shake
1.998,-1.986,-0.086,187.626,-286.685,-34.737,Shake
1.998,0.406,-0.843,233.520,-279.134,286.685,Shake
1.639,1.997,-1.576,286.685,-285.766,286.685,Shake
1.998,1.121,-1.810,204.505,-286.685,286.685,Shake
1.998,0.821,0.516,286.685,-286.685,286.685,Shake
-0.376,1.997,1.360,286.685,-286.685,286.685,Shake
-1.999,1.997,0.307,286.685,-286.668,49.254,Shake
0.698,1.957,-0.267,286.685,-211.383,-277.839,Shake
1.671,1.994,0.401,286.685,-211.190,-133.753,Shake
0.215,1.997,1.100,286.685,-224.096,-86.048,Shake
1.085,1.679,1.448,286.685,-164.115,-140.971,Shake
0.223,1.633,1.584,286.685,-121.756,69.177,Shake
-1.153,1.997,1.671,286.685,-79.144,66.728,Shake
-0.620,1.774,1.958,286.685,69.668,-82.066,Shake
-0.653,1.997,1.999,233.739,114.459,-175.245,Shake
-1.799,1.997,1.483,0.035,157.605,-281.024,Shake
-1.662,1.997,1.999,84.875,278.845,-286.685,Shake
-1.016,1.766,1.348,10.833,286.685,-286.685,Shake
-1.705,1.070,1.314,108.561,286.685,-286.685,Shake
-1.588,1.253,0.765,78.137,286.685,-286.685,Shake
-0.149,1.035,-1.507,11.445,286.685,-286.685,Shake
1.998,-0.264,-1.997,281.505,78.566,-286.685,Shake
1.795,1.971,-1.159,286.685,-218.479,-286.685,Shake
0.890,1.997,0.783,286.685,-286.685,-286.685,Shake
1.998,1.997,0.694,286.685,-286.685,-286.685,Shake
1.998,1.997,1.056,286.685,-286.685,-286.685,Shake
1.998,0.325,1.999,286.685,-286.685,-286.685,Shake
1.998,-1.984,1.999,255.281,-286.685,-249.883,Shake
1.998,1.389,1.411,96.442,-122.850,286.685,Shake
1.050,1.985,-1.277,-40.705,-279.589,286.685,Shake
1.901,0.587,-0.859,-140.350,-286.685,286.685,Shake
1.998,0.211,-0.818,63.341,-286.685,286.685,Shake
1.998,1.997,-0.079,286.685,-286.685,286.685,Shake
0.802,1.997,1.999,286.659,-286.685,286.685,Shake
-1.999,1.094,1.999,-115.264,-280.726,212.109,Shake
-1.999,1.995,1.154,-54.259,46.559,-0.096,Shake
0.324,0.619,-1.355,132.738,133.691,-286.685,Shake
-0.929,0.948,1.038,286.685,86.275,-286.685,Shake
-1.157,1.739,1.999,113.698,233.791,-286.685,Shake
0.606,1.997,0.914,-217.018,285.915,-286.685,Shake
1.998,1.992,0.743,-268.476,286.685,-286.685,Shake
1.998,1.041,-0.336,-240.975,286.685,-286.685,Shake
1.998,1.265,0.008,-270.830,210.857,-286.685,Shake
1.998,1.070,0.085,-284.742,212.266,-286.685,Shake
1.998,1.126,0.183,-282.223,253.960,-286.685,Shake
1.998,0.662,0.398,-286.685,249.594,-283.474,Shake
1.998,0.450,0.767,-286.685,251.571,10.544,Shake
1.998,0.671,1.114,-286.685,286.685,220.001,Shake
1.998,0.880,1.116,-286.685,286.685,286.685,Shake
1.998,0.652,1.538,-286.685,286.685,286.685,Shake
1.998,0.810,1.623,-286.685,286.685,286.685,Shake
1.954,1.997,1.203,-286.685,286.685,286.685,Shake
1.455,1.498,-0.313,-286.685,286.685,286.685,Shake
0.452,1.374,-1.224,-280.359,234.727,286.685,Shake
-1.349,1.321,-0.783,-117.058,57.164,286.685,Shake
-1.999,1.598,1.275,-40.775,-81.839,286.685,Shake
-1.925,1.096,1.377,43.514,-10.097,286.685,Shake
-1.547,1.011,1.028,12.119,-36.260,286.685,Shake
-1.774,1.443,0.437,112.009,-98.114,286.685,Shake
-1.903,1.656,0.551,86.415,-279.580,171.815,Shake
-1.689,1.623,1.999,29.820,-284.699,-69.107,Shake
-1.360,1.310,1.999,-147.184,-147.630,-225.601,Shake
0.117,1.390,1.999,-286.685,1.785,-286.685,Shake
1.109,1.997,1.983,-286.685,-35.018,-229.556,Shake
1.413,1.997,0.342,-286.685,-89.355,75.425,Shake
0.228,1.997,0.220,-286.685,-90.939,232.426,Shake
-0.014,1.841,0.226,-286.685,69.930,236.355,Shake
-0.013,1.754,-0.732,-286.685,243.477,157.526,Shake
-0.144,1.584,-0.947,-267.724,286.685,-71.050,Shake
0.175,1.920,0.391,-139.571,286.685,-254.634,Shake
1.310,1.997,0.968,-268.056,286.685,-286.685,Shake
1.729,1.997,0.402,-270.489,286.685,-286.685,Shake
1.664,1.997,0.973,-235.130,286.685,-286.685,Shake
1.979,1.911,0.184,-286.685,286.685,-286.685,Shake
1.998,0.814,-0.580,-286.685,286.685,-278.180,Shake
1.998,-0.557,-1.718,-286.685,286.685,-10.806,Shake
1.998,-0.225,-1.129,-267.216,286.685,286.685,Shake
1.998,1.329,0.361,-231.822,286.685,286.685,Shake
1.998,1.986,1.307,-277.953,286.685,286.685,Shake
1.998,1.345,0.467,-286.685,152.163,286.685,Shake
1.998,1.997,0.004,-285.845,-53.147,286.685,Shake
1.998,1.997,0.736,-257.758,-135.284,286.685,Shake
0.632,1.997,1.615,-250.040,-275.117,286.685,Shake
-0.936,1.997,1.711,-272.606,-267.505,286.685,Shake
-0.157,1.997,-1.494,-261.651,-286.685,286.685,Shake
1.087,1.997,1.118,-147.289,-286.685,286.685,Shake
0.309,1.997,1.999,-67.226,-286.685,286.668,Shake
-1.551,1.980,1.999,-205.958,-286.685,-38.281,Shake
0.339,0.682,1.999,-286.685,-284.182,-175.560,Shake
0.541,1.867,1.999,-286.685,-286.685,-22.663,Shake
0.592,1.997,1.498,-286.685,-286.685,112.709,Shake
-0.488,1.997,0.330,-286.685,-138.871,207.419,Shake
-1.796,1.988,-1.997,-286.685,56.893,-118.090,Shake
0.494,1.213,-0.061,173.224,286.685,-286.685,Shake
1.699,1.991,1.999,265.335,286.685,-286.685,Shake
1.998,1.997,0.880,-285.556,286.685,-286.685,Shake
1.998,-0.079,-1.919,-286.685,165.734,-286.606,Shake
1.998,-0.691,-0.298,-178.867,63.525,-39.961,Shake
1.998,-0.646,1.018,-140.070,64.418,215.600,Shake
1.998,0.289,1.949,-251.650,214.393,286.685,Shake
1.998,1.182,1.997,-286.685,286.685,286.685,Shake
1.998,1.617,1.506,-286.685,286.685,286.685,Shake
1.998,1.997,0.081,-286.685,286.685,286.685,Shake
1.998,1.997,-1.193,-286.685,286.685,286.685,Shake
0.803,1.997,-1.997,-97.230,286.685,286.685,Shake
-1.091,1.825,-1.997,82.775,99.514,286.685,Shake
-1.209,1.988,-1.938,33.827,-286.685,169.496,Shake
1.454,1.997,1.951,-177.861,-286.685,-286.169,Shake
1.998,-0.197,0.006,-286.685,-286.685,-286.685,Shake
1.998,-1.999,-0.701,-286.685,-286.685,-268.021,Shake
0.887,-0.263,-1.193,-286.685,-286.685,25.183,Shake
0.637,-0.455,-1.124,280.201,285.626,117.092,Shake
0.928,-0.467,-0.433,123.944,262.859,63.315,Shake
1.740,-1.145,-1.448,-165.944,-78.995,28.989,Shake
1.998,-1.562,-0.721,125.361,79.424,178.150,Shake
1.759,-0.466,0.343,286.685,286.685,286.685,Shake
1.887,0.439,0.159,286.685,286.685,286.685,Shake
1.662,0.767,0.313,233.214,286.685,286.685,Shake
1.798,0.926,-0.006,-105.569,286.685,254.625,Shake
1.063,1.029,-1.947,-285.206,286.685,120.033,Shake
-0.494,0.181,-1.997,-32.952,277.436,-157.238,Shake
0.087,-0.308,-1.997,64.243,-128.266,-286.466,Shake
1.550,1.357,-1.997,286.685,-286.685,-286.685,Shake
1.998,1.997,-0.147,286.685,-286.685,-286.685,Shake
1.998,1.997,-0.861,187.609,-286.685,-286.685,Shake
1.998,0.403,-1.583,11.506,-286.685,-286.685,Shake
1.998,-1.999,-0.275,198.109,-286.685,-233.625,Shake
1.998,-0.664,0.720,286.685,104.501,283.693,Shake
1.882,1.679,-0.255,286.685,286.685,286.685,Shake
1.986,-0.370,0.589,115.605,286.685,286.685,Shake
1.998,-0.685,0.746,25.952,286.685,286.685,Shake
1.998,-0.094,0.382,-68.574,286.685,286.685,Shake
1.998,0.863,-0.620,-155.374,286.685,286.685,Shake
1.997,1.646,-1.997,-255.273,286.685,286.685,Shake
-0.127,1.365,-1.997,-142.231,286.685,286.685,Shake
-1.723,0.559,-1.997,57.260,122.027,198.266,Shake
-0.669,0.301,-1.731,74.174,-286.685,-203.429,Shake
-0.305,0.215,-1.020,43.347,-286.685,-286.685,Shake
0.348,0.211,0.026,93.266,-286.685,-286.685,Shake
1.712,-0.197,0.815,-65.564,-286.685,-286.685,Shake
1.998,-1.999,1.745,-179.314,-286.685,-286.169,Shake
1.381,-0.531,1.714,87.999,-0.333,181.869,Shake
1.183,-1.032,0.197,255.780,145.276,82.819,Shake
0.354,-0.234,1.279,190.759,140.341,43.024,Shake
-0.246,-0.554,0.906,-73.290,20.895,77.140,Shake
0.233,-1.185,0.774,-33.215,35.726,61.556,Shake
-0.194,-0.783,-0.076,-88.874,-29.286,73.272,Shake
-0.176,-0.635,0.215,-125.895,-30.336,96.906,Shake
0.097,-1.323,-0.789,-228.428,10.141,115.395,Shake
0.122,-0.859,0.269,35.455,90.466,101.141,Shake
-0.535,-1.169,0.358,-52.859,142.345,63.114,Shake
-1.051,-1.005,-0.493,-235.594,286.685,20.142,Shake
-1.959,-1.448,0.473,94.885,-137.637,-206.036,Shake
-1.966,-0.582,-0.758,248.106,-286.685,-286.685,Shake
-0.999,0.478,-1.997,286.685,-286.685,-286.685,Shake
0.272,0.880,-1.995,268.275,-286.685,-286.685,Shake
1.584,0.496,-1.997,150.955,-273.682,-160.387,Shake
1.003,0.091,-1.890,-56.595,286.685,33.005,Shake
0.068,0.034,-0.285,-100.170,286.685,169.759,Shake
-0.890,-0.386,0.463,-90.457,286.685,285.189,Shake
-1.740,-1.127,0.942,-153.694,286.685,198.424,Shake
-1.515,-0.924,1.874,-205.144,181.405,-24.728,Shake
-0.503,-0.896,-0.254,247.380,-286.685,-35.201,Shake
-0.178,-0.516,0.098,286.685,-286.685,-22.514,Shake
0.016,-0.565,-0.821,231.595,-284.944,-130.060,Shake
1.280,-0.128,-1.563,33.338,199.491,-207.664,Shake
0.653,0.462,-0.231,-76.073,286.685,-64.426,Shake
-1.283,-0.141,0.210,-108.640,286.685,285.198,Shake
-1.518,-0.646,0.553,-108.272,286.685,286.685,Shake
-1.203,-0.341,0.280,-135.065,286.685,286.685,Shake
-1.453,-0.216,1.458,-33.057,-140.621,286.685,Shake
-1.999,-1.252,1.999,240.354,-286.685,285.652,Shake
-1.999,-1.191,1.999,-180.994,-286.685,-167.694,Shake
-1.999,-0.672,-0.539,-36.278,-286.685,-286.685,Shake
0.182,-0.953,-1.997,286.685,-286.685,-153.230,Shake
1.998,-0.268,-1.977,286.283,-281.531,100.345,Shake
0.870,-0.016,-0.649,-233.056,286.685,-180.171,Shake
-0.636,-1.017,1.081,-284.279,286.685,-58.126,Shake
-0.560,-0.683,1.779,-261.196,286.685,-85.654,Shake
-0.585,-0.258,1.999,-286.685,286.685,-215.863,Shake
-0.413,-0.170,1.803,-202.720,-198.406,-115.868,Shake
-0.143,-0.132,1.033,138.565,-286.685,75.941,Shake
0.109,-0.329,0.159,42.656,-286.685,98.385,Shake
0.245,-0.528,0.127,-4.839,57.094,41.344,Shake
0.282,-0.490,0.863,-286.685,286.685,-177.109,Shake
-0.020,-0.355,1.186,-286.685,286.685,-116.261,Shake
-0.097,-0.326,0.670,-285.705,137.200,-16.371,Shake
-0.514,-0.339,0.226,24.833,-286.685,96.084,Shake
-0.413,-0.644,0.848,151.988,-286.685,111.081,Shake
-0.615,-0.537,0.732,110.827,-286.685,60.217,Shake
-0.395,-0.518,-0.084,30.231,-286.685,23.721,Shake
0.509,-0.240,-1.122,-201.040,219.415,-120.374,Shake
0.268,-0.157,-0.513,-286.685,286.685,-91.971,Shake
-0.339,-0.610,0.041,-286.685,286.685,50.864,Shake
-0.127,-0.524,0.491,-286.685,286.685,87.211,Shake
-0.308,-0.137,-0.127,-28.735,-223.003,96.460,Shake
-0.531,-0.699,0.208,286.685,-286.685,104.895,Shake
-0.554,-0.781,1.175,286.685,-286.685,30.214,Shake
-0.511,-1.182,1.041,286.685,-286.685,-17.290,Shake
-0.537,-0.883,-0.556,222.075,-286.685,-14.682,Shake
-0.163,-1.467,-1.997,-89.241,-56.280,-231.770,Shake
0.197,0.765,0.259,-173.556,286.685,-286.685,Shake
-1.999,-1.361,0.310,-286.685,286.685,-43.199,Shake
-1.999,-1.988,0.966,-286.685,286.685,50.330,Shake
-1.999,-1.819,1.934,-255.981,132.702,-123.121,Shake
-0.681,-0.188,1.957,286.685,-286.685,-13.816,Shake
-0.579,-1.917,-0.656,260.505,-286.685,-40.268,Shake
0.948,0.366,0.218,277.008,-55.361,-110.320,Shake
1.191,0.089,0.368,-235.270,286.685,-210.753,Shake
0.438,0.047,1.168,-278.644,286.685,105.429,Shake
-1.357,-0.484,1.694,-55.090,-59.229,284.620,Shake
-1.408,-1.400,1.539,284.270,-286.685,101.894,Shake
-0.549,-0.678,1.452,212.284,-286.685,-24.876,Shake
0.216,-0.600,0.748,39.384,-286.685,-87.334,Shake
0.477,-0.432,-0.338,-20.388,-283.920,-180.154,Shake
0.541,0.036,0.558,172.541,-2.082,-48.326,Shake
0.023,-0.392,1.999,-116.200,286.685,-95.305,Shake
-0.163,-0.848,1.992,-284.156,286.685,-113.872,Shake
-0.176,-0.468,1.999,-286.685,286.685,-68.679,Shake
-0.304,-0.610,1.913,-286.685,286.685,-60.436,Shake
-0.298,-0.554,0.552,-10.106,-282.677,-42.166,Shake
-0.215,-0.571,1.199,286.685,-286.685,23.319,Shake
0.037,-0.551,1.914,267.890,-286.685,27.256,Shake
0.238,-0.510,0.154,127.076,-286.685,52.351,Shake
0.746,-0.485,-0.320,-30.100,-149.572,18.025,Shake
0.762,-0.428,-0.467,-284.069,280.481,-97.668,Shake
0.172,-0.564,0.225,-286.685,286.685,-59.894,Shake
-0.635,-1.316,0.762,-286.685,286.685,-13.046,Shake
-0.458,-0.936,0.530,-286.685,286.685,-151.996,Shake
0.602,0.004,0.000,-165.480,53.891,-123.637,Shake
0.507,-0.671,-0.551,221.804,-286.650,35.516,Shake
0.570,-0.068,1.303,286.685,-286.685,161.997,Shake
-0.514,-0.733,1.999,286.685,-286.685,228.410,Shake
-1.226,-1.078,1.467,210.105,-286.685,133.604,Shake
-1.236,-0.886,-0.075,181.624,-286.685,76.020,Shake
-0.558,-0.413,-1.945,60.095,-286.685,70.954,Shake
-0.554,-1.072,-1.380,30.065,279.186,-131.197,Shake
-0.729,0.156,0.738,-286.685,286.685,-271.022,Shake
-1.733,-1.747,1.214,-286.685,286.685,-1.347,Shake
-0.930,-1.056,1.923,-286.685,286.685,-84.779,Shake
-0.019,-0.370,-0.856,-146.886,-192.273,-113.243,Shake
-0.163,-0.306,-0.460,286.685,-286.685,90.186,Shake
-0.007,-0.779,1.037,215.863,78.978,-75.408,Shake
0.853,0.263,1.702,-286.685,286.685,-276.631,Shake
1.056,0.075,0.740,-280.971,256.690,-67.918,Shake
1.022,0.176,-0.577,70.971,-130.489,251.125,Shake
-0.427,-0.365,0.018,227.386,10.377,286.685,Shake
-1.100,-1.258,1.161,189.709,146.965,192.902,Shake
-0.965,-0.877,0.850,-3.684,175.394,32.252,Shake
0.574,-1.137,1.035,47.320,175.254,10.990,Shake
-1.999,-0.859,-1.233,136.378,119.184,66.938,Shake
-1.822,-1.952,0.233,234.544,140.359,66.509,Shake
-0.937,-0.521,0.964,241.474,149.485,61.399,Shake
-1.271,-0.783,1.993,-55.912,260.802,-47.819,Shake
-0.649,-1.523,-0.468,-149.415,286.685,-33.075,Shake
-0.398,-0.838,-1.358,-139.991,179.594,110.548,Shake
-1.371,-1.061,0.230,137.795,27.790,-1.732,Shake
-1.698,-1.031,0.542,152.399,30.214,-86.634,Shake
-1.734,-1.214,0.767,155.794,11.445,-197.059,Shake
-1.132,-1.380,1.506,143.622,-12.302,-255.553,Shake
-1.149,-1.426,1.565,-81.226,-67.743,-262.797,Shake
-1.176,-0.733,1.212,-286.685,283.019,9.783,Shake
-0.443,-0.069,0.723,-286.685,286.685,285.478,Shake
1.044,0.933,0.194,-286.685,286.685,286.685,Shake
1.576,0.735,-0.468,-260.663,286.685,260.199,Shake
1.874,0.108,-0.346,100.433,207.340,159.451,Shake
1.785,0.013,-0.075,286.685,-286.685,-214.191,Shake
1.530,0.173,0.152,286.685,-286.685,-176.479,Shake
0.888,-0.037,0.682,286.685,-286.685,-205.896,Shake
1.040,-1.051,1.989,286.685,-286.685,-286.685,Shake
0.314,-1.999,1.999,277.261,-286.685,-286.685,Shake
0.531,-0.652,0.803,-271.679,15.243,217.289,Shake
0.799,-0.114,-0.776,-238.569,286.685,286.685,Shake
-1.341,0.099,-0.822,-132.720,286.685,286.685,Shake
-1.999,-0.247,0.031,106.636,286.685,286.589,Shake
0.097,-1.514,1.970,201.863,286.685,-135.861,Shake
1.998,-0.524,0.611,-210.753,-13.212,-132.178,Shake
1.099,0.894,-0.071,-123.996,-286.685,15.146,Shake
0.405,-0.155,0.583,268.809,-286.685,-272.851,Shake
1.058,-1.907,1.999,286.685,-286.685,-286.685,Shake
-0.917,-1.994,1.999,189.648,-286.685,-282.818,Shake
0.546,0.053,-0.656,-286.221,284.576,286.527,Shake
-0.361,-0.169,-0.128,-106.864,286.685,286.685,Shake
-1.999,-1.223,-0.216,-58.896,286.685,286.685,Shake
-0.679,-0.315,0.314,-6.116,286.685,159.346,Shake
1.993,0.418,-0.678,-107.651,-264.022,-285.513,Shake
0.280,0.204,0.608,268.441,-286.685,-286.685,Shake
-0.019,-0.942,1.991,286.685,-286.685,-286.685,Shake
-1.348,-1.999,1.999,231.306,-286.685,-286.685,Shake
0.600,-0.218,-0.021,-271.049,236.469,236.268,Shake
0.123,0.561,0.056,-135.161,286.685,286.685,Shake
-1.217,-1.130,0.079,-101.334,286.685,286.685,Shake
-1.756,0.707,-0.583,-226.625,-152.696,-155.540,Shake
-0.257,-0.228,-0.917,173.425,-286.685,-286.685,Shake
0.266,-1.652,1.153,224.726,-284.288,-286.484,Shake
0.789,-0.781,1.086,-132.554,286.685,285.031,Shake
0.147,-0.621,1.060,-275.056,286.685,286.685,Shake
-1.999,0.432,-0.778,-209.965,121.817,235.664,Shake
-1.011,-0.266,0.264,107.074,-286.685,-286.685,Shake
-0.593,-0.695,0.850,-55.326,-140.254,-69.037,Shake
-0.967,-0.664,-0.089,81.707,108.684,19.031,Shake
-1.033,-1.167,0.947,165.742,-52.211,-16.791,Shake
-1.633,-0.592,0.670,-36.838,-20.624,-32.156,Shake
-1.317,-0.391,0.233,-68.880,112.989,-25.462,Shake
-1.057,-0.884,0.346,-107.240,90.615,-70.236,Shake
-0.948,-1.069,0.277,-146.711,-34.869,-18.174,Shake
-0.867,-0.926,-0.014,-67.043,-141.531,-18.987,Shake
-0.692,-0.659,0.441,-30.327,-228.541,-81.603,Shake
-0.885,0.067,0.159,48.764,-283.832,-27.090,Shake
-1.259,-0.558,1.300,-33.241,-162.724,44.966,Shake
-1.324,-0.476,0.991,-77.516,-187.399,18.007,Shake
-1.999,-0.855,1.877,-83.974,-286.685,-123.165,Shake
-1.999,-0.284,0.254,-87.745,-286.685,-242.979,Shake
-1.077,0.040,-1.527,-28.359,-286.685,-213.693,Shake
0.211,0.205,-1.997,-26.749,-286.685,-102.944,Shake
0.550,-1.459,-1.997,159.854,-103.609,-32.882,Shake
0.184,0.059,-0.439,-109.156,286.685,-241.465,Shake
-1.317,-0.748,-0.568,-286.685,286.685,-37.590,Shake
-1.999,-1.555,1.153,-279.195,286.685,-69.825,Shake
-1.936,-1.119,1.999,-64.137,56.849,-246.803,Shake
0.377,0.303,1.298,286.396,-286.685,-52.307,Shake
0.048,-0.648,0.182,247.975,-286.685,100.424,Shake
0.925,-0.466,-0.555,123.191,-230.886,95.331,Shake
0.331,-0.639,-0.405,-140.026,278.714,-108.176,Shake
-0.470,-0.637,0.641,-286.685,286.685,-111.878,Shake
-0.809,-1.222,1.223,-286.685,286.685,-27.729,Shake
-0.881,-0.741,0.997,-278.469,122.238,-94.981,Shake
-0.698,-0.335,-0.231,183.234,-286.685,55.300,Shake
-0.948,-0.611,0.406,85.164,-286.685,158.541,Shake
-1.319,-0.968,0.439,-92.978,-286.685,26.600,Shake
-1.028,-0.379,0.403,12.836,-286.685,-120.496,Shake
-0.491,-0.443,-0.387,14.761,-286.685,-167.702,Shake
-0.229,-0.300,-0.851,11.235,-286.685,-187.539,Shake
0.230,-0.351,-1.501,30.362,-280.796,-108.911,Shake
0.856,-0.696,-1.997,67.244,90.772,-56.254,Shake
0.452,-0.047,-1.334,271.408,286.685,73.745,Shake
-1.352,0.930,-0.456,229.889,286.685,250.372,Shake
-1.999,0.295,-0.712,25.366,286.685,286.685,Shake
-1.999,-1.650,1.674,50.881,286.685,283.264,Shake
-1.812,-0.837,1.999,286.685,-227.701,-256.454,Shake
0.837,0.615,1.508,281.374,-286.685,-38.824,Shake
0.146,-0.222,0.151,-30.109,-96.512,204.155,Shake
-0.865,-1.070,-0.204,-155.435,285.696,27.659,Shake
-1.686,-1.447,0.702,-92.942,286.685,-33.136,Shake
-0.837,-1.134,0.746,-127.785,214.716,-194.066,Shake
0.513,-0.376,-0.272,-156.958,286.685,-130.655,Shake
-0.272,-0.538,-0.350,-84.455,283.859,86.686,Shake
-1.782,-0.850,-0.515,52.518,194.827,128.616,Shake
-0.891,-0.482,0.848,120.181,114.196,-76.239,Shake
0.110,-0.929,-0.947,8.312,277.165,51.888,Shake
-1.049,-0.596,-0.570,86.695,145.416,66.771,Shake
-0.843,-0.717,0.212,127.391,51.975,21.884,Shake
-1.109,-1.075,-0.379,73.850,-111.090,-8.251,Shake
-0.947,-1.156,0.061,177.958,-24.229,-70.429,Shake
-1.116,-0.955,1.250,190.470,18.882,-40.136,Shake
-1.115,-1.120,1.165,-74.357,104.195,12.801,Shake
-1.232,-0.667,0.566,-282.949,286.685,240.266,Shake
-0.839,-0.264,-0.283,-286.685,286.685,286.685,Shake
-0.286,0.534,-1.448,-250.346,286.685,286.685,Shake
0.560,0.833,-1.085,109.743,286.685,221.016,Shake
1.831,-0.661,0.499,286.685,-179.988,-45.666,Shake
1.466,-0.527,0.251,286.685,-286.685,-262.990,Shake
0.376,-0.059,0.342,286.685,-286.685,-286.685,Shake
0.361,-1.773,1.999,286.685,-286.685,-286.685,Shake
-1.541,-1.779,1.999,104.169,-286.685,-286.685,Shake
0.702,-0.615,0.106,-270.226,15.531,-5.495,Shake
-0.222,-0.593,0.184,-187.320,286.685,286.685,Shake
-1.281,-0.365,0.041,-260.444,286.685,286.685,Shake
-1.678,-0.084,0.308,-77.525,286.685,286.685,Shake
-0.710,-0.114,-0.378,42.647,286.685,282.266,Shake
0.572,-0.419,0.244,218.601,286.554,-29.234,Shake
1.998,-0.474,0.895,280.709,-105.726,-177.266,Shake
1.247,-0.201,0.419,124.670,-286.685,-61.600,Shake
0.420,0.031,0.321,271.294,-286.685,-112.901,Shake
0.647,-0.253,1.694,286.685,-286.685,-284.436,Shake
0.496,-0.727,1.999,286.685,-286.685,-278.679,Shake
-1.069,-1.398,1.999,241.465,-286.685,-174.151,Shake
-0.747,-0.292,0.340,-281.750,-45.369,38.456,Shake
0.691,0.381,-0.972,-118.081,286.685,234.719,Shake
-0.047,-0.207,0.304,212.616,286.029,284.323,Shake
-0.314,-0.432,0.875,238.840,62.011,152.688,Shake
-0.281,-0.743,0.887,234.176,-172.996,-19.259,Shake
0.420,-0.984,1.117,89.749,148.916,98.543,Shake
0.326,-1.163,1.609,-88.410,286.685,286.685,Shake
-0.738,-0.522,0.935,-190.934,286.685,286.685,Shake
-1.828,-0.674,0.851,-154.893,61.084,267.811,Shake
-1.485,-0.724,0.499,-75.215,-114.293,9.047,Shake
-1.381,-0.871,0.273,-18.174,14.114,26.145,Shake
-0.930,-1.244,1.004,-104.247,-28.892,-26.250,Shake
-0.822,-0.561,-0.263,-29.724,-79.336,-31.456,Shake
-0.661,-0.950,1.286,101.631,-140.184,-83.930,Shake
-0.459,-0.727,1.442,4.742,-197.741,-82.460,Shake
-0.798,-0.814,0.564,-162.330,-285.145,-131.110,Shake
-0.229,-1.271,-0.035,126.192,-286.685,73.859,Shake
0.325,-0.413,0.858,286.685,-286.685,61.827,Shake
0.675,-0.339,1.999,286.685,-286.685,-11.672,Shake
0.606,-0.469,1.533,286.685,-286.685,-3.771,Shake
0.856,0.150,0.074,286.685,-286.685,210.744,Shake
1.066,-0.112,-1.923,-24.010,-265.624,83.361,Shake
0.984,-0.428,-1.479,-286.685,286.685,9.852,Shake
0.450,0.139,0.037,-286.685,286.685,69.632,Shake
0.701,-0.163,0.593,-286.685,286.685,98.779,Shake
0.257,-0.234,0.307,-286.685,286.685,116.349,Shake
-0.273,-0.920,1.443,-286.685,285.635,19.110,Shake
-0.161,-0.170,0.874,-34.772,-255.307,-3.273,Shake
0.679,-0.329,0.952,286.685,-286.685,36.873,Shake
0.738,-0.245,1.405,159.180,-282.809,112.796,Shake
0.776,-0.419,-0.243,-280.009,204.356,-7.665,Shake
0.432,-0.494,-0.518,-286.685,286.685,-17.176,Shake
0.133,-0.532,0.124,-286.685,286.685,34.466,Shake
-0.294,-0.927,0.352,-286.685,286.685,15.654,Shake
-0.444,-1.033,0.229,-286.685,286.685,-113.829,Shake
0.062,-0.474,0.321,-286.142,274.986,-151.077,Shake
0.396,-0.653,-0.220,-21.149,-266.770,-3.894,Shake
-0.210,-0.416,0.358,286.685,-286.685,83.449,Shake
-0.536,-0.210,1.999,286.685,-286.685,51.966,Shake
-0.198,-0.795,1.259,286.685,-286.685,26.372,Shake
-0.517,-0.304,0.238,286.685,-286.685,52.553,Shake
-0.979,-0.576,-1.108,270.559,-286.685,67.900,Shake
-0.268,-1.295,-1.207,34.869,171.211,-144.349,Shake
0.336,-0.229,-0.661,-268.231,286.685,-286.685,Shake
-0.209,0.080,0.049,-286.685,286.685,-47.819,Shake
-1.755,-1.024,0.107,-286.685,286.685,79.152,Shake
-1.998,-1.725,1.999,-286.300,286.685,69.457,Shake
-1.841,-1.693,1.999,70.910,-165.060,-197.916,Shake
0.067,-0.803,0.538,286.685,-286.685,63.044,Shake
0.604,-0.924,0.158,227.894,-263.629,-48.493,Shake
0.728,-0.031,0.102,-273.761,286.685,-191.100,Shake
0.316,-0.200,1.442,-286.685,286.685,14.621,Shake
-0.542,-0.759,0.805,-127.698,235.279,172.515,Shake
-1.072,-1.649,1.411,200.769,29.628,48.458,Shake
-0.168,-0.855,1.777,159.696,48.143,-4.410,Shake
-0.095,-0.965,1.478,-25.681,199.185,-34.291,Shake
-0.449,-1.449,1.068,-186.077,110.014,-3.797,Shake
-0.261,-0.426,1.692,-47.049,284.742,16.109,Shake
-0.653,-1.202,0.601,-154.490,188.449,1.312,Shake
-0.769,-0.989,0.006,-143.264,62.169,15.435,Shake
-0.455,-0.708,0.588,-56.901,140.709,28.166,Shake
-0.910,-0.524,0.460,6.247,286.685,87.308,Shake
-1.075,-0.232,0.733,-120.855,282.879,10.106,Shake
-0.952,-0.600,-0.854,-164.990,127.794,61.626,Shake
-1.043,-0.574,-0.267,114.730,138.189,47.075,Shake
-0.685,-0.850,0.468,61.162,286.405,166.092,Shake
-1.087,-0.692,0.715,-161.954,286.685,286.668,Shake
-0.850,-0.397,-0.624,-248.587,286.685,286.685,Shake
-0.076,0.578,-1.835,-176.881,286.685,286.685,Shake
-0.475,0.913,-1.997,-75.933,274.846,127.085,Shake
-0.024,0.305,-1.459,198.800,-174.247,-180.092,Shake
-0.692,0.076,-1.738,286.685,-212.240,-216.659,Shake
-0.548,0.660,-1.997,286.685,-286.659,-286.685,Shake
-0.384,1.278,-1.857,286.685,-286.685,-286.685,Shake
1.103,-0.820,1.240,286.685,-286.685,-286.685,Shake
1.060,-0.194,-0.580,278.346,-281.356,-286.685,Shake
0.277,0.036,0.454,213.806,133.639,-27.108,Shake
-0.437,-0.129,-1.487,17.754,190.514,-6.265,Shake
0.918,-1.339,0.524,217.026,-249.384,-167.667,Shake
-0.396,-0.358,1.083,44.467,14.542,-57.654,Shake
-0.127,-0.508,0.020,8.409,194.574,-40.022,Shake
0.296,-0.943,0.769,75.031,138.259,-83.073,Shake
-0.088,-0.860,0.140,-174.773,11.550,-50.452,Shake
0.076,-0.566,0.223,-160.466,41.510,-83.851,Shake
-0.070,-0.490,-0.341,-191.695,286.449,-128.214,Shake
0.258,-0.339,-0.065,-43.033,278.801,-45.684,Shake
1.759,-1.111,-0.959,-38.334,175.289,-28.254,Shake
1.486,-0.359,-0.400,150.815,-254.100,273.569,Shake
1.131,0.255,0.328,286.685,-286.685,286.685,Shake
1.430,0.280,0.688,286.685,-286.685,286.685,Shake
1.704,-0.064,0.852,286.685,-286.685,223.501,Shake
0.704,0.009,0.886,285.434,0.858,-41.405,Shake
1.026,0.265,1.993,-234.307,286.685,-182.831,Shake
0.428,-0.535,0.054,-286.685,286.685,-141.277,Shake
-0.680,-1.137,-1.626,-286.685,286.685,-286.151,Shake
0.665,-1.272,-0.639,-250.180,263.182,-172.034,Shake
-0.294,-0.632,-0.742,226.590,-286.685,286.685,Shake
-1.669,-0.144,1.369,285.967,-286.685,286.685,Shake
-1.564,-1.043,0.715,42.621,-286.685,270.401,Shake
0.789,-0.322,0.777,236.871,-286.685,-15.374,Shake
1.281,0.076,1.535,120.838,140.359,-65.257,Shake
0.667,0.051,1.667,-233.030,286.685,-96.232,Shake
-0.477,-0.812,-0.457,-286.685,286.685,-235.016,Shake
-0.946,-1.156,-1.997,-286.685,286.685,-286.685,Shake
-0.978,-1.494,-0.634,-125.519,286.685,-286.685,Shake
0.682,-0.734,-1.389,181.886,-286.685,70.936,Shake
-0.003,-0.424,-1.103,286.545,-286.685,286.405,Shake
-1.999,-1.610,0.206,271.845,-286.685,276.938,Shake
-0.069,-0.020,-1.056,255.841,-286.685,-182.569,Shake
1.478,-0.339,-0.690,205.555,-286.685,-79.844,Shake
1.907,-0.132,0.239,37.048,-12.311,-189.324,Shake
1.823,-0.019,0.287,-184.958,286.685,-190.584,Shake
0.783,-0.240,0.316,-286.685,286.685,-136.841,Shake
-0.798,-1.281,-1.744,-286.685,286.685,-285.574,Shake
-1.999,-1.387,-0.695,-200.393,286.685,-286.685,Shake
0.148,-1.116,0.069,10.089,4.436,-202.921,Shake
0.088,-0.920,-1.141,204.470,-286.685,286.685,Shake
-1.294,-0.728,0.712,286.685,-286.685,286.685,Shake
0.233,-0.987,0.390,223.326,-286.685,221.331,Shake
0.884,-0.657,0.577,207.296,-286.685,115.868,Shake
0.539,-0.275,0.600,-100.336,286.073,-224.420,Shake
0.610,-0.165,1.397,-277.568,286.685,-286.685,Shake
0.234,-0.736,-0.551,-286.685,286.685,-286.685,Shake
-1.227,-0.719,-0.832,-242.637,286.685,-286.685,Shake
0.886,-0.476,0.743,33.154,169.951,-273.997,Shake
0.995,0.166,-0.350,205.520,-286.685,286.492,Shake
-0.565,-0.038,-0.150,285.346,-286.685,286.685,Shake
-0.929,-0.865,0.408,286.685,-286.685,275.870,Shake
0.417,-0.094,0.792,121.188,-186.489,-175.306,Shake
1.244,0.040,0.738,-249.462,286.685,-286.685,Shake
0.820,-0.253,0.047,-286.685,286.685,-283.360,Shake
-0.567,-0.375,-0.285,-268.739,281.426,-182.455,Shake
-0.537,-0.300,-0.153,76.536,-286.685,284.174,Shake
-1.517,-0.545,0.572,249.541,-286.685,286.685,Shake
-0.300,-0.789,-0.129,172.174,-286.685,253.636,Shake
1.190,-0.354,-0.063,221.699,-262.159,-60.226,Shake
1.379,0.046,0.159,123.060,280.516,-127.768,Shake
-0.181,0.126,0.198,-182.604,286.685,-18.847,Shake
-1.749,-0.885,-1.997,-286.685,286.685,-103.714,Shake
-1.999,-1.427,-1.934,-112.989,286.685,-283.754,Shake
-1.063,-0.668,-0.356,159.268,-221.305,-148.995,Shake
0.795,-0.709,-1.604,228.305,-286.685,263.777,Shake
-0.236,-0.385,-0.549,286.685,-286.685,286.685,Shake
-0.153,-0.426,1.596,286.685,-286.685,286.388,Shake
0.356,0.002,1.999,286.003,-286.685,93.747,Shake
1.403,0.354,1.370,-163.835,285.766,-283.351,Shake
0.453,-0.048,1.178,-286.685,286.685,-286.554,Shake
-1.949,-1.608,-1.283,-286.685,286.685,-286.685,Shake
-1.999,-0.726,-0.483,-70.018,286.685,-286.685,Shake
-1.087,-1.095,0.440,-53.182,251.615,-284.830,Shake
-0.537,-0.767,-1.223,37.756,-286.685,83.772,Shake
-1.688,-0.741,-0.560,184.371,-286.685,283.517,Shake
-1.999,-0.926,0.379,208.784,-286.685,121.765,Shake
-0.022,-0.136,-0.528,-18.987,-286.685,1.995,Shake
-0.536,1.222,-1.174,-100.065,-4.209,-44.853,Shake
-0.380,1.955,-1.445,-165.016,-248.955,-202.379,Shake
-0.412,1.997,-1.532,-286.685,-286.685,-286.685,Shake
1.302,0.224,0.480,-286.685,-286.685,-286.685,Shake
1.998,-1.999,-0.206,-286.685,-144.725,-286.685,Shake
1.998,-1.999,-1.997,-43.015,175.980,-73.631,Shake
1.883,-1.999,-0.661,286.685,236.180,217.534,Shake
0.954,-1.876,0.503,286.431,235.217,286.685,Shake
0.881,-0.997,0.453,164.482,286.685,286.685,Shake
0.795,0.233,0.059,89.268,286.685,286.685,Shake
0.260,1.397,-1.055,21.061,286.580,286.361,Shake
-0.370,1.997,-1.122,16.739,152.215,182.674,Shake
-0.539,1.997,-1.236,44.748,104.317,56.560,Shake
-0.243,1.997,-1.335,225.925,24.824,-207.288,Shake
0.286,0.968,-0.244,195.449,-126.849,-286.685,Shake
0.568,-1.884,1.418,40.862,-232.776,-279.055,Shake
0.782,-1.999,1.999,89.530,-155.050,-137.848,Shake
-0.255,-1.999,1.977,142.520,126.700,25.462,Shake
-0.123,-1.999,1.694,282.056,131.810,-94.981,Shake
-0.133,-1.874,0.714,-8.094,160.554,29.995,Shake
-0.476,-0.864,0.472,-19.399,120.645,38.264,Shake
-0.067,-0.708,0.615,71.732,55.318,-72.573,Shake
0.020,-1.543,1.993,-152.985,79.188,-131.154,Shake
-0.266,-1.030,1.264,-286.484,96.757,-64.085,Shake
0.261,-0.497,1.150,-259.499,119.481,-43.251,Shake
0.465,0.196,0.200,-252.026,167.107,25.506,Shake
0.588,0.364,-0.275,-256.156,235.708,105.796,Shake
0.827,0.924,-0.498,-286.370,281.444,34.099,Shake
1.591,1.063,-1.388,-267.129,280.350,169.505,Shake
1.614,0.798,-1.978,-35.315,71.330,277.585,Shake
0.177,0.823,-0.796,206.929,-285.075,125.842,Shake
-0.263,0.336,-0.852,250.311,-286.685,81.988,Shake
-1.278,-0.545,0.474,286.685,-247.520,151.069,Shake
-1.999,-1.999,1.999,286.685,44.520,114.161,Shake
-1.946,-1.999,1.948,220.491,-279.414,-54.784,Shake
-1.703,-1.999,1.999,73.211,-141.216,-74.988,Shake
-1.350,-1.655,1.080,-80.798,144.121,-43.680,Shake
-1.328,-0.544,0.458,55.755,182.936,-17.115,Shake
-1.280,-0.523,0.571,-38.658,121.205,-54.705,Shake
-0.886,-0.354,0.404,-57.916,118.423,-154.473,Shake
0.079,-0.062,-0.044,37.529,277.200,-136.894,Shake
0.241,0.203,0.515,76.808,286.685,-130.086,Shake
1.073,0.152,0.538,-5.521,217.893,-28.980,Shake
0.776,0.122,0.019,-12.898,134.732,40.574,Shake
1.019,0.411,0.108,78.015,57.286,132.519,Shake
1.177,-0.009,0.277,123.760,37.257,263.427,Shake
0.898,-0.207,0.104,104.851,-24.141,286.685,Shake
-0.738,-0.380,0.110,66.054,-133.542,286.685,Shake
-1.999,-0.287,0.670,108.999,-211.680,260.619,Shake
-1.999,-0.004,1.942,20.282,36.960,32.533,Shake
-1.999,-0.675,1.588,-40.810,120.794,-50.164,Shake
-1.999,-0.363,0.990,-25.016,21.140,-104.606,Shake
-1.999,0.014,0.279,34.755,88.366,-284.191,Shake
-1.292,0.481,0.338,14.070,162.680,-286.685,Shake
-0.247,0.710,0.187,-14.717,180.031,-286.685,Shake
1.247,0.761,0.430,-56.184,116.427,-286.685,Shake
1.998,0.229,0.539,-83.440,-29.444,-184.756,Shake
1.998,-0.085,0.306,-81.804,89.591,14.569,Shake
1.998,0.107,0.177,-70.254,210.508,152.075,Shake
1.998,0.557,-0.217,-151.419,83.143,286.685,Shake
1.039,0.891,-0.918,-108.001,-173.232,286.685,Shake
-0.761,1.692,-0.609,-18.218,-286.685,286.685,Shake
-1.999,1.997,0.992,15.706,-286.685,286.685,Shake
-1.999,1.997,1.999,110.582,-220.509,111.090,Shake
-1.999,1.304,1.984,-36.444,267.584,-253.575,Shake
-1.999,0.663,0.693,-89.075,255.500,-286.685,Shake
-1.823,0.584,0.219,-24.421,62.081,-286.685,Shake
-0.935,0.530,-0.159,-14.087,1.199,-286.685,Shake
0.086,0.816,-0.054,-24.526,24.272,-286.685,Shake
0.683,0.825,0.069,-48.125,84.857,-286.685,Shake
1.739,0.953,0.380,-26.609,79.879,-286.685,Shake
1.998,0.736,0.593,12.556,56.542,-283.290,Shake
1.998,0.335,0.617,-59.990,85.033,-26.031,Shake
1.998,-0.103,0.468,-95.594,118.353,177.538,Shake
1.998,0.429,0.001,-129.710,81.664,286.685,Shake
1.006,0.759,-0.301,-172.113,-83.886,286.685,Shake
-0.296,1.893,-0.321,-158.926,-267.899,286.685,Shake
-1.999,1.997,-0.293,-76.423,-286.685,286.685,Shake
-1.999,1.997,1.999,66.299,-286.685,240.756,Shake
-1.999,1.991,1.999,96.381,228.952,-132.694,Shake
-1.999,1.762,1.999,26.653,186.322,-286.685,Shake
-1.999,1.401,1.128,-179.673,-9.371,-286.685,Shake
-1.059,1.076,0.457,-202.099,5.023,-286.685,Shake
0.101,1.069,0.082,-161.201,260.164,-286.685,Shake
0.595,1.042,0.100,-93.152,286.685,-286.685,Shake
1.987,0.737,0.391,29.374,283.736,-286.685,Shake
1.998,0.337,0.937,77.131,272.414,-284.244,Shake
1.998,0.012,0.936,-98.324,141.033,-0.735,Shake
1.998,0.202,0.387,-172.156,6.405,255.885,Shake
1.889,0.856,-0.276,-169.741,-83.405,286.685,Shake
0.594,1.255,-0.456,-125.317,-213.369,286.685,Shake
-1.550,1.617,-0.964,-15.382,-284.935,286.685,Shake
-1.999,1.997,0.686,94.876,-286.685,286.685,Shake
-1.999,1.997,1.999,82.434,-255.833,205.809,Shake
-1.999,1.089,1.813,-107.091,105.787,-209.930,Shake
-1.999,0.582,0.396,-41.011,156.774,-286.685,Shake
-1.692,0.508,0.017,-25.384,90.921,-286.685,Shake
-0.856,0.635,-0.279,74.524,34.440,-286.685,Shake
0.142,0.787,0.004,77.761,157.229,-286.685,Shake
1.079,0.699,0.260,37.214,146.895,-286.685,Shake
1.889,-0.578,0.335,-10.290,-56.787,-219.380,Shake
1.559,-1.166,0.077,-99.724,-286.685,270.366,Shake
0.746,-0.626,0.018,-101.658,-286.685,286.685,Shake
0.950,-0.425,0.642,-88.830,-286.685,286.685,Shake
1.086,-0.698,1.549,-148.321,-286.685,286.685,Shake
0.084,-0.446,0.680,-77.044,-163.275,204.374,Shake
-0.303,-0.365,0.829,213.220,284.987,-218.173,Shake
-0.061,-0.210,1.999,271.994,286.685,-286.685,Shake
-0.974,-0.046,1.648,145.512,286.685,-286.685,Shake
-0.953,0.125,0.297,159.425,286.685,-286.685,Shake
0.007,-0.177,0.927,111.799,286.685,-286.685,Shake
1.652,-1.488,0.161,-286.659,-185.719,0.534,Shake
-0.831,-0.292,-1.056,-283.701,-286.685,286.685,Shake
-0.708,0.104,0.061,-127.356,-286.685,286.685,Shake
0.059,-0.662,0.595,-205.546,-286.685,286.685,Shake
0.668,-0.556,0.334,-159.128,-239.383,195.641,Shake
-1.012,-0.675,-1.887,212.048,286.685,-285.198,Shake
-0.140,0.051,-0.521,286.685,286.685,-286.685,Shake
-1.854,0.243,-0.700,286.685,286.685,-286.685,Shake
-1.998,0.054,1.244,258.055,286.685,-282.739,Shake
-0.929,0.219,0.550,-286.685,-265.633,276.080,Shake
-1.151,0.676,0.486,-107.327,-286.685,286.685,Shake
-0.031,0.499,1.958,-166.443,-286.685,286.685,Shake
1.998,-1.023,1.999,-199.649,-286.685,285.408,Shake
1.010,-0.385,-0.660,46.051,286.685,-286.011,Shake
1.191,0.260,1.818,286.195,286.685,-264.136,Shake
-0.559,0.489,1.114,196.105,286.685,-99.838,Shake
-1.436,-0.071,-0.366,211.575,286.685,-281.076,Shake
-1.728,0.236,0.046,286.685,286.685,-286.685,Shake
-1.111,-0.224,1.753,48.956,286.685,-282.949,Shake
-1.701,0.504,-0.203,-286.685,-286.685,286.361,Shake
-1.999,1.997,0.389,-286.685,-286.685,286.685,Shake
-0.705,0.424,1.919,-286.685,-286.685,286.685,Shake
1.998,-0.950,0.558,-261.975,-271.057,285.862,Shake
0.708,-0.930,-0.499,107.870,286.685,-259.508,Shake
-0.087,0.773,1.772,108.544,286.685,-286.457,Shake
-1.514,0.420,1.295,3.036,286.685,-283.421,Shake
-1.319,0.280,0.064,150.255,286.685,-286.685,Shake
-1.180,0.537,0.835,279.396,286.685,-286.685,Shake
1.529,0.278,1.434,-272.501,-93.643,-240.931,Shake
-1.089,-0.315,-0.777,-286.685,-286.685,281.024,Shake
-1.112,-0.261,-0.238,-286.685,-286.685,286.685,Shake
-0.114,-0.524,-0.183,-217.586,-271.705,56.822,Shake
0.320,-0.901,-1.013,155.383,286.685,-286.685,Shake
-1.552,-0.670,0.288,280.070,286.685,-286.685,Shake
-0.552,0.468,1.431,-210.788,-8.908,-135.503,Shake
-1.407,-0.305,-0.111,-128.319,-286.685,285.801,Shake
-0.546,-0.970,-0.624,-111.781,-286.685,160.851,Shake
1.106,-0.439,-0.431,175.245,10.028,-120.146,Shake
0.498,-0.662,-0.405,286.685,286.685,-286.650,Shake
-1.273,-0.568,0.233,278.408,286.685,-286.685,Shake
-0.453,1.235,1.987,-286.466,197.785,-188.475,Shake
-1.546,-0.097,-0.740,-131.346,-286.685,286.685,Shake
0.538,-0.923,0.194,276.272,-282.047,244.414,Shake
-0.150,-0.630,0.635,215.871,286.685,-276.631,Shake
-0.107,0.107,0.763,-22.724,286.685,-284.165,Shake
-0.154,-0.128,-0.010,-286.685,233.301,124.031,Shake
-1.971,-0.254,-0.913,-6.274,-286.685,286.685,Shake
-1.245,-0.560,0.063,286.571,-279.046,215.110,Shake
-1.267,0.188,1.690,113.216,286.685,-151.288,Shake
-1.734,-0.023,1.714,-121.634,285.215,15.514,Shake
-1.999,-0.043,0.129,-175.884,-286.624,208.337,Shake
-1.996,-0.487,0.439,-35.306,-286.685,-68.101,Shake
0.227,-0.361,0.666,52.220,-280.753,-125.484,Shake
-0.014,-0.255,0.862,36.339,66.780,-142.686,Shake
-0.610,-0.182,0.751,-57.794,257.198,-110.451,Shake
-0.169,-0.327,1.567,-118.974,-206.605,45.281,Shake
-0.893,-0.700,0.814,-244.974,-286.685,51.529,Shake
-0.414,-0.278,-0.248,-149.441,-155.444,-104.729,Shake
0.267,-0.230,0.194,-50.916,108.238,-112.551,Shake
-0.525,-0.546,0.814,-140.709,212.231,-3.561,Shake
-1.194,-0.835,0.227,-150.973,136.561,-52.246,Shake
-0.403,-0.809,1.180,14.998,-60.428,-118.370,Shake
-0.390,-0.258,1.282,-26.801,-67.795,-61.355,Shake
-0.546,-0.202,0.886,-118.353,22.190,11.340,Shake
-1.394,-0.584,0.081,-66.588,-4.707,-60.699,Shake
-0.680,-0.423,1.148,-59.220,-125.011,-279.090,Shake
-0.225,-1.278,1.125,-163.004,-35.569,-261.494,Shake
0.052,-1.590,0.351,-123.226,-1.960,-129.911,Shake
0.312,-0.993,1.004,16.616,39.060,-43.557,Shake
-0.619,-1.456,0.471,-8.146,40.250,19.530,Shake
-0.954,-1.704,0.423,-0.394,-128.800,-69.081,Shake
-1.038,-1.764,0.724,34.037,-272.029,-286.239,Shake
-1.505,-1.041,0.150,139.764,-286.685,-286.685,Shake
-0.550,-0.244,-0.636,286.685,-286.685,-286.685,Shake
-0.004,0.697,-1.227,286.685,-286.685,-286.685,Shake
1.937,1.781,-1.034,286.169,-286.685,-278.504,Shake
1.636,1.000,-0.486,-69.939,142.004,191.800,Shake
1.280,0.270,-0.360,-286.685,286.685,286.685,Shake
0.049,-0.329,-1.192,-286.685,286.685,286.685,Shake
-0.713,-1.103,-1.601,-286.685,286.685,286.685,Shake
-1.510,-1.999,1.050,-286.685,286.685,148.916,Shake
-0.974,-1.302,-0.637,-63.175,-138.880,-286.685,Shake
0.709,0.244,-1.560,286.685,-286.685,-286.685,Shake
0.771,0.178,-0.262,286.685,-286.685,-286.309,Shake
0.959,0.259,-1.401,286.685,-286.685,-187.924,Shake
1.059,0.907,-0.156,286.685,54.539,71.820,Shake
1.927,0.839,0.100,-286.685,286.685,-128.634,Shake
1.140,0.526,-0.445,-286.685,286.685,235.497,Shake
-0.900,-0.958,-0.955,-286.685,286.685,286.685,Shake
-1.351,-1.999,0.634,-286.685,286.685,30.389,Shake
-0.196,-0.875,-1.868,193.182,-222.128,-276.413,Shake
-0.122,-0.448,-0.533,286.685,-286.685,59.097,Shake
0.916,-0.028,0.333,286.685,-286.685,-286.685,Shake
1.019,0.284,0.294,286.685,-286.475,-234.307,Shake
1.377,0.862,0.566,-104.003,129.762,-167.405,Shake
1.618,1.316,0.432,-286.685,286.685,189.359,Shake
-0.058,-0.195,-1.360,-286.685,286.685,286.685,Shake
-1.999,-1.999,-1.886,-269.649,192.658,161.779,Shake
0.037,-0.835,-1.936,286.204,-286.527,-257.749,Shake
0.749,0.450,-0.014,286.685,-286.685,-286.685,Shake
1.451,0.693,-0.008,286.685,-286.685,-230.641,Shake
1.133,0.755,1.461,163.021,-10.456,5.600,Shake
1.111,0.900,0.460,-286.685,286.685,151.428,Shake
0.437,0.921,0.340,-286.685,286.685,286.449,Shake
-1.180,-1.128,-0.599,-286.685,286.685,286.186,Shake
-1.330,-1.905,-1.201,-286.650,251.895,191.520,Shake
-0.290,-0.563,-1.997,286.685,-286.685,-84.910,Shake
-0.779,-0.416,-0.209,286.685,-286.685,-205.538,Shake
-0.155,-0.148,0.409,286.685,-286.685,-286.685,Shake
1.791,1.679,-0.418,286.685,-286.685,-286.685,Shake
1.944,1.997,0.785,-155.549,-29.059,-51.415,Shake
0.805,1.491,0.181,-286.685,286.685,195.212,Shake
0.313,-0.434,0.589,-286.685,286.685,285.828,Shake
-0.063,-1.032,1.993,-286.685,286.685,253.173,Shake
-0.346,-0.895,-0.490,-286.685,286.685,162.776,Shake
-0.600,-1.132,-0.140,-286.685,277.900,34.685,Shake
-0.287,-1.186,-1.997,281.899,-286.615,-140.997,Shake
0.033,0.272,0.603,286.685,-286.685,-282.861,Shake
0.322,-0.430,1.479,286.685,-286.685,-286.685,Shake
1.306,1.185,-0.150,286.685,-286.685,-234.798,Shake
1.197,1.667,1.408,265.860,-258.974,74.217,Shake
1.056,0.979,0.314,-286.685,241.290,116.725,Shake
0.832,0.625,0.792,-286.685,286.685,168.682,Shake
0.741,0.434,1.098,-286.685,286.685,275.712,Shake
0.078,0.003,-0.928,-286.685,286.685,257.267,Shake
-0.846,-1.169,-0.703,-285.897,241.806,11.769,Shake
-0.242,-1.058,-1.790,266.735,-274.645,-282.389,Shake
0.367,-0.362,-0.328,286.685,-286.685,-282.747,Shake
1.022,0.908,1.999,283.141,-255.894,-88.550,Shake
1.198,0.316,0.414,-286.685,281.225,-6.510,Shake
0.832,-0.054,-0.391,-286.685,286.685,119.621,Shake
-0.871,-1.493,-0.869,-286.562,220.876,158.865,Shake
0.149,-0.741,-0.038,286.685,-286.685,-83.676,Shake
0.501,-0.944,0.824,286.685,-286.685,-266.009,Shake
0.654,-0.466,-0.532,286.685,-286.685,-167.930,Shake
0.733,-0.255,-0.251,286.685,-281.645,-107.896,Shake
1.085,0.127,-0.082,-19.040,121.135,-132.081,Shake
1.293,0.923,1.740,-286.685,286.685,-14.691,Shake
0.844,0.059,0.037,-286.685,286.685,286.659,Shake
-0.548,-0.614,-0.536,-286.685,279.151,161.744,Shake
-0.682,-1.583,-1.948,187.311,-229.311,-248.605,Shake
0.693,-0.463,0.091,286.685,-286.685,-263.760,Shake
1.104,0.154,1.082,286.685,-286.405,-189.315,Shake
1.329,0.811,0.970,-199.885,233.686,-73.010,Shake
1.354,0.752,-0.144,-286.685,286.685,64.776,Shake
-0.166,-0.529,-0.163,-286.685,286.685,262.237,Shake
-0.375,-1.872,-1.552,112.604,-214.445,-155.531,Shake
0.803,0.357,1.071,286.685,-286.685,12.346,Shake
0.175,-0.985,0.243,286.685,-253.208,-146.913,Shake
0.709,0.637,1.035,84.009,162.916,-158.856,Shake
1.293,0.714,0.229,-286.685,286.685,22.330,Shake
0.248,-0.342,-0.655,-286.685,286.685,284.515,Shake
-0.877,-1.161,-0.804,-286.685,188.799,200.148,Shake
-0.680,-1.758,-1.735,175.333,-240.301,-60.174,Shake
0.383,0.323,0.327,286.685,-286.685,-66.745,Shake
0.202,-1.003,-0.039,286.685,-286.685,-271.504,Shake
0.514,0.279,-0.588,286.685,-286.685,-286.685,Shake
1.084,1.431,0.210,286.554,-234.850,-286.685,Shake
1.652,1.741,-0.029,-121.039,232.610,-273.079,Shake
1.144,1.353,1.943,-286.685,286.685,15.496,Shake
0.243,-0.590,1.476,-286.685,286.685,286.685,Shake
-1.195,-1.586,-0.459,-286.685,286.685,282.258,Shake
-1.317,-1.766,0.751,-286.685,286.685,91.026,Shake
-0.578,-1.213,0.285,-286.685,280.114,-26.591,Shake
0.008,-0.652,-1.604,75.600,-270.043,32.979,Shake
-1.434,-0.912,-0.296,286.685,-286.685,158.077,Shake
-1.927,-1.999,-0.497,286.685,-286.685,-262.938,Shake
-0.856,-1.253,-0.132,286.685,-286.685,-286.685,Shake
0.287,0.551,-0.819,286.685,-286.685,-286.685,Shake
1.998,1.660,1.244,286.685,-286.685,-255.824,Shake
1.983,1.639,-0.822,-285.994,183.050,-18.174,Shake
1.028,1.050,0.280,-286.685,286.685,201.635,Shake
0.638,-0.086,1.603,-286.685,286.685,256.629,Shake
-0.126,-0.505,0.024,-286.685,286.685,194.976,Shake
-0.818,-1.485,0.175,-286.685,286.685,-1.216,Shake
-1.308,-1.999,-1.155,-212.301,93.677,-281.068,Shake
0.358,-0.238,-0.266,286.685,-286.685,-189.805,Shake
0.147,-0.405,1.638,286.685,-286.685,-19.854,Shake
0.289,-0.218,0.520,11.672,-273.954,-108.202,Shake
0.697,0.037,0.235,-286.641,153.834,-66.448,Shake
0.514,-0.142,0.015,-286.685,286.685,3.981,Shake
0.021,-0.845,0.101,-286.685,286.685,54.460,Shake
-0.916,-1.937,0.120,-253.575,106.295,-114.730,Shake
0.263,-0.797,0.509,286.685,-286.685,-247.643,Shake
0.740,-0.366,0.076,286.685,-286.685,-210.560,Shake
0.664,-0.432,-0.156,286.685,-286.685,-88.611,Shake
0.786,0.033,0.216,285.976,-237.466,-5.775,Shake
1.565,0.736,0.286,-286.685,286.685,-10.211,Shake
1.194,0.775,0.377,-286.685,286.685,277.830,Shake
-0.239,-0.773,-1.713,-286.685,286.685,286.624,Shake
-1.827,-1.999,-1.560,-228.856,214.795,-135.616,Shake
1.298,0.758,0.106,286.685,-286.685,-247.249,Shake
0.941,-0.817,0.340,286.685,-286.685,-73.614,Shake
0.248,-1.287,-0.251,286.685,-286.685,-128.109,Shake
0.611,0.143,1.248,201.688,36.934,-157.386,Shake
1.200,0.542,0.654,-286.685,286.685,-87.448,Shake
0.762,-0.106,-0.035,-286.685,286.685,205.712,Shake
-1.170,-1.647,-0.325,-286.685,203.018,9.039,Shake
0.824,0.639,-0.748,286.685,-286.685,-169.409,Shake
0.098,-0.599,0.943,286.685,-286.685,-47.101,Shake
0.427,-0.616,-0.274,286.685,-232.041,-67.279,Shake
0.752,0.775,1.055,11.926,280.193,-156.958,Shake
1.012,0.641,0.113,-286.685,286.685,61.092,Shake
0.162,-0.180,-0.655,-286.685,286.685,286.650,Shake
-1.275,-1.918,-1.378,-201.171,-82.355,148.706,Shake
-0.214,-0.950,0.275,286.685,-286.685,31.202,Shake
-0.078,-1.204,0.838,286.685,-286.685,-29.794,Shake
0.086,-0.620,-0.531,286.685,-286.685,-275.170,Shake
1.444,1.276,0.531,131.303,85.155,-283.867,Shake
1.556,1.198,0.311,-286.685,286.685,133.053,Shake
0.230,0.475,-0.394,-286.685,286.685,286.685,Shake
-1.430,-1.480,-1.657,-286.685,286.685,286.685,Shake
-1.999,-1.999,-1.229,-285.486,271.967,182.534,Shake
-0.501,-1.275,-0.274,286.685,-286.685,-88.130,Shake
-0.207,-0.926,0.806,286.685,-286.685,-81.567,Shake
-0.141,-1.170,0.979,286.685,-286.685,-132.738,Shake
-0.127,-1.082,0.251,286.685,-286.685,-284.209,Shake
0.455,-0.081,-0.490,286.685,-286.685,-286.685,Shake
1.180,0.849,0.749,284.603,-158.681,-281.855,Shake
1.208,0.604,1.173,-283.815,286.685,-21.438,Shake
0.763,0.175,1.847,-286.685,286.685,171.273,Shake
-0.488,-0.966,0.876,-286.685,286.685,281.383,Shake
-1.244,-1.870,0.699,-286.685,286.685,44.599,Shake
-0.908,-1.496,1.611,-219.966,240.074,-160.335,Shake
-0.408,-1.225,0.804,84.857,-157.456,-192.115,Shake
0.009,-0.386,1.261,286.685,-286.685,-66.981,Shake
0.260,-0.075,1.612,143.885,-278.731,17.220,Shake
-0.002,-0.575,1.300,-145.434,-195.685,-8.645,Shake
-0.218,-0.866,0.917,180.180,-286.685,-144.874,Shake
0.408,-0.473,0.129,286.685,-286.685,-173.854,Shake
0.823,-0.037,-0.105,286.685,-286.685,-160.230,Shake
1.121,0.261,0.313,286.685,-286.492,-35.928,Shake
1.311,0.519,0.597,-106.094,39.734,56.044,Shake
1.257,0.665,0.379,-286.685,279.799,147.438,Shake
0.998,0.177,0.537,-286.685,286.685,284.603,Shake
-0.146,-0.956,-0.452,-286.685,286.685,286.685,Shake
-1.066,-1.999,-0.274,-286.685,286.685,95.629,Shake
-1.454,-1.999,0.052,-112.262,88.961,-283.587,Shake
0.661,0.092,-0.308,286.685,-286.676,-286.414,Shake
0.815,0.057,0.128,286.685,-286.685,-92.558,Shake
0.520,-0.481,-0.066,286.685,-286.685,47.338,Shake
0.014,-0.785,0.145,286.685,-286.685,37.695,Shake
0.009,-1.397,-0.760,272.694,-286.685,-33.626,Shake
1.180,0.915,-1.285,-264.119,213.010,-41.842,Shake
0.520,0.289,0.369,-286.685,286.685,200.917,Shake
-0.369,-0.821,-1.266,-286.685,286.685,286.685,Shake
-1.308,-1.453,0.053,-286.685,286.685,286.449,Shake
-0.787,-1.623,-0.917,269.159,-277.034,-250.381,Shake
-0.011,-0.503,-0.117,286.685,-286.685,-286.685,Shake
-0.156,-0.113,-0.415,286.685,-286.685,-172.515,Shake
0.672,-0.036,-1.585,279.177,-262.850,-185.605,Shake
1.112,0.861,-0.530,-284.323,286.685,12.705,Shake
0.228,0.885,0.130,-286.685,286.685,262.124,Shake
-1.358,-1.120,-0.501,-286.685,286.685,286.685,Shake
-1.648,-1.999,-0.305,170.004,-188.274,-118.554,Shake
0.201,-0.441,0.635,286.685,-286.685,-286.685,Shake
0.285,-0.641,-0.843,286.685,-286.685,-209.055,Shake
0.694,0.579,-0.426,283.999,-91.796,-108.378,Shake
0.843,0.313,-0.436,-286.589,286.685,14.184,Shake
-0.618,-0.746,-0.943,-286.685,286.685,286.685,Shake
-1.999,-1.949,-0.278,-286.685,286.685,286.685,Shake
-1.999,-1.999,0.769,-136.150,231.166,58.520,Shake
0.386,-0.285,0.768,286.685,-286.685,-281.312,Shake
0.415,-0.458,0.393,286.685,-286.685,-153.886,Shake
0.880,-0.128,-0.137,286.685,-281.864,-286.598,Shake
1.536,1.180,0.536,-212.188,283.229,-195.729,Shake
0.995,1.140,1.597,-286.685,286.685,118.265,Shake
-1.612,-1.999,-0.146,-286.685,286.685,286.685,Shake
-1.281,-1.909,0.281,-286.685,286.685,244.230,Shake
-1.847,-1.999,-1.355,-40.757,-58.397,-194.880,Shake
-0.234,-0.807,0.092,286.685,-286.685,-210.726,Shake
-0.192,-1.234,0.461,286.685,-286.685,-244.685,Shake
0.171,-0.392,0.682,286.685,-286.685,-193.655,Shake
0.810,0.315,0.167,286.685,-286.685,-138.740,Shake
1.200,0.982,0.096,-217.315,218.566,-91.980,Shake
0.977,1.298,0.680,-286.685,286.685,186.655,Shake
-0.536,-1.150,0.479,-286.685,286.685,286.151,Shake
-1.650,-1.944,0.181,-286.685,244.107,-53.541,Shake
-0.325,-1.089,-0.145,286.685,-286.685,-213.036,Shake
-0.317,-0.783,1.989,286.685,-286.685,15.033,Shake
-0.457,-0.718,0.674,283.325,-286.685,-183.365,Shake
1.300,0.840,-0.350,-154.919,-133.893,-239.120,Shake
1.254,1.173,-0.148,-286.685,286.685,82.040,Shake
-0.046,-0.009,-0.829,-286.685,286.685,286.685,Shake
-1.977,-1.947,-0.635,-286.685,255.465,278.163,Shake
-1.482,-1.999,-1.105,286.685,-282.861,-136.439,Shake
-1.026,-1.999,0.702,286.685,-286.685,-276.281,Shake
-0.198,-0.106,-0.127,286.685,-286.685,-286.685,Shake
0.789,0.758,-0.931,286.685,-286.685,-286.685,Shake
1.419,1.299,-0.328,122.159,-133.438,-81.445,Shake
0.873,0.617,0.179,-286.685,286.449,258.598,Shake
0.127,-0.173,-0.554,-286.685,286.685,286.685,Shake
-1.074,-0.952,-0.598,-286.685,286.685,286.685,Shake
-1.961,-1.999,-0.420,-286.685,286.685,286.685,Shake
-1.961,-1.999,0.250,-235.568,167.956,-207.524,Shake
0.019,0.091,-0.483,286.685,-286.685,-286.685,Shake
0.341,0.007,-0.296,286.685,-286.685,-243.740,Shake
0.552,-0.434,-0.548,286.685,-286.685,-219.450,Shake
0.975,0.183,-0.071,279.589,-133.044,-103.688,Shake
0.930,0.900,0.578,-268.275,286.685,140.569,Shake
-0.977,-0.969,-0.290,-286.685,286.685,286.685,Shake
-1.903,-1.999,-0.348,-286.685,286.685,230.720,Shake
-1.877,-1.999,-0.498,-114.573,117.224,-201.810,Shake
-0.044,-0.055,0.384,286.685,-286.685,-285.005,Shake
0.012,-0.748,-0.416,286.685,-286.685,-211.479,Shake
0.490,-0.017,-0.424,286.685,-286.685,-286.562,Shake
1.870,1.522,0.479,152.215,-47.066,-204.208,Shake
1.122,1.128,0.839,-284.200,283.500,103.863,Shake
-0.390,-1.290,-0.062,-286.685,286.685,286.685,Shake
-0.971,-1.992,0.416,-286.685,286.685,228.148,Shake
-1.299,-1.978,-1.002,72.065,-107.161,-249.795,Shake
0.161,-0.470,0.294,286.685,-286.685,-165.742,Shake
0.184,-0.702,0.608,286.685,-286.685,-277.506,Shake
1.498,0.997,0.686,169.724,-32.699,-96.128,Shake
0.885,0.416,0.414,-286.685,261.922,106.277,Shake
-0.308,-1.393,-0.168,-286.685,175.122,171.071,Shake
-0.299,-1.392,0.045,-286.370,82.924,8.960,Shake
0.130,-0.832,0.444,-214.419,-0.761,-28.621,Shake
0.170,-0.847,0.060,-150.798,-53.104,37.791,Shake
0.051,-0.899,-0.072,-150.115,24.246,63.254,Shake
-0.016,-0.930,-0.103,-209.659,67.349,48.335,Shake
-0.062,-0.642,-0.719,-272.781,74.944,43.365,Shake
0.065,-0.623,-0.881,-283.517,100.214,12.574,Shake
0.071,-0.775,-0.759,-286.685,141.986,-8.549,Shake
0.139,-0.757,-0.885,-281.636,128.345,-40.932,Shake
0.443,-0.489,-1.043,-131.617,120.838,-4.900,Shake
0.226,-0.627,-0.426,-43.557,38.605,111.466,Shake
0.201,-1.011,-0.238,-98.796,-34.458,110.416,Shake
-0.094,-0.931,-0.278,-129.334,-27.632,103.451,Shake
-0.518,-0.423,-0.903,-124.652,-214.708,70.560,Shake
0.830,-1.323,-0.527,26.985,0.709,191.021,Shake
-0.225,-0.415,-0.914,-64.059,-91.464,142.879,Shake
-0.793,-0.660,-0.850,31.028,0.822,-93.205,Shake
-0.719,-0.713,-1.194,170.607,114.433,-279.737,Shake
-0.928,-0.035,-0.806,286.685,266.805,-286.685,Shake
0.751,0.428,0.190,286.685,286.685,-286.685,Shake
1.175,0.480,0.379,286.685,286.685,-286.685,Shake
1.095,0.125,0.441,286.685,286.685,-286.685,Shake
1.649,-0.072,0.876,-53.629,283.666,-229.827,Shake
1.998,0.076,1.706,-286.685,-252.788,286.685,Shake
1.998,0.437,1.999,-286.685,-286.685,286.685,Shake
1.314,0.550,1.311,-286.685,-286.685,286.685,Shake
0.473,0.484,0.394,-286.685,-286.685,286.685,Shake
-0.856,1.506,-1.283,-286.685,-36.881,191.529,Shake
-1.633,1.672,-1.997,73.439,76.912,-278.119,Shake
-0.399,1.997,0.459,286.685,286.641,-286.685,Shake
1.998,1.143,1.999,286.685,286.685,-286.685,Shake
1.998,-1.346,1.347,286.685,181.895,-286.685,Shake
1.794,-1.867,1.492,242.909,-24.141,-193.454,Shake
1.568,-0.011,1.270,-286.685,-215.154,286.685,Shake
1.375,0.005,0.948,-286.685,-120.794,286.685,Shake
0.276,0.413,0.038,-286.685,-156.730,286.685,Shake
-1.912,1.412,-1.997,-227.902,-35.542,46.270,Shake
0.269,1.997,0.362,286.685,245.770,-286.685,Shake
1.998,0.465,1.999,286.685,286.685,-286.685,Shake
1.998,-0.962,1.736,286.685,186.944,-286.685,Shake
1.998,-1.555,1.633,-55.729,-110.933,34.921,Shake
1.998,0.870,1.876,-286.685,-280.962,286.685,Shake
1.051,1.473,1.180,-286.685,-235.734,286.685,Shake
-0.389,0.868,-0.418,-286.685,-134.365,286.685,Shake
-1.022,0.978,-1.927,-284.043,39.025,195.195,Shake
-0.622,1.997,-1.598,286.685,25.034,-286.685,Shake
1.688,1.628,1.999,286.685,273.087,-286.685,Shake
1.998,-0.575,1.999,286.685,256.620,-286.685,Shake
1.471,-1.385,1.476,286.685,-68.478,-286.685,Shake
1.998,-0.971,1.705,-234.167,-50.374,143.246,Shake
1.998,0.291,1.878,-286.685,-223.729,286.685,Shake
1.459,0.822,1.327,-286.685,-286.501,286.685,Shake
-0.122,0.661,0.210,-286.685,-239.689,286.685,Shake
-1.239,1.273,-1.955,-286.685,-39.042,224.717,Shake
-1.047,1.997,-1.984,281.645,141.286,-286.685,Shake
-0.679,1.997,0.443,286.685,286.274,-286.685,Shake
1.998,1.324,1.999,286.685,286.685,-286.685,Shake
1.998,-1.266,1.959,286.685,13.939,-286.685,Shake
1.997,-1.498,0.829,-74.454,-162.076,-21.823,Shake
1.998,1.032,1.235,-286.685,-172.926,286.685,Shake
1.654,0.441,1.783,-286.685,-162.986,286.685,Shake
0.626,1.668,1.391,-286.685,-286.685,286.685,Shake
-0.016,1.997,0.828,-286.685,-224.490,286.685,Shake
-1.969,1.997,-1.997,-286.685,25.646,262.036,Shake
0.078,1.919,-1.507,240.747,231.936,-260.409,Shake
-0.056,1.546,-0.313,286.685,158.646,-286.685,Shake
-0.592,1.997,0.364,286.685,286.685,-286.685,Shake
0.991,1.997,1.999,286.685,286.685,-286.685,Shake
1.998,-0.105,1.999,286.685,286.685,-286.685,Shake
1.998,-1.099,1.999,280.770,-7.858,-263.874,Shake
0.857,-0.287,1.646,-283.360,-128.538,282.406,Shake
1.742,-0.250,1.291,-286.685,-44.695,286.685,Shake
1.817,-0.651,1.575,-286.685,-167.598,286.685,Shake
1.371,-0.180,1.426,-286.685,-286.685,286.685,Shake
0.622,1.319,1.032,-286.685,-245.857,286.685,Shake
0.191,1.823,0.096,-286.685,-222.486,286.685,Shake
-1.966,1.997,-1.780,-286.685,-34.379,279.046,Shake
-0.529,1.440,-1.247,171.561,192.054,-263.419,Shake
0.058,0.840,-0.685,286.685,177.249,-286.685,Shake
-0.217,0.925,-1.131,286.685,87.168,-286.685,Shake
-0.590,1.997,0.183,286.685,118.256,-286.685,Shake
1.866,1.352,1.999,286.685,286.685,-286.685,Shake
1.998,-0.570,1.999,286.685,283.325,-286.685,Shake
1.998,-1.721,1.999,286.554,149.336,-280.945,Shake
1.270,0.178,1.323,-286.405,-198.380,286.685,Shake
1.076,0.092,0.759,-286.685,-52.535,286.685,Shake
1.057,-0.343,0.881,-286.685,-86.669,286.685,Shake
0.849,-0.218,1.018,-286.685,-124.136,286.685,Shake
0.249,0.521,0.343,-286.685,-105.630,286.685,Shake
-0.120,0.923,-0.651,-286.685,-85.890,286.685,Shake
-0.968,1.151,-1.790,-246.041,-49.026,189.849,Shake
-1.138,1.592,-1.970,286.685,3.421,-281.872,Shake
-0.760,1.980,-0.663,286.685,95.209,-286.685,Shake
1.437,0.362,1.988,286.685,286.545,-286.685,Shake
1.998,-1.999,1.982,283.115,189.534,-282.642,Shake
1.866,-1.918,1.432,-231.114,-101.973,215.740,Shake
0.208,0.260,0.074,-286.685,19.915,286.685,Shake
-0.062,-0.982,-0.564,-286.685,128.284,250.679,Shake
0.517,-0.913,-0.132,-286.685,70.061,201.836,Shake
0.308,-0.693,-0.536,-286.685,12.871,136.789,Shake
0.615,-0.830,-0.307,-286.685,-26.346,70.744,Shake
0.458,-0.654,-0.240,-286.685,-153.169,165.182,Shake
-0.289,0.036,-0.928,-282.467,-82.539,158.209,Shake
-0.919,0.479,-1.582,109.664,3.701,-153.072,Shake
-0.484,0.479,-1.126,286.685,101.631,-286.685,Shake
0.606,0.860,0.042,286.685,182.464,-286.685,Shake
1.150,-0.120,0.673,286.685,213.447,-286.685,Shake
1.131,-1.165,0.755,286.685,119.551,-286.685,Shake
1.200,-1.000,0.714,286.685,52.728,-286.685,Shake
1.594,-0.912,0.881,157.273,46.979,-135.441,Shake
1.998,-1.400,1.399,-283.526,-105.595,280.709,Shake
1.651,-0.977,1.351,-286.685,-173.670,286.685,Shake
1.109,-0.065,0.972,-286.685,-134.908,286.685,Shake
0.539,1.153,0.344,-286.685,-159.372,286.685,Shake
-0.131,0.402,-0.995,-286.685,-65.625,279.851,Shake
-0.238,0.573,-1.063,-286.685,-61.976,158.944,Shake
-0.455,0.723,-1.311,-54.556,76.116,-60.734,Shake
-0.359,0.484,-1.059,168.831,171.474,-216.099,Shake
0.039,0.395,-0.747,286.685,285.985,-262.894,Shake
0.111,0.699,-1.207,286.685,286.685,-202.090,Shake
-0.365,1.623,-0.399,286.685,286.685,-280.770,Shake
0.027,1.901,1.518,286.685,286.685,-286.685,Shake
0.946,-0.015,1.999,286.685,286.685,-252.289,Shake
1.998,-1.999,1.999,276.159,270.690,-138.898,Shake
1.923,-1.256,1.999,-262.203,-265.580,123.611,Shake
0.070,-0.388,1.478,-286.685,-268.328,142.485,Shake
0.379,-0.511,0.697,-286.685,-60.891,-36.103,Shake
1.359,-1.092,1.190,-286.685,-89.084,-140.735,Shake
1.327,-1.121,1.572,-286.685,-244.589,-56.105,Shake
0.898,0.225,1.016,-286.685,-184.021,175.009,Shake
0.639,1.234,0.538,-286.685,-191.100,286.011,Shake
0.110,1.997,-0.901,-227.491,-9.669,-3.229,Shake
0.107,1.064,-0.327,285.005,8.549,-229.364,Shake
0.339,1.016,-0.045,286.685,162.759,-245.621,Shake
0.258,1.759,-0.093,286.685,233.887,-239.470,Shake
0.350,1.221,1.999,286.685,285.688,-278.530,Shake
1.313,-1.350,1.658,286.685,267.540,-123.673,Shake
1.710,-1.999,1.992,272.440,52.447,-142.021,Shake
0.501,-0.780,1.999,-286.685,-177.625,251.738,Shake
0.913,-0.242,1.603,-286.685,73.771,286.685,Shake
1.337,0.796,1.128,-286.685,3.517,286.685,Shake
0.561,0.964,0.229,-286.685,75.154,267.557,Shake
0.758,1.535,-1.461,-227.124,-124.040,115.500,Shake
-0.258,1.474,-0.436,286.685,-237.667,-248.220,Shake
0.831,-0.944,1.917,286.685,89.268,-286.685,Shake
1.998,-1.999,1.999,286.580,-14.096,-229.740,Shake
1.363,-0.822,1.378,-284.725,-286.685,286.668,Shake
-1.753,0.938,-1.956,-203.350,-90.073,273.096,Shake
0.552,-1.168,0.569,286.685,-0.709,-286.668,Shake
1.526,-1.995,1.014,114.765,-125.309,-11.419,Shake
0.749,-1.075,0.487,-111.405,-103.626,192.465,Shake
-0.079,-0.659,-0.461,-19.994,-11.961,153.650,Shake
0.638,-1.130,0.319,144.340,29.969,-89.355,Shake
0.781,-1.485,0.388,46.874,21.954,15.050,Shake
0.466,-1.273,0.374,-21.989,61.031,118.143,Shake
-0.038,-0.870,0.450,69.606,192.710,87.894,Shake
0.584,-1.334,0.740,13.895,88.769,15.164,Shake
0.766,-0.527,1.454,-123.287,-153.414,159.189,Shake
0.333,-0.193,-0.276,-42.271,-107.109,100.537,Shake
0.093,-0.883,0.154,198.870,2.730,145.434,Shake
-0.297,-1.080,0.283,240.126,94.027,109.209,Shake
0.376,-0.660,0.544,252.053,-1.829,-71.575,Shake
0.109,-0.530,0.181,284.016,-28.315,17.911,Shake
-0.025,-0.356,0.521,286.685,83.781,60.550,Shake
-1.064,-0.159,1.361,286.685,77.997,-10.815,Shake
0.084,-0.703,0.743,286.685,-217.324,-30.188,Shake
1.478,-0.467,1.126,286.685,122.001,68.723,Shake
0.385,0.138,0.857,286.685,286.685,-23.240,Shake
-0.438,0.807,1.064,277.270,114.065,77.420,Shake
-0.292,0.519,1.352,29.663,-18.874,-21.901,Shake
-0.172,0.531,1.028,-34.939,24.246,-127.986,Shake
-0.424,1.090,1.446,-51.686,13.422,-144.462,Shake
-0.707,0.446,0.915,-168.035,-146.554,-10.710,Shake
-0.471,0.791,0.637,-192.824,-286.685,-58.240,Shake
-0.579,0.893,0.766,-286.685,-286.685,-7.787,Shake
-0.233,1.186,-0.004,-286.685,-286.685,54.513,Shake
0.397,0.360,-1.102,-286.685,-286.685,180.425,Shake
0.701,-0.319,-1.289,-286.685,-286.685,185.526,Shake
0.819,-1.270,-1.344,-286.685,-107.135,140.140,Shake
0.928,-1.999,-1.133,60.716,214.279,62.178,Shake
0.254,-0.742,-0.654,286.685,286.685,151.113,Shake
0.410,-0.034,-0.388,286.685,286.685,271.530,Shake
0.246,-0.269,-0.529,286.685,286.685,193.077,Shake
-0.377,0.865,-0.132,286.685,286.685,77.262,Shake
-1.421,1.980,1.913,285.819,235.988,-93.879,Shake
-0.880,1.652,1.048,-286.668,-285.101,-159.548,Shake
-0.371,0.712,0.764,-286.685,-286.685,-80.211,Shake
-0.364,0.364,0.882,-286.685,-286.685,-123.891,Shake
0.579,-0.080,-0.740,-286.685,-286.685,-259.621,Shake
0.801,-0.931,-1.065,-286.685,-286.685,-266.096,Shake
1.208,-1.999,-1.132,-266.560,-207.226,-68.635,Shake
0.643,-1.201,-1.088,286.685,286.685,286.554,Shake
0.482,-0.804,-0.674,286.685,286.685,286.685,Shake
0.157,-0.704,-0.444,286.685,255.684,286.685,Shake
0.188,0.341,-0.062,286.685,243.408,205.747,Shake
-0.487,1.317,0.002,286.685,255.342,186.673,Shake
-0.767,1.948,1.366,179.830,-52.780,-72.424,Shake
-0.400,1.125,0.521,-286.685,-286.615,-212.091,Shake
-0.292,0.643,0.619,-286.685,-286.685,-159.031,Shake
0.313,0.078,-0.334,-286.685,-286.685,-208.994,Shake
0.574,-0.357,-0.778,-286.685,-286.685,-236.845,Shake
0.874,-1.796,-1.026,-286.685,-286.685,-145.792,Shake
0.928,-1.999,-1.289,180.057,71.225,75.302,Shake
0.697,-1.542,-1.009,286.685,268.809,280.096,Shake
0.409,-0.802,-0.127,286.685,74.060,56.219,Shake
0.345,-0.592,-0.520,286.685,49.796,40.022,Shake
0.427,0.620,-0.061,286.685,99.461,89.049,Shake
-0.158,1.948,0.986,272.939,112.332,36.505,Shake
-0.162,1.698,1.014,-274.190,-94.106,-122.290,Shake
0.088,0.707,-0.615,-286.685,-286.685,-189.315,Shake
0.903,-0.584,-1.496,-286.685,-286.685,-134.943,Shake
0.948,-1.941,-1.136,-286.685,-201.303,-46.375,Shake
0.896,-1.999,-0.737,36.566,169.234,-21.647,Shake
0.432,-1.486,-1.125,286.685,284.987,51.966,Shake
0.556,-0.994,-0.343,286.685,114.520,230.221,Shake
0.668,-0.334,-0.540,286.685,69.965,146.055,Shake
0.502,0.584,0.229,286.685,-25.034,-37.144,Shake
0.402,1.362,0.333,286.615,-24.167,-33.661,Shake
0.280,1.220,0.768,-284.471,-34.466,-51.975,Shake
0.367,0.784,-0.381,-286.685,-234.010,-144.086,Shake
0.437,-0.505,-1.296,-286.685,-286.685,48.344,Shake
0.827,-1.394,-1.368,-286.685,-268.966,140.971,Shake
1.170,-1.999,-1.146,-286.685,-8.444,28.884,Shake
0.270,-1.654,-0.716,281.628,279.151,-115.019,Shake
0.400,-0.560,-0.342,286.685,57.076,-13.895,Shake
0.669,-0.635,-0.416,286.685,-53.463,11.804,Shake
1.083,-1.110,-0.382,286.685,-17.202,-99.715,Shake
0.704,-0.518,-0.782,286.685,206.273,-183.969,Shake
0.296,0.706,-0.794,286.685,245.184,-65.205,Shake
0.522,1.492,0.069,286.685,159.425,-18.209,Shake
0.182,1.823,0.765,-66.334,-4.384,-34.379,Shake
0.071,0.778,0.306,-286.685,-176.312,13.895,Shake
0.197,0.347,0.357,-286.685,-195.344,96.241,Shake
0.076,0.388,-0.062,-286.685,-199.465,115.640,Shake
0.390,-0.364,-1.371,-286.685,-286.685,161.604,Shake
0.882,-1.248,-1.387,-286.685,-286.484,80.448,Shake
1.064,-1.999,-1.360,-280.595,-130.620,-13.265,Shake
0.396,-1.459,-1.473,286.685,285.959,-42.464,Shake
0.276,-0.845,-1.504,286.685,286.685,57.382,Shake
0.936,-0.696,-1.306,286.685,286.685,126.306,Shake
0.263,0.326,-1.086,286.685,286.641,49.254,Shake
0.206,0.913,-0.465,286.685,238.044,-4.506,Shake
-0.174,1.868,0.356,286.685,152.023,-70.507,Shake
0.011,1.512,0.322,-284.996,-67.629,-93.993,Shake
-0.184,0.511,0.259,-286.685,-213.684,9.958,Shake
-0.050,0.341,0.127,-286.685,-223.947,75.058,Shake
0.324,-0.377,-0.987,-286.685,-283.299,99.321,Shake
0.598,-1.116,-1.469,-286.685,-286.685,77.726,Shake
0.882,-1.999,-1.418,-286.685,-284.366,34.720,Shake
0.826,-1.999,-1.866,262.771,177.109,-28.779,Shake
0.637,-1.632,-1.988,286.685,286.685,108.360,Shake
0.854,-0.896,-1.826,286.685,286.685,242.025,Shake
0.327,0.457,-0.592,286.685,285.652,95.734,Shake
0.095,0.781,-0.773,286.685,258.064,23.826,Shake
-0.335,1.889,0.349,286.685,176.374,-26.583,Shake
-0.137,1.872,0.870,-132.615,-74.007,-87.395,Shake
-0.280,0.725,0.699,-286.685,-118.230,19.653,Shake
-0.089,0.240,0.863,-286.685,-166.792,49.324,Shake
0.092,-0.410,0.352,-286.685,-182.053,-6.318,Shake
0.587,-1.209,-0.819,-286.685,-282.214,-54.871,Shake
0.691,-1.481,-1.508,-286.685,-265.790,-154.945,Shake
0.700,-1.872,-1.486,-286.685,-181.711,-148.776,Shake
0.663,-1.822,-1.200,-34.685,40.075,-76.344,Shake
0.490,-1.055,-1.175,286.685,239.803,128.380,Shake
0.295,-0.676,-0.757,286.685,281.418,284.480,Shake
0.636,-0.883,-0.851,286.685,217.805,132.230,Shake
0.321,-0.793,-0.429,286.685,207.428,-0.621,Shake
0.140,0.657,-0.794,286.685,231.595,111.615,Shake
-0.192,1.812,0.503,286.685,200.944,146.667,Shake
-0.275,1.997,1.289,241.351,40.766,-9.328,Shake
-0.253,1.470,0.570,-286.685,-160.764,-124.626,Shake
-0.083,0.328,0.703,-286.685,-265.466,-106.864,Shake
0.018,0.166,0.053,-286.685,-286.685,-105.236,Shake
0.719,-0.844,-0.882,-286.685,-286.685,-98.000,Shake
1.034,-1.964,-1.115,-286.685,-280.831,-89.145,Shake
0.774,-1.999,-0.879,94.771,135.406,-39.979,Shake
0.074,-0.496,-0.232,286.685,157.229,73.176,Shake
0.557,-0.712,-0.200,286.685,-23.354,83.615,Shake
0.667,-0.685,-0.102,286.685,19.950,48.055,Shake
0.600,-0.028,-0.272,286.685,147.595,-45.570,Shake
0.154,0.816,0.359,286.685,263.086,68.915,Shake
-0.120,0.501,1.213,229.031,124.836,119.376,Shake
-0.133,0.326,1.123,-41.309,-63.787,9.153,Shake
-0.023,0.291,1.069,-285.932,-125.886,-39.620,Shake
-0.194,0.021,1.190,-286.685,-133.455,5.582,Shake
-0.047,-0.124,0.197,-286.685,-259.009,-75.408,Shake
0.778,-0.568,-0.892,-286.685,-279.886,-160.650,Shake
0.599,-0.964,-1.413,-286.685,-220.780,-122.789,Shake
0.674,-1.821,-1.291,-286.685,-146.230,-43.549,Shake
0.658,-1.926,-1.468,178.815,132.055,-68.372,Shake
0.185,-1.054,-1.629,286.685,255.911,39.209,Shake
0.195,-0.477,-1.693,286.685,157.631,202.300,Shake
0.749,-0.424,-0.669,286.685,43.995,-67.882,Shake
0.342,0.204,-1.210,286.685,73.290,-241.544,Shake
0.482,1.085,-0.635,286.685,192.938,-111.781,Shake
0.438,1.997,0.648,272.064,268.223,-10.220,Shake
-0.300,1.040,1.196,-286.685,57.138,-172.209,Shake
0.072,0.564,0.908,-286.685,-207.891,-187.128,Shake
0.101,0.060,-0.161,-286.685,-285.171,-81.130,Shake
1.068,-1.127,-0.899,-286.685,-286.685,-82.329,Shake
1.600,-1.999,-0.798,-286.668,-91.245,-173.364,Shake
0.484,-1.726,-0.670,286.598,283.237,-43.085,Shake
0.595,-0.338,-0.263,286.685,95.541,152.303,Shake
0.707,-0.308,-0.495,286.685,84.000,172.655,Shake
0.503,0.327,0.249,286.685,25.130,66.325,Shake
0.390,0.984,0.349,285.233,-14.376,3.098,Shake
0.377,1.048,0.519,-250.005,30.153,-35.429,Shake
0.049,0.690,0.074,-286.685,-39.244,-103.740,Shake
0.622,-0.310,-0.645,-286.685,-223.641,-149.704,Shake
0.822,-1.697,-0.864,-286.685,-142.844,-141.706,Shake
1.011,-1.999,-0.522,-176.697,55.002,-80.465,Shake
0.439,-1.794,-0.846,286.633,177.223,211.663,Shake
0.512,-0.635,-0.524,286.685,87.220,286.685,Shake
0.593,-0.164,-0.329,286.685,62.335,185.010,Shake
0.294,0.319,-0.534,286.685,40.276,16.013,Shake
0.265,0.694,-0.071,286.685,41.606,-56.341,Shake
0.373,1.245,0.241,286.685,37.818,-76.519,Shake
0.562,1.232,0.457,-169.033,16.730,-58.923,Shake
0.456,0.878,0.344,-286.685,-7.665,0.376,Shake
0.018,0.646,0.809,-286.685,-39.882,75.906,Shake
-0.579,0.278,0.058,-286.685,-120.986,271.092,Shake
-0.029,-1.044,-1.779,-286.685,-267.575,286.685,Shake
0.247,-1.796,-1.997,-286.685,-224.341,197.531,Shake
0.335,-1.999,-1.997,-286.685,-163.756,73.815,Shake
0.414,-1.999,-1.700,-62.283,102.559,-103.049,Shake
-0.101,-1.273,-1.632,286.685,286.685,-28.026,Shake
0.304,-1.202,-1.431,286.685,228.331,20.081,Shake
0.659,-1.470,-1.260,286.685,254.039,-15.330,Shake
0.793,-0.880,-1.997,286.685,286.685,-14.219,Shake
0.009,1.648,-1.753,286.685,225.312,93.284,Shake
0.102,1.997,0.364,286.685,176.951,50.164,Shake
0.457,1.997,1.124,-267.601,138.355,-218.348,Shake
-0.547,0.360,1.448,-286.685,38.553,-260.846,Shake
-0.435,0.618,1.560,-286.685,-142.712,-192.798,Shake
-0.093,0.433,0.469,-286.685,-279.650,-219.975,Shake
1.152,-0.391,-1.355,-286.685,-286.685,-286.685,Shake
1.330,-0.928,-1.506,-286.685,-286.685,-286.116,Shake
1.297,-1.999,-1.408,-286.685,-138.355,-172.874,Shake
0.766,-1.704,-1.124,281.216,225.068,69.405,Shake
0.242,-0.627,-0.655,286.685,95.069,162.225,Shake
0.514,-0.598,-0.499,286.685,12.731,132.204,Shake
0.595,-0.537,-0.626,286.685,43.260,92.120,Shake
0.374,0.026,-0.183,286.685,55.895,44.923,Shake
0.240,0.991,0.129,286.685,25.559,67.751,Shake
0.072,1.593,0.719,285.775,-12.294,68.040,Shake
0.305,1.115,1.127,-280.892,-28.333,-77.753,Shake
0.095,0.495,0.357,-286.685,-111.790,-178.062,Shake
0.459,-0.289,-0.960,-286.685,-257.302,-150.833,Shake
0.795,-1.270,-1.186,-286.685,-202.204,-51.853,Shake
1.284,-1.999,-0.881,-286.247,-25.926,-33.014,Shake
0.362,-1.892,-0.620,285.180,275.354,-3.071,Shake
0.426,-0.926,-0.620,286.685,53.305,106.024,Shake
0.932,-0.465,-0.466,286.685,8.698,114.231,Shake
0.668,-0.207,-0.297,286.685,28.542,90.064,Shake
0.699,0.063,-0.064,286.685,93.599,22.715,Shake
0.279,1.139,0.259,286.685,85.155,29.907,Shake
0.420,1.114,0.387,198.931,41.615,-44.730,Shake
0.271,0.911,0.578,-167.624,42.096,-7.551,Shake
0.105,0.288,0.610,-286.685,-57.505,-22.558,Shake
0.264,0.450,0.377,-286.685,-152.495,-39.463,Shake
0.107,0.577,-0.109,-286.685,-159.477,-56.534,Shake
0.223,-0.430,-1.384,-286.685,-248.553,-24.763,Shake
0.788,-1.262,-1.840,-286.685,-236.136,-39.708,Shake
0.915,-1.962,-1.640,-286.685,-150.587,-120.715,Shake
0.882,-1.999,-1.496,51.275,120.969,-25.340,Shake
0.597,-1.519,-1.539,286.685,260.356,117.075,Shake
0.598,-0.875,-1.497,286.685,196.822,285.950,Shake
0.796,-0.703,-1.034,286.685,85.120,115.334,Shake
0.721,-0.003,-0.960,286.685,112.464,21.009,Shake
0.557,0.543,-1.064,286.685,143.981,24.517,Shake
0.471,1.244,-0.296,286.685,114.914,23.853,Shake
0.668,1.887,0.899,203.586,90.370,-6.177,Shake
0.307,1.503,0.760,-275.179,38.001,-120.374,Shake
-0.015,1.020,0.617,-286.685,-69.755,-164.089,Shake
-0.192,0.379,-0.466,-286.685,-230.860,-100.406,Shake
0.941,-0.880,-1.785,-286.685,-286.685,-122.045,Shake
1.089,-1.810,-1.782,-286.685,-284.848,-214.883,Shake
1.209,-1.999,-1.556,-259.201,-89.618,-131.539,Shake
0.953,-1.977,-1.569,266.499,212.975,-7.236,Shake
0.538,-0.746,-1.430,286.685,265.335,215.915,Shake
0.673,-0.532,-0.994,286.685,141.689,180.670,Shake
0.682,-0.432,-0.630,286.685,133.805,42.971,Shake
0.625,-0.052,-0.941,286.685,181.212,39.296,Shake
0.218,0.997,-0.465,286.685,212.800,111.720,Shake
0.038,1.579,0.216,286.685,182.840,60.410,Shake
-0.131,1.811,0.886,198.634,112.945,42.333,Shake
0.039,1.039,0.597,-286.685,-118.177,-72.537,Shake
0.058,1.200,-0.025,-286.685,-219.756,-91.551,Shake
-0.071,0.123,-1.901,-286.685,-286.685,-51.721,Shake
0.220,-0.920,-1.997,-286.685,-286.685,-0.560,Shake
0.351,-1.733,-1.997,-286.685,-286.685,-119.192,Shake
1.286,-1.999,-1.997,-226.765,-274.505,-154.884,Shake
0.421,-1.601,-1.997,286.685,280.000,3.211,Shake
0.081,-0.954,-1.727,286.685,229.705,-108.631,Shake
0.270,-1.007,-1.301,286.685,247.861,-244.107,Shake
0.435,-1.010,-1.441,286.685,286.685,-239.724,Shake
0.338,-0.547,-1.613,286.685,286.685,-181.484,Shake
0.173,0.792,-1.981,286.685,286.685,-48.528,Shake
0.399,1.978,-0.047,286.685,286.685,-47.399,Shake
0.206,1.997,1.090,286.195,285.591,-185.587,Shake
-0.374,1.930,0.968,-284.261,110.521,-286.685,Shake
-0.667,1.107,1.158,-286.685,-202.519,-286.685,Shake
-0.137,0.215,0.122,-286.685,-286.685,-286.685,Shake
1.125,-0.139,-0.429,-286.685,-286.685,-286.685,Shake
1.257,-0.973,-1.010,-286.685,-286.685,-286.309,Shake
1.704,-1.999,-0.951,-164.544,-209.186,-97.037,Shake
0.801,-1.599,-0.727,286.685,195.169,239.592,Shake
0.698,-0.833,-0.081,286.685,64.899,115.491,Shake
0.595,0.162,-0.731,286.685,61.092,144.419,Shake
0.590,1.230,-0.680,286.685,26.040,223.904,Shake
0.264,1.972,0.692,157.649,105.840,202.352,Shake
0.464,0.431,-0.029,-286.685,-110.311,-249.016,Shake
0.491,0.041,0.051,-286.685,-225.330,-286.685,Shake
0.147,0.192,-0.420,-286.685,-273.184,-264.408,Shake
0.815,-0.843,-0.954,-286.685,-286.326,-69.746,Shake
1.381,-1.982,-0.575,-243.644,-63.507,19.574,Shake
0.432,-1.371,-0.569,286.685,285.880,-8.382,Shake
-0.035,-0.561,-0.681,286.685,117.241,233.459,Shake
0.775,-0.119,-0.790,286.685,129.465,286.685,Shake
0.252,0.757,-0.252,286.685,130.034,272.003,Shake
0.015,1.301,0.641,286.685,9.257,60.463,Shake
0.273,1.317,0.461,-12.189,-132.274,-33.941,Shake
0.557,0.964,0.005,-286.685,-111.239,-8.864,Shake
0.772,0.344,-0.226,-286.685,-59.920,32.471,Shake
-0.111,-0.248,-0.544,-286.685,79.179,195.221,Shake
-0.055,-0.694,-1.273,-286.685,-13.545,169.995,Shake
0.358,-1.341,-1.997,-286.685,-168.026,36.855,Shake
0.706,-1.999,-1.997,-286.685,-184.179,-28.166,Shake
0.714,-1.999,-1.856,255.115,182.831,-31.684,Shake
0.324,-1.029,-1.997,286.685,226.485,147.350,Shake
0.472,-0.682,-1.912,286.685,126.473,232.409,Shake
0.645,-0.268,-1.319,286.685,89.224,74.830,Shake
0.278,0.481,-1.146,286.685,127.575,-99.619,Shake
0.239,1.237,-0.229,286.685,95.944,-92.741,Shake
0.849,1.997,0.535,275.922,90.571,-80.194,Shake
0.260,1.337,0.910,-286.414,282.117,-40.661,Shake
-0.451,0.156,1.122,-286.685,147.595,-153.125,Shake
-0.513,-0.463,0.558,-286.685,-25.112,-150.789,Shake
0.357,-1.355,-0.195,-286.685,-101.019,-196.018,Shake
0.826,-1.912,-1.200,-286.685,-112.114,-286.685,Shake
1.035,-1.999,-1.325,-254.249,-6.895,-201.854,Shake
0.695,-1.999,-1.809,286.685,285.276,169.146,Shake
0.362,-0.354,0.231,286.685,266.849,286.685,Shake
0.095,-0.804,-1.257,286.685,128.327,286.685,Shake
-0.286,1.464,-0.666,286.685,-162.584,271.714,Shake
0.111,1.190,0.863,277.165,-169.628,-38.841,Shake
0.176,1.063,0.184,-106.601,-190.024,-48.554,Shake
0.384,0.859,0.131,-246.671,-124.793,32.428,Shake
0.210,1.064,0.374,-286.685,-82.714,79.179,Shake
0.123,1.039,-0.065,-286.685,-48.895,-97.930,Shake
-0.144,0.438,-1.074,-286.685,-144.926,-113.899,Shake
0.611,-1.324,-1.997,-286.685,-286.484,-33.600,Shake
1.477,-1.999,-1.986,-286.685,-169.242,-24.308,Shake
1.049,-1.999,-1.549,215.512,210.009,-75.740,Shake
0.163,-1.513,-1.510,286.685,194.950,121.144,Shake
0.837,-0.768,-1.137,286.685,70.857,197.785,Shake
0.703,-0.252,-1.325,286.685,-33.469,50.111,Shake
0.498,0.708,-0.442,286.685,-16.083,37.222,Shake
0.200,1.700,0.958,286.676,-53.515,-7.980,Shake
0.495,1.973,0.566,-83.790,-133.788,-65.336,Shake
0.326,1.018,-0.186,-286.685,-122.692,-46.716,Shake
0.175,0.436,0.239,-286.685,-135.100,-2.835,Shake
-0.240,0.302,-0.043,-286.685,-152.250,16.879,Shake
-0.069,-0.031,-1.063,-286.685,-254.651,-51.476,Shake
0.433,-0.685,-1.997,-286.685,-286.685,-183.461,Shake
1.549,-1.999,-1.703,-286.685,-286.274,-110.232,Shake
0.893,-1.472,-0.595,150.167,133.035,-45.518,Shake
-0.123,-0.293,-0.932,286.685,286.265,66.019,Shake
-0.082,0.055,-0.744,286.685,180.460,109.480,Shake
0.343,0.099,-0.180,286.685,116.357,46.716,Shake
0.330,-0.051,-0.280,286.685,205.555,-32.891,Shake
0.193,0.194,-0.269,286.685,230.947,-1.006,Shake
0.299,0.290,0.014,286.685,269.990,62.493,Shake
0.334,0.378,0.674,286.685,285.635,82.582,Shake
-0.339,0.858,1.446,278.836,238.577,-52.631,Shake
-0.050,0.927,1.860,2.170,135.030,-74.183,Shake
-0.049,0.064,1.789,-286.685,14.079,8.995,Shake
0.024,-0.197,1.570,-286.685,-103.635,-6.746,Shake
0.257,-0.273,1.272,-286.685,-197.312,34.248,Shake
0.484,-0.766,0.448,-286.685,-218.969,83.484,Shake
0.740,-1.524,-0.270,-286.685,-213.798,123.637,Shake
0.794,-1.999,-0.519,-286.685,-100.082,96.714,Shake
0.511,-1.999,-0.462,-29.032,1.067,-85.680,Shake
0.262,-1.849,-0.543,278.880,9.984,-192.211,Shake
0.206,-1.098,-0.532,286.685,-14.096,-260.033,Shake
0.304,-0.549,-0.424,286.685,-11.839,-286.685,Shake
0.112,-0.030,-0.639,286.685,4.559,-286.685,Shake
-0.013,0.349,-0.814,286.685,4.979,-256.147,Shake
0.250,0.745,-0.746,286.685,17.045,-145.163,Shake
1.159,1.367,-0.379,219.511,71.995,-24.684,Shake
0.679,0.964,0.059,-286.685,226.432,90.921,Shake
-0.226,0.552,0.502,-286.685,231.219,173.057,Shake
-0.349,-0.372,-0.784,-286.685,-110.408,254.529,Shake
0.684,-1.862,-1.997,-286.685,-258.405,193.051,Shake
1.265,-1.999,-1.997,-286.685,-24.343,-34.318,Shake
0.738,-1.999,-1.608,282.424,286.685,-41.807,Shake
0.568,-1.124,-1.404,286.685,286.685,149.240,Shake
1.150,-0.237,-0.694,286.685,286.685,281.242,Shake
1.766,-0.599,-1.971,286.685,286.685,286.685,Shake
1.132,1.226,-1.848,286.685,286.685,286.685,Shake
-1.876,1.997,1.719,286.685,190.986,219.188,Shake
-0.301,1.492,0.580,-281.522,-272.256,-286.685,Shake
0.004,-0.150,0.605,-286.685,-286.685,-234.535,Shake
-0.797,0.662,0.993,-286.685,-279.125,-42.595,Shake
-0.538,0.515,0.583,-286.685,-286.685,-164.229,Shake
0.196,0.380,-0.556,-286.685,-286.685,-286.685,Shake
0.932,-0.363,-1.317,-286.685,-286.685,-286.685,Shake
1.824,-1.423,-1.108,-286.685,-286.685,-219.958,Shake
1.599,-1.809,-0.442,-99.426,101.736,29.391,Shake
0.618,-1.433,-0.691,278.381,286.449,186.270,Shake
0.588,-0.793,-0.575,286.685,257.941,286.370,Shake
0.647,-0.241,-0.559,286.685,212.135,286.685,Shake
0.289,0.097,-0.430,286.685,155.566,184.625,Shake
0.243,0.335,-0.159,286.685,196.604,118.624,Shake
-0.176,1.235,0.302,286.685,126.639,48.221,Shake
-0.098,1.397,0.511,165.069,-45.386,-131.512,Shake
0.342,1.377,0.544,-284.638,-63.446,-24.299,Shake
-0.078,0.699,0.650,-286.685,-33.311,24.360,Shake
0.097,0.393,0.594,-286.685,-138.906,-60.314,Shake
-0.130,-0.160,-0.175,-286.685,-241.614,-42.665,Shake
0.061,-0.471,-1.059,-286.685,-286.685,-26.171,Shake
1.031,-1.457,-1.855,-286.685,-286.685,-64.969,Shake
1.750,-1.999,-1.327,-286.685,-241.421,-49.665,Shake
1.106,-1.999,-0.806,-26.294,137.419,53.191,Shake
0.748,-1.601,-0.927,286.685,286.685,149.415,Shake
0.963,-1.100,-0.826,286.685,278.311,205.678,Shake
0.628,-0.786,-0.783,286.685,265.388,261.957,Shake
0.213,-0.364,-0.004,286.685,242.480,60.016,Shake
0.112,0.105,-0.024,286.685,225.234,3.789,Shake
0.129,0.294,0.424,286.685,229.443,56.315,Shake
-0.297,1.227,1.222,279.536,106.181,96.679,Shake
-0.130,0.507,0.505,-241.535,-115.649,-5.495,Shake
0.376,-0.455,1.168,-261.406,-46.454,-58.984,Shake
-0.024,-0.278,1.397,-139.878,-4.690,17.745,Shake
-0.240,-0.165,1.354,-108.071,-76.370,41.982,Shake
0.010,-0.261,1.300,-262.272,-198.345,-35.280,Shake
0.128,-0.131,1.074,-286.685,-283.999,-30.170,Shake
0.157,-0.308,0.392,-286.685,-286.685,-6.886,Shake
0.486,-0.358,-0.236,-286.685,-286.685,62.615,Shake
0.784,-1.007,-0.699,-286.685,-286.676,130.909,Shake
1.248,-1.894,-0.707,-286.291,-65.503,79.345,Shake
0.979,-1.999,-0.691,10.001,209.484,-13.738,Shake
0.130,-1.346,-0.623,286.685,286.685,-81.830,Shake
0.308,-0.580,-0.663,286.685,286.685,11.323,Shake
0.409,-0.007,-0.467,286.685,286.685,-16.984,Shake
0.118,0.470,-0.389,286.685,286.685,-4.856,Shake
-0.001,1.556,0.695,286.685,228.716,104.746,Shake
-0.399,1.396,1.167,-263.034,59.938,9.153,Shake
-0.070,0.447,0.815,-286.685,-162.365,-182.490,Shake
-0.047,-0.404,0.436,-286.685,-200.585,-172.393,Shake
0.491,-0.910,-0.478,-286.685,-286.685,-226.826,Shake
1.244,-1.943,-0.820,-286.685,-268.494,-254.800,Shake
1.350,-1.999,-0.643,-17.290,129.019,-84.052,Shake
0.689,-1.818,-0.753,286.685,286.685,188.851,Shake
0.418,-0.556,-0.609,286.685,252.516,247.511,Shake
0.529,-0.084,-0.251,286.685,204.724,89.626,Shake
-0.015,0.688,-0.084,286.685,181.414,64.689,Shake
0.121,0.633,0.423,286.685,121.319,7.122,Shake
-0.002,1.139,0.422,250.871,15.837,18.970,Shake
-0.024,1.170,0.712,-255.693,-63.630,88.865,Shake
-0.142,0.713,0.340,-286.685,-229.232,-20.169,Shake
-0.034,-0.032,-0.252,-286.685,-286.685,-45.710,Shake
0.840,-1.233,-1.329,-286.685,-286.685,-123.673,Shake
1.698,-1.999,-1.215,-286.685,-276.999,-215.206,Shake
1.377,-1.999,-1.013,193.104,217.000,-49.936,Shake
0.530,-0.859,-0.998,286.685,285.547,161.744,Shake
0.496,-0.360,-0.584,286.685,218.277,146.160,Shake
0.487,0.076,-0.296,286.685,169.348,15.444,Shake
0.247,0.360,0.011,286.685,162.391,-48.326,Shake
0.252,0.447,0.070,286.685,140.691,-56.542,Shake
0.156,1.160,0.213,280.569,96.723,10.789,Shake
-0.180,1.132,0.630,-237.221,6.834,145.705,Shake
0.256,0.427,0.226,-286.685,-234.299,28.052,Shake
0.234,-0.420,-0.390,-286.685,-277.078,43.234,Shake
0.522,-1.410,-1.265,-286.685,-286.685,20.326,Shake
1.707,-1.999,-1.442,-286.685,-251.431,-154.420,Shake
1.479,-1.999,-1.219,265.562,268.345,-31.167,Shake
0.808,-1.279,-1.301,286.685,286.685,191.441,Shake
1.214,-0.598,-0.720,286.685,286.685,172.848,Shake
0.412,-0.396,-1.217,286.685,286.685,153.571,Shake
0.361,0.618,-1.195,286.685,286.685,188.755,Shake
-0.712,1.997,0.781,286.685,186.742,70.630,Shake
-0.138,1.901,0.731,95.401,-31.561,-177.319,Shake
0.249,1.080,0.373,-286.685,-198.572,-135.214,Shake
-0.019,0.499,0.938,-286.685,-200.637,24.421,Shake
-0.046,0.521,1.437,-286.685,-253.557,-75.066,Shake
-0.005,0.318,0.792,-286.685,-286.685,-239.663,Shake
0.804,-0.267,-0.762,-286.685,-286.685,-286.685,Shake
1.955,-1.594,-1.123,-286.685,-286.685,-284.918,Shake
1.996,-1.999,-0.567,-38.264,162.540,-133.831,Shake
0.357,-0.766,-0.796,286.685,286.685,149.363,Shake
0.661,-0.378,-0.661,286.685,286.685,283.430,Shake
0.825,-0.274,-0.547,286.685,286.685,286.685,Shake
0.174,0.965,-0.892,286.685,286.641,286.685,Shake
-0.864,1.946,0.933,285.215,20.589,169.190,Shake
-0.504,1.430,0.162,-136.036,-234.351,-137.533,Shake
-0.040,0.445,0.160,-286.685,-286.685,-151.550,Shake
-0.193,0.264,0.134,-286.685,-286.685,66.211,Shake
0.080,0.535,0.255,-286.685,-286.685,231.438,Shake
0.262,0.597,-0.275,-286.685,-286.519,280.079,Shake
0.539,-0.177,-1.211,-286.685,-271.626,222.863,Shake
0.937,-1.165,-1.352,-286.685,-180.294,144.104,Shake
1.330,-1.999,-0.958,-284.314,40.206,70.901,Shake
0.867,-1.927,-0.904,285.652,286.685,50.435,Shake
0.666,-0.840,-1.414,286.685,286.685,184.188,Shake
1.109,-0.019,-1.255,286.685,286.685,286.685,Shake
0.671,0.440,-0.818,286.685,286.685,123.060,Shake
-0.062,1.017,-0.310,286.685,286.685,-33.924,Shake
-0.354,1.784,0.394,286.685,285.801,-49.193,Shake
-0.287,1.886,1.284,-173.023,103.950,-100.249,Shake
-0.365,0.622,0.756,-286.685,-89.268,-159.023,Shake
-0.092,-0.084,0.808,-286.685,-158.786,-158.069,Shake
0.283,-0.782,-0.588,-286.685,-244.440,-186.708,Shake
0.850,-1.332,-1.380,-286.685,-286.685,-230.186,Shake
1.322,-1.999,-1.919,-286.685,-271.889,-273.989,Shake
1.519,-1.999,-1.169,-188.134,21.472,-103.119,Shake
1.095,-1.752,-1.352,286.685,286.685,178.395,Shake
1.034,-0.606,-1.181,286.685,286.685,286.685,Shake
0.886,-0.441,-1.335,286.685,286.685,286.685,Shake
0.385,0.317,-0.824,286.685,286.685,286.624,Shake
-0.052,1.377,-0.422,286.685,286.685,286.685,Shake
-0.801,1.997,0.674,278.723,135.039,178.640,Shake
-0.513,1.954,1.053,-256.427,-158.900,-51.625,Shake
-0.250,0.532,0.288,-286.685,-285.836,-252.131,Shake
-0.293,-0.033,0.622,-286.685,-286.685,-248.841,Shake
0.179,-0.458,-0.318,-286.685,-286.685,-247.161,Shake
1.257,-1.472,-1.118,-286.685,-286.685,-286.685,Shake
1.861,-1.999,-0.513,-279.703,-189.954,-209.081,Shake
0.760,-1.875,-0.825,286.685,283.325,78.942,Shake
0.166,-0.589,-0.015,286.685,128.030,239.216,Shake
0.338,0.061,-0.033,286.685,22.382,166.530,Shake
0.374,0.128,0.369,286.685,-59.036,70.429,Shake
0.691,-0.125,0.383,286.685,18.699,40.224,Shake
0.587,0.105,0.527,286.685,199.334,76.221,Shake
0.120,0.734,0.797,286.685,258.029,75.688,Shake
-0.335,1.238,1.196,145.854,111.668,14.438,Shake
-0.257,0.780,0.720,-286.685,-241.587,-96.679,Shake
0.374,0.130,0.575,-286.685,-286.685,-134.557,Shake
0.366,-0.028,0.431,-286.685,-286.685,-148.155,Shake
0.369,-0.237,-0.275,-286.685,-286.685,-208.889,Shake
1.176,-1.436,-1.309,-286.685,-286.685,-247.389,Shake
1.913,-1.999,-0.726,-244.676,-130.471,-155.452,Shake
0.725,-1.035,-0.923,286.685,255.553,-35.709,Shake
0.595,-0.098,-0.578,286.685,134.461,81.445,Shake
0.848,0.033,-0.486,286.685,108.902,31.780,Shake
0.944,-0.275,-0.162,286.685,149.695,-167.195,Shake
0.717,0.079,-0.301,286.685,261.686,-53.603,Shake
0.432,0.785,0.205,286.685,262.902,67.751,Shake
0.171,1.011,0.585,280.770,194.486,60.646,Shake
-0.395,1.240,1.041,-165.769,-82.827,-79.756,Shake
0.274,0.874,0.772,-286.685,-286.685,-216.807,Shake
0.511,0.362,-0.499,-286.685,-286.685,-212.774,Shake
1.325,-0.733,-1.154,-286.685,-286.685,-219.354,Shake
1.998,-1.999,-0.204,-272.326,-39.034,-264.408,Shake
0.859,-1.039,-0.535,286.685,286.685,39.778,Shake
0.527,0.270,-0.975,286.685,266.753,286.685,Shake
0.734,0.447,-0.338,286.685,171.500,280.481,Shake
0.340,1.059,-0.273,286.685,171.579,183.531,Shake
0.123,1.263,-0.436,286.685,72.730,-29.505,Shake
0.098,0.986,-0.107,100.730,21.823,-18.497,Shake
0.166,0.866,0.236,-107.669,42.796,99.199,Shake
-0.281,0.849,0.551,-286.685,-57.759,175.691,Shake
0.522,0.413,0.302,-286.685,-241.439,145.539,Shake
-0.305,-0.224,-1.868,-286.685,-286.554,212.240,Shake
0.535,-0.936,-1.997,-286.685,-286.685,191.406,Shake
1.838,-1.999,-1.997,-286.685,-286.046,26.434,Shake
1.637,-1.999,-1.766,251.947,284.191,-1.173,Shake
1.005,-0.660,-1.997,286.685,286.685,285.854,Shake
1.076,0.065,-1.997,286.685,286.685,286.685,Shake
0.477,1.077,-1.629,286.685,286.685,286.274,Shake
-0.233,1.413,-0.708,286.685,286.685,115.841,Shake
-0.967,1.997,1.508,278.092,242.970,88.427,Shake
-0.785,1.997,1.573,-267.312,18.664,-100.791,Shake
-0.602,0.178,1.098,-286.685,-244.458,-149.450,Shake
-0.281,-0.571,0.372,-286.685,-273.332,-119.516,Shake
0.595,-0.906,-0.979,-286.685,-286.685,-247.371,Shake
1.216,-1.973,-1.871,-286.685,-286.685,-286.685,Shake
1.952,-1.999,-1.456,-115.176,107.713,-217.035,Shake
0.797,-1.866,-1.319,286.685,286.685,112.857,Shake
0.701,-0.577,-1.237,286.685,286.685,286.685,Shake
0.308,0.162,-1.166,286.685,201.145,280.805,Shake
0.335,0.188,-0.576,286.685,219.310,89.390,Shake
-0.270,1.394,-0.328,286.685,233.494,132.982,Shake
-0.252,1.955,0.680,286.396,77.717,181.580,Shake
0.050,1.133,0.862,-273.823,-81.821,87.832,Shake
0.030,0.542,0.715,-286.685,-80.045,53.979,Shake
-0.572,0.204,0.814,-286.685,-72.433,119.577,Shake
-0.155,0.033,-0.300,-286.685,-225.479,-24.229,Shake
0.563,-0.614,-1.997,-286.685,-286.685,-202.265,Shake
0.753,-1.369,-1.997,-286.685,-285.084,-48.545,Shake
1.863,-1.999,-1.646,-255.675,-32.489,-0.919,Shake
0.098,-1.562,-1.600,286.685,286.685,35.709,Shake
0.055,-0.507,-1.536,286.685,286.519,127.969,Shake
0.372,-0.067,-1.259,286.685,237.807,230.667,Shake
0.261,0.424,-1.012,286.685,221.279,158.393,Shake
-0.179,0.902,-0.531,286.685,182.857,107.643,Shake
0.066,1.997,1.209,274.881,129.307,230.781,Shake
-0.136,1.848,0.953,-269.763,85.418,37.336,Shake
-0.313,-0.286,0.068,-286.685,-62.125,-274.181,Shake
-0.360,-1.158,-0.947,-286.685,-271.504,-166.337,Shake
0.835,-1.423,-1.749,-286.685,-286.685,-231.201,Shake
1.555,-1.999,-1.542,-286.519,-188.160,-180.294,Shake
1.227,-1.999,-1.189,143.981,203.429,4.366,Shake
0.170,-1.350,-1.072,286.685,285.967,94.588,Shake
0.603,-0.938,-0.654,286.685,223.449,32.095,Shake
0.447,-0.647,-0.904,286.685,286.685,21.718,Shake
0.263,0.056,-1.082,286.685,265.983,102.445,Shake
0.212,0.965,-0.552,286.685,194.346,229.985,Shake
-0.143,1.958,0.693,286.685,111.974,146.195,Shake
-0.133,1.997,0.863,-93.643,-104.598,79.170,Shake
0.069,1.007,0.452,-286.685,-183.943,-35.096,Shake
-0.006,-0.111,0.283,-286.685,-168.271,-104.615,Shake
-0.130,-0.600,-0.763,-286.685,-286.606,-88.760,Shake
0.895,-1.750,-1.783,-286.685,-286.685,-66.386,Shake
1.466,-1.999,-1.455,-286.685,-283.579,-5.801,Shake
0.949,-1.999,-1.148,4.900,48.772,-61.206,Shake
0.142,-1.155,-1.127,286.685,187.311,-193.725,Shake
0.256,-0.443,-0.931,286.685,126.569,-203.709,Shake
0.185,-0.234,-0.865,286.685,91.805,-84.376,Shake
0.521,0.100,-0.656,286.685,35.385,-164.815,Shake
0.496,0.509,-0.676,286.685,54.705,-140.866,Shake
0.597,1.376,0.085,286.685,179.113,66.640,Shake
0.368,1.400,0.398,-106.584,118.650,-19.451,Shake
0.319,0.775,0.870,-286.685,64.575,-82.959,Shake
-0.513,0.198,0.996,-286.685,-27.562,-10.684,Shake
-0.009,-0.198,-0.422,-286.685,-286.379,45.465,Shake
1.122,-1.290,-1.997,-286.685,-286.685,-55.659,Shake
1.568,-1.999,-1.688,-286.685,-259.367,45.544,Shake
1.070,-1.999,-1.313,75.609,187.635,-92.505,Shake
-0.003,-0.953,-1.356,286.685,278.233,-126.262,Shake
0.364,-0.188,-1.136,286.685,83.475,-22.330,Shake
0.685,-0.305,-0.727,286.685,-36.680,-57.024,Shake
1.077,-0.266,-0.537,286.685,12.171,-172.795,Shake
0.742,-0.007,-0.389,286.685,138.014,-193.165,Shake
0.470,0.585,-0.055,286.685,172.961,-178.841,Shake
0.393,0.778,-0.018,172.445,93.196,-42.761,Shake
-0.041,1.485,0.838,-166.259,36.680,137.217,Shake
0.455,0.872,0.432,-286.685,-197.041,87.798,Shake
0.157,-0.252,-1.744,-286.685,-281.487,42.893,Shake
0.708,-0.971,-1.997,-286.685,-286.685,-25.060,Shake
1.998,-1.999,-1.997,-286.685,-265.055,-144.988,Shake
0.975,-1.729,-1.652,277.427,286.659,-54.670,Shake
0.205,0.131,-1.997,286.685,286.685,205.800,Shake
0.990,0.435,-1.717,286.685,286.685,268.949,Shake
0.692,0.690,-1.260,286.685,286.685,129.115,Shake
0.380,1.027,-0.692,286.685,252.193,89.276,Shake
0.414,1.997,0.624,196.122,93.896,-153.318,Shake
0.243,1.482,0.298,-270.786,39.620,-169.479,Shake
-0.502,0.571,0.354,-286.685,-109.804,-160.982,Shake
-0.403,0.661,0.233,-286.685,-286.685,8.610,Shake
-0.041,-0.066,-1.962,-286.685,-286.685,43.557,Shake
0.859,-1.434,-1.997,-286.685,-286.685,-31.001,Shake
1.939,-1.999,-1.990,-286.685,-285.985,-58.144,Shake
1.314,-1.972,-1.881,286.624,286.685,99.260,Shake
0.477,-0.346,-1.997,286.685,286.685,286.650,Shake
0.473,0.973,-1.714,286.685,286.685,214.594,Shake
0.076,1.389,-0.809,286.685,286.685,35.665,Shake
-0.005,1.337,0.280,286.685,285.460,-100.616,Shake
0.020,1.551,0.912,13.195,208.688,-104.974,Shake
-0.400,1.494,1.217,-286.685,135.870,-4.008,Shake
-0.681,0.180,1.231,-286.685,-115.106,-18.139,Shake
0.118,-0.992,0.449,-286.685,-217.411,-60.174,Shake
0.924,-1.055,-1.344,-286.685,-245.665,-239.321,Shake
1.564,-1.699,-1.951,-286.685,-158.253,-286.685,Shake
1.265,-1.999,-1.336,-283.999,55.213,-156.625,Shake
1.087,-1.999,-1.130,183.715,277.156,65.931,Shake
0.803,-1.068,-1.397,286.685,286.685,286.685,Shake
0.696,-0.165,-0.694,286.685,286.685,286.685,Shake
0.496,0.013,-0.512,286.685,249.428,286.685,Shake
0.396,0.569,-0.730,286.685,251.974,286.685,Shake
-0.094,1.514,0.194,286.685,112.927,284.392,Shake
-0.232,1.906,0.651,210.639,-62.895,79.529,Shake
0.226,1.581,0.663,-263.760,-100.546,49.026,Shake
-0.356,0.430,0.481,-286.685,-60.454,75.092,Shake
-0.574,-0.044,0.363,-286.685,-166.696,41.554,Shake
0.070,-0.496,-1.772,-286.685,-286.685,-106.505,Shake
0.673,-0.943,-1.167,-286.685,-286.685,-133.341,Shake
1.468,-1.504,-1.997,-286.685,-251.519,-149.327,Shake
1.412,-1.999,-1.505,-262.666,101.334,-105.630,Shake
0.315,-1.442,-1.724,286.685,286.685,112.131,Shake
0.581,-0.620,-1.711,286.685,286.685,250.749,Shake
0.738,-0.456,-1.471,286.685,286.685,246.085,Shake
0.407,0.262,-1.065,286.685,255.973,160.764,Shake
0.146,0.748,-0.828,286.685,185.386,51.590,Shake
0.303,1.458,0.286,286.685,171.001,137.909,Shake
-0.335,1.997,1.371,237.947,216.256,149.887,Shake
-0.447,1.172,1.025,-286.685,-40.583,-190.794,Shake
-0.387,-0.413,0.634,-286.685,-249.480,-155.916,Shake
0.432,-0.979,-0.588,-286.685,-286.685,-193.506,Shake
1.026,-1.083,-1.630,-286.685,-251.143,-285.241,Shake
1.024,-1.999,-1.272,-286.685,-194.932,-237.781,Shake
1.269,-1.999,-0.871,49.481,105.683,-153.606,Shake
0.626,-1.305,-1.611,286.685,286.685,124.793,Shake
0.911,0.228,-1.371,286.685,286.554,285.828,Shake
0.420,0.038,-1.385,286.685,250.311,286.685,Shake
0.296,0.696,-0.446,286.685,154.551,218.006,Shake
-0.035,1.620,0.411,286.685,71.173,174.466,Shake
0.244,1.997,1.088,-219.030,-30.214,-34.510,Shake
0.209,0.873,0.323,-286.685,-112.630,-198.651,Shake
0.101,-0.262,0.469,-286.685,-255.946,-202.204,Shake
0.098,-0.823,-0.277,-286.685,-286.685,-140.315,Shake
1.478,-1.289,-1.344,-286.685,-286.685,-225.076,Shake
1.498,-1.975,-1.052,-286.685,-260.426,-156.004,Shake
1.940,-1.999,-1.009,-69.834,75.950,-121.275,Shake
0.701,-1.195,-1.194,286.685,286.685,-11.961,Shake
0.849,-0.453,-1.358,286.685,286.685,95.830,Shake
1.054,-0.096,-1.514,286.685,282.485,248.062,Shake
0.777,0.905,-1.347,286.685,266.682,243.679,Shake
0.327,0.992,-0.360,286.685,286.685,-21.927,Shake
-0.389,1.874,0.466,286.256,249.375,-130.121,Shake
-0.611,1.997,0.521,-263.191,-51.196,-74.629,Shake
-0.793,1.171,0.098,-286.685,-273.271,-57.557,Shake
0.273,0.470,-0.001,-286.685,-286.685,-33.994,Shake
-0.037,0.339,-0.463,-286.685,-286.685,-21.656,Shake
0.225,-0.452,-1.997,-286.685,-286.685,3.237,Shake
1.017,-1.024,-1.997,-286.685,-286.685,-122.850,Shake
1.998,-1.999,-1.988,-233.345,-87.561,-138.469,Shake
0.737,-1.137,-1.997,286.685,286.685,283.509,Shake
0.521,0.839,-1.630,286.685,286.685,286.685,Shake
0.106,1.242,-0.627,286.685,286.676,273.367,Shake
-0.495,0.857,-0.413,286.685,206.150,205.581,Shake
-0.392,0.643,0.152,286.685,115.351,171.614,Shake
0.114,1.525,1.295,59.447,199.167,115.115,Shake
-0.196,0.962,0.852,-286.685,231.761,-87.920,Shake
-1.245,-0.340,-0.452,-286.685,-38.456,-51.153,Shake
-0.263,-1.075,-1.997,-286.685,-286.685,-96.688,Shake
0.731,-1.289,-1.997,-286.685,-286.685,-97.851,Shake
1.983,-1.999,-1.997,-284.270,-134.908,-68.031,Shake
0.924,-1.999,-1.940,251.055,284.174,269.098,Shake
0.398,-1.015,-1.997,286.685,286.685,286.685,Shake
0.310,-0.584,-1.486,286.685,286.685,283.832,Shake
-0.516,0.111,-1.044,286.685,249.393,177.984,Shake
-1.328,0.943,-0.504,286.685,95.323,142.992,Shake
-0.682,0.811,-0.504,286.685,-218.102,36.444,Shake
0.554,1.162,-0.128,241.745,-123.349,125.317,Shake
0.818,1.350,0.263,-285.880,81.988,94.141,Shake
-0.129,0.627,0.530,-286.685,249.646,123.156,Shake
-1.999,-0.259,-0.886,-286.685,116.681,215.049,Shake
-1.114,-1.106,-1.997,-286.685,-286.685,23.817,Shake
1.174,-1.999,-1.997,-286.685,-286.685,-202.554,Shake
1.481,-1.999,-1.818,-31.675,-135.975,-59.684,Shake
-1.080,-1.623,-1.997,286.685,286.685,-163.223,Shake
-1.726,-0.185,-1.500,286.685,134.934,-286.685,Shake
-1.303,0.396,-1.268,286.685,-33.294,-286.685,Shake
-1.299,1.045,-1.384,286.685,-173.801,-286.685,Shake
-0.525,0.610,-0.979,286.685,-172.296,-267.829,Shake
0.153,0.535,-0.725,286.685,-58.660,-107.100,Shake
0.741,1.369,-0.145,247.494,149.319,103.740,Shake
1.038,0.788,0.492,-286.466,267.426,137.804,Shake
0.522,0.326,0.914,-286.685,286.685,286.239,Shake
-1.677,-0.389,0.987,-286.685,286.685,286.685,Shake
-1.969,-0.793,-1.428,-286.685,-152.626,269.168,Shake
-0.303,-1.999,-1.997,-286.685,-286.685,139.746,Shake
0.652,-1.999,-1.744,11.970,43.251,-54.294,Shake
-1.023,-1.999,-1.997,286.685,286.685,-286.685,Shake
-1.668,-0.923,-1.221,286.685,279.842,-286.685,Shake
-0.871,0.107,-0.749,286.685,102.401,-286.685,Shake
-1.116,-0.333,-1.117,286.685,21.788,-286.685,Shake
-0.904,0.523,-1.305,286.685,-95.436,-245.717,Shake
0.761,1.266,-0.945,286.685,-116.007,-52.465,Shake
1.566,1.453,-0.217,87.351,-45.631,39.296,Shake
1.076,0.936,0.076,-286.685,271.591,231.114,Shake
-0.616,-0.308,0.368,-286.685,286.685,286.685,Shake
-1.933,-0.495,-1.329,-286.685,94.999,286.685,Shake
-0.770,-1.935,-1.997,-286.685,-279.720,140.595,Shake
1.900,-1.999,-1.875,-273.700,-241.964,9.144,Shake
0.148,-1.976,-1.758,286.685,286.685,-265.545,Shake
-0.858,-0.603,-1.319,286.685,286.659,-286.685,Shake
-0.682,-0.105,-1.243,286.685,147.682,-286.685,Shake
-0.487,0.326,-1.266,286.685,28.779,-284.130,Shake
-0.021,1.309,-1.086,286.685,-150.019,-204.829,Shake
1.044,0.270,-0.584,286.685,-23.966,-199.071,Shake
0.918,1.295,0.014,181.659,258.816,198.992,Shake
0.904,1.131,0.908,-260.776,285.513,217.525,Shake
-0.300,-0.318,0.656,-286.685,286.685,286.685,Shake
-1.219,-1.183,-0.855,-286.685,162.295,279.589,Shake
0.087,-1.999,-1.997,-286.685,-235.139,10.377,Shake
0.781,-1.999,-1.756,-113.540,-33.740,-0.700,Shake
-0.283,-1.969,-1.515,286.685,174.274,-153.423,Shake
-0.779,-0.502,-1.060,286.685,80.176,-286.685,Shake
-0.545,-0.025,-0.787,286.685,-71.260,-286.685,Shake
-0.319,0.525,-1.125,286.685,-106.041,-286.685,Shake
-0.132,0.563,-0.982,286.685,-80.552,-286.685,Shake
0.165,0.617,-1.340,286.685,93.459,-190.173,Shake
0.961,1.093,-0.499,286.685,223.501,50.619,Shake
1.114,1.547,0.460,-238.009,286.685,130.830,Shake
0.278,0.205,0.747,-286.685,286.685,267.811,Shake
-1.609,-0.240,0.339,-286.685,286.685,286.685,Shake
-1.139,-0.901,-1.970,-286.685,-143.806,167.484,Shake
0.514,-1.999,-1.997,-286.685,-286.685,39.498,Shake
1.482,-1.999,-1.742,-45.369,57.234,-48.939,Shake
0.056,-1.568,-1.795,286.685,286.685,-286.457,Shake
-0.797,-0.969,-1.995,286.685,286.685,-286.685,Shake
-0.637,-0.193,-1.976,286.685,175.009,-253.295,Shake
-0.585,0.795,-1.836,286.685,-5.565,-117.259,Shake
0.386,0.638,-0.625,286.685,-86.564,-130.331,Shake
0.727,0.642,-0.374,286.685,81.655,51.905,Shake
1.462,1.546,0.970,34.554,155.409,111.912,Shake
0.042,0.460,1.004,-286.685,286.685,188.352,Shake
-1.468,-0.392,-0.265,-286.685,161.910,232.041,Shake
-0.443,-1.241,-1.959,-286.685,-266.586,18.069,Shake
0.871,-1.999,-1.997,-286.685,-276.272,88.419,Shake
1.067,-1.999,-1.269,179.165,175.822,-69.702,Shake
-0.980,-0.686,-1.488,286.685,286.186,-255.745,Shake
-0.387,0.055,-1.480,286.685,79.126,-286.685,Shake
-0.264,0.424,-1.111,286.685,-12.679,-286.685,Shake
-0.084,0.723,-1.370,286.685,-16.380,-285.941,Shake
0.520,1.403,-0.662,286.685,141.601,95.576,Shake
1.390,1.993,0.509,-179.165,134.146,136.587,Shake
1.022,0.653,0.340,-286.685,285.469,264.959,Shake
-1.730,-0.693,0.171,-286.685,283.955,286.685,Shake
-1.280,-1.369,-1.997,-286.685,-187.819,245.551,Shake
1.246,-1.999,-1.997,-286.685,-283.649,159.836,Shake
1.197,-1.999,-1.942,243.005,281.776,-134.943,Shake
-0.674,-1.567,-1.997,286.685,286.685,-272.720,Shake
-1.244,-0.041,-1.997,286.685,286.370,-211.470,Shake
-0.573,1.059,-1.899,286.685,2.957,-68.329,Shake
-0.351,1.077,-1.285,286.685,-234.806,-38.850,Shake
0.648,1.107,-0.752,286.685,-216.116,-87.736,Shake
1.799,1.740,-0.241,226.511,-114.923,-8.619,Shake
1.450,1.253,0.368,-286.361,276.596,137.716,Shake
-0.161,-0.285,0.411,-286.685,286.685,286.685,Shake
-1.881,-0.497,-0.590,-286.685,260.033,283.115,Shake
-0.616,-1.394,-1.997,-286.685,-259.350,-120.575,Shake
1.083,-1.999,-1.997,-286.685,-286.650,-75.967,Shake
1.168,-1.999,-1.557,266.761,244.151,-93.363,Shake
-0.833,-0.761,-1.997,286.685,286.676,-148.794,Shake
-0.527,0.658,-1.752,286.685,28.954,-217.175,Shake
-0.396,1.087,-1.749,286.685,-96.897,-221.629,Shake
0.172,0.837,-0.777,286.685,-143.465,-108.115,Shake
1.187,1.178,-0.175,251.247,-28.044,-5.434,Shake
1.768,0.545,0.973,-286.029,254.424,149.117,Shake
0.027,-0.297,0.528,-286.685,286.685,286.685,Shake
-1.717,-0.767,-0.319,-286.685,228.322,198.861,Shake
0.070,-1.999,-1.997,-286.685,-277.979,-112.368,Shake
1.206,-1.999,-1.938,-284.777,-170.240,48.256,Shake
0.202,-1.845,-1.490,286.685,284.086,-117.609,Shake
-0.613,-0.491,-1.590,286.685,271.941,-264.994,Shake
-0.587,0.121,-1.474,286.685,139.256,-286.685,Shake
-0.374,0.651,-1.638,286.685,-16.555,-286.685,Shake
-0.172,0.893,-0.904,286.685,-43.208,-286.633,Shake
0.253,0.582,-0.833,286.685,32.069,-116.401,Shake
1.152,1.929,0.399,244.615,152.504,148.908,Shake
1.653,1.808,0.938,-262.841,270.480,93.214,Shake
-0.626,-0.044,0.757,-286.685,286.685,271.521,Shake
-1.928,-1.093,-0.548,-286.685,55.431,286.685,Shake
0.344,-1.999,-1.997,-286.685,-286.685,131.827,Shake
1.340,-1.999,-1.997,-285.329,-76.353,24.028,Shake
0.770,-1.999,-1.529,168.061,276.920,-70.114,Shake
-0.462,-0.778,-1.107,286.685,286.685,-261.450,Shake
-0.429,-0.274,-1.076,286.685,280.263,-286.685,Shake
-0.337,-0.223,-0.978,286.685,141.295,-100.363,Shake
0.128,0.535,-1.150,286.685,94.544,28.481,Shake
0.988,1.413,-0.181,286.685,104.554,267.006,Shake
0.734,1.463,1.140,-229.241,176.444,24.640,Shake
-0.462,-0.790,0.570,-286.685,5.399,-27.108,Shake
0.376,-1.999,0.808,-286.685,-164.806,-5.093,Shake
0.827,-1.999,0.981,-76.457,-52.649,13.589,Shake
0.220,-1.220,0.728,286.685,-31.272,-36.111,Shake
0.204,-0.582,0.282,286.685,-134.137,-4.200,Shake
0.397,-0.384,0.390,249.034,-146.886,27.720,Shake
0.491,-0.041,0.442,39.646,-143.684,-26.486,Shake
0.749,-0.615,0.211,-77.945,-103.644,-69.510,Shake
0.710,-0.757,0.294,-40.757,-39.524,-36.505,Shake
0.478,-0.525,0.414,5.259,-3.946,-30.013,Shake
0.417,-0.323,-0.040,-103.276,-49.928,-115.412,Shake
0.590,-0.693,0.040,-13.344,-68.469,-104.948,Shake
0.480,-0.219,-0.419,57.085,21.105,-39.944,Shake
0.647,0.272,-0.014,277.051,94.290,31.395,Shake
0.350,0.759,0.460,99.838,242.296,198.669,Shake
0.013,0.656,1.534,-286.685,92.435,182.350,Shake
-0.091,-0.828,0.122,-286.685,-23.695,220.220,Shake
0.518,-1.848,-1.573,-286.685,-106.846,253.794,Shake
1.493,-1.999,-1.635,-286.685,-39.077,-12.985,Shake
0.471,-1.999,-1.459,283.614,285.495,-162.881,Shake
-0.498,-1.395,-1.824,286.685,270.926,-279.265,Shake
-0.391,0.429,-1.672,286.685,128.511,-286.685,Shake
-1.200,1.078,-1.997,286.685,-10.561,-171.255,Shake
1.183,1.026,-1.082,286.685,-59.421,-219.004,Shake
1.616,1.716,0.285,176.811,284.970,194.819,Shake
0.541,1.197,0.822,-267.400,286.685,18.690,Shake
-1.623,-0.341,1.388,-286.685,222.154,-72.415,Shake
0.091,-1.999,-0.115,-286.685,-245.962,-13.256,Shake
1.998,-1.999,-0.989,-286.685,-177.529,-284.690,Shake
0.732,-1.999,-0.757,275.047,197.846,-201.548,Shake
-0.041,-0.948,-0.629,286.685,145.005,-145.792,Shake
0.055,0.082,-0.374,286.685,68.723,-132.265,Shake
0.657,0.398,0.312,286.685,-5.136,-232.068,Shake
0.594,0.187,0.126,225.680,33.355,-286.204,Shake
0.453,0.212,0.112,143.334,94.526,-195.913,Shake
0.074,0.360,0.103,84.595,92.216,-118.921,Shake
-0.222,0.594,-0.274,111.772,13.536,-38.859,Shake
-0.106,0.603,-0.463,251.904,-29.032,36.400,Shake
-0.278,0.540,-0.670,285.189,-63.787,175.193,Shake
0.125,0.662,-0.006,286.650,6.878,286.685,Shake
1.181,1.430,0.323,-150.141,216.431,286.676,Shake
0.821,0.304,0.884,-286.685,286.685,282.853,Shake
-1.612,-0.659,-0.194,-286.685,172.961,286.685,Shake
-0.680,-1.999,-1.997,-286.685,-286.562,269.106,Shake
1.998,-1.999,-1.997,-253.934,-224.306,-58.345,Shake
0.201,-1.999,-1.997,286.685,286.685,-286.685,Shake
-0.706,-0.959,-1.997,286.685,286.685,-286.685,Shake
-1.207,0.140,-1.997,286.685,269.929,-286.685,Shake
-1.082,0.222,-1.986,286.685,47.294,-286.685,Shake
-0.668,1.247,-1.997,286.685,-79.336,-212.135,Shake
1.003,1.997,-0.669,266.455,105.446,135.958,Shake
0.947,1.971,-0.695,-214.769,286.685,76.493,Shake
0.369,0.900,-0.235,-286.685,286.685,171.264,Shake
-1.999,-0.314,0.326,-286.685,286.449,286.685,Shake
-0.486,-1.343,-1.997,-286.685,-284.314,-139.309,Shake
1.938,-1.999,-1.997,-286.685,-286.685,-29.321,Shake
1.924,-1.999,-1.997,76.694,-32.786,-103.967,Shake
-0.419,-1.841,-1.997,286.685,286.685,-286.685,Shake
-1.291,-0.224,-1.997,286.685,280.560,-286.685,Shake
-1.319,0.724,-1.997,286.685,65.975,-286.685,Shake
-1.122,0.819,-1.997,286.685,9.441,-61.810,Shake
0.370,1.997,-1.471,286.659,-50.557,-103.320,Shake
1.190,0.663,-0.775,-161.324,103.731,-89.224,Shake
0.675,0.869,0.030,-286.685,286.685,286.685,Shake
-0.548,0.531,0.722,-286.685,286.685,286.685,Shake
-1.999,-1.006,0.017,-286.685,219.747,89.154,Shake
-1.004,-1.973,-1.997,-286.685,-286.685,-87.701,Shake
1.998,-1.999,-1.997,-284.060,-277.848,182.262,Shake
0.763,-1.999,-1.997,286.685,285.582,-178.754,Shake
-0.687,-1.465,-1.695,286.685,286.685,-286.685,Shake
-1.016,-0.208,-0.993,286.685,286.090,-286.685,Shake
-1.163,0.522,-1.748,286.685,154.227,-286.685,Shake
-0.902,1.015,-1.997,286.685,-16.231,-168.639,Shake
-0.034,1.816,-1.578,286.685,-108.588,-85.820,Shake
1.762,1.561,-0.836,237.449,-94.054,-50.444,Shake
1.442,1.482,-0.132,-286.685,286.685,205.511,Shake
-1.133,-0.281,1.066,-286.685,286.685,286.685,Shake
-1.999,-1.585,-1.997,-286.685,-53.847,256.760,Shake
-0.399,-1.999,-1.997,-286.685,-286.685,6.475,Shake
1.850,-1.999,-1.997,-62.895,-222.381,-67.305,Shake
-0.764,-1.289,-1.793,286.685,286.615,-286.685,Shake
-1.142,-0.060,-1.345,286.685,174.370,-286.685,Shake
-1.466,0.017,-1.258,286.685,58.555,-286.685,Shake
-1.748,-0.665,-1.997,286.685,106.356,-286.685,Shake
-0.403,0.955,-1.997,286.685,101.404,-157.946,Shake
0.484,1.997,-1.397,263.620,116.209,39.830,Shake
1.993,0.920,-0.522,-286.685,282.520,-35.717,Shake
0.179,0.597,1.052,-286.685,286.685,286.685,Shake
-1.677,0.209,0.888,-286.685,286.685,286.685,Shake
-1.280,-0.879,-1.997,-286.685,-196.945,40.241,Shake
1.197,-1.999,-1.997,-286.685,-286.685,119.639,Shake
0.172,-1.999,-1.997,215.285,218.697,-7.017,Shake
-1.125,-1.710,-1.997,286.685,286.685,-286.685,Shake
-0.996,-0.344,-1.127,286.685,198.879,-286.685,Shake
-0.714,-0.035,-1.110,286.685,33.014,-286.685,Shake
-0.900,0.706,-1.962,286.685,20.300,-286.606,Shake
-0.949,1.427,-1.997,286.685,-55.982,-109.445,Shake
0.740,1.615,-1.714,237.116,-102.034,-72.494,Shake
1.330,1.331,-0.982,-182.674,270.043,160.527,Shake
0.471,0.840,-0.722,-286.685,286.685,286.685,Shake
-1.999,0.431,-1.896,-286.685,286.685,285.372,Shake
-1.941,-1.966,-1.997,-286.685,-285.644,-35.945,Shake
1.374,-1.999,-1.997,-286.676,-285.793,87.482,Shake
-0.258,-1.999,-1.997,286.685,232.330,-84.184,Shake
-0.822,-0.858,-1.091,286.685,216.676,-286.685,Shake
-0.255,-0.566,-0.681,286.685,92.601,-286.685,Shake
-0.877,0.039,-1.158,286.685,65.765,-286.685,Shake
-1.080,0.799,-1.652,286.685,27.484,-272.615,Shake
-1.141,1.243,-1.996,286.685,-219.292,-153.956,Shake
-0.554,1.209,-1.717,286.685,-286.685,-100.774,Shake
1.684,0.951,-0.982,170.616,-115.159,71.619,Shake
1.998,0.738,-0.700,-209.449,264.688,252.158,Shake
0.351,0.607,0.686,-286.685,286.685,286.685,Shake
-1.999,0.019,-0.804,-286.685,286.300,286.685,Shake
-1.999,-1.999,-1.997,-286.685,-276.684,286.685,Shake
1.577,-1.999,-1.997,-233.284,-276.579,45.045,Shake
-0.291,-1.999,-1.997,284.760,248.666,-285.565,Shake
-1.243,-0.827,-1.014,286.685,286.641,-286.685,Shake
-0.381,-0.555,-0.586,286.685,107.065,-286.685,Shake
-1.008,-0.491,-0.745,286.685,168.105,-286.685,Shake
-1.786,-0.043,-1.956,286.685,175.621,-286.685,Shake
-1.248,0.885,-1.997,286.685,-39.226,-283.693,Shake
-0.078,1.792,-1.997,286.685,-173.827,-139.956,Shake
1.998,0.730,-1.127,-127.776,167.974,-102.848,Shake
0.545,1.580,0.136,-286.685,286.685,286.580,Shake
-1.999,0.186,-0.191,-286.685,263.830,286.685,Shake
-1.999,-1.281,-1.997,-286.685,-260.846,286.685,Shake
1.269,-1.999,-1.997,-286.685,-286.685,281.155,Shake
0.009,-1.999,-1.997,262.605,286.685,-77.954,Shake
-1.511,-1.184,-1.997,286.685,286.685,20.799,Shake
0.564,-0.633,-1.743,286.685,10.045,2.030,Shake
0.233,-0.493,-1.359,286.685,-59.412,-75.040,Shake
0.433,0.278,-1.145,286.685,-48.519,-12.373,Shake
1.359,1.997,1.268,235.497,-45.430,236.189,Shake
0.737,1.443,-0.971,-286.685,87.062,-247.494,Shake
-0.386,-0.330,-1.367,-286.685,-7.901,-178.675,Shake
-0.235,-0.934,-1.694,-286.685,-279.318,-97.834,Shake
1.118,-1.181,-1.997,-286.685,-286.685,-40.232,Shake
1.998,-1.999,-1.355,-279.519,31.246,-58.800,Shake
0.908,-1.999,-1.242,286.685,286.685,-152.128,Shake
-0.022,-0.943,-1.997,286.685,286.685,160.405,Shake
0.665,0.182,-1.997,286.685,224.158,286.685,Shake
0.003,1.474,-1.214,286.685,47.731,223.562,Shake
0.217,1.997,-0.758,173.521,-135.747,-235.209,Shake
1.098,1.213,0.030,-277.506,-156.809,-245.000,Shake
-0.165,0.551,-0.337,-286.685,209.921,29.409,Shake
-1.085,-0.479,-0.535,-286.685,-91.516,-105.910,Shake
-0.238,-1.252,-1.825,-286.685,-286.685,-1.024,Shake
1.998,-1.999,-1.997,-286.685,-286.685,-166.801,Shake
1.998,-1.999,-1.199,189.691,116.340,41.877,Shake
0.927,-1.943,-1.997,286.685,286.685,260.103,Shake
1.312,-0.427,-1.997,286.685,286.685,286.685,Shake
-0.348,1.997,-1.972,286.685,239.592,286.685,Shake
-0.167,1.997,0.906,280.997,94.369,265.685,Shake
0.425,1.695,-0.508,-286.685,92.085,-261.853,Shake
-1.133,-0.739,-1.371,-286.685,-41.099,-187.171,Shake
-0.413,-1.006,-1.997,-286.685,-286.685,-10.509,Shake
0.775,-1.999,-1.997,-286.685,-286.685,-174.720,Shake
1.994,-1.999,-1.683,-35.455,54.932,-7.061,Shake
0.138,-1.806,-1.997,286.685,286.685,286.685,Shake
-0.133,1.153,-1.406,286.685,178.789,272.737,Shake
-0.256,1.007,-0.659,286.685,202.090,79.546,Shake
-0.692,1.628,0.573,275.677,101.238,188.842,Shake
-0.231,0.890,1.069,-286.685,-74.603,35.324,Shake
-1.218,-0.384,-0.774,-286.685,-45.106,-82.906,Shake
-0.735,-0.490,-1.997,-286.685,-259.052,-177.380,Shake
1.090,-1.990,-1.997,-286.685,-286.685,-286.685,Shake
1.869,-1.999,-1.534,57.181,85.662,-50.610,Shake
-0.431,-1.927,-1.997,286.685,286.685,102.349,Shake
-1.198,0.620,-1.996,286.685,189.508,97.186,Shake
-0.707,1.009,-1.045,286.685,-73.561,-76.090,Shake
-0.267,0.538,-1.458,286.685,-148.190,-114.450,Shake
1.465,1.684,-0.167,286.685,-13.807,232.706,Shake
0.473,1.320,0.050,-280.735,277.646,-10.307,Shake
-1.131,-0.007,-0.122,-286.685,235.585,-33.460,Shake
-0.969,-0.498,-1.707,-286.685,-138.758,-50.400,Shake
0.910,-1.477,-1.997,-286.685,-284.419,-225.557,Shake
1.697,-1.999,-1.997,-286.685,-74.979,-155.444,Shake
-0.085,-1.998,-1.896,286.676,286.554,-1.470,Shake
-0.492,-0.997,-1.997,286.685,286.685,63.910,Shake
0.170,-0.139,-1.997,286.685,143.246,50.715,Shake
0.223,1.141,-1.070,286.685,30.021,91.761,Shake
0.901,1.997,0.108,209.387,179.655,115.071,Shake
-0.664,1.984,-0.189,-286.606,166.652,-149.651,Shake
-0.590,-0.271,-1.997,-286.685,-282.695,-286.685,Shake
1.933,-1.999,-1.997,-286.685,-286.685,-286.685,Shake
1.998,-1.999,-1.766,-142.835,-21.989,-144.436,Shake
0.931,-1.999,-1.997,286.685,286.685,131.889,Shake
0.045,-0.996,-1.997,286.685,286.414,162.111,Shake
0.244,-0.547,-1.609,286.685,180.504,-118.510,Shake
-0.031,-0.075,-1.420,286.685,174.440,-193.200,Shake
0.257,1.139,-1.132,286.685,120.846,-106.312,Shake
0.879,1.965,-0.217,286.685,168.009,133.376,Shake
0.167,1.997,0.313,-246.146,123.060,-129.570,Shake
-0.204,0.593,-0.428,-286.685,-122.168,-286.685,Shake
0.739,-1.011,-1.057,-286.685,-286.685,-286.685,Shake
1.988,-1.999,-0.157,-283.036,-245.569,-286.685,Shake
1.975,-1.999,-0.030,250.705,224.866,-143.658,Shake
1.079,-1.364,-1.930,286.685,286.685,286.545,Shake
0.908,0.840,-1.879,286.685,168.114,286.685,Shake
0.411,1.848,-0.918,286.685,-78.409,269.141,Shake
1.684,1.997,-0.023,285.390,-157.614,43.033,Shake
0.846,1.997,-0.098,-286.685,259.858,-161.831,Shake
-0.540,0.525,-1.234,-286.685,-54.784,-286.685,Shake
0.791,-0.316,-1.328,-286.685,-286.685,-286.685,Shake
1.713,-1.999,-0.617,-285.276,-286.685,-153.641,Shake
1.998,-1.999,0.638,242.550,-147.709,104.912,Shake
1.178,-1.111,-1.277,286.685,218.400,286.685,Shake
1.033,1.311,-1.601,286.685,168.429,286.685,Shake
1.003,1.536,-1.447,286.685,282.485,286.685,Shake
0.821,1.997,0.770,263.839,237.335,232.951,Shake
-0.764,1.508,-0.076,-286.685,280.849,-286.685,Shake
-1.342,0.032,-0.554,-286.685,-276.719,-286.685,Shake
0.635,-1.191,-1.991,-286.685,-286.685,-225.173,Shake
1.826,-1.999,-1.284,-253.242,-269.763,-64.006,Shake
1.061,-1.993,-0.316,263.629,188.807,128.730,Shake
0.075,-1.011,-1.511,286.685,272.685,286.606,Shake
1.173,-0.674,-0.635,286.685,143.369,286.685,Shake
0.839,0.026,0.181,286.685,286.685,285.932,Shake
-1.632,1.264,1.528,127.470,286.685,69.195,Shake
-0.845,-0.514,0.273,-286.685,-96.338,-286.685,Shake
1.001,-1.786,0.048,-286.685,-196.717,-286.685,Shake
0.680,-1.999,-0.186,-286.685,-4.883,-286.685,Shake
0.952,-1.999,-0.174,-280.508,45.972,-186.489,Shake
1.276,-1.999,0.249,250.880,179.454,62.519,Shake
0.509,-1.131,-0.000,286.685,286.685,186.296,Shake
0.138,0.539,0.097,286.685,286.685,170.887,Shake
-0.230,1.968,0.927,286.685,286.685,190.855,Shake
-1.426,1.997,1.382,-270.506,42.026,-247.249,Shake
0.935,0.404,-0.596,-286.685,-286.685,-286.685,Shake
1.998,-1.955,-1.134,-286.685,-284.156,-286.685,Shake
1.998,-1.999,-0.827,-192.824,-9.826,-276.465,Shake
0.781,-1.999,-0.540,286.160,281.242,-38.666,Shake
-0.006,-0.259,-0.762,286.685,186.988,116.804,Shake
0.310,0.725,-0.726,286.685,-10.132,7.298,Shake
0.592,1.433,-0.469,286.685,-98.088,-176.391,Shake
1.351,1.994,-0.029,196.079,-115.666,-247.214,Shake
0.425,1.903,-0.050,-286.685,115.622,-218.304,Shake
0.113,0.759,-0.367,-286.685,-202.580,-286.685,Shake
1.904,-1.525,-0.413,-286.685,-284.060,-286.685,Shake
1.712,-1.999,0.536,195.904,169.803,-125.230,Shake
0.872,-0.806,-0.373,286.685,286.685,251.221,Shake
0.736,0.678,-0.619,286.685,166.784,286.685,Shake
0.986,1.641,-0.730,286.685,-9.109,286.029,Shake
0.739,1.773,-0.648,286.685,51.284,158.279,Shake
0.945,1.997,-0.418,286.685,63.857,70.315,Shake
0.174,1.997,0.204,-213.902,273.376,61.232,Shake
-1.510,1.226,-0.941,-286.685,-7.954,-190.094,Shake
-0.338,0.467,-1.774,-286.685,-286.685,-139.475,Shake
1.664,-1.999,-1.578,-286.685,-286.685,-44.257,Shake
1.530,-1.999,0.083,282.345,217.193,169.601,Shake
1.366,-0.572,-1.498,286.685,286.685,286.685,Shake
0.999,1.712,-1.386,286.685,286.685,286.685,Shake
-0.428,1.997,0.545,286.685,286.685,286.685,Shake
-1.946,1.665,0.407,-285.836,96.381,-117.171,Shake
-0.100,-0.988,-0.725,-286.685,-286.685,-273.919,Shake
0.951,-1.999,-0.521,-286.685,-263.008,6.912,Shake
1.388,-1.999,-0.510,-286.519,-52.246,31.124,Shake
1.219,-1.999,-0.056,286.685,225.995,39.331,Shake
1.012,-1.415,-1.370,286.685,286.685,286.685,Shake
0.308,0.977,-0.955,286.685,272.641,286.685,Shake
-0.696,1.997,1.535,270.918,128.730,119.114,Shake
0.058,1.722,0.127,-286.685,-88.891,-286.676,Shake
0.415,-0.263,-1.402,-286.685,-199.841,-286.685,Shake
1.465,-1.562,-1.254,-286.685,-229.451,-283.938,Shake
1.671,-1.999,0.138,-247.048,-65.774,-105.945,Shake
0.194,-1.800,-0.238,286.685,278.416,225.759,Shake
0.089,0.462,0.349,286.685,76.755,234.701,Shake
0.836,1.975,0.896,254.712,237.947,-69.177,Shake
-0.087,1.776,0.686,-244.492,279.554,-269.176,Shake
0.048,0.176,-1.208,-286.685,-138.915,-286.685,Shake
1.424,-1.999,-0.785,-286.685,-286.685,-150.553,Shake
0.837,-1.999,1.033,172.891,-21.971,151.086,Shake
0.103,-1.999,0.635,286.685,-11.743,101.448,Shake
0.229,-0.366,0.214,286.685,-77.140,-53.174,Shake
-0.165,0.654,-0.720,286.685,-85.391,-121.721,Shake
-0.636,1.102,-0.876,286.685,-267.356,-115.027,Shake
0.346,1.241,-0.930,-107.082,-286.685,7.858,Shake
0.506,0.423,-0.716,-286.685,-286.685,118.423,Shake
0.960,-0.316,0.431,-286.685,-242.016,286.685,Shake
1.930,-0.333,1.148,-286.685,70.210,286.685,Shake
-0.550,-0.333,0.418,-286.685,76.510,286.685,Shake
-1.466,-0.840,-1.671,-286.685,-75.128,286.685,Shake
-0.356,-1.999,-1.997,-286.685,-213.010,286.685,Shake
1.105,-1.999,-1.948,-263.672,82.495,29.837,Shake
-0.085,-1.762,-1.226,286.641,286.685,-286.685,Shake
-1.286,-0.988,-1.989,286.685,286.685,-286.685,Shake
-1.552,-0.084,-1.997,286.685,286.151,-246.444,Shake
-0.996,0.631,-1.560,286.685,15.750,-220.675,Shake
-0.218,1.375,-0.949,286.685,-77.989,-273.420,Shake
1.896,1.117,-0.508,286.685,50.592,-212.747,Shake
1.897,1.997,0.414,-168.210,286.685,189.026,Shake
0.560,1.304,0.761,-286.685,286.685,180.005,Shake
-1.999,0.169,-0.517,-286.685,285.661,204.111,Shake
0.156,-1.604,-1.997,-286.685,-280.997,-286.685,Shake
1.998,-1.999,-1.997,-286.685,-263.436,43.680,Shake
1.254,-1.999,-1.997,-172.296,262.316,-64.348,Shake
-0.945,-1.424,-1.874,286.685,286.685,-132.352,Shake
-0.519,-0.366,-1.199,286.685,123.235,-266.954,Shake
-0.441,0.118,-1.055,286.685,72.581,-286.685,Shake
-0.942,0.740,-1.406,286.685,-1.278,-286.685,Shake
-1.125,0.682,-1.665,286.685,-62.667,-286.685,Shake
-0.144,0.858,-1.400,286.685,-7.884,-102.707,Shake
1.423,1.944,-0.952,257.828,62.895,135.144,Shake
1.898,1.023,0.201,-286.685,284.681,210.070,Shake
-0.032,0.000,0.771,-286.685,286.685,286.685,Shake
-1.999,0.614,-1.347,-286.685,264.801,286.685,Shake
-1.273,-1.999,-1.997,-286.685,-286.685,149.467,Shake
1.933,-1.999,-1.997,-223.851,-237.484,140.840,Shake
-1.049,-1.493,-1.978,286.685,286.685,-285.040,Shake
-1.492,-0.794,-1.736,286.685,286.685,-286.685,Shake
-0.788,-0.226,-0.891,286.685,268.467,-286.685,Shake
-1.294,-0.142,-1.550,286.685,235.288,-286.685,Shake
-1.280,0.220,-1.977,286.685,114.196,-286.685,Shake
-0.334,1.276,-1.777,286.685,-23.292,-232.837,Shake
1.047,1.960,-1.506,178.867,205.100,-11.226,Shake
1.622,1.526,-0.105,-249.883,286.685,-14.490,Shake
-0.398,0.100,0.043,-286.685,286.685,264.897,Shake
-1.999,0.061,0.187,-286.685,286.685,286.685,Shake
-1.745,-0.432,-1.997,-286.685,-116.147,-162.006,Shake
1.613,-1.999,-1.997,-286.685,-286.685,-109.209,Shake
0.110,-1.999,-1.997,273.166,255.911,67.253,Shake
-1.510,-1.003,-1.997,286.685,284.865,-285.582,Shake
-0.613,-0.302,-0.880,286.685,106.155,-286.685,Shake
-0.764,-0.214,-1.020,286.685,54.801,-286.685,Shake
-1.085,0.246,-1.466,286.685,-36.899,-286.685,Shake
-0.688,0.330,-1.938,286.685,-35.840,-286.379,Shake
0.036,0.964,-1.975,286.685,71.768,-34.781,Shake
1.015,1.997,-1.002,102.988,133.175,88.681,Shake
1.337,0.793,-0.408,-285.119,283.185,-2.590,Shake
-1.570,-0.124,0.541,-286.685,286.414,286.685,Shake
-1.999,-0.965,-0.840,-286.685,51.713,286.685,Shake
-1.969,-1.929,-1.997,-286.685,-286.554,275.660,Shake
1.679,-1.999,-1.997,-255.596,-285.486,116.139,Shake
-0.349,-1.963,-1.997,284.296,213.762,-98.149,Shake
-1.310,-1.214,-1.997,286.685,286.685,-286.685,Shake
-0.609,-0.279,-0.662,286.685,264.250,-286.685,Shake
-1.146,-0.307,-1.055,286.685,276.981,-286.685,Shake
-1.349,0.144,-1.455,286.685,155.496,-286.685,Shake
-1.387,0.567,-1.780,286.685,38.693,-285.128,Shake
-0.465,0.996,-1.873,286.685,-9.581,-160.729,Shake
0.738,1.997,-1.370,271.276,76.790,100.835,Shake
1.015,0.717,-0.552,-286.046,282.625,178.202,Shake
-0.681,0.748,1.145,-286.685,284.147,286.685,Shake
-1.999,-0.836,0.186,-286.685,-38.859,286.685,Shake
-1.999,-1.999,-1.997,-286.685,-286.685,286.685,Shake
1.888,-1.999,-1.997,-286.685,-268.056,286.353,Shake
-1.136,-1.999,-1.997,284.340,286.685,-281.733,Shake
-1.999,-1.824,-1.997,286.685,286.685,-286.685,Shake
-0.848,0.089,-0.172,286.685,286.685,-286.685,Shake
-0.573,-0.108,-0.934,286.685,286.685,-286.685,Shake
-1.442,0.421,-1.147,286.685,286.685,-286.685,Shake
-1.558,0.477,-1.995,286.685,263.401,-187.994,Shake
-0.527,0.864,-1.981,286.685,254.467,270.839,Shake
-0.183,1.997,-1.364,285.320,74.183,285.828,Shake
1.998,0.772,0.436,-286.291,123.497,87.421,Shake
-1.608,0.312,1.007,-286.685,286.685,286.685,Shake
-1.999,-1.071,-1.462,-286.685,-251.116,286.685,Shake
-1.807,-1.525,-1.997,-286.685,-286.685,197.680,Shake
1.998,-1.999,-1.997,-191.949,-265.527,-216.667,Shake
-0.556,-1.940,-1.997,286.685,286.685,-126.927,Shake
-1.366,-0.968,-1.997,286.685,285.854,-286.685,Shake
-0.562,-0.350,-0.361,286.685,164.238,-286.685,Shake
-0.460,-0.404,-0.788,286.685,280.954,-286.685,Shake
0.162,0.227,-1.202,286.685,216.020,-286.685,Shake
1.404,1.098,-1.026,286.624,286.685,-286.685,Shake
-0.324,1.997,-0.274,-255.902,286.685,-86.607,Shake
-0.805,0.343,-1.452,-286.685,-41.011,-286.536,Shake
1.694,-0.469,-1.327,-286.685,-286.685,-286.685,Shake
1.998,-1.438,-0.527,-286.685,-133.367,-286.685,Shake
1.621,-1.998,-0.129,-229.871,148.085,-286.685,Shake
0.891,0.050,-0.260,285.775,286.685,82.198,Shake
0.932,0.735,-0.048,286.685,286.685,281.312,Shake
1.311,0.522,0.118,286.685,286.685,286.685,Shake
1.384,-0.197,-0.142,286.685,286.685,286.685,Shake
0.561,1.123,-1.060,286.685,286.685,286.685,Shake
-0.892,1.997,-0.898,286.685,286.685,286.685,Shake
-1.999,1.792,1.350,110.014,99.540,283.955,Shake
-0.966,0.320,-0.798,-286.685,-286.685,-209.589,Shake
0.048,-0.566,-0.183,-286.685,-286.685,14.630,Shake
1.709,-0.112,-0.548,-286.685,-286.685,276.666,Shake
1.072,0.058,-1.222,-286.685,-241.115,19.460,Shake
0.593,-0.447,-1.997,-286.685,-265.388,-96.250,Shake
1.667,-1.066,-1.997,-286.685,-262.194,-242.777,Shake
1.998,-1.999,-1.181,-147.254,133.665,-2.257,Shake
1.998,-1.999,-1.768,286.685,286.685,286.685,Shake
1.998,-1.469,-1.335,286.685,286.685,286.685,Shake
1.998,0.458,-1.710,286.685,286.685,286.685,Shake
0.919,1.997,-1.997,286.685,286.685,286.685,Shake
-1.999,1.997,-1.121,286.239,-98.577,279.300,Shake
1.300,1.822,-0.277,-286.685,-286.685,-286.685,Shake
0.276,-0.591,1.026,-286.685,-285.329,-56.735,Shake
-0.544,-1.135,0.523,-286.685,12.101,182.280,Shake
0.278,-1.148,0.745,-286.685,-167.370,-286.685,Shake
1.000,-1.067,0.191,-286.685,-191.004,-286.685,Shake
1.911,-1.311,-0.159,-286.685,-117.040,-286.685,Shake
1.926,-1.999,0.000,-121.196,47.574,-203.018,Shake
1.998,-1.999,-0.643,286.685,286.685,262.675,Shake
1.387,-0.671,-1.954,286.685,286.685,286.685,Shake
-0.401,1.997,-1.785,286.685,286.685,286.685,Shake
-1.593,1.997,-0.152,155.829,-173.224,182.385,Shake
0.649,1.561,-1.147,-286.685,-286.685,-286.685,Shake
0.570,-0.135,-1.600,-286.685,-286.685,-286.685,Shake
1.674,-0.464,-1.783,-286.685,-286.685,-286.685,Shake
1.998,-1.999,-1.140,-286.685,-284.462,-286.685,Shake
1.998,-1.999,-0.198,195.913,259.779,130.734,Shake
1.994,-0.462,-1.138,286.685,286.685,286.685,Shake
0.377,1.188,-0.441,286.685,286.685,286.685,Shake
-1.999,1.997,0.238,283.622,286.247,110.530,Shake
-0.829,1.453,0.146,-257.057,-125.265,-286.685,Shake
1.526,-1.596,0.723,-285.679,-274.339,-286.685,Shake
0.946,-1.833,1.101,124.092,218.129,151.008,Shake
0.215,-0.391,0.473,224.560,286.685,286.685,Shake
-1.019,0.486,0.672,153.667,286.169,284.121,Shake
-1.073,-0.183,0.700,14.026,155.129,-79.012,Shake
-0.506,-0.876,0.727,-2.170,15.636,-92.050,Shake
0.214,-0.849,1.055,51.748,16.826,-29.820,Shake
0.009,-0.612,0.979,29.181,88.025,-21.026,Shake
-0.498,-0.564,1.000,48.772,65.555,-78.050,Shake
-0.606,-0.566,0.793,55.501,25.296,-101.482,Shake
-0.958,-0.391,0.663,57.916,-17.859,-213.798,Shake
-0.728,-0.852,0.536,82.355,-74.734,-254.572,Shake
-0.580,-0.809,0.499,104.554,-132.799,-129.045,Shake
-0.353,-0.339,0.439,100.109,-149.117,-100.730,Shake
-0.189,-0.086,0.388,79.599,-198.835,-117.512,Shake
-0.196,0.019,1.130,129.439,-20.650,-254.958,Shake
0.720,-0.472,1.012,119.709,214.839,-224.682,Shake
-0.414,-0.047,0.671,120.356,199.281,-159.023,Shake
-0.483,-0.332,0.295,221.445,146.256,-102.524,Shake
1.027,0.534,1.945,221.952,282.634,-61.845,Shake
0.195,0.076,1.509,-117.215,286.685,26.906,Shake
-0.110,-0.465,0.475,-80.999,244.702,141.890,Shake
-0.648,0.455,0.508,52.377,25.060,117.539,Shake
-0.656,-0.227,1.140,-17.097,-5.346,58.301,Shake
-0.719,-0.048,0.779,-46.603,106.671,40.250,Shake
-0.918,-0.223,0.357,20.869,250.425,41.562,Shake
-1.361,0.348,1.102,146.195,286.685,-32.882,Shake
-0.959,0.222,0.888,57.811,244.711,50.514,Shake
-0.264,-0.045,0.310,127.207,286.685,-57.435,Shake
-0.443,-0.385,-0.202,120.059,286.685,-41.256,Shake
-1.087,0.035,-0.696,46.506,286.685,-58.336,Shake
-1.650,-0.238,-0.748,78.549,181.842,-107.179,Shake
-1.222,-0.256,-0.932,277.139,-279.886,-23.161,Shake
-0.807,-0.084,-0.939,286.685,-286.685,-8.286,Shake
-0.766,-0.067,-1.137,286.685,-286.685,-89.976,Shake
-0.440,0.667,-0.770,286.685,-286.685,-162.461,Shake
0.046,1.109,0.340,286.685,-286.685,105.052,Shake
0.907,1.555,1.341,-39.331,-147.044,108.124,Shake
1.104,1.574,1.279,-286.685,261.853,101.990,Shake
0.233,1.138,-0.888,-286.685,286.685,200.673,Shake
-0.708,0.147,-1.997,-286.685,286.685,68.731,Shake
-1.903,-1.084,-1.808,-286.685,286.685,-14.306,Shake
-1.910,-1.495,-1.514,-146.536,169.024,-41.011,Shake
-1.081,-0.565,-1.587,286.685,-286.685,-41.046,Shake
-0.779,-0.231,-1.216,286.685,-286.685,-238.114,Shake
-0.782,-0.702,-0.385,286.685,-285.862,-209.633,Shake
-1.142,-0.253,-0.198,286.685,-201.915,65.957,Shake
-1.010,0.525,0.072,286.685,-239.575,87.351,Shake
-0.558,1.312,0.400,259.788,-194.346,27.239,Shake
0.201,1.581,0.271,-286.685,160.370,44.695,Shake
0.025,0.600,-0.950,-286.685,286.685,-123.655,Shake
-0.569,-0.886,-1.294,-286.685,286.685,-286.685,Shake
-1.661,-1.997,-0.852,-286.685,276.631,-275.914,Shake
-1.179,-1.981,-0.914,-253.295,-12.198,140.131,Shake
-0.268,-0.987,-1.100,285.819,-278.259,95.436,Shake
-0.522,-0.829,-0.770,286.685,-161.184,-40.338,Shake
-0.900,-0.475,-0.721,286.685,-200.970,63.875,Shake
-0.750,-0.221,-0.494,286.624,-223.816,132.405,Shake
-0.548,-0.045,-0.111,173.810,-157.640,115.719,Shake
-0.840,-0.269,0.021,-15.006,-76.842,119.927,Shake
-0.627,-0.193,0.203,-72.695,-152.276,110.276,Shake
-0.463,-0.019,0.418,-241.307,-70.359,83.895,Shake
-0.423,0.075,0.428,-286.685,29.811,45.658,Shake
-0.593,-0.116,0.286,-286.685,133.149,-17.176,Shake
-0.904,-0.906,0.686,-285.924,53.524,-51.704,Shake
-0.815,-1.137,0.671,94.132,-140.919,-20.344,Shake
-0.749,-0.552,0.567,286.685,-282.109,-100.476,Shake
0.104,1.221,0.369,286.685,-286.685,-224.534,Shake
-0.337,0.832,0.603,286.685,-132.860,-235.349,Shake
-0.333,0.433,1.337,-186.988,-161.551,-130.060,Shake
0.095,-0.198,0.126,-286.685,282.914,-28.210,Shake
-0.418,-0.622,-1.872,-286.685,286.685,-64.391,Shake
-1.898,-1.707,-1.997,-286.685,286.685,-133.096,Shake
-1.393,-1.916,-1.726,-269.500,-222.863,192.106,Shake
-0.419,-0.383,-1.875,286.685,-286.685,99.592,Shake
-0.632,-0.853,-1.212,286.685,-286.685,-160.589,Shake
-0.269,-0.750,-0.518,286.685,-286.685,19.556,Shake
0.084,0.521,-0.781,286.685,-286.685,115.736,Shake
-0.629,1.268,-0.645,286.685,-114.152,6.300,Shake
-0.674,1.240,0.242,-56.368,-146.081,100.817,Shake
-0.483,-0.055,0.563,-286.685,69.685,157.596,Shake
-0.815,-0.735,0.838,-249.419,70.306,54.618,Shake
-1.095,-0.338,0.893,-17.159,-37.791,12.889,Shake
-0.701,-0.084,0.917,-144.086,-57.050,130.480,Shake
-0.614,-0.369,0.908,-182.586,-31.360,133.464,Shake
-0.413,-0.022,0.992,72.800,-115.692,76.309,Shake
-0.190,0.530,0.805,127.768,-87.421,-7.262,Shake
-0.102,0.638,0.736,24.789,-18.349,-19.880,Shake
-0.010,0.766,0.515,-66.290,52.194,-50.234,Shake
-0.349,0.142,0.581,0.788,15.951,-55.002,Shake
-0.028,0.946,0.776,106.321,-117.031,-122.019,Shake
0.458,1.448,1.130,-265.108,51.048,-78.164,Shake
0.971,1.228,0.442,-286.685,284.419,-43.750,Shake
-0.251,-0.429,-1.992,-286.685,286.685,-110.268,Shake
-1.769,-1.190,-1.997,-286.685,286.685,-74.261,Shake
-1.467,-1.688,-1.760,-187.189,-69.099,159.827,Shake
-0.844,-0.039,-1.997,286.685,-286.685,-36.085,Shake
-0.874,-0.627,-1.742,286.685,-286.685,-188.711,Shake
-0.504,-1.137,-0.671,286.685,-286.685,-66.027,Shake
-0.001,0.012,-0.613,286.685,-286.685,86.957,Shake
-0.023,0.944,-1.242,286.685,-206.176,39.550,Shake
-1.277,1.997,-1.094,156.161,37.870,-6.536,Shake
-0.911,1.120,-0.370,-286.685,-135.590,27.003,Shake
0.125,0.717,0.335,-286.685,133.499,-4.681,Shake
0.198,0.364,-0.440,-286.685,286.685,-120.382,Shake
-0.587,-0.850,-1.635,-286.685,286.685,-213.474,Shake
-1.047,-1.422,-1.997,-286.685,286.685,-107.266,Shake
-1.604,-1.999,-1.738,-286.685,224.245,77.779,Shake
-0.096,-0.913,-1.340,269.911,-283.885,286.309,Shake
-0.147,-0.450,-1.446,286.685,-286.685,100.643,Shake
-0.533,-0.903,-1.314,286.685,-286.685,-63.070,Shake
-0.141,-0.293,-0.967,286.685,-286.685,-67.410,Shake
0.131,0.172,-0.914,286.685,-286.685,-11.708,Shake
-1.760,1.767,-1.380,286.685,-282.546,-113.103,Shake
0.208,1.784,0.365,-286.169,-171.036,214.200,Shake
0.389,-0.349,-1.634,-286.685,286.685,21.989,Shake
-0.953,-0.800,-1.997,-286.685,286.685,-267.155,Shake
-1.761,-1.915,-1.976,-286.685,286.527,-262.360,Shake
-0.875,-1.999,-1.152,-5.521,-235.821,167.842,Shake
-0.247,-0.844,-1.642,286.685,-286.685,-128.179,Shake
-0.493,-0.643,-1.074,286.685,-286.685,-151.637,Shake
-0.448,-0.590,-0.376,286.685,-258.711,57.838,Shake
-0.330,0.038,-0.208,286.685,-283.036,125.466,Shake
0.315,1.667,1.012,285.224,-286.685,30.712,Shake
1.385,1.368,1.350,-286.685,47.932,220.378,Shake
0.997,0.295,-1.076,-286.685,286.685,163.572,Shake
-0.232,-0.499,-1.997,-286.685,286.685,14.385,Shake
-1.989,-1.999,-1.934,-286.685,282.152,-121.887,Shake
-0.571,-1.881,-0.829,186.471,-286.046,112.438,Shake
-0.507,-0.526,-1.261,286.685,-286.685,-257.276,Shake
-0.475,-0.463,-0.382,286.685,-286.685,-218.260,Shake
-0.378,-0.086,0.032,286.685,-174.344,27.764,Shake
-0.680,1.745,0.200,276.360,-203.009,49.586,Shake
0.591,1.324,0.400,-286.685,24.885,182.026,Shake
-0.058,-0.571,-1.823,-286.685,286.685,88.366,Shake
-1.260,-1.952,-1.997,-286.685,280.429,-112.298,Shake
-1.339,-1.999,-1.057,82.556,-252.184,-62.309,Shake
-0.144,-0.435,-0.997,286.685,-286.685,-256.576,Shake
-0.164,-0.071,-0.228,286.685,-286.685,-111.484,Shake
0.263,0.433,0.090,286.685,-286.685,81.944,Shake
0.175,1.432,0.356,286.685,-192.850,4.751,Shake
0.121,1.997,0.923,-72.257,-124.801,31.325,Shake
0.718,1.439,0.600,-286.685,239.006,237.361,Shake
-0.090,-1.188,-1.262,-286.685,286.685,24.237,Shake
-1.004,-1.813,-1.979,-286.685,286.685,-160.624,Shake
-1.909,-1.999,-1.187,-192.981,-93.529,61.591,Shake
-0.111,-1.277,-0.664,286.685,-286.685,106.628,Shake
-0.330,-1.185,-0.076,286.685,-286.685,-48.204,Shake
-0.156,-0.197,-0.157,286.685,-248.710,38.124,Shake
-0.298,0.744,-0.568,286.685,-137.585,-50.855,Shake
-0.630,1.971,-0.297,263.104,-132.239,-117.530,Shake
-0.196,1.907,0.289,-273.306,38.859,27.195,Shake
0.671,0.362,-0.574,-286.685,286.685,-57.943,Shake
-0.737,-1.409,-1.184,-286.685,286.685,-245.394,Shake
-1.604,-1.999,-1.242,-286.685,284.568,-44.564,Shake
-1.224,-1.999,-0.858,-269.797,37.459,174.431,Shake
-0.170,-1.207,-0.635,259.297,-196.359,172.917,Shake
-0.565,-0.569,-0.413,286.685,-48.046,13.624,Shake
-0.659,-0.700,-0.142,195.650,-32.471,52.474,Shake
-0.533,-0.805,-0.036,202.169,-67.314,65.984,Shake
-0.267,-0.326,0.054,252.367,-98.070,4.148,Shake
0.221,0.455,0.368,-121.135,56.761,-9.573,Shake
-0.299,-0.343,-0.273,-286.685,286.440,-19.311,Shake
-0.517,-0.993,-0.481,-286.685,260.978,-51.065,Shake
-1.086,-1.584,-0.571,-257.801,171.098,-1.138,Shake
-0.986,-1.525,-0.520,220.553,-128.494,160.790,Shake
-0.672,-1.242,-0.388,286.685,-255.176,172.970,Shake
-0.947,-1.060,-0.389,286.685,-285.372,224.026,Shake
-0.509,-0.363,-0.667,286.685,-286.685,247.485,Shake
-0.121,0.725,-0.541,286.685,-286.685,123.051,Shake
-0.311,1.727,0.058,286.685,-286.440,-15.899,Shake
-0.066,1.250,0.786,-282.844,-27.090,122.159,Shake
0.233,0.433,-0.030,-286.685,286.685,105.516,Shake
-0.396,0.098,-0.681,-286.685,286.685,43.776,Shake
-1.575,-0.980,-1.466,-286.685,286.685,77.105,Shake
-1.999,-1.999,-0.985,-286.685,263.821,130.988,Shake
-1.165,-1.375,-1.065,283.763,-286.685,44.748,Shake
-0.955,-0.325,-0.843,286.685,-286.685,-124.119,Shake
-0.757,-0.223,-0.458,286.685,-286.685,-110.215,Shake
-0.214,0.390,0.038,286.685,-286.685,-97.904,Shake
-0.199,0.781,0.190,286.685,-226.747,-105.551,Shake
-0.039,1.571,0.533,-146.545,-69.755,104.291,Shake
0.482,0.633,0.110,-286.685,286.510,208.119,Shake
-0.150,0.145,-0.546,-286.685,286.685,157.211,Shake
-0.837,-0.545,-0.844,-286.685,286.685,30.712,Shake
-1.834,-1.659,-0.699,-286.685,286.685,4.611,Shake
-1.452,-1.773,-0.566,199.649,-229.591,18.183,Shake
-1.059,-0.716,-0.742,286.685,-286.685,-213.264,Shake
-0.589,0.171,-0.363,286.685,-286.685,-258.921,Shake
-0.284,0.808,0.399,286.685,-286.685,-113.470,Shake
-0.206,1.862,0.830,-8.505,-81.944,27.895,Shake
-0.288,0.559,-0.374,-286.685,286.685,152.303,Shake
-1.314,-1.853,-0.855,-286.685,286.685,36.768,Shake
-1.999,-1.999,-0.276,-249.288,204.846,-15.444,Shake
-0.885,-0.913,-0.390,286.685,-286.685,-78.881,Shake
-0.478,-0.099,-0.012,286.685,-286.685,-184.091,Shake
-0.198,0.293,0.292,286.685,-286.370,-97.414,Shake
-0.032,1.197,0.840,257.425,-138.819,-92.671,Shake
-0.013,1.634,0.715,-248.159,12.486,-41.781,Shake
0.192,0.555,-0.852,-286.685,286.685,48.650,Shake
-0.826,-1.145,-1.997,-286.685,286.685,-34.353,Shake
-1.999,-1.999,-1.453,-286.685,278.110,36.409,Shake
-1.317,-1.991,-1.159,41.755,-217.936,73.535,Shake
-0.725,-0.582,-0.769,286.685,-286.685,-93.327,Shake
-0.776,-0.824,-0.324,286.685,-286.685,-90.562,Shake
-0.315,-0.191,-0.131,286.685,-286.685,-69.116,Shake
-0.031,0.416,0.068,286.685,-285.486,-83.169,Shake
-0.061,0.613,0.040,286.685,-183.986,-90.982,Shake
-0.818,1.780,-0.086,270.436,-127.426,-53.287,Shake
0.143,1.335,0.600,-286.685,-26.381,83.387,Shake
0.579,0.788,-0.326,-286.685,286.659,9.914,Shake
-0.025,0.078,-1.726,-286.685,286.685,-69.825,Shake
-1.452,-1.613,-1.997,-286.685,286.685,-111.685,Shake
-1.942,-1.999,-1.679,-255.553,54.241,74.489,Shake
-0.602,-1.031,-1.462,286.685,-286.685,-19.565,Shake
-0.548,-0.526,-0.788,286.685,-286.685,-148.663,Shake
-0.366,-0.266,-0.009,286.685,-286.685,-77.473,Shake
-0.336,0.191,0.019,286.685,-268.529,-69.598,Shake
-0.524,0.657,-0.049,286.685,-176.689,-61.827,Shake
-0.833,1.753,0.201,225.461,-232.479,22.461,Shake
-0.054,1.487,0.722,-270.209,-152.031,138.661,Shake
0.394,0.540,0.290,-286.685,283.089,104.772,Shake
-0.662,-0.476,-0.827,-286.685,286.685,23.739,Shake
-1.446,-1.564,-1.580,-286.685,286.685,139.414,Shake
-1.988,-1.999,-1.158,-284.812,223.580,255.351,Shake
-1.316,-1.847,-1.128,286.685,-286.685,25.611,Shake
-0.941,-0.631,-0.882,286.685,-286.685,-96.626,Shake
-0.541,-0.483,-0.205,286.685,-286.685,-103.311,Shake
-0.202,0.107,0.028,286.685,-286.685,-94.728,Shake
0.013,0.739,0.247,286.685,-247.223,-145.880,Shake
-0.031,1.247,0.304,286.685,-63.053,-127.934,Shake
-0.522,1.679,0.067,-240.231,62.353,14.499,Shake
0.548,0.760,0.140,-286.685,276.693,100.380,Shake
-0.060,0.255,-1.420,-286.685,286.685,133.534,Shake
-0.628,0.142,-1.997,-286.685,286.685,111.107,Shake
-1.999,-1.999,-1.556,-286.536,251.799,93.293,Shake
-0.238,-0.164,-1.331,286.685,-286.685,-34.781,Shake
-0.130,0.064,-0.522,286.685,-286.685,-286.685,Shake
0.146,-0.356,0.380,286.685,-258.379,-278.372,Shake
-0.324,-0.048,0.069,286.685,29.155,-45.745,Shake
-0.963,1.474,-0.076,243.600,-110.084,32.165,Shake
0.452,1.034,0.380,-286.685,-59.798,185.561,Shake
-0.229,0.013,-1.379,-286.685,286.685,187.784,Shake
-1.679,-1.691,-1.068,-286.685,286.685,-56.569,Shake
-1.318,-1.999,-1.415,145.268,-220.833,3.500,Shake
-0.824,-0.442,-1.156,286.685,-286.685,-262.938,Shake
-0.286,0.473,-0.053,286.685,-286.685,-109.856,Shake
-0.445,1.395,0.072,286.685,-222.434,37.791,Shake
-0.319,1.997,0.452,70.219,-136.185,113.103,Shake
0.582,0.835,0.326,-286.685,253.846,156.205,Shake
-0.529,0.090,-1.719,-286.685,286.685,30.433,Shake
-1.772,-1.939,-1.720,-286.685,286.685,-27.580,Shake
-1.748,-1.999,-0.476,-271.591,-225.575,43.855,Shake
-1.335,-1.469,-0.799,286.685,-286.685,-168.866,Shake
-0.767,-0.196,-0.764,286.685,-286.685,-282.669,Shake
0.497,1.325,-0.828,286.685,-286.685,-94.710,Shake
1.668,1.997,0.515,286.685,-276.701,75.967,Shake
0.582,1.981,0.695,-65.467,211.374,88.664,Shake
0.174,0.552,0.523,-286.685,286.685,-110.784,Shake
0.269,0.768,0.339,-286.685,286.685,53.533,Shake
0.186,-0.043,-1.305,-286.685,286.685,207.865,Shake
-1.476,-0.976,-1.834,-286.685,286.685,273.297,Shake
-1.999,-1.943,-1.120,-285.285,286.055,58.319,Shake
-1.462,-1.167,-1.216,286.685,-286.685,-189.018,Shake
-1.074,-0.974,-0.449,286.685,-286.685,-216.396,Shake
-0.326,0.283,-0.388,286.685,-286.685,-285.924,Shake
0.164,0.873,0.145,286.685,-286.685,-224.954,Shake
0.630,1.991,0.469,286.685,-244.003,-161.700,Shake
-0.124,1.996,0.414,-208.871,232.452,83.195,Shake
0.722,1.242,0.363,-286.685,286.685,86.669,Shake
0.186,1.041,-0.831,-286.685,286.685,146.291,Shake
-1.736,-0.773,-1.868,-286.685,286.685,170.678,Shake
-1.999,-1.999,-1.184,-276.824,210.184,182.630,Shake
-1.301,-1.019,-0.893,286.685,-286.685,-119.630,Shake
-0.449,-0.056,-0.358,286.685,-286.685,-273.245,Shake
-0.262,0.640,-0.294,286.685,-286.685,-200.497,Shake
0.171,1.275,0.283,286.685,-280.936,-162.190,Shake
0.303,1.050,0.261,-105.884,144.095,-41.877,Shake
-0.250,0.287,0.424,-286.685,251.869,-41.361,Shake
-0.141,0.366,0.518,-286.685,268.258,7.656,Shake
-0.033,0.696,0.000,-286.685,286.685,66.456,Shake
-0.376,0.199,-1.658,-286.685,286.685,53.226,Shake
-1.949,-1.816,-1.997,-286.685,286.685,20.965,Shake
-1.991,-1.999,-1.423,-261.581,179.235,89.714,Shake
-0.790,-0.658,-1.228,286.685,-286.685,-46.576,Shake
-0.810,-0.416,-0.918,286.685,-286.685,-185.404,Shake
-0.567,-0.364,-0.423,286.685,-286.685,-91.429,Shake
-0.053,0.622,-0.009,286.685,-286.685,-27.711,Shake
0.479,1.857,0.186,248.920,-49.079,-82.171,Shake
-0.124,1.690,0.297,-238.508,141.969,41.256,Shake
-0.005,0.556,-0.523,-286.685,286.685,178.378,Shake
-0.366,0.264,-1.841,-286.685,286.685,83.405,Shake
-1.999,-1.995,-1.682,-286.685,286.510,41.676,Shake
-1.380,-1.964,-1.327,13.781,-171.631,68.635,Shake
-0.660,-0.341,-1.205,286.685,-286.685,-277.681,Shake
-0.360,-0.167,-0.304,286.685,-286.685,-281.820,Shake
-0.426,0.433,0.062,286.685,-286.685,-46.506,Shake
-0.455,1.455,0.358,157.850,-212.896,160.860,Shake
0.214,1.345,0.683,-286.676,94.185,192.307,Shake
-0.769,0.129,-1.131,-286.685,286.685,228.506,Shake
-1.999,-1.999,-0.803,-286.685,280.481,63.464,Shake
-1.306,-1.464,-0.380,286.685,-286.685,-111.685,Shake
-0.563,-0.157,-0.371,286.685,-286.685,-286.484,Shake
0.110,0.721,0.293,286.685,-286.685,-125.878,Shake
0.347,1.301,0.337,286.685,-140.604,-20.046,Shake
-0.162,1.644,0.222,-212.529,102.839,21.359,Shake
0.028,1.460,0.241,-286.685,195.790,73.841,Shake
-0.012,0.327,-1.117,-286.685,286.685,97.860,Shake
-1.455,-1.521,-1.996,-286.685,286.685,17.019,Shake
-1.872,-1.999,-1.210,-91.000,-32.130,48.650,Shake
-1.284,-1.294,-0.711,286.685,-286.685,-122.710,Shake
-0.682,-0.315,-0.626,286.685,-286.685,-278.871,Shake
-0.054,0.596,-0.062,286.685,-286.685,-93.949,Shake
0.185,1.143,0.218,286.685,-286.685,-44.205,Shake
0.053,1.736,0.627,155.409,-87.036,-50.487,Shake
0.057,1.297,0.701,-282.258,112.963,31.517,Shake
0.235,0.656,0.823,-286.685,286.685,157.386,Shake
-0.276,-0.103,-0.060,-286.685,286.685,165.594,Shake
-1.736,-1.672,-0.785,-286.685,286.685,185.526,Shake
-1.999,-1.999,-0.554,-284.611,271.784,168.516,Shake
-1.258,-1.387,-0.595,286.685,-286.685,-6.956,Shake
-0.661,-0.595,-0.093,286.685,-286.685,-121.441,Shake
-0.415,-0.080,0.173,286.685,-286.685,-88.410,Shake
0.024,0.761,0.228,286.685,-270.340,-108.342,Shake
0.136,0.899,0.346,286.685,-35.184,-156.669,Shake
-0.421,0.871,0.251,210.857,49.341,-179.681,Shake
-0.658,0.872,0.242,-248.185,72.713,-122.325,Shake
-0.327,0.667,0.583,-286.685,162.846,-23.529,Shake
-0.145,0.484,0.533,-286.685,281.645,-47.110,Shake
-0.691,-0.414,-0.286,-286.685,286.685,-54.521,Shake
-1.476,-0.930,-1.335,-286.685,286.685,18.620,Shake
-1.518,-1.453,-1.324,-286.685,278.390,149.887,Shake
-1.217,-1.574,-0.763,-96.626,-92.768,197.339,Shake
-0.799,-0.897,-0.748,285.241,-282.642,82.915,Shake
-0.531,-0.382,-0.696,286.685,-286.685,-24.815,Shake
-0.562,-0.327,-0.634,286.685,-286.685,-64.654,Shake
-0.363,-0.104,-0.307,286.685,-286.685,-123.375,Shake
-0.426,0.389,-0.148,286.685,-227.369,-62.659,Shake
-0.481,1.072,0.015,285.889,-131.749,-51.756,Shake
-0.803,1.428,0.381,-106.610,-113.225,54.792,Shake
0.077,0.634,0.591,-286.685,131.688,136.666,Shake
-0.105,0.277,-0.948,-286.685,286.685,197.689,Shake
-0.197,-0.088,-1.997,-286.685,286.685,154.227,Shake
-1.999,-1.975,-1.997,-286.685,286.685,186.996,Shake
-0.252,-1.515,-1.766,215.136,-285.399,284.594,Shake
-0.491,-0.126,-1.412,286.685,-286.685,-85.802,Shake
-0.660,-0.475,-1.073,286.685,-286.685,-236.521,Shake
-0.059,-0.006,-0.729,286.685,-286.685,-185.946,Shake
0.077,0.331,-0.529,286.685,-286.685,-167.405,Shake
0.150,0.851,-0.166,286.685,-229.049,-118.046,Shake
-0.903,1.512,0.292,68.801,-98.122,124.775,Shake
0.160,0.802,0.903,-286.685,-39.620,139.816,Shake
0.063,0.490,0.169,-286.685,286.685,120.916,Shake
-0.736,0.098,-1.098,-286.685,286.685,139.029,Shake
-1.997,-0.818,-1.997,-286.685,286.685,248.736,Shake
-1.999,-1.999,-1.641,-234.693,56.989,138.268,Shake
-1.575,0.518,-1.039,286.685,-286.685,-286.046,Shake
-0.046,0.286,-0.463,286.685,-286.685,-286.685,Shake
0.325,0.665,-0.152,286.685,-286.685,-286.685,Shake
0.391,0.949,0.296,286.685,-286.685,-282.328,Shake
-0.297,1.997,0.761,-79.319,6.790,201.548,Shake
0.682,0.470,0.024,-286.685,286.685,246.181,Shake
-0.795,-0.334,-1.430,-286.685,286.685,215.390,Shake
-1.999,-1.579,-1.839,-286.685,286.685,286.685,Shake
-1.205,-1.827,-1.521,182.402,-242.804,-0.901,Shake
-0.964,-0.130,-0.770,286.685,-286.685,-286.475,Shake
-0.185,0.108,0.336,286.685,-286.685,-286.422,Shake
0.004,0.946,0.549,286.685,-286.633,-242.445,Shake
0.344,1.249,0.328,286.685,-60.620,-219.380,Shake
-0.913,1.036,0.631,102.489,-57.855,84.201,Shake
0.372,0.986,1.262,-286.685,-60.935,138.425,Shake
0.788,0.868,0.832,-286.685,273.866,238.962,Shake
-0.956,-0.192,-1.067,-286.685,286.685,271.294,Shake
-1.999,-1.999,-0.651,-286.020,286.650,140.665,Shake
-1.384,-1.414,-0.831,286.650,-285.635,-25.305,Shake
-0.659,-0.378,-0.166,286.685,-286.685,-110.390,Shake
-0.427,-0.121,0.401,286.685,-235.900,-90.720,Shake
-0.586,-0.199,0.570,280.280,-51.739,-51.502,Shake
-0.669,-0.212,0.632,190.348,-7.455,11.078,Shake
-0.641,-0.115,0.600,154.621,-39.139,27.221,Shake
-0.638,-0.167,0.681,188.003,-113.059,43.522,Shake
-0.522,-0.052,0.756,239.697,-130.646,35.665,Shake
-0.630,0.028,0.694,250.145,-166.827,68.609,Shake
-0.330,0.270,0.807,205.686,-196.560,119.665,Shake
-0.036,0.427,0.839,56.053,-106.759,100.450,Shake
-0.251,0.176,1.064,-122.981,62.449,155.645,Shake
-0.236,0.242,0.903,-248.675,193.288,231.359,Shake
-0.144,0.284,0.919,-286.685,285.014,252.840,Shake
-0.157,0.329,0.768,-286.685,286.685,279.309,Shake
-0.384,-0.087,0.615,-286.685,286.685,286.685,Shake
-0.680,-0.621,0.884,-282.975,286.685,175.857,Shake
-0.665,-0.266,0.768,125.326,115.430,5.267,Shake
-0.622,0.086,0.629,167.545,118.685,-93.074,Shake
-0.860,-0.313,0.391,95.769,253.916,-279.440,Shake
-0.814,-0.984,0.145,286.685,142.704,-286.685,Shake
-1.389,-1.215,-0.329,286.685,-49.236,-283.911,Shake
-1.171,-0.616,-0.224,286.685,-81.952,-101.448,Shake
-0.995,0.040,-0.081,286.685,-203.770,57.391,Shake
-1.237,0.456,0.233,144.917,-238.105,155.794,Shake
-0.451,-0.182,0.339,-286.685,-124.154,286.685,Shake
0.012,-0.301,0.024,-286.685,286.492,286.685,Shake
-0.678,0.075,-0.817,-286.685,286.685,286.685,Shake
-1.240,-1.629,-0.275,-286.685,286.685,267.628,Shake
-1.606,-1.723,-0.354,49.026,6.282,76.326,Shake
-0.878,-0.568,-0.389,286.685,-286.685,-266.700,Shake
-0.821,-0.649,-0.392,286.685,-286.685,-286.685,Shake
-0.514,-0.445,-0.366,286.685,-286.685,-286.685,Shake
-0.562,-0.621,0.139,286.685,-218.356,-286.274,Shake
-1.989,1.692,-0.820,286.510,-78.103,106.234,Shake
0.179,0.709,0.437,-286.685,-266.578,271.189,Shake
-0.139,-0.485,-0.082,-286.685,254.214,286.685,Shake
-1.766,-0.760,-0.942,-286.685,286.685,260.059,Shake
-1.999,-1.999,-0.066,-284.751,179.322,133.341,Shake
-1.124,-1.145,-0.172,286.685,-286.685,-250.512,Shake
-0.092,0.046,0.281,286.685,-286.685,-286.685,Shake
0.144,0.575,0.351,286.685,-280.122,-175.262,Shake
0.408,1.076,0.290,286.685,-94.579,-196.070,Shake
-0.773,1.360,0.186,-62.256,89.609,-41.221,Shake
-0.256,0.364,0.054,-286.685,199.614,121.021,Shake
-0.232,-0.304,-0.378,-286.685,286.685,121.783,Shake
-1.126,-0.921,-0.985,-286.685,286.685,95.410,Shake
-1.999,-1.999,-1.342,-286.685,286.685,-9.432,Shake
-1.632,-1.968,-1.372,277.839,-285.136,-39.139,Shake
-0.785,-0.687,-0.896,286.685,-286.685,-110.933,Shake
-0.540,-0.170,-0.203,286.685,-286.685,-47.101,Shake
-0.158,0.416,-0.013,286.685,-286.685,-3.789,Shake
0.193,1.085,0.031,286.685,-219.441,-58.958,Shake
-0.522,1.404,0.140,-11.078,-6.466,-89.766,Shake
-0.507,0.969,0.348,-286.685,140.866,131.023,Shake
0.076,0.020,-0.010,-286.685,286.492,166.827,Shake
-0.996,-0.843,-0.928,-286.685,286.685,157.780,Shake
-1.991,-1.996,-1.229,-286.685,286.685,180.119,Shake
-1.315,-1.634,-0.870,-39.287,-90.536,59.596,Shake
-0.908,-0.796,-0.879,286.151,-286.536,-39.463,Shake
-0.701,-0.603,-0.485,286.685,-286.685,-85.356,Shake
-0.498,-0.638,-0.333,286.685,-286.685,-117.145,Shake
-0.100,-0.031,-0.034,286.685,-286.685,-169.663,Shake
-0.206,0.374,-0.029,286.685,-85.706,-111.423,Shake
-0.762,0.664,-0.369,286.685,-3.194,-40.364,Shake
-1.473,1.663,-0.024,20.265,-228.961,43.400,Shake
0.475,0.695,1.016,-286.685,-188.387,214.716,Shake
0.120,0.094,-0.424,-286.685,286.685,174.659,Shake
-0.770,-0.657,-0.963,-286.685,286.685,69.213,Shake
-1.804,-1.999,-1.333,-286.685,286.685,34.772,Shake
-1.315,-1.999,-0.720,67.174,-115.920,48.326,Shake
-0.604,-1.540,-1.013,286.685,-286.685,5.714,Shake
-0.385,-0.746,-1.001,286.685,-286.685,13.676,Shake
-0.387,0.185,-0.984,286.685,-286.685,36.925,Shake
-0.284,1.122,-0.934,286.685,-243.994,-39.060,Shake
-0.937,0.819,-0.311,107.564,-119.604,-47.906,Shake
-0.349,0.424,0.627,-286.685,-135.415,26.180,Shake
0.381,0.179,0.793,-286.685,31.579,10.675,Shake
-0.507,-1.496,-0.543,-286.685,286.685,-37.118,Shake
-1.987,-1.999,-1.659,-286.685,286.685,-42.306,Shake
-1.386,-1.999,-0.807,115.955,-224.525,123.427,Shake
-0.335,-1.433,-0.647,286.685,-286.685,73.124,Shake
-0.291,-0.721,-0.351,286.685,-281.383,154.613,Shake
0.143,0.182,-0.588,286.685,-150.456,185.727,Shake
0.437,1.062,-1.578,286.685,-69.011,-29.680,Shake
-0.584,0.818,-1.997,188.799,-19.425,-138.705,Shake
-1.001,0.636,-0.859,-275.949,-280.595,-53.603,Shake
-0.638,-0.396,0.615,-286.685,-282.747,73.815,Shake
-0.219,-1.999,1.999,-286.685,-14.017,34.720,Shake
-1.581,-1.999,1.999,-127.059,279.405,35.726,Shake
-0.724,-1.705,1.019,286.685,100.161,112.534,Shake
0.212,-0.540,0.280,278.994,153.606,163.266,Shake
0.865,0.455,-0.612,122.491,191.065,173.031,Shake
1.245,1.532,-1.741,114.853,59.386,48.912,Shake
0.898,1.571,-1.997,139.458,-152.950,-51.940,Shake
0.487,1.347,-1.982,-8.155,-199.141,-143.421,Shake
-0.279,0.192,-0.505,-275.310,-199.360,-238.079,Shake
-1.276,-1.999,1.999,-286.685,-161.219,-146.510,Shake
-1.999,-1.999,1.999,-222.871,13.318,-13.562,Shake
-1.999,-1.999,1.999,267.557,49.061,116.366,Shake
-0.448,-1.040,1.382,260.951,110.206,207.008,Shake
1.081,0.106,0.056,-59.412,264.758,270.025,Shake
1.998,1.642,-1.223,125.694,60.182,254.275,Shake
1.998,1.997,-1.981,280.324,-102.725,84.026,Shake
1.555,1.884,-1.997,212.354,-138.408,-238.402,Shake
0.005,0.374,-1.715,-81.463,-184.065,-285.880,Shake
-1.910,-1.957,1.539,-282.345,-286.685,-115.439,Shake
-1.986,-1.999,1.999,-282.109,-199.281,-42.245,Shake
-1.999,-1.999,1.999,63.560,99.479,-32.568,Shake
-1.131,-1.884,1.946,273.700,159.276,131.145,Shake
0.829,-0.016,0.502,13.458,280.753,198.363,Shake
1.564,0.926,-0.297,-15.006,223.545,145.915,Shake
1.950,0.875,-1.193,94.246,124.906,161.254,Shake
1.998,1.402,-1.997,165.480,-107.643,49.665,Shake
1.481,1.574,-1.997,37.205,-186.305,-85.969,Shake
0.942,1.141,-1.979,-57.671,-268.275,-208.705,Shake
-0.824,-0.761,0.989,-179.235,-286.685,-225.820,Shake
-1.268,-1.999,1.999,-285.897,-280.595,-68.819,Shake
-1.999,-1.999,1.999,148.846,96.976,-55.528,Shake
-1.089,-1.878,1.889,233.599,185.946,118.073,Shake
0.203,-0.814,0.669,68.171,260.514,179.069,Shake
1.557,0.172,-0.924,57.103,220.133,165.637,Shake
1.998,1.393,-1.997,286.685,-126.394,195.484,Shake
1.998,1.997,-1.997,114.126,-198.625,12.163,Shake
1.180,1.417,-1.848,-219.205,-68.022,-71.059,Shake
-0.387,-0.638,1.028,-286.685,-150.369,-85.199,Shake
-1.378,-1.999,1.999,-286.685,-146.913,7.971,Shake
-1.519,-1.999,1.999,-46.760,-13.755,-97.300,Shake
-1.695,-1.980,1.581,157.430,-102.716,-28.595,Shake
-1.134,-1.037,0.967,143.780,-163.126,82.469,Shake
-0.432,-0.660,0.733,46.734,-170.564,169.409,Shake
0.042,-0.498,0.427,-14.691,-104.519,126.359,Shake
-0.052,-0.856,0.408,27.064,-66.010,71.522,Shake
-0.056,-0.544,0.219,-172.174,90.300,109.874,Shake
-0.338,-0.454,0.754,-202.344,217.788,84.061,Shake
-0.671,-0.257,0.702,-187.443,157.955,97.676,Shake
-0.216,-1.221,1.244,-242.060,242.349,150.894,Shake
-1.674,1.524,-1.496,-246.584,194.976,82.320,Shake
-0.715,-0.758,-0.254,-286.685,-6.090,-16.205,Shake
-1.430,-1.144,-0.644,-81.463,5.609,-94.412,Shake
-0.791,-0.639,0.205,-49.079,64.146,-187.740,Shake
0.024,-1.102,-0.913,-48.107,56.026,-51.993,Shake
-0.711,-0.773,0.173,-23.004,-114.923,-33.154,Shake
-0.763,-0.835,0.426,-41.099,-96.994,-41.431,Shake
-0.568,-0.847,-0.148,-52.693,-135.249,-16.669,Shake
-0.822,0.125,0.816,78.286,-190.908,72.529,Shake
-0.691,0.130,0.876,286.029,-69.571,127.698,Shake
-0.642,0.682,0.488,286.685,-123.034,76.073,Shake
-0.556,0.584,0.504,286.685,-144.559,32.506,Shake
-0.463,-1.034,0.762,286.685,77.735,-107.109,Shake
0.840,-1.999,-0.705,269.701,286.685,-201.276,Shake
1.111,-1.999,-1.954,-9.958,-112.823,126.473,Shake
1.396,-1.999,-0.164,-145.574,-286.685,266.674,Shake
1.495,-0.835,1.999,-170.231,-286.685,286.685,Shake
1.589,1.997,1.999,270.979,-286.685,286.685,Shake
0.348,1.997,1.999,286.685,-266.481,268.992,Shake
1.016,1.997,1.994,60.086,143.929,-257.801,Shake
1.657,0.781,1.498,-207.270,286.685,-286.685,Shake
1.998,-1.999,1.373,-278.504,286.685,-286.685,Shake
1.897,-1.999,-1.997,-95.777,249.812,-128.949,Shake
1.998,-1.999,-1.711,135.572,-285.845,286.685,Shake
1.998,-0.871,1.999,81.812,-286.685,286.685,Shake
1.777,1.997,1.999,226.065,-286.685,286.685,Shake
0.853,1.997,1.999,234.938,-100.555,87.036,Shake
1.973,1.997,1.999,-162.137,286.685,-286.685,Shake
1.998,0.549,1.999,-88.690,286.685,-286.685,Shake
1.998,-1.999,0.672,-118.781,286.685,-286.685,Shake
1.365,-1.999,-1.997,4.515,142.039,48.912,Shake
1.998,-1.999,-0.898,-23.520,-286.685,286.685,Shake
1.998,-0.245,1.999,48.659,-286.685,286.685,Shake
1.998,1.997,1.792,54.810,-286.685,286.685,Shake
1.936,1.997,1.999,141.111,-12.084,-122.544,Shake
1.998,1.997,1.999,-93.354,286.685,-286.685,Shake
1.998,-0.115,1.999,29.558,286.685,-286.685,Shake
1.998,-1.999,-0.457,-50.689,286.685,-286.685,Shake
1.904,-1.999,-1.997,-82.757,-23.336,100.363,Shake
1.998,-1.999,0.658,-99.671,-286.685,286.685,Shake
1.998,0.806,1.999,236.714,-286.685,286.685,Shake
1.998,1.997,1.933,165.865,-286.685,286.685,Shake
1.877,1.997,1.999,22.628,140.193,-249.979,Shake
1.998,1.980,1.745,-19.705,286.685,-286.685,Shake
1.998,-0.149,1.999,61.653,286.685,-286.685,Shake
1.998,-1.999,-0.841,-63.499,286.685,-286.685,Shake
1.952,-1.999,-1.997,-114.511,-39.961,133.105,Shake
1.998,-1.999,0.898,-92.540,-286.685,286.685,Shake
1.998,0.471,1.999,16.284,-286.685,286.685,Shake
1.980,1.997,1.999,106.750,-285.145,286.685,Shake
1.960,1.997,1.999,29.374,255.762,-281.881,Shake
1.998,1.846,1.977,81.707,286.685,-286.685,Shake
1.998,-0.615,1.999,82.478,286.685,-286.685,Shake
1.998,-1.999,-1.994,76.046,286.685,-286.685,Shake
1.473,-1.999,-1.997,-187.023,-14.971,120.592,Shake
1.998,-1.575,1.999,-58.546,-286.685,286.685,Shake
1.998,1.683,1.999,-171.133,-286.685,286.685,Shake
1.515,1.997,1.999,128.800,-154.700,232.330,Shake
1.998,1.997,1.999,113.794,270.638,-286.396,Shake
1.998,0.591,1.999,260.522,286.685,-286.685,Shake
1.998,-1.999,1.802,155.129,286.685,-286.685,Shake
1.862,-1.999,-1.997,-163.730,230.702,-246.531,Shake
1.998,-1.999,-1.095,-226.240,-286.685,269.552,Shake
1.998,-0.614,1.999,-154.735,-286.685,286.685,Shake
0.069,1.997,1.999,-286.685,-262.911,286.685,Shake
0.302,1.767,1.999,12.574,29.566,-248.500,Shake
0.468,1.675,1.999,-166.346,286.685,-286.685,Shake
0.758,0.617,1.999,-272.274,286.685,-286.685,Shake
1.998,0.350,1.520,-286.685,286.685,-286.685,Shake
1.998,1.997,-1.997,-286.685,286.685,-286.685,Shake
1.998,0.857,-1.997,-286.685,95.655,-286.685,Shake
1.998,-0.324,-1.983,136.762,-286.685,-140.569,Shake
1.998,1.398,0.038,286.685,-286.685,286.685,Shake
1.575,1.457,1.986,286.685,-286.685,286.685,Shake
1.068,1.800,1.903,286.685,-286.685,286.685,Shake
-1.125,1.997,1.999,286.685,-286.685,278.014,Shake
-0.915,0.713,1.999,-279.221,260.207,-286.633,Shake
0.932,0.476,1.541,-286.685,286.685,-286.685,Shake
1.624,1.259,-0.173,-286.685,286.685,-286.685,Shake
1.751,1.997,0.263,-286.685,286.685,-286.685,Shake
1.902,1.895,-1.997,-272.090,201.084,-142.686,Shake
1.086,1.136,-0.906,286.685,-286.685,240.765,Shake
0.608,0.391,-0.391,286.685,-286.685,286.685,Shake
0.697,0.182,-0.071,286.685,-286.685,286.685,Shake
0.022,0.479,1.673,286.685,-286.685,286.685,Shake
-1.843,-0.043,1.999,286.177,-286.598,286.685,Shake
-1.423,0.525,1.999,-286.685,286.685,-279.073,Shake
0.679,0.867,1.814,-286.685,286.685,-286.685,Shake
1.941,1.873,0.024,-286.685,286.685,-286.685,Shake
1.822,1.673,-1.528,-286.685,286.685,-286.291,Shake
1.941,0.711,-1.997,149.686,-130.690,-29.715,Shake
1.514,1.204,-0.986,286.685,-286.685,286.685,Shake
1.601,0.888,-0.246,286.685,-286.685,286.685,Shake
0.809,1.455,1.918,286.685,-286.685,286.685,Shake
-1.897,-0.135,1.999,279.388,-286.685,286.379,Shake
-1.993,-0.343,1.999,-266.438,174.676,-282.100,Shake
-0.143,0.349,1.413,-286.685,286.685,-286.685,Shake
1.183,0.571,0.523,-286.685,286.685,-286.685,Shake
1.849,1.696,-1.500,-286.685,286.685,-34.440,Shake
1.447,1.944,-1.997,266.875,-181.274,169.374,Shake
1.714,0.913,-0.728,286.685,-286.685,286.685,Shake
0.138,1.605,1.763,286.685,-286.685,286.685,Shake
-1.374,-0.080,1.999,286.685,-286.685,286.685,Shake
-1.999,-0.220,1.999,-269.316,236.609,-162.383,Shake
-0.304,1.801,1.999,-286.685,286.685,-286.685,Shake
1.747,1.997,0.588,-286.685,286.685,-286.685,Shake
1.998,1.796,-1.957,-286.685,286.685,-286.685,Shake
1.998,1.559,-1.979,267.671,-269.071,205.546,Shake
1.773,1.997,-0.151,286.685,-286.685,286.685,Shake
0.576,1.550,1.419,286.685,-286.685,286.685,Shake
-1.492,-0.545,1.999,286.685,-286.685,286.685,Shake
-1.961,-0.229,1.999,-276.771,198.887,-133.044,Shake
0.006,0.781,0.944,-286.685,286.685,-286.685,Shake
0.549,0.583,-0.197,-286.685,286.685,-286.685,Shake
1.826,0.056,-1.997,-285.521,286.685,-90.457,Shake
1.034,0.569,-1.982,285.539,-248.089,286.685,Shake
-0.062,0.230,0.321,286.685,-286.685,286.685,Shake
-1.527,-0.901,1.859,284.375,-286.685,283.342,Shake
-1.886,-0.929,1.961,-286.160,195.449,-139.729,Shake
-0.321,0.369,0.465,-286.685,286.685,-286.685,Shake
0.254,0.578,-0.457,-286.685,286.685,-265.440,Shake
1.221,0.367,-1.995,-245.289,273.096,9.721,Shake
1.389,0.606,-1.997,233.503,-108.360,248.710,Shake
0.797,0.377,-0.848,286.685,-286.685,286.685,Shake
-0.042,0.775,-0.040,286.685,-286.685,286.685,Shake
-1.496,-0.117,1.164,286.685,-286.685,286.685,Shake
-1.999,-0.728,1.999,45.115,-151.016,160.055,Shake
-0.841,0.712,0.867,-286.685,286.685,-286.685,Shake
0.720,1.333,-0.436,-286.685,286.685,-286.685,Shake
0.813,1.271,-1.245,-286.685,286.685,-286.685,Shake
1.055,0.748,-1.997,-54.862,-33.154,-115.308,Shake
0.753,0.627,-1.364,286.685,-286.589,195.344,Shake
0.894,1.228,-0.554,286.685,-286.685,286.685,Shake
0.167,1.662,1.248,286.685,-286.685,286.685,Shake
-1.374,0.638,1.999,281.943,-286.685,286.589,Shake
-1.999,-0.075,1.999,-264.994,115.955,-115.124,Shake
-0.244,1.430,1.908,-286.685,286.685,-286.685,Shake
1.248,1.997,0.385,-286.685,286.685,-286.685,Shake
1.435,1.996,-1.224,-286.685,286.685,-286.685,Shake
1.616,0.787,-1.997,-156.021,-46.778,9.896,Shake
1.222,1.306,-1.257,286.685,-286.685,286.169,Shake
0.850,0.925,0.513,286.685,-286.685,286.685,Shake
-0.392,1.108,1.999,286.685,-286.685,286.685,Shake
-1.819,0.123,1.999,286.685,-286.685,286.685,Shake
-1.756,0.826,1.999,-285.329,270.979,-240.660,Shake
0.524,1.989,1.668,-286.685,286.685,-286.685,Shake
1.937,1.997,-0.021,-286.685,286.685,-286.685,Shake
1.905,1.997,-1.446,-286.685,286.685,-286.685,Shake
1.996,0.620,-1.997,217.962,-43.846,-251.212,Shake
1.246,1.079,-0.612,286.685,-286.685,286.685,Shake
1.132,0.940,1.660,286.685,-286.685,286.685,Shake
0.386,0.620,1.999,286.685,-286.685,286.685,Shake
-1.999,-1.278,1.999,-102.393,-153.930,236.119,Shake
-0.137,0.923,1.999,-286.685,286.685,-286.685,Shake
1.170,1.414,0.960,-286.685,286.685,-286.685,Shake
1.474,1.706,-1.338,-286.685,286.685,-255.482,Shake
1.024,1.970,-1.997,-64.277,191.100,73.456,Shake
1.540,0.525,-0.839,286.685,-286.685,284.716,Shake
0.402,1.070,1.835,286.685,-286.685,286.685,Shake
-0.755,-0.154,1.999,286.685,-286.685,286.457,Shake
-1.999,-1.937,1.999,-109.165,-46.812,-24.413,Shake
-0.508,0.040,1.881,-286.685,286.685,-286.685,Shake
0.859,0.502,-0.304,-286.685,286.685,-286.685,Shake
0.644,1.117,-1.017,-286.685,286.685,-202.107,Shake
1.132,0.914,-1.997,184.030,104.545,65.074,Shake
1.098,-0.062,-1.885,286.685,-231.149,286.318,Shake
0.416,0.196,-0.007,286.685,-286.685,286.685,Shake
-0.936,-0.002,1.709,286.685,-286.685,286.685,Shake
-1.999,-1.205,1.999,-2.170,-122.351,198.205,Shake
-1.475,-0.387,1.999,-286.685,286.685,-286.685,Shake
0.640,0.847,0.785,-286.685,286.685,-286.685,Shake
0.750,1.393,-0.259,-286.685,286.685,-286.685,Shake
0.521,1.220,-1.477,-276.124,229.294,-273.621,Shake
0.896,0.209,-1.517,286.685,-223.676,246.610,Shake
0.629,0.279,-0.943,286.685,-286.685,286.685,Shake
0.124,1.106,0.844,286.685,-286.685,286.685,Shake
-1.258,0.633,1.907,286.685,-286.685,286.685,Shake
-1.999,-0.563,1.999,-24.798,-71.356,133.149,Shake
-1.279,0.666,1.999,-286.685,286.685,-284.953,Shake
0.568,1.428,0.982,-286.685,286.685,-286.685,Shake
0.935,1.997,-0.485,-286.685,286.685,-286.685,Shake
0.728,0.818,-1.213,-286.388,220.045,-259.910,Shake
0.292,0.963,-0.909,279.913,-197.094,124.066,Shake
0.315,0.561,-0.781,286.685,-277.191,219.966,Shake
0.726,0.007,-0.894,286.685,-286.685,286.685,Shake
-0.057,0.542,1.233,286.685,-286.685,286.685,Shake
-0.801,0.699,1.993,286.685,-286.685,286.685,Shake
-1.999,-0.720,1.999,52.185,-188.702,172.428,Shake
-0.791,0.820,1.999,-286.685,286.685,-286.685,Shake
0.593,1.396,0.633,-286.685,286.685,-286.685,Shake
0.990,1.445,-0.163,-286.685,286.685,-286.685,Shake
0.774,1.997,-1.794,-257.460,244.869,-241.640,Shake
1.217,0.769,-1.141,286.685,-248.754,181.361,Shake
0.489,0.901,1.522,286.685,-286.685,286.685,Shake
-0.265,0.480,1.999,286.685,-286.685,286.685,Shake
-1.999,-1.606,1.999,90.755,-187.451,132.379,Shake
-0.824,0.198,1.483,-286.685,286.685,-286.685,Shake
0.639,0.001,-1.091,-286.685,286.685,-286.685,Shake
0.452,-0.167,-1.250,180.827,35.420,36.978,Shake
-0.269,-0.548,-0.127,286.685,-219.870,184.800,Shake
-1.074,-1.147,1.328,168.096,-174.038,9.739,Shake
-0.875,-1.353,0.264,-101.596,213.062,-202.055,Shake
0.132,-1.689,-0.471,-197.934,175.499,-177.284,Shake
0.433,-1.921,-0.776,-108.482,22.356,89.049,Shake
-0.802,-1.277,-0.441,-87.824,-86.896,130.620,Shake
-1.064,-1.066,-0.230,-28.472,-115.902,58.467,Shake
-0.887,-0.961,0.472,-2.546,33.539,-1.671,Shake
-0.685,-1.251,0.399,-222.652,42.682,-59.824,Shake
-0.562,-1.115,-0.170,-286.685,106.505,-74.655,Shake
-0.298,-1.047,-0.218,-286.685,94.325,-119.149,Shake
-0.660,-0.858,-0.398,-286.685,8.137,-59.062,Shake
-0.391,0.451,0.490,-183.663,-21.455,6.177,Shake
-0.676,0.649,-0.657,-79.048,74.226,7.149,Shake
-0.434,1.009,-1.054,280.691,7.796,41.125,Shake
1.099,0.093,-0.620,286.685,-131.408,210.122,Shake
0.303,1.070,0.856,286.685,-286.685,286.685,Shake
-0.920,1.266,1.999,286.685,-286.685,286.685,Shake
-1.999,-1.562,1.999,285.906,-257.233,286.598,Shake
-1.713,0.376,1.999,-286.685,286.475,-281.129,Shake
-0.330,1.515,1.999,-286.685,286.685,-286.685,Shake
-0.320,1.979,1.918,-286.685,286.685,-286.685,Shake
0.102,1.997,0.908,-286.685,286.685,-286.685,Shake
1.055,1.615,-1.920,-286.685,286.685,-286.685,Shake
1.283,0.988,-1.938,282.415,25.690,225.076,Shake
0.787,0.425,-0.675,286.685,-251.615,286.685,Shake
0.358,0.653,-0.214,286.685,-286.685,286.685,Shake
-0.154,1.891,1.107,286.685,-286.685,286.685,Shake
-1.064,1.597,1.818,286.685,-286.685,286.685,Shake
-1.999,-0.103,1.999,197.794,-253.225,279.527,Shake
-1.999,1.055,1.999,-284.856,266.332,-257.539,Shake
-1.048,1.981,1.999,-286.685,286.685,-286.685,Shake
0.670,1.997,1.094,-286.685,286.685,-286.685,Shake
0.744,1.997,0.085,-286.685,286.685,-286.685,Shake
1.672,1.876,-1.712,-263.296,235.497,-242.200,Shake
1.716,1.776,-1.966,267.916,-60.393,199.973,Shake
1.123,1.133,-0.188,286.685,-286.685,286.685,Shake
0.547,1.972,1.492,286.685,-286.685,286.685,Shake
-0.549,1.997,1.999,286.685,-286.685,286.685,Shake
-1.999,0.875,1.999,286.685,-286.685,286.685,Shake
-1.999,1.076,1.999,-283.168,273.324,-245.604,Shake
-0.179,1.997,1.999,-286.685,286.685,-286.685,Shake
0.497,1.961,0.730,-286.685,286.685,-286.685,Shake
0.789,1.794,0.152,-286.685,286.685,-286.685,Shake
0.824,1.768,-1.759,-286.142,190.155,-274.015,Shake
1.610,1.442,-1.547,286.685,-42.814,273.761,Shake
1.701,1.283,0.726,286.685,-286.685,286.685,Shake
0.605,1.997,1.999,286.685,-286.685,286.685,Shake
-1.185,1.997,1.999,286.685,-286.685,286.685,Shake
-1.999,0.243,1.999,155.768,-180.014,245.788,Shake
-1.927,1.817,1.999,-286.650,286.685,-286.685,Shake
0.192,1.997,1.999,-286.685,286.685,-286.685,Shake
0.859,1.997,0.511,-286.685,286.685,-286.685,Shake
1.998,1.014,-1.974,-283.001,285.915,-270.331,Shake
1.998,0.841,-1.553,286.685,-200.988,286.685,Shake
1.405,1.439,0.939,286.685,-286.685,286.685,Shake
-0.849,1.997,1.999,286.685,-286.685,286.685,Shake
-1.999,-0.152,1.999,213.902,-275.065,281.129,Shake
-1.871,1.241,1.999,-286.685,286.685,-286.685,Shake
-0.613,1.637,1.766,-286.685,286.685,-286.685,Shake
0.952,1.217,-0.464,-286.685,286.685,-286.685,Shake
1.998,0.329,-1.997,48.388,176.829,164.307,Shake
1.318,1.511,0.563,286.685,-286.685,286.685,Shake
-0.537,1.997,1.999,286.685,-286.685,286.685,Shake
-1.999,1.137,1.999,286.685,-286.685,286.685,Shake
-1.999,0.046,1.999,-111.387,133.788,-69.466,Shake
-1.426,1.421,1.999,-286.685,286.685,-286.685,Shake
-1.004,1.552,1.999,-286.685,286.685,-286.685,Shake
0.643,1.992,1.209,-286.685,286.685,-286.685,Shake
1.596,1.616,-1.172,-286.685,286.685,-286.685,Shake
1.998,0.332,-1.997,28.499,-53.751,127.137,Shake
1.854,1.995,0.212,286.685,-286.685,286.685,Shake
0.620,1.997,1.353,286.685,-286.685,286.685,Shake
-0.783,1.997,1.999,286.685,-286.685,286.685,Shake
-1.999,1.611,1.999,286.685,-286.685,286.685,Shake
-1.999,0.529,1.999,-168.875,246.995,-196.376,Shake
-1.026,1.997,1.999,-286.685,286.685,-286.685,Shake
-0.182,1.997,1.999,-286.685,286.685,-286.685,Shake
1.578,1.997,0.482,-286.685,286.685,-286.685,Shake
1.998,1.185,-1.888,-286.598,285.145,-273.674,Shake
1.998,1.082,-1.936,285.530,-222.259,286.685,Shake
1.659,1.821,0.657,286.685,-286.685,286.685,Shake
-0.173,1.997,1.999,286.685,-286.685,286.685,Shake
-1.999,1.586,1.999,215.101,-286.685,286.685,Shake
-1.999,0.931,1.999,-225.645,142.135,-157.491,Shake
-0.658,1.997,1.999,-286.685,286.685,-286.685,Shake
1.524,1.997,0.813,-286.685,286.685,-286.685,Shake
1.998,-0.164,-1.860,-275.634,282.109,-268.328,Shake
1.998,0.009,-1.310,261.310,-181.965,286.685,Shake
1.087,1.272,0.170,286.685,-286.685,286.685,Shake
-1.857,1.888,1.682,285.915,-286.685,286.685,Shake
-1.999,0.490,0.916,-57.059,-61.259,155.811,Shake
-1.982,1.592,1.345,-277.165,286.685,-286.685,Shake
-0.087,1.997,0.871,-286.353,286.685,-286.685,Shake
1.998,0.210,-1.133,-277.261,286.624,-286.685,Shake
1.998,-0.478,-1.684,115.798,-24.334,268.021,Shake
1.141,1.181,0.303,286.685,-286.685,286.685,Shake
-0.285,1.920,1.353,286.685,-286.685,286.685,Shake
-1.999,0.926,1.567,221.051,-286.685,286.685,Shake
-1.999,0.774,1.167,-145.591,208.898,-189.814,Shake
-0.980,1.739,1.068,-285.836,286.685,-286.685,Shake
-0.264,1.489,0.270,-286.676,286.685,-286.685,Shake
1.998,-0.551,-1.538,-199.080,274.321,-286.562,Shake
1.998,-0.125,-1.417,199.587,-108.360,286.685,Shake
-0.001,1.988,1.013,286.641,-286.685,286.685,Shake
-1.999,1.681,1.338,165.550,-286.685,286.685,Shake
-1.999,0.686,0.851,-5.329,-98.927,116.637,Shake
-1.970,1.248,0.943,-196.158,286.676,-286.685,Shake
-0.946,1.330,0.694,-181.746,286.685,-286.685,Shake
0.973,0.166,-0.110,-129.089,286.510,-286.685,Shake
1.998,-0.637,-1.657,32.095,51.756,139.738,Shake
1.535,0.305,-0.280,197.523,-226.231,286.685,Shake
-1.019,1.849,1.312,165.550,-286.685,286.685,Shake
-1.999,0.906,0.977,59.649,-286.685,286.685,Shake
-1.999,0.979,0.655,-125.895,101.342,-95.979,Shake
-1.948,1.636,0.993,-157.771,286.685,-286.685,Shake
-0.750,1.660,0.849,-124.215,286.685,-286.685,Shake
0.391,0.853,0.373,-189.840,286.685,-286.685,Shake
1.911,0.061,-0.745,-282.126,286.650,-286.685,Shake
1.998,-0.535,-1.335,-17.421,93.082,149.844,Shake
1.998,0.186,-0.674,261.922,-243.731,286.685,Shake
-0.021,1.552,1.262,286.650,-286.685,286.685,Shake
-1.999,1.997,1.685,279.160,-286.685,286.685,Shake
-1.999,0.887,1.392,286.283,-286.685,286.685,Shake
-1.999,0.706,0.853,-39.419,209.947,-14.884,Shake
-1.286,1.997,1.243,-261.809,286.685,-286.685,Shake
-0.393,1.343,0.778,-263.375,286.685,-286.685,Shake
-0.167,0.676,0.654,-286.685,286.685,-286.685,Shake
0.692,1.301,0.219,-286.685,286.685,-286.685,Shake
1.998,0.682,-1.261,-284.095,271.311,-286.685,Shake
1.998,0.392,-1.246,134.829,-99.601,280.831,Shake
1.388,1.503,0.270,286.685,-286.685,286.685,Shake
0.798,1.667,0.961,286.685,-286.685,286.685,Shake
-0.313,1.997,1.780,286.685,-286.685,286.685,Shake
-1.999,1.997,1.762,275.188,-286.685,286.685,Shake
-1.999,0.584,0.873,173.635,-273.875,286.685,Shake
-1.949,0.803,0.777,-38.544,69.702,267.820,Shake
-1.808,1.997,1.201,-205.835,286.685,-286.685,Shake
-1.464,1.997,1.999,-5.014,286.685,-286.685,Shake
-0.165,1.997,1.856,-195.046,286.685,-286.685,Shake
0.739,1.997,1.566,-262.754,286.685,-286.685,Shake
1.998,1.997,0.442,-225.724,286.685,-286.685,Shake
1.998,-0.267,-1.292,-81.445,285.915,-286.685,Shake
1.998,-0.589,-0.238,149.485,-270.200,282.712,Shake
1.656,1.833,0.685,245.131,-286.685,286.685,Shake
1.113,1.861,0.631,286.685,-286.685,286.685,Shake
-0.214,1.997,1.909,269.334,-286.685,286.685,Shake
-1.999,1.985,1.462,243.372,-286.685,286.685,Shake
-1.996,1.063,0.962,171.194,-282.992,286.685,Shake
-1.999,1.868,1.056,-239.312,141.155,161.516,Shake
-1.999,1.997,1.364,-271.652,286.685,-286.685,Shake
-1.681,1.997,1.999,-70.499,286.685,-286.685,Shake
0.624,1.997,1.999,-285.057,286.685,-286.685,Shake
1.998,1.997,1.075,-286.685,286.685,-286.685,Shake
1.998,1.611,-0.353,-237.580,286.685,-286.685,Shake
1.998,-1.886,-1.825,158.331,-124.486,-23.109,Shake
1.370,1.181,0.783,286.685,-286.685,286.685,Shake
0.419,1.387,0.382,286.685,-286.685,286.685,Shake
0.809,1.082,0.610,286.685,-286.685,286.685,Shake
-0.320,1.997,1.885,286.685,-286.685,286.685,Shake
-1.208,1.997,1.936,286.685,-286.685,286.685,Shake
-1.707,1.374,1.306,286.685,-286.685,286.685,Shake
-1.877,1.997,1.094,-53.734,8.234,138.084,Shake
-1.624,1.997,1.791,-286.685,286.685,-286.685,Shake
-1.518,1.997,1.999,-266.376,286.685,-286.685,Shake
0.508,1.997,1.999,-285.233,286.685,-286.685,Shake
1.998,1.997,1.277,-286.685,286.685,-286.685,Shake
1.998,1.703,0.049,-272.073,286.685,-286.685,Shake
1.998,-1.769,-1.986,-77.849,271.416,-35.910,Shake
1.998,0.833,0.608,175.613,-286.685,286.685,Shake
0.718,1.824,0.676,215.959,-286.685,286.685,Shake
0.577,1.620,0.925,208.399,-286.685,286.685,Shake
-0.129,1.997,1.386,207.970,-286.685,286.685,Shake
-1.165,1.845,1.077,197.872,-286.685,286.685,Shake
-1.732,1.175,0.720,41.720,-243.241,286.685,Shake
-1.999,1.997,0.825,-283.675,216.606,-230.116,Shake
-1.995,1.997,1.461,-269.115,286.685,-286.685,Shake
-1.083,1.997,1.999,-136.938,286.685,-286.685,Shake
0.833,1.997,1.665,-265.913,286.685,-286.685,Shake
1.998,1.997,0.547,-286.685,286.685,-286.685,Shake
1.998,1.470,0.231,-285.723,286.685,-286.685,Shake
1.998,-1.879,-1.994,-118.090,224.341,-281.750,Shake
1.998,0.605,0.045,174.352,-286.685,286.685,Shake
0.677,1.628,0.663,278.889,-286.685,286.685,Shake
0.716,1.425,0.637,286.685,-286.685,286.685,Shake
0.267,1.997,1.554,286.685,-286.685,286.685,Shake
-0.817,1.997,1.554,286.685,-286.685,286.685,Shake
-1.976,1.592,1.650,212.599,-286.685,286.685,Shake
-1.999,1.989,1.929,-187.670,9.564,94.106,Shake
-1.999,1.997,1.999,-286.685,286.685,-286.685,Shake
-0.609,1.997,1.999,-282.765,286.685,-286.685,Shake
1.932,1.997,1.258,-286.685,286.685,-286.685,Shake
1.998,1.997,0.095,-286.685,286.685,-286.685,Shake
1.998,0.275,-0.675,-267.006,286.685,-286.685,Shake
1.998,-1.844,-1.655,66.255,-61.827,170.363,Shake
1.393,1.712,0.546,248.334,-286.685,286.685,Shake
0.765,1.818,0.757,286.685,-286.685,286.685,Shake
0.319,1.997,1.594,286.685,-286.685,286.685,Shake
-1.633,1.997,1.695,286.685,-286.685,286.685,Shake
-1.999,1.081,1.351,132.318,-207.489,286.685,Shake
-1.999,1.963,1.390,-233.774,262.299,-120.452,Shake
-1.587,1.997,1.582,-285.617,286.685,-286.685,Shake
-0.352,1.969,1.979,-167.729,286.685,-286.685,Shake
1.546,1.376,0.551,-286.151,286.685,-286.685,Shake
1.855,0.711,-0.465,-203.779,286.685,-286.685,Shake
1.812,-0.795,-0.613,-137.611,222.381,-286.685,Shake
1.998,-1.278,-0.853,75.469,-96.092,172.602,Shake
1.583,0.723,0.145,286.475,-286.685,286.685,Shake
-0.080,1.997,1.581,286.685,-286.685,286.685,Shake
-1.471,1.997,1.908,286.685,-286.685,286.685,Shake
-1.999,1.293,1.113,286.685,-286.685,286.685,Shake
-1.999,0.730,0.629,40.311,-36.820,285.845,Shake
-1.999,1.997,1.114,-286.685,286.685,-286.685,Shake
-1.999,1.997,1.962,-224.744,286.685,-286.685,Shake
-0.108,1.997,1.999,-121.774,286.685,-286.685,Shake
1.998,1.997,0.927,-286.598,286.685,-286.685,Shake
1.998,1.359,-0.184,-239.488,286.685,-286.685,Shake
1.998,-0.252,-0.622,-59.789,255.150,-286.685,Shake
1.998,-1.835,-1.062,80.439,-136.421,129.587,Shake
1.198,1.284,0.420,232.636,-286.685,286.685,Shake
0.469,1.055,0.557,286.685,-286.685,286.685,Shake
-0.455,1.400,1.030,286.685,-286.685,286.685,Shake
-1.973,1.915,1.384,286.685,-286.685,286.685,Shake
-1.889,0.515,0.817,285.731,-253.829,286.685,Shake
-1.999,1.158,0.687,-17.010,2.467,255.885,Shake
-1.955,1.997,0.912,-276.272,222.416,-280.962,Shake
-1.834,1.997,1.593,-283.246,286.685,-286.685,Shake
-0.513,1.720,1.843,-248.649,286.685,-286.685,Shake
1.708,1.997,0.705,-286.685,286.685,-286.685,Shake
1.998,0.834,-0.527,-271.355,286.685,-286.685,Shake
1.998,-1.319,-1.364,-124.215,169.995,-281.759,Shake
1.998,0.416,-0.182,136.824,-279.309,286.685,Shake
1.065,1.296,0.460,226.441,-286.685,286.685,Shake
0.019,1.574,1.093,216.869,-286.685,286.685,Shake
-0.569,1.997,1.627,245.499,-286.685,286.685,Shake
-1.711,1.893,1.447,286.204,-286.685,286.685,Shake
-1.999,1.349,0.927,-10.920,-127.050,273.061,Shake
-1.600,1.997,1.320,-265.361,286.685,-286.685,Shake
-0.912,1.997,1.387,-199.867,286.685,-286.685,Shake
-0.489,1.168,1.525,-135.546,286.685,-286.685,Shake
1.659,1.257,0.507,-284.051,286.685,-286.685,Shake
1.605,0.561,-0.257,-223.729,286.685,-286.685,Shake
1.998,-1.162,-0.965,-41.160,205.327,-274.033,Shake
1.998,-1.174,-0.738,68.906,-116.620,242.944,Shake
1.186,0.880,0.397,153.685,-286.685,286.685,Shake
-0.300,1.108,0.835,160.667,-286.685,286.685,Shake
-1.225,1.974,1.337,162.085,-286.685,286.685,Shake
-1.996,1.833,1.197,201.714,-286.685,286.685,Shake
-1.999,0.564,0.643,209.641,-269.850,286.685,Shake
-1.999,1.381,0.642,-92.103,131.512,64.234,Shake
-1.957,1.997,1.207,-217.009,286.685,-286.685,Shake
-1.999,1.997,1.972,-131.460,286.685,-286.685,Shake
0.007,1.997,1.999,-243.994,286.685,-286.685,Shake
1.998,1.997,0.539,-286.685,286.685,-286.685,Shake
1.998,0.510,-1.523,-239.575,286.624,-286.685,Shake
1.998,-1.909,-1.672,22.558,-29.260,-18.314,Shake
1.482,1.958,0.890,203.394,-286.685,286.685,Shake
0.148,1.996,0.878,249.086,-286.685,286.685,Shake
-0.478,1.996,1.334,274.645,-286.685,286.685,Shake
-1.709,1.997,1.416,259.866,-286.685,286.685,Shake
-1.999,1.033,1.350,100.170,-284.918,286.685,Shake
-1.999,1.826,1.523,-241.684,285.679,-278.180,Shake
-0.720,1.997,1.473,-229.355,286.685,-286.685,Shake
-0.081,1.553,1.138,-176.680,286.685,-286.685,Shake
1.968,0.174,-0.372,-237.300,286.685,-286.685,Shake
1.028,-0.709,-0.835,-119.070,214.856,-223.554,Shake
1.133,-0.801,-0.641,25.349,-74.944,145.775,Shake
0.439,-0.224,-0.154,198.354,-253.592,286.685,Shake
-0.116,-0.150,0.344,217.096,-286.685,286.685,Shake
-1.734,0.103,0.356,144.742,-286.685,286.685,Shake
-1.999,-0.249,0.490,120.444,-286.685,286.685,Shake
-1.999,-0.283,0.612,35.210,56.595,-99.662,Shake
-1.707,0.267,0.437,-106.085,240.529,-286.685,Shake
-0.638,0.199,0.269,-101.491,175.717,-286.685,Shake
1.137,-0.790,-0.691,-56.849,-76.335,-243.154,Shake
0.751,-0.360,-0.542,261.538,-162.960,286.685,Shake
-0.612,0.542,0.594,286.676,-286.685,286.685,Shake
-1.943,0.846,0.999,275.266,-257.810,286.685,Shake
-1.791,0.309,0.842,263.270,-53.069,286.685,Shake
-1.666,-0.273,0.633,90.134,134.234,149.975,Shake
-1.363,0.746,0.811,-188.107,263.524,-285.880,Shake
-0.613,1.285,0.622,-286.685,286.685,-286.685,Shake
-0.325,1.218,0.362,-286.685,286.615,-286.685,Shake
0.416,0.915,-0.060,-286.685,228.891,-286.685,Shake
0.586,0.507,-0.505,-286.685,148.383,-286.685,Shake
1.279,-0.394,-1.486,-286.685,81.287,-286.685,Shake
1.168,-0.826,-1.571,19.915,-57.312,-90.536,Shake
0.469,-0.597,-0.875,275.170,-104.632,150.238,Shake
-0.327,-1.358,0.136,229.766,-26.346,113.776,Shake
-0.095,-0.869,-0.001,-234.553,164.246,-143.736,Shake
0.600,-0.342,-0.849,-286.685,172.139,-286.685,Shake
1.247,-0.564,-1.606,-286.685,84.770,-136.386,Shake
1.010,-0.135,-1.860,-177.835,38.412,89.845,Shake
0.883,0.342,-1.412,67.567,-190.899,123.043,Shake
0.966,0.448,-1.463,226.039,-254.485,159.294,Shake
1.012,0.764,-1.446,286.685,-286.685,180.723,Shake
0.986,0.563,-0.988,286.685,-286.685,165.602,Shake
1.289,1.104,-0.529,286.685,-286.685,267.995,Shake
1.084,1.997,1.449,286.685,-286.685,286.685,Shake
0.694,1.997,1.999,286.685,-286.685,286.685,Shake
-0.372,1.997,1.999,286.685,-286.685,286.685,Shake
-1.761,0.056,1.999,286.606,-246.523,137.270,Shake
0.112,1.384,1.999,-286.624,286.685,-283.649,Shake
0.360,1.997,1.999,-286.685,286.685,-286.685,Shake
0.230,1.912,1.993,-286.685,286.685,-286.685,Shake
0.457,1.899,1.999,-286.685,286.685,-286.685,Shake
1.010,1.997,1.568,-286.685,286.685,-286.685,Shake
1.564,1.997,-0.267,-286.685,286.685,-286.685,Shake
1.998,0.581,-1.997,-269.229,283.631,-172.891,Shake
1.436,0.914,-1.777,286.685,-258.055,283.693,Shake
0.785,1.033,-0.361,286.685,-286.685,286.388,Shake
0.393,0.381,-0.117,286.685,-286.685,199.089,Shake
0.461,-0.398,-0.809,286.685,-286.685,111.606,Shake
0.898,0.659,-0.111,286.685,-286.685,286.685,Shake
0.014,1.997,1.939,286.685,-286.685,286.685,Shake
-0.222,1.997,1.999,286.685,-286.685,286.685,Shake
-1.132,0.895,1.999,286.685,-286.606,286.685,Shake
-1.346,1.236,1.999,-239.925,190.969,-120.619,Shake
-0.077,1.997,1.999,-286.685,286.685,-286.685,Shake
0.272,1.997,1.999,-286.685,286.685,-286.685,Shake
1.332,1.997,1.885,-286.685,286.685,-286.685,Shake
1.330,1.997,0.649,-286.685,286.685,-286.685,Shake
1.998,1.866,-1.997,-286.685,286.685,-286.685,Shake
1.998,0.587,-1.997,-79.914,-117.889,223.212,Shake
1.188,1.903,-1.290,286.685,-286.685,286.685,Shake
0.572,1.148,0.544,286.685,-286.685,280.385,Shake
0.036,-0.029,0.332,286.685,-286.685,148.391,Shake
0.580,-0.108,0.021,286.685,-286.685,231.455,Shake
0.104,1.396,1.641,286.685,-286.685,286.685,Shake
-0.417,1.554,1.999,286.685,-286.685,286.685,Shake
-1.778,0.352,1.999,162.242,-107.152,186.235,Shake
-0.819,1.867,1.999,-286.685,285.171,-272.344,Shake
0.334,1.997,1.999,-286.685,286.685,-286.685,Shake
1.492,1.997,1.366,-286.685,286.685,-286.685,Shake
1.469,1.997,0.722,-286.685,286.685,-286.685,Shake
1.993,1.961,-1.997,-286.685,286.685,-286.685,Shake
1.898,1.082,-1.997,195.633,-92.479,188.423,Shake
0.946,1.968,-0.457,286.685,-286.685,286.685,Shake
0.630,1.208,0.439,286.685,-286.685,286.685,Shake
0.323,0.498,0.428,286.685,-286.685,272.457,Shake
0.380,0.870,1.225,286.685,-286.685,286.685,Shake
-0.223,1.370,1.999,286.685,-286.685,286.685,Shake
-1.125,0.832,1.999,286.685,-286.685,286.685,Shake
-1.802,1.020,1.999,-225.383,115.421,-91.691,Shake
-0.090,1.997,1.995,-286.685,286.685,-286.685,Shake
0.411,1.433,1.335,-286.685,286.685,-286.685,Shake
0.676,1.710,1.291,-286.685,286.685,-286.685,Shake
1.135,1.997,0.237,-286.685,286.685,-286.685,Shake
1.881,1.768,-1.987,-286.685,286.685,-286.685,Shake
1.998,0.073,-1.997,226.223,-64.768,93.135,Shake
1.628,1.699,-1.196,286.685,-286.685,286.685,Shake
0.612,1.905,0.419,286.685,-286.685,286.685,Shake
0.737,1.580,1.315,286.685,-286.685,286.685,Shake
-0.105,1.754,1.999,286.685,-286.685,286.685,Shake
-0.887,0.766,1.999,286.685,-286.685,286.685,Shake
-1.923,0.487,1.999,-82.548,121.301,47.031,Shake
-0.022,1.997,1.999,-286.685,286.685,-286.685,Shake
0.523,1.488,1.335,-286.685,286.685,-286.685,Shake
0.797,1.354,0.949,-286.685,286.685,-286.685,Shake
0.832,1.996,0.287,-286.685,286.685,-286.685,Shake
1.376,1.735,-1.799,-286.685,286.685,-286.685,Shake
1.925,0.771,-1.997,114.188,8.444,78.601,Shake
1.418,1.298,-1.687,286.685,-279.353,285.530,Shake
0.774,1.450,0.339,286.685,-286.685,286.685,Shake
0.466,1.263,0.925,286.685,-286.685,286.685,Shake
0.472,1.428,1.464,286.685,-286.685,286.685,Shake
-0.105,1.650,1.999,286.685,-286.685,286.685,Shake
-1.903,0.185,1.999,286.685,-260.383,286.685,Shake
-0.878,1.217,1.999,-286.527,284.182,-256.288,Shake
-0.003,1.997,1.999,-286.685,286.685,-286.685,Shake
0.469,1.338,1.462,-286.685,286.685,-286.685,Shake
0.799,1.475,0.661,-286.685,286.685,-286.685,Shake
0.663,1.582,-0.267,-286.685,286.685,-286.685,Shake
0.878,1.105,-1.914,-286.685,286.685,-259.009,Shake
1.804,0.225,-1.997,-43.181,120.129,-17.194,Shake
1.316,1.153,-1.288,286.685,-286.527,286.685,Shake
0.877,1.326,0.218,286.685,-286.685,286.685,Shake
1.099,1.408,1.373,286.685,-286.685,286.685,Shake
0.464,1.997,1.999,286.685,-286.685,286.685,Shake
-0.950,1.240,1.999,286.685,-286.685,286.685,Shake
-1.929,0.134,1.999,-182.604,184.914,-107.800,Shake
0.122,1.965,1.999,-286.685,286.685,-286.685,Shake
0.423,1.946,1.853,-286.685,286.685,-286.685,Shake
0.958,1.397,1.045,-286.685,286.685,-286.685,Shake
0.906,1.997,0.388,-286.685,286.685,-286.685,Shake
1.133,1.996,-1.210,-286.685,286.685,-286.685,Shake
1.593,0.459,-1.997,-156.704,170.389,-50.566,Shake
1.059,1.123,-1.406,286.685,-255.710,285.784,Shake
0.755,0.694,0.129,286.685,-286.685,286.685,Shake
0.058,0.620,0.517,286.685,-286.685,286.685,Shake
0.634,0.186,0.513,286.685,-286.685,286.685,Shake
0.041,1.318,1.952,286.685,-286.685,286.685,Shake
-0.343,1.725,1.999,286.685,-286.685,286.685,Shake
-0.768,1.057,1.999,286.685,-286.685,286.685,Shake
-1.581,0.862,1.999,-78.426,63.096,42.770,Shake
-0.130,1.933,1.999,-286.685,286.685,-286.685,Shake
0.119,1.425,1.872,-286.685,286.685,-286.685,Shake
0.445,0.971,1.611,-286.685,286.685,-286.685,Shake
0.617,1.363,0.910,-286.685,286.685,-286.685,Shake
0.573,1.641,0.105,-286.685,286.685,-286.685,Shake
0.664,1.455,-0.425,-286.685,286.685,-286.685,Shake
1.445,0.419,-1.997,-286.685,285.075,-230.790,Shake
1.441,0.561,-1.997,260.978,-158.349,162.173,Shake
0.920,1.105,-0.710,286.685,-286.685,286.685,Shake
0.607,0.854,0.058,286.685,-286.685,282.888,Shake
0.677,0.680,0.438,286.685,-286.685,273.289,Shake
0.736,1.737,1.735,286.685,-286.685,286.685,Shake
0.182,1.997,1.999,286.685,-286.685,286.685,Shake
0.020,1.997,1.999,286.685,-286.685,286.685,Shake
-1.353,0.974,1.999,286.685,-260.041,286.685,Shake
-0.778,1.706,1.999,-281.199,286.685,-233.581,Shake
0.139,1.997,1.999,-286.685,286.685,-286.685,Shake
0.420,1.616,1.999,-286.685,286.685,-286.685,Shake
0.700,1.581,1.915,-286.685,286.685,-286.685,Shake
0.842,1.997,1.059,-286.685,286.685,-286.685,Shake
0.831,1.997,0.015,-286.685,286.685,-286.685,Shake
0.766,1.673,-0.747,-286.685,286.685,-286.685,Shake
1.805,-0.153,-1.997,-269.491,267.540,-218.890,Shake
1.482,0.764,-1.928,286.685,-259.122,275.380,Shake
0.856,1.277,-0.243,286.685,-286.685,286.685,Shake
0.437,1.117,0.239,286.685,-286.685,286.685,Shake
0.802,0.905,0.759,286.685,-286.685,286.685,Shake
0.531,1.636,1.999,286.685,-286.685,286.685,Shake
-0.098,1.997,1.999,286.685,-286.685,286.685,Shake
-0.257,1.888,1.999,286.685,-286.685,286.685,Shake
-1.394,0.867,1.999,281.461,-167.072,245.621,Shake
-0.496,1.648,1.999,-286.633,286.274,-282.188,Shake
-0.085,1.967,1.999,-286.685,286.685,-286.685,Shake
0.350,1.514,1.870,-286.685,286.685,-286.685,Shake
0.425,1.046,1.341,-286.685,286.685,-286.685,Shake
0.450,1.206,0.838,-286.685,286.685,-286.685,Shake
0.324,1.411,0.387,-286.685,286.685,-286.685,Shake
0.443,1.561,-0.043,-286.685,286.685,-286.685,Shake
1.017,0.860,-1.479,-286.685,286.685,-286.685,Shake
1.339,0.175,-1.997,23.590,109.253,46.147,Shake
1.211,0.894,-1.475,286.685,-284.524,286.685,Shake
0.835,1.000,-0.466,286.685,-286.685,286.685,Shake
0.667,1.211,0.333,286.685,-286.685,286.685,Shake
0.976,1.945,1.780,286.685,-286.685,286.685,Shake
0.439,1.997,1.999,286.685,-286.685,286.685,Shake
-0.359,1.997,1.999,286.685,-286.685,286.685,Shake
-1.999,0.868,1.999,144.944,24.798,109.681,Shake
0.046,1.997,1.999,-286.685,286.685,-286.685,Shake
0.274,1.997,1.999,-286.685,286.685,-286.685,Shake
0.902,1.802,1.915,-286.685,286.685,-286.685,Shake
1.122,1.997,1.258,-286.685,286.685,-286.685,Shake
1.104,1.997,-0.111,-286.685,286.685,-286.685,Shake
1.332,1.850,-1.787,-286.685,286.685,-286.685,Shake
1.647,0.275,-1.997,70.726,113.094,-65.074,Shake
1.657,0.634,-0.995,286.685,-286.685,285.950,Shake
0.545,1.367,0.316,286.685,-286.685,286.685,Shake
0.403,1.383,0.682,286.685,-286.685,286.685,Shake
1.009,1.389,1.787,286.685,-286.685,286.685,Shake
0.309,1.997,1.999,286.685,-286.685,286.685,Shake
-1.571,1.464,1.999,286.685,-286.685,286.685,Shake
-1.999,0.474,1.999,73.798,116.611,27.353,Shake
0.383,1.997,1.999,-286.685,286.685,-286.685,Shake
0.495,1.482,1.999,-286.685,286.685,-286.685,Shake
0.847,1.145,1.644,-286.685,286.685,-285.723,Shake
0.834,1.606,0.819,-286.685,286.685,-258.239,Shake
0.579,1.754,0.040,-286.685,286.685,-271.513,Shake
0.654,1.554,-1.527,-286.685,286.685,-215.994,Shake
0.853,1.016,-1.997,-117.442,53.603,-90.247,Shake
1.369,0.524,-1.468,286.685,-219.546,217.577,Shake
0.841,1.364,-0.089,286.685,-286.685,286.685,Shake
1.610,1.358,1.250,286.685,-286.685,286.685,Shake
0.882,1.997,1.999,286.685,-286.685,286.685,Shake
-0.478,1.997,1.999,286.685,-286.685,286.685,Shake
-1.999,0.623,1.999,283.622,-181.615,258.396,Shake
-1.102,1.249,1.999,-286.685,286.685,-286.685,Shake
0.046,1.997,1.999,-286.685,286.685,-286.685,Shake
0.482,1.718,1.999,-286.685,286.685,-286.685,Shake
0.880,1.992,1.489,-286.685,286.685,-286.685,Shake
1.059,1.997,0.890,-286.685,286.685,-286.685,Shake
1.252,1.997,-1.234,-286.685,286.685,-286.685,Shake
1.998,0.273,-1.997,-105.009,232.426,-201.346,Shake
1.804,0.972,-1.411,286.685,-282.730,286.685,Shake
0.956,1.564,0.311,286.685,-286.685,286.685,Shake
0.723,1.973,0.697,286.685,-286.685,286.685,Shake
0.583,1.997,1.999,286.685,-286.685,286.685,Shake
-0.454,1.997,1.999,286.685,-286.685,286.685,Shake
-1.925,1.509,1.999,274.330,-213.098,265.781,Shake
-1.146,1.658,1.999,-276.789,286.685,-277.191,Shake
0.343,1.997,1.999,-286.685,286.685,-286.685,Shake
0.680,1.805,1.413,-286.685,286.685,-286.685,Shake
0.870,1.411,0.798,-286.685,286.685,-286.685,Shake
0.612,1.736,0.209,-286.685,286.685,-286.685,Shake
0.800,1.679,-1.004,-286.685,286.685,-286.685,Shake
1.841,0.344,-1.997,-167.204,200.034,-176.680,Shake
1.528,1.108,-1.409,286.685,-267.207,286.274,Shake
1.056,1.578,-0.129,286.685,-286.685,286.685,Shake
0.956,1.993,1.092,286.685,-286.685,286.685,Shake
0.329,1.997,1.999,286.685,-286.685,286.685,Shake
-0.331,1.997,1.999,286.685,-286.685,286.685,Shake
-1.999,1.182,1.999,286.685,-286.300,286.685,Shake
-0.990,1.441,1.999,-280.823,286.685,-280.446,Shake
-0.033,1.997,1.999,-286.685,286.685,-286.685,Shake
0.539,1.316,1.678,-286.685,286.685,-286.685,Shake
