2026-08-29 09:42:33,910 [INFO] Activator:176 - 


2026-08-29 09:42:33,910 [INFO] Activator:177 - !SESSION log4j initialized
2026-08-29 09:42:36,926 [INFO] LogOutputStream:77 - [STDOUT_REDIRECT] 
2026-08-29 09:42:37,532 [INFO] ApplicationProperties:184 - Using Application install path: C:\ST\STM32CubeIDE_1.19.0\STM32CubeIDE\plugins\com.st.stm32cube.common.mx_6.15.0.202507011659
2026-08-29 09:42:37,544 [INFO] DbMcusXml:78 - Set database path to: C:\ST\STM32CubeIDE_1.19.0\STM32CubeIDE\plugins\com.st.stm32cube.common.mx_6.15.0.202507011659\\db\/mcu/
2026-08-29 09:42:37,544 [INFO] ApiDb:274 - Set plugin database path to: C:\ST\STM32CubeIDE_1.19.0\STM32CubeIDE\plugins\com.st.stm32cube.common.mx_6.15.0.202507011659\\db\/plugins/boardmanager/
2026-08-29 09:42:37,544 [WARN] ApiDb:259 - Overriding images path with different value:  => C:\ST\STM32CubeIDE_1.19.0\STM32CubeIDE\plugins\com.st.stm32cube.common.mx_6.15.0.202507011659\\db\/plugins/mcufinder/images/
2026-08-29 09:42:37,547 [INFO] ApiDb:250 - Set database path to: C:\Users\student\.stmcufinder\plugins\mcufinder//mcu/
2026-08-29 09:42:37,548 [INFO] DbMcusAds:125 - Set database path to: C:\Users\student\.stmcufinder\plugins\mcufinder//mcu/
2026-08-29 09:42:37,550 [INFO] CrossReferenceDbSqlite:203 - Set database path to: C:\Users\student\.stmcufinder\plugins\mcufinder//mcu/cs/
2026-08-29 09:42:37,611 [INFO] RulesReader:64 - Compatibility file has been processed (317 Rules)
2026-08-29 09:42:37,655 [INFO] DbMcusXml:78 - Set database path to: C:\ST\STM32CubeIDE_1.19.0\STM32CubeIDE\plugins\com.st.stm32cube.common.mx_6.15.0.202507011659\\db\/mcu/
2026-08-29 09:42:37,656 [INFO] ApiDb:274 - Set plugin database path to: C:\ST\STM32CubeIDE_1.19.0\STM32CubeIDE\plugins\com.st.stm32cube.common.mx_6.15.0.202507011659\\db\/plugins/boardmanager/
2026-08-29 09:42:37,656 [INFO] ApiDb:261 - Set plugin images path to: C:\ST\STM32CubeIDE_1.19.0\STM32CubeIDE\plugins\com.st.stm32cube.common.mx_6.15.0.202507011659\\db\/plugins/mcufinder/images/
2026-08-29 09:42:37,656 [WARN] DbFile:41 - Overriding database path with different value: C:\Users\student\.stmcufinder\plugins\mcufinder/ => C:\Users\student\.stmcufinder\plugins\mcufinder
2026-08-29 09:42:37,656 [INFO] ApiDb:250 - Set database path to: C:\Users\student\.stmcufinder\plugins\mcufinder//mcu/
2026-08-29 09:42:37,656 [WARN] DbFile:41 - Overriding database path with different value: C:\Users\student\.stmcufinder\plugins\mcufinder/ => C:\Users\student\.stmcufinder\plugins\mcufinder
2026-08-29 09:42:37,656 [INFO] DbMcusAds:125 - Set database path to: C:\Users\student\.stmcufinder\plugins\mcufinder//mcu/
2026-08-29 09:42:37,656 [WARN] DbFile:41 - Overriding database path with different value: C:\Users\student\.stmcufinder\plugins\mcufinder/ => C:\Users\student\.stmcufinder\plugins\mcufinder
2026-08-29 09:42:37,656 [WARN] DbFile:41 - Overriding database path with different value: C:\Users\student\.stmcufinder\plugins\mcufinder/ => C:\Users\student\.stmcufinder\plugins\mcufinder
2026-08-29 09:42:37,656 [INFO] CrossReferenceDbSqlite:203 - Set database path to: C:\Users\student\.stmcufinder\plugins\mcufinder//mcu/cs/
2026-08-29 09:42:37,695 [INFO] MainPanel:274 - HeapMemory: 268435456
2026-08-29 09:42:37,758 [INFO] DbMcusXml:78 - Set database path to: C:\ST\STM32CubeIDE_1.19.0\STM32CubeIDE\plugins\com.st.stm32cube.common.mx_6.15.0.202507011659\\db\/mcu/
2026-08-29 09:42:37,759 [INFO] ApiDb:274 - Set plugin database path to: C:\ST\STM32CubeIDE_1.19.0\STM32CubeIDE\plugins\com.st.stm32cube.common.mx_6.15.0.202507011659\\db\/plugins/boardmanager/
2026-08-29 09:42:37,759 [INFO] ApiDb:261 - Set plugin images path to: C:\ST\STM32CubeIDE_1.19.0\STM32CubeIDE\plugins\com.st.stm32cube.common.mx_6.15.0.202507011659\\db\/plugins/mcufinder/images/
2026-08-29 09:42:37,759 [WARN] DbFile:41 - Overriding database path with different value: C:\Users\student\.stmcufinder\plugins\mcufinder/ => C:\Users\student\.stmcufinder\plugins\mcufinder
2026-08-29 09:42:37,759 [INFO] ApiDb:250 - Set database path to: C:\Users\student\.stmcufinder\plugins\mcufinder//mcu/
2026-08-29 09:42:37,759 [WARN] DbFile:41 - Overriding database path with different value: C:\Users\student\.stmcufinder\plugins\mcufinder/ => C:\Users\student\.stmcufinder\plugins\mcufinder
2026-08-29 09:42:37,759 [INFO] DbMcusAds:125 - Set database path to: C:\Users\student\.stmcufinder\plugins\mcufinder//mcu/
2026-08-29 09:42:37,759 [WARN] DbFile:41 - Overriding database path with different value: C:\Users\student\.stmcufinder\plugins\mcufinder/ => C:\Users\student\.stmcufinder\plugins\mcufinder
2026-08-29 09:42:37,759 [WARN] DbFile:41 - Overriding database path with different value: C:\Users\student\.stmcufinder\plugins\mcufinder/ => C:\Users\student\.stmcufinder\plugins\mcufinder
2026-08-29 09:42:37,759 [INFO] CrossReferenceDbSqlite:203 - Set database path to: C:\Users\student\.stmcufinder\plugins\mcufinder//mcu/cs/
2026-08-29 09:42:37,770 [INFO] ApplicationProperties:184 - Using Application install path: C:\ST\STM32CubeIDE_1.19.0\STM32CubeIDE\plugins\com.st.stm32cube.common.mx_6.15.0.202507011659
2026-08-29 09:42:37,770 [INFO] PluginManage:196 - Search for loadable plugins [exclusion list=, ]
2026-08-29 09:42:37,771 [INFO] PluginManage:310 - Check plugin analytics
2026-08-29 09:42:37,866 [INFO] AnalyticsPlugin:253 - Accepted Software Licenses: 
2026-08-29 09:42:37,866 [INFO] AnalyticsPlugin:255 - Accepted CMSIS Pack Licenses: 
2026-08-29 09:42:37,866 [INFO] AnalyticsPlugin:257 - Accepted Firmware Licenses: FW.L4.1.18.0
2026-08-29 09:42:37,867 [INFO] PluginManage:359 - Loaded plugin analytics (category:tool,tabindex:-1)
2026-08-29 09:42:37,867 [INFO] PluginManage:310 - Check plugin cadmodel
2026-08-29 09:42:37,871 [INFO] CADModel:105 - Init CAD model plugin
2026-08-29 09:42:37,871 [INFO] PluginManage:359 - Loaded plugin cadmodel (category:power,tabindex:5)
2026-08-29 09:42:37,871 [INFO] PluginManage:310 - Check plugin clock
2026-08-29 09:42:37,877 [INFO] PluginManage:359 - Loaded plugin clock (category:base,tabindex:2)
2026-08-29 09:42:37,877 [INFO] PluginManage:310 - Check plugin ddr
2026-08-29 09:42:37,879 [INFO] PluginManage:359 - Loaded plugin ddr (category:tool,tabindex:6)
2026-08-29 09:42:37,879 [INFO] PluginManage:310 - Check plugin filemanager
2026-08-29 09:42:37,968 [INFO] PluginManage:359 - Loaded plugin filemanager (category:base,tabindex:10)
2026-08-29 09:42:37,968 [INFO] PluginManage:310 - Check plugin ipmanager
2026-08-29 09:42:37,972 [INFO] PluginManage:359 - Loaded plugin ipmanager (category:base,tabindex:5)
2026-08-29 09:42:37,972 [INFO] PluginManage:310 - Check plugin lpbam
2026-08-29 09:42:37,977 [INFO] PluginManage:359 - Loaded plugin lpbam (category:base,tabindex:0)
2026-08-29 09:42:37,977 [INFO] PluginManage:310 - Check plugin memorymap
2026-08-29 09:42:37,986 [INFO] PluginManage:359 - Loaded plugin memorymap (category:base,tabindex:4)
2026-08-29 09:42:37,986 [INFO] PluginManage:310 - Check plugin pinoutandconfiguration
2026-08-29 09:42:37,991 [INFO] PluginManage:359 - Loaded plugin pinoutandconfiguration (category:base,tabindex:1)
2026-08-29 09:42:37,991 [INFO] PluginManage:310 - Check plugin pinoutconfig
2026-08-29 09:42:38,054 [WARN] SupportedApi:132 - Cannot load RTOS API schema: s4s-elt-must-match.1: The content of 'definitions' must match (annotation?, (simpleType | complexType)?, (unique | key | keyref)*)). A problem was found starting at: attribute.
2026-08-29 09:42:38,132 [INFO] PluginManage:359 - Loaded plugin pinoutconfig (category:base,tabindex:0)
2026-08-29 09:42:38,132 [INFO] PluginManage:310 - Check plugin power
2026-08-29 09:42:38,138 [INFO] PluginManage:359 - Loaded plugin power (category:power,tabindex:4)
2026-08-29 09:42:38,138 [INFO] PluginManage:310 - Check plugin projectmanager
2026-08-29 09:42:38,151 [INFO] PluginManage:359 - Loaded plugin projectmanager (category:projectmanager,tabindex:4)
2026-08-29 09:42:38,151 [INFO] PluginManage:310 - Check plugin rif
2026-08-29 09:42:38,158 [INFO] PluginManage:359 - Loaded plugin rif (category:base,tabindex:3)
2026-08-29 09:42:38,158 [INFO] PluginManage:310 - Check plugin thirdparty
2026-08-29 09:42:38,243 [INFO] PluginManage:359 - Loaded plugin thirdparty (category:base,tabindex:-1)
2026-08-29 09:42:38,243 [WARN] IntegrityCheckThread:84 - waiting for thirdparty lock release [integrity check]
2026-08-29 09:42:38,243 [INFO] PluginManage:310 - Check plugin tools
2026-08-29 09:42:38,243 [INFO] IntegrityCheckThread:86 - entering critical section [integrity check]
2026-08-29 09:42:38,244 [INFO] ThirdPartyUpdaterWithRetryManager:70 - Updater plugin not ready yet. [1/15]
2026-08-29 09:42:38,245 [INFO] PluginManage:359 - Loaded plugin tools (category:base,tabindex:7)
2026-08-29 09:42:38,245 [INFO] PluginManage:310 - Check plugin tutovideos
2026-08-29 09:42:38,376 [INFO] PluginManage:359 - Loaded plugin tutovideos (category:base,tabindex:-1)
2026-08-29 09:42:38,376 [INFO] PluginManage:310 - Check plugin updater
2026-08-29 09:42:38,393 [INFO] PluginManage:359 - Loaded plugin updater (category:base,tabindex:12)
2026-08-29 09:42:38,393 [INFO] PluginManage:310 - Check plugin userauth
2026-08-29 09:42:38,396 [INFO] UserAuth:118 - Init User Auth plugin
2026-08-29 09:42:38,396 [INFO] PluginManage:359 - Loaded plugin userauth (category:base,tabindex:14)
2026-08-29 09:42:38,396 [INFO] PluginManage:283 - PluginManage : Loaded plugins [18]
2026-08-29 09:42:38,516 [INFO] PinOutPanel:1589 - setPackage(No Configuration,No Configuration)
2026-08-29 09:42:38,559 [INFO] CADModel:165 - CPN selected for project level
2026-08-29 09:42:38,560 [INFO] CADModel:114 - Register for checkConnection events
2026-08-29 09:42:38,570 [INFO] IPUIPlugin:80 - create IPUIPlugin
2026-08-29 09:42:38,571 [INFO] PluginManager:220 - loadIPPluginJar : add adc
2026-08-29 09:42:38,573 [INFO] IPUIPlugin:80 - create IPUIPlugin
2026-08-29 09:42:38,573 [INFO] PluginManager:220 - loadIPPluginJar : add aes
2026-08-29 09:42:38,574 [INFO] IPUIPlugin:80 - create IPUIPlugin
2026-08-29 09:42:38,574 [INFO] PluginManager:220 - loadIPPluginJar : add can
2026-08-29 09:42:38,575 [INFO] IPUIPlugin:80 - create IPUIPlugin
2026-08-29 09:42:38,575 [INFO] PluginManager:220 - loadIPPluginJar : add comp
2026-08-29 09:42:38,576 [INFO] IPUIPlugin:80 - create IPUIPlugin
2026-08-29 09:42:38,576 [INFO] PluginManager:220 - loadIPPluginJar : add cryp
2026-08-29 09:42:38,578 [INFO] IPUIPlugin:80 - create IPUIPlugin
2026-08-29 09:42:38,578 [INFO] PluginManager:220 - loadIPPluginJar : add ddr_ctrl_phy
2026-08-29 09:42:38,579 [INFO] IPUIPlugin:80 - create IPUIPlugin
2026-08-29 09:42:38,579 [INFO] PluginManager:220 - loadIPPluginJar : add dfsdm
2026-08-29 09:42:38,582 [INFO] IPUIPlugin:80 - create IPUIPlugin
2026-08-29 09:42:38,582 [INFO] PluginManager:220 - loadIPPluginJar : add dma
2026-08-29 09:42:38,583 [INFO] IPUIPlugin:80 - create IPUIPlugin
2026-08-29 09:42:38,583 [INFO] PluginManager:220 - loadIPPluginJar : add dma3
2026-08-29 09:42:38,585 [INFO] IPUIPlugin:80 - create IPUIPlugin
2026-08-29 09:42:38,585 [INFO] PluginManager:220 - loadIPPluginJar : add extmemmanager
2026-08-29 09:42:38,586 [INFO] IPUIPlugin:80 - create IPUIPlugin
2026-08-29 09:42:38,586 [INFO] PluginManager:220 - loadIPPluginJar : add fatfs
2026-08-29 09:42:38,588 [INFO] IPUIPlugin:80 - create IPUIPlugin
2026-08-29 09:42:38,588 [INFO] PluginManager:220 - loadIPPluginJar : add fmc
2026-08-29 09:42:38,592 [INFO] IPUIPlugin:80 - create IPUIPlugin
2026-08-29 09:42:38,592 [INFO] PluginManager:220 - loadIPPluginJar : add freertos
2026-08-29 09:42:38,593 [INFO] IPUIPlugin:80 - create IPUIPlugin
2026-08-29 09:42:38,593 [INFO] PluginManager:220 - loadIPPluginJar : add genericplugin
2026-08-29 09:42:38,594 [INFO] IPUIPlugin:80 - create IPUIPlugin
2026-08-29 09:42:38,594 [INFO] PluginManager:220 - loadIPPluginJar : add gfxmmu
2026-08-29 09:42:38,597 [INFO] IPUIPlugin:80 - create IPUIPlugin
2026-08-29 09:42:38,597 [INFO] PluginManager:220 - loadIPPluginJar : add gic
2026-08-29 09:42:38,599 [INFO] IPUIPlugin:80 - create IPUIPlugin
2026-08-29 09:42:38,599 [INFO] PluginManager:220 - loadIPPluginJar : add gpio
2026-08-29 09:42:38,601 [INFO] IPUIPlugin:80 - create IPUIPlugin
2026-08-29 09:42:38,601 [INFO] PluginManager:220 - loadIPPluginJar : add gtzc
2026-08-29 09:42:38,601 [INFO] IPUIPlugin:80 - create IPUIPlugin
2026-08-29 09:42:38,601 [INFO] PluginManager:220 - loadIPPluginJar : add hash
2026-08-29 09:42:38,604 [INFO] IPUIPlugin:80 - create IPUIPlugin
2026-08-29 09:42:38,604 [INFO] PluginManager:220 - loadIPPluginJar : add i2c
2026-08-29 09:42:38,605 [INFO] IPUIPlugin:80 - create IPUIPlugin
2026-08-29 09:42:38,605 [INFO] PluginManager:220 - loadIPPluginJar : add i2s
2026-08-29 09:42:38,606 [INFO] IPUIPlugin:80 - create IPUIPlugin
2026-08-29 09:42:38,606 [INFO] PluginManager:220 - loadIPPluginJar : add i3c
2026-08-29 09:42:38,608 [INFO] IPUIPlugin:80 - create IPUIPlugin
2026-08-29 09:42:38,608 [INFO] PluginManager:220 - loadIPPluginJar : add ipddr
2026-08-29 09:42:38,612 [INFO] IPUIPlugin:80 - create IPUIPlugin
2026-08-29 09:42:38,612 [INFO] PluginManager:220 - loadIPPluginJar : add linkedlist
2026-08-29 09:42:38,614 [INFO] IPUIPlugin:80 - create IPUIPlugin
2026-08-29 09:42:38,614 [INFO] PluginManager:220 - loadIPPluginJar : add lorawan
2026-08-29 09:42:38,614 [INFO] IPUIPlugin:80 - create IPUIPlugin
2026-08-29 09:42:38,614 [INFO] PluginManager:220 - loadIPPluginJar : add ltdc
2026-08-29 09:42:38,617 [INFO] IPUIPlugin:80 - create IPUIPlugin
2026-08-29 09:42:38,617 [INFO] PluginManager:220 - loadIPPluginJar : add mdma
2026-08-29 09:42:38,619 [INFO] IPUIPlugin:80 - create IPUIPlugin
2026-08-29 09:42:38,619 [INFO] PluginManager:220 - loadIPPluginJar : add nvic
2026-08-29 09:42:38,620 [INFO] IPUIPlugin:80 - create IPUIPlugin
2026-08-29 09:42:38,620 [INFO] PluginManager:220 - loadIPPluginJar : add opamp
2026-08-29 09:42:38,622 [INFO] IPUIPlugin:80 - create IPUIPlugin
2026-08-29 09:42:38,622 [INFO] PluginManager:220 - loadIPPluginJar : add openamp
2026-08-29 09:42:38,624 [INFO] IPUIPlugin:80 - create IPUIPlugin
2026-08-29 09:42:38,624 [INFO] PluginManager:220 - loadIPPluginJar : add pdm2pcm
2026-08-29 09:42:38,627 [INFO] IPUIPlugin:80 - create IPUIPlugin
2026-08-29 09:42:38,628 [INFO] PluginManager:220 - loadIPPluginJar : add plateformsettings
2026-08-29 09:42:38,628 [INFO] IPUIPlugin:80 - create IPUIPlugin
2026-08-29 09:42:38,628 [INFO] PluginManager:220 - loadIPPluginJar : add quadspi
2026-08-29 09:42:38,629 [INFO] IPUIPlugin:80 - create IPUIPlugin
2026-08-29 09:42:38,630 [INFO] PluginManager:220 - loadIPPluginJar : add radio
2026-08-29 09:42:38,632 [INFO] IPUIPlugin:80 - create IPUIPlugin
2026-08-29 09:42:38,632 [INFO] PluginManager:220 - loadIPPluginJar : add resmgrutility
2026-08-29 09:42:38,634 [INFO] IPUIPlugin:80 - create IPUIPlugin
2026-08-29 09:42:38,634 [INFO] PluginManager:220 - loadIPPluginJar : add sai
2026-08-29 09:42:38,636 [INFO] IPUIPlugin:80 - create IPUIPlugin
2026-08-29 09:42:38,636 [INFO] PluginManager:220 - loadIPPluginJar : add spi
2026-08-29 09:42:38,639 [INFO] IPUIPlugin:80 - create IPUIPlugin
2026-08-29 09:42:38,639 [INFO] PluginManager:220 - loadIPPluginJar : add stm32_wpan
2026-08-29 09:42:38,640 [INFO] IPUIPlugin:80 - create IPUIPlugin
2026-08-29 09:42:38,640 [INFO] PluginManager:220 - loadIPPluginJar : add tim
2026-08-29 09:42:38,642 [INFO] IPUIPlugin:80 - create IPUIPlugin
2026-08-29 09:42:38,642 [INFO] PluginManager:220 - loadIPPluginJar : add touchsensing
2026-08-29 09:42:38,643 [INFO] IPUIPlugin:80 - create IPUIPlugin
2026-08-29 09:42:38,643 [INFO] PluginManager:220 - loadIPPluginJar : add tracer_emb
2026-08-29 09:42:38,644 [INFO] IPUIPlugin:80 - create IPUIPlugin
2026-08-29 09:42:38,644 [INFO] PluginManager:220 - loadIPPluginJar : add ts
2026-08-29 09:42:38,645 [INFO] IPUIPlugin:80 - create IPUIPlugin
2026-08-29 09:42:38,645 [INFO] PluginManager:220 - loadIPPluginJar : add tsc
2026-08-29 09:42:38,647 [INFO] IPUIPlugin:80 - create IPUIPlugin
2026-08-29 09:42:38,647 [INFO] PluginManager:220 - loadIPPluginJar : add ucpd
2026-08-29 09:42:38,648 [INFO] IPUIPlugin:80 - create IPUIPlugin
2026-08-29 09:42:38,648 [INFO] PluginManager:220 - loadIPPluginJar : add usart
2026-08-29 09:42:38,650 [INFO] IPUIPlugin:80 - create IPUIPlugin
2026-08-29 09:42:38,650 [INFO] PluginManager:220 - loadIPPluginJar : add usbx
2026-08-29 09:42:38,750 [FATAL] Updater:351 - Updater called before beeing initialized
2026-08-29 09:42:38,768 [INFO] RulesReader:64 - Compatibility file has been processed (317 Rules)
2026-08-29 09:42:38,775 [INFO] RulesReader:64 - Compatibility file has been processed (317 Rules)
2026-08-29 09:42:38,781 [INFO] CADModel:165 - CPN selected for project level
2026-08-29 09:42:38,781 [INFO] CADModel:114 - Register for checkConnection events
2026-08-29 09:42:38,781 [FATAL] Updater:351 - Updater called before beeing initialized
2026-08-29 09:42:38,781 [ERROR] CADModel:125 - Updater not yet initialized, retry later 
2026-08-29 09:42:38,858 [FATAL] Updater:351 - Updater called before beeing initialized
2026-08-29 09:42:38,859 [INFO] CADModel:165 - CPN selected for project level
2026-08-29 09:42:38,859 [INFO] CADModel:114 - Register for checkConnection events
2026-08-29 09:42:38,859 [FATAL] Updater:351 - Updater called before beeing initialized
2026-08-29 09:42:38,859 [ERROR] CADModel:125 - Updater not yet initialized, retry later 
2026-08-29 09:42:38,861 [FATAL] Updater:351 - Updater called before beeing initialized
2026-08-29 09:42:38,939 [FATAL] Updater:351 - Updater called before beeing initialized
2026-08-29 09:42:38,941 [INFO] DbMcusAds:53 - JSON generation date=Wed Jul 15 15:14:54 IST 2026 (1784108694001)
2026-08-29 09:42:38,941 [FATAL] Updater:351 - Updater called before beeing initialized
2026-08-29 09:42:38,963 [WARN] DetailPanel:346 - Failed to get advertising image, set to default
2026-08-29 09:42:39,009 [FATAL] Updater:351 - Updater called before beeing initialized
2026-08-29 09:42:39,010 [FATAL] Updater:351 - Updater called before beeing initialized
2026-08-29 09:42:39,010 [FATAL] Updater:351 - Updater called before beeing initialized
2026-08-29 09:42:39,011 [WARN] DetailPanel:346 - Failed to get advertising image, set to default
2026-08-29 09:42:39,012 [FATAL] Updater:351 - Updater called before beeing initialized
2026-08-29 09:42:39,037 [ERROR] Updater:1198 - MainUpdater not yet initialized. External WinMGr cannot be set.
2026-08-29 09:42:39,038 [INFO] Updater:1134 - Updater Version found : 6.15.0
2026-08-29 09:42:39,049 [INFO] ApplicationProperties:184 - Using Application install path: C:\ST\STM32CubeIDE_1.19.0\STM32CubeIDE\plugins\com.st.stm32cube.common.mx_6.15.0.202507011659
2026-08-29 09:42:40,570 [INFO] McuFinderGlobals:63 - Set McuFinder mode to 2 (CubeIDE integrated)
2026-08-29 09:42:40,612 [ERROR] LogOutputStream:75 - [STDERR_REDIRECT] Aug 29, 2026 9:42:40 AM java.util.prefs.WindowsPreferences <init>
2026-08-29 09:42:40,613 [ERROR] LogOutputStream:75 - [STDERR_REDIRECT] WARNING: Could not open/create prefs root node Software\JavaSoft\Prefs at root 0xffffffff80000002. Windows RegCreateKeyEx(...) returned error code 5.
2026-08-29 09:42:40,613 [ERROR] LogOutputStream:75 - [STDERR_REDIRECT] 
2026-08-29 09:42:40,874 [INFO] MainUpdater:2872 - connection check result : 10
2026-08-29 09:42:40,875 [INFO] MainUpdater:289 - Updater Check For Update Now.
2026-08-29 09:42:40,875 [INFO] MicroXplorer:498 - Change Database Version : DB.6.0.150
2026-08-29 09:42:40,881 [INFO] McuFinderGlobals:63 - Set McuFinder mode to 2 (CubeIDE integrated)
2026-08-29 09:42:40,882 [INFO] UserAuth:487 - Internet connection configuration mode: 1
2026-08-29 09:42:40,903 [INFO] JxBrowserEngine:152 - Initiate JxBrowser Engine with user profile folder
2026-08-29 09:42:41,044 [INFO] CheckServerUpdateThread:120 - End of CheckServer Thread
2026-08-29 09:42:41,088 [INFO] MainUpdater:2872 - connection check result : 10
2026-08-29 09:42:41,115 [INFO] McuFinderGlobals:76 - Set McuFinderConnectedMode to true
2026-08-29 09:42:41,245 [WARN] MainUpdater:1193 - Updater busy. Cannot search thirdparties
2026-08-29 09:42:41,245 [INFO] ThirdPartyUpdaterWithRetryManager:96 - Updater plugin is busy. [1/15]
2026-08-29 09:42:41,382 [INFO] ServerAccessManage:452 - Complete download http(s) 200
2026-08-29 09:42:41,383 [INFO] ServerAccessManage:509 - Download File mcusAds.json._tmp_
2026-08-29 09:42:41,535 [INFO] LoadUrlFilesThread:156 - End of LoadUrlFiles Thread
2026-08-29 09:42:41,612 [INFO] ServerAccessManage:452 - Complete download http(s) 200
2026-08-29 09:42:41,612 [INFO] ServerAccessManage:509 - Download File cube-finder-db.zip
2026-08-29 09:42:41,771 [INFO] WebApp:169 - Instantiating new browser for Auth
2026-08-29 09:42:42,161 [INFO] WebApp:463 - Apply proxy settings
2026-08-29 09:42:42,162 [INFO] WebApp:548 - Chromium requires no authentication
2026-08-29 09:42:42,168 [INFO] WebApp:491 - Direct internet connection detected
2026-08-29 09:42:42,181 [INFO] WebApp:900 - Register for checkConnection events
2026-08-29 09:42:42,181 [INFO] WebApp:463 - Apply proxy settings
2026-08-29 09:42:42,182 [INFO] WebApp:548 - Chromium requires no authentication
2026-08-29 09:42:42,182 [INFO] WebApp:491 - Direct internet connection detected
2026-08-29 09:42:42,283 [INFO] WebApp:225 - Starting web application
2026-08-29 09:42:42,283 [INFO] WebApp:593 - Web application path used C:\ST\STM32CubeIDE_1.19.0\STM32CubeIDE\plugins\com.st.stm32cube.common.mx_6.15.0.202507011659\db\plugins\mcufinder\reactClient1\index.html
2026-08-29 09:42:42,381 [INFO] UserAuth:487 - Internet connection configuration mode: 1
2026-08-29 09:42:42,497 [INFO] WebApp:191 - Connection restablished
2026-08-29 09:42:44,246 [WARN] MainUpdater:1193 - Updater busy. Cannot search thirdparties
2026-08-29 09:42:44,246 [INFO] ThirdPartyUpdaterWithRetryManager:96 - Updater plugin is busy. [2/15]
2026-08-29 09:42:47,247 [WARN] MainUpdater:1193 - Updater busy. Cannot search thirdparties
2026-08-29 09:42:47,248 [INFO] ThirdPartyUpdaterWithRetryManager:96 - Updater plugin is busy. [3/15]
2026-08-29 09:42:50,248 [WARN] MainUpdater:1193 - Updater busy. Cannot search thirdparties
2026-08-29 09:42:50,248 [INFO] ThirdPartyUpdaterWithRetryManager:96 - Updater plugin is busy. [4/15]
2026-08-29 09:42:53,250 [WARN] MainUpdater:1193 - Updater busy. Cannot search thirdparties
2026-08-29 09:42:53,250 [INFO] ThirdPartyUpdaterWithRetryManager:96 - Updater plugin is busy. [5/15]
2026-08-29 09:42:56,251 [WARN] MainUpdater:1193 - Updater busy. Cannot search thirdparties
2026-08-29 09:42:56,251 [INFO] ThirdPartyUpdaterWithRetryManager:96 - Updater plugin is busy. [6/15]
2026-08-29 09:42:59,252 [WARN] MainUpdater:1193 - Updater busy. Cannot search thirdparties
2026-08-29 09:42:59,252 [INFO] ThirdPartyUpdaterWithRetryManager:96 - Updater plugin is busy. [7/15]
2026-08-29 09:43:02,253 [WARN] MainUpdater:1193 - Updater busy. Cannot search thirdparties
2026-08-29 09:43:02,253 [INFO] ThirdPartyUpdaterWithRetryManager:96 - Updater plugin is busy. [8/15]
2026-08-29 09:43:05,255 [WARN] MainUpdater:1193 - Updater busy. Cannot search thirdparties
2026-08-29 09:43:05,255 [INFO] ThirdPartyUpdaterWithRetryManager:96 - Updater plugin is busy. [9/15]
2026-08-29 09:43:08,255 [WARN] MainUpdater:1193 - Updater busy. Cannot search thirdparties
2026-08-29 09:43:08,255 [INFO] ThirdPartyUpdaterWithRetryManager:96 - Updater plugin is busy. [10/15]
2026-08-29 09:43:11,257 [WARN] MainUpdater:1193 - Updater busy. Cannot search thirdparties
2026-08-29 09:43:11,257 [INFO] ThirdPartyUpdaterWithRetryManager:96 - Updater plugin is busy. [11/15]
2026-08-29 09:43:14,260 [WARN] MainUpdater:1193 - Updater busy. Cannot search thirdparties
2026-08-29 09:43:14,260 [INFO] ThirdPartyUpdaterWithRetryManager:96 - Updater plugin is busy. [12/15]
2026-08-29 09:43:17,261 [WARN] MainUpdater:1193 - Updater busy. Cannot search thirdparties
2026-08-29 09:43:17,263 [INFO] ThirdPartyUpdaterWithRetryManager:96 - Updater plugin is busy. [13/15]
2026-08-29 09:43:20,265 [WARN] MainUpdater:1193 - Updater busy. Cannot search thirdparties
2026-08-29 09:43:20,265 [INFO] ThirdPartyUpdaterWithRetryManager:96 - Updater plugin is busy. [14/15]
2026-08-29 09:43:23,265 [WARN] MainUpdater:1193 - Updater busy. Cannot search thirdparties
2026-08-29 09:43:23,265 [INFO] ThirdPartyUpdaterWithRetryManager:96 - Updater plugin is busy. [15/15]
2026-08-29 09:43:23,265 [ERROR] IntegrityCheckThread:130 - Cannot retrieve database content from updater: error -1
2026-08-29 09:43:23,266 [INFO] ThirdParty:978 - Integrity check success = false
2026-08-29 09:43:23,266 [INFO] IntegrityCheckThread:100 - exiting critical section [integrity check]
2026-08-29 09:43:23,266 [INFO] IntegrityCheckThread:103 - End integrity checks thread
2026-08-29 09:44:13,902 [INFO] FileExtend:248 - Unzip File : cube-finder-db.zip
2026-08-29 09:44:13,902 [INFO] FileExtend:263 - Standard Zip Deflate
2026-08-29 09:44:14,385 [INFO] LoadUrlFilesThread:156 - End of LoadUrlFiles Thread
2026-08-29 09:44:30,094 [ERROR] ServerAccessManage:1295 - Problem during Server Connection :  IO error Connection reset
2026-08-29 09:44:30,095 [ERROR] ServerAccessManage:740 - Problem during Server Connection :  : crdb.zip.
2026-08-29 09:44:31,704 [INFO] LoadUrlFilesThread:156 - End of LoadUrlFiles Thread
2026-08-29 09:44:32,501 [INFO] DbMcusAds:53 - JSON generation date=Wed Jul 15 15:14:54 IST 2026 (1784108694001)
2026-08-29 09:44:32,518 [ERROR] TargetSelectorAdapter:267 - Unable to refresh data
2026-08-29 09:44:32,728 [INFO] ApiDb:581 - Connected to CubeFinder SQLite database (C:\Users\student\.stmcufinder\plugins\mcufinder\mcu\cube-finder-db.db)
2026-08-29 09:44:32,774 [INFO] ApiDb:668 - CubeFinder database Data Model version=2.1
2026-08-29 09:44:32,774 [INFO] ApiDb:669 - CubeFinder database Configuration version=3.0.42
2026-08-29 09:44:32,774 [INFO] ApiDb:670 - CubeFinder database generation date=2026-08-04 (1785840812)
2026-08-29 09:44:32,775 [INFO] ApiDb:671 - CubeFinder database FW Pack versions=[FP-ATR-ASTRA1_V2.0.0, FP-SNS-FLIGHT1_V5.1.0, FP-SNS-MOTENV1_V5.1.0, FP-SNS-MOTENVWB1_V1.5.0, FP-SNS-SMARTAG2_V1.2.0, FP-SNS-STBOX1_V2.1.0, STM32Cube_FW_C0_V1.4.1, STM32Cube_FW_F4_V1.28.3, STM32Cube_FW_F7_V1.17.4, STM32Cube_FW_G0_V1.6.3, STM32Cube_FW_G4_V1.6.2, STM32Cube_FW_H5_V1.7.0, STM32Cube_FW_H7RS_V1.3.0, STM32Cube_FW_H7_V1.13.0, STM32Cube_FW_L0_V1.12.2, STM32Cube_FW_L4_V1.18.2, STM32Cube_FW_L5_V1.6.0, STM32Cube_FW_N6_V1.4.0, STM32Cube_FW_U0_V1.3.0, STM32Cube_FW_U3_V1.4.0, STM32Cube_FW_U5_V1.9.0, STM32Cube_FW_WB0_V1.5.0, STM32Cube_FW_WBA_V1.10.0, STM32Cube_FW_WB_V1.24.0, STM32Cube_FW_WL3_V1.5.0, STM32Cube_FW_WL_V1.6.0, X-CUBE-ALGOBUILD_V1.5.0, X-CUBE-ALS_V1.0.2, X-CUBE-AZRTOS-F4_V1.1.0, X-CUBE-AZRTOS-F7_V1.1.0, X-CUBE-AZRTOS-G0_V1.1.0, X-CUBE-AZRTOS-G4_V2.0.0, X-CUBE-AZRTOS-H7RS_V1.3.0, X-CUBE-AZRTOS-H7_V3.5.0, X-CUBE-AZRTOS-L4_V2.0.0, X-CUBE-AZRTOS-L5_V2.0.0, X-CUBE-AZRTOS-WB_V2.0.0, X-CUBE-AZRTOS-WL_V2.0.0, X-CUBE-BLE1_V7.1.0, X-CUBE-BLE2_V3.3.0, X-CUBE-BLEMGR_V4.2.0, X-CUBE-EEPRMA1_V5.2.0, X-CUBE-FREERTOS_V1.6.0, X-CUBE-GNSS1_V7.1.1, X-CUBE-MEMS1_V13.0.0, X-CUBE-NFC4_V3.0.0, X-CUBE-NFC7_V2.0.0, X-CUBE-SFXS2LP1_V4.0.0, X-CUBE-ST67W61_V1.3.0, X-CUBE-SUBG2_V5.0.0, X-CUBE-TOF1_V3.4.3]
2026-08-29 09:44:34,042 [INFO] ApiDb:240 - Found 880 in-development CPN: [B-G473E-ZEST1S, B-WB1M-WPAN1, B-WBA5M-WPAN, B-WL5M-SUBG1, NUCLEO-C031C6, NUCLEO-C051C8, NUCLEO-C071RB, NUCLEO-C092RC, NUCLEO-H503RB, NUCLEO-H533RE, NUCLEO-H563ZI, NUCLEO-H7S3L8, NUCLEO-N657X0-Q, NUCLEO-U031R8, NUCLEO-U083RC, NUCLEO-U385RG-Q, NUCLEO-U545RE-Q, NUCLEO-U5A5ZJ-Q, NUCLEO-WB05KZ, NUCLEO-WB07CC, NUCLEO-WB09KE, NUCLEO-WBA52CG, NUCLEO-WBA55CG, NUCLEO-WL33CC1, NUCLEO-WL33CC2, STEVAL-PROTEUS1, STEVAL-SMARTAG2, STEVAL-STWINBX1, STM320518-EVAL, STM32C0116-DK, STM32C011D6Y3TR, STM32C011D6Y6TR, STM32C011F4P3, STM32C011F4P6, STM32C011F4U3, STM32C011F4U6TR, STM32C011F6P3, STM32C011F6P6, STM32C011F6U3, STM32C011F6U6TR, STM32C011J4M3, STM32C011J4M6, STM32C011J6M3, STM32C011J6M6, STM32C0316-DK, STM32C031C4T3, STM32C031C4T6, STM32C031C4U3, STM32C031C4U6, STM32C031C6T3, STM32C031C6T6, STM32C031C6U3, STM32C031C6U6, STM32C031F4P3, STM32C031F4P6, STM32C031F6P3, STM32C031F6P6, STM32C031G4U3, STM32C031G4U6, STM32C031G6U3, STM32C031G6U6, STM32C031K4T3, STM32C031K4T6, STM32C031K4U3, STM32C031K4U6, STM32C031K6T3, STM32C031K6T6, STM32C031K6U3, STM32C031K6U6, STM32C051C6T6, STM32C051C6U6, STM32C051C8T6, STM32C051C8U6, STM32C051D8Y6TR, STM32C051F6P6, STM32C051F8P6, STM32C051G6U6, STM32C051G8U6, STM32C051K6T6, STM32C051K6U6, STM32C051K8T6, STM32C071C8T6, STM32C071C8T6N, STM32C071C8U6, STM32C071C8U6N, STM32C071CBT6, STM32C071CBT6N, STM32C071CBU6, STM32C071CBU6N, STM32C071F8P6, STM32C071F8P6N, STM32C071FBP6, STM32C071FBP6N, STM32C071FBY6TR, STM32C071G8U6, STM32C071G8U6N, STM32C071GBU6, STM32C071GBU6N, STM32C071K8T6, STM32C071K8T6N, STM32C071K8U6, STM32C071K8U6N, STM32C071KBT6, STM32C071KBT6N, STM32C071KBU6, STM32C071KBU6N, STM32C071R8T6, STM32C071R8T6N, STM32C071RBI6N, STM32C071RBT6, STM32C071RBT6N, STM32C091CBT6, STM32C091CBU6, STM32C091CCT6, STM32C091CCU6, STM32C091ECY6TR, STM32C091FBP6, STM32C091FCP6, STM32C091GBU6, STM32C091GCU6, STM32C091KBT6, STM32C091KBU6, STM32C091KCT6, STM32C091KCU6, STM32C091RBT6, STM32C091RCI6, STM32C091RCT6, STM32C092CBT6, STM32C092CBU6, STM32C092CCT6, STM32C092CCU6, STM32C092ECY6TR, STM32C092FBP6, STM32C092FCP6, STM32C092GBU6, STM32C092GCU6, STM32C092KBT6, STM32C092KBU6, STM32C092KCT6, STM32C092KCU6, STM32C092RBT6, STM32C092RCI6, STM32C092RCT6, STM32G071K8TXN, STM32G071K8UXN, STM32G081GBU6N, STM32G081KBT6N, STM32G081KBUXN, STM32G0B1CCT6N, STM32G0B1KCT6, STM32G0B1NEY6TR, STM32G0B1RCT6N, STM32G0C1CCT6, STM32G0C1CCT6N, STM32G0C1CCU6N, STM32G0C1CET6N, STM32G0C1CEU6N, STM32G0C1KCT6, STM32G0C1NEY6TR, STM32G0C1RCI6N, STM32G0C1RCT6N, STM32G0C1REI6N, STM32G0C1RET6N, STM32G0C1VCI6, STM32G0C1VEI6, STM32G411C6T3, STM32G411C6T6, STM32G411C6U3, STM32G411C6U6, STM32G411C8T3, STM32G411C8T6, STM32G411C8U3, STM32G411C8U6, STM32G411CBT3, STM32G411CBT6, STM32G411CBU3, STM32G411CBU6, STM32G411K6T3, STM32G411K6T6, STM32G411K6U3, STM32G411K6U6, STM32G411K8T3, STM32G411K8T6, STM32G411K8U3, STM32G411K8U6, STM32G411KBT3, STM32G411KBT6, STM32G411KBU3, STM32G411KBU6, STM32G411M6T3, STM32G411M6T6, STM32G411M8T3, STM32G411M8T6, STM32G411MBT3, STM32G411MBT6, STM32G411R6T3, STM32G411R6T6, STM32G411R8T3, STM32G411R8T6, STM32G411RBT3, STM32G411RBT6, STM32G414CBT3, STM32G414CBT6, STM32G414CBU3, STM32G414CBU6, STM32G414CCT3, STM32G414CCT6, STM32G414CCU3, STM32G414CCU6, STM32G414MBT3, STM32G414MBT6, STM32G414MCT3, STM32G414MCT6, STM32G414RBT3, STM32G414RBT6, STM32G414RCT3, STM32G414RCT6, STM32G414VBT3, STM32G414VBT6, STM32G414VCT3, STM32G414VCT6, STM32G431CBT3Z, STM32G431RBT3Z, STM32G471CCT6, STM32G471CCU6, STM32G471CET3, STM32G471CET6, STM32G471CEU3, STM32G471CEU6, STM32G471MCT6, STM32G471MET3, STM32G471MET6, STM32G471MEY6TR, STM32G471QCT6, STM32G471QET3, STM32G471RCT6, STM32G471RET3, STM32G471RET6, STM32G471VCH6, STM32G471VCI6, STM32G471VCT6, STM32G471VEH3, STM32G471VEH6, STM32G471VEI3, STM32G471VEI6, STM32G471VET3, STM32G471VET6, STM32G473QET3Z, STM32G473RET3Z, STM32G474CCT6, STM32G491RET3Z, STM32H503CBT6, STM32H503CBU6, STM32H503EBY6TR, STM32H503KBU6, STM32H503RBT6, STM32H523CCT6, STM32H523CCU6, STM32H523CET6, STM32H523CEU6, STM32H523HEY6TR, STM32H523RCT6, STM32H523RET6, STM32H523VCI6, STM32H523VCT6, STM32H523VEI6, STM32H523VET6, STM32H523ZCJ6, STM32H523ZCT6, STM32H523ZEJ6, STM32H523ZET6, STM32H533CET6, STM32H533CEU6, STM32H533HEY6TR, STM32H533RET6, STM32H533VEI6, STM32H533VET6, STM32H533ZEJ6, STM32H533ZET6, STM32H562AGI6, STM32H562AII6, STM32H562IGK6, STM32H562IGT6, STM32H562IIK6, STM32H562IIT6, STM32H562RGT6, STM32H562RGV6, STM32H562RIT6, STM32H562RIV6, STM32H562VGT6, STM32H562VIT6, STM32H562ZGT6, STM32H562ZIT6, STM32H563AGI6, STM32H563AII3Q, STM32H563AII6, STM32H563IGK6, STM32H563IGT6, STM32H563IIK3Q, STM32H563IIK6, STM32H563IIT3Q, STM32H563IIT6, STM32H563MIY3QTR, STM32H563RGT6, STM32H563RGV6, STM32H563RIT6, STM32H563RIV6, STM32H563VGT6, STM32H563VIT3Q, STM32H563VIT6, STM32H563ZGT6, STM32H563ZIT3Q, STM32H563ZIT6, STM32H573AII3Q, STM32H573AII6, STM32H573I-DK, STM32H573IIK3Q, STM32H573IIK6, STM32H573IIT3Q, STM32H573IIT6, STM32H573MIY3QTR, STM32H573RIT6, STM32H573RIV6, STM32H573VIT3Q, STM32H573VIT6, STM32H573ZIT3Q, STM32H573ZIT6, STM32H7R3A8I6, STM32H7R3I8K6, STM32H7R3I8T6, STM32H7R3L8H6, STM32H7R3L8H6H, STM32H7R3R8V6, STM32H7R3V8H6, STM32H7R3V8T6, STM32H7R3V8Y6TR, STM32H7R3Z8J6, STM32H7R3Z8T6, STM32H7R7A8I6, STM32H7R7I8K6, STM32H7R7I8T6, STM32H7R7L8H6, STM32H7R7L8H6H, STM32H7R7Z8J6, STM32H7S3A8I6, STM32H7S3I8K6, STM32H7S3I8T6, STM32H7S3L8H6, STM32H7S3L8H6H, STM32H7S3R8V6, STM32H7S3V8H6, STM32H7S3V8T6, STM32H7S3V8Y6TR, STM32H7S3Z8J6, STM32H7S3Z8T6, STM32H7S78-DK, STM32H7S7A8I6, STM32H7S7I8K6, STM32H7S7I8T6, STM32H7S7L8H6, STM32H7S7L8H6H, STM32H7S7Z8J6, STM32L4R5QGI6STR, STM32MP131AAE3, STM32MP131AAF3, STM32MP131AAG3, STM32MP131CAE3, STM32MP131CAF3, STM32MP131CAG3, STM32MP131DAE7, STM32MP131DAF7, STM32MP131DAG7, STM32MP131FAE7, STM32MP131FAF7, STM32MP131FAG7, STM32MP133AAE3, STM32MP133AAF3, STM32MP133AAG3, STM32MP133CAE3, STM32MP133CAF3, STM32MP133CAG3, STM32MP133DAE7, STM32MP133DAF7, STM32MP133DAG7, STM32MP133FAE7, STM32MP133FAF7, STM32MP133FAG7, STM32MP135AAE3, STM32MP135AAF3, STM32MP135AAG3, STM32MP135CAE3, STM32MP135CAF3, STM32MP135CAG3, STM32MP135DAE7, STM32MP135DAF7, STM32MP135DAG7, STM32MP135F-DK, STM32MP135FAE7, STM32MP135FAF7, STM32MP135FAF7T, STM32MP135FAF7U, STM32MP135FAG7, STM32MP211AAL3, STM32MP211AAM3, STM32MP211AAN3, STM32MP211AAO3, STM32MP211CAL3, STM32MP211CAM3, STM32MP211CAN3, STM32MP211CAO3, STM32MP211DAL3, STM32MP211DAM3, STM32MP211DAN3, STM32MP211DAO3, STM32MP211FAL3, STM32MP211FAM3, STM32MP211FAN3, STM32MP211FAO3, STM32MP213AAL3, STM32MP213AAM3, STM32MP213AAN3, STM32MP213AAO3, STM32MP213CAL3, STM32MP213CAM3, STM32MP213CAN3, STM32MP213CAO3, STM32MP213DAL3, STM32MP213DAM3, STM32MP213DAN3, STM32MP213DAO3, STM32MP213FAL3, STM32MP213FAM3, STM32MP213FAN3, STM32MP213FAO3, STM32MP215AAL3, STM32MP215AAM3, STM32MP215AAN3, STM32MP215AAO3, STM32MP215CAL3, STM32MP215CAM3, STM32MP215CAN3, STM32MP215CAO3, STM32MP215DAL3, STM32MP215DAM3, STM32MP215DAN3, STM32MP215DAO3, STM32MP215F-DK, STM32MP215FAL3, STM32MP215FAM3, STM32MP215FAN3, STM32MP215FAO3, STM32MP231AAJ3, STM32MP231AAK3, STM32MP231AAL3, STM32MP231CAJ3, STM32MP231CAK3, STM32MP231CAL3, STM32MP231DAJ3, STM32MP231DAK3, STM32MP231DAL3, STM32MP231FAJ3, STM32MP231FAK3, STM32MP231FAL3, STM32MP233AAJ3, STM32MP233AAK3, STM32MP233AAL3, STM32MP233CAJ3, STM32MP233CAK3, STM32MP233CAL3, STM32MP233DAJ3, STM32MP233DAK3, STM32MP233DAL3, STM32MP233FAJ3, STM32MP233FAK3, STM32MP233FAL3, STM32MP235AAJ3, STM32MP235AAK3, STM32MP235AAL3, STM32MP235CAJ3, STM32MP235CAK3, STM32MP235CAL3, STM32MP235DAJ3, STM32MP235DAK3, STM32MP235DAL3, STM32MP235FAJ3, STM32MP235FAK3, STM32MP235FAL3, STM32MP251AAI3, STM32MP251AAK3, STM32MP251AAL3, STM32MP251CAI3, STM32MP251CAK3, STM32MP251CAL3, STM32MP251DAI3, STM32MP251DAK3, STM32MP251DAL3, STM32MP251FAI3, STM32MP251FAK3, STM32MP251FAL3, STM32MP253AAI3, STM32MP253AAK3, STM32MP253AAL3, STM32MP253CAI3, STM32MP253CAK3, STM32MP253CAL3, STM32MP253DAI3, STM32MP253DAK3, STM32MP253DAL3, STM32MP253FAI3, STM32MP253FAK3, STM32MP253FAL3, STM32MP255AAI3, STM32MP255AAK3, STM32MP255AAL3, STM32MP255CAI3, STM32MP255CAK3, STM32MP255CAL3, STM32MP255DAI3, STM32MP255DAK3, STM32MP255DAL3, STM32MP255FAI3, STM32MP255FAK3, STM32MP255FAL3, STM32MP257AAI3, STM32MP257AAK3, STM32MP257AAL3, STM32MP257CAI3, STM32MP257CAK3, STM32MP257CAL3, STM32MP257DAI3, STM32MP257DAK3, STM32MP257DAL3, STM32MP257F-DK, STM32MP257F-EV1, STM32MP257FAI3, STM32MP257FAK3, STM32MP257FAL3, STM32N645A0H3Q, STM32N645B0H3Q, STM32N645I0H3Q, STM32N645L0H3Q, STM32N645X0H3Q, STM32N645Z0H3Q, STM32N647A0H3Q, STM32N647B0H3Q, STM32N647I0H3Q, STM32N647L0H3Q, STM32N647X0H3Q, STM32N647Z0H3Q, STM32N655A0H3Q, STM32N655B0H3Q, STM32N655I0H3Q, STM32N655L0H3Q, STM32N655X0H3Q, STM32N655Z0H3Q, STM32N6570-DK, STM32N657A0H3Q, STM32N657B0H3Q, STM32N657I0H3Q, STM32N657L0H3Q, STM32N657X0H3Q, STM32N657Z0H3Q, STM32U031C6T6, STM32U031C6U6, STM32U031C8T6, STM32U031C8U6, STM32U031F4P6, STM32U031F6P6, STM32U031F8P6, STM32U031G6Y6TR, STM32U031G8Y6TR, STM32U031K4U6, STM32U031K6U6, STM32U031K8U6, STM32U031R6I6, STM32U031R6T6, STM32U031R8I6, STM32U031R8T6, STM32U073C8T6, STM32U073C8U6, STM32U073CBT6, STM32U073CBU6, STM32U073CCT6, STM32U073CCU6, STM32U073H8Y6TR, STM32U073HBY6TR, STM32U073HCY6TR, STM32U073K8U6, STM32U073KBU6, STM32U073KCU6, STM32U073M8I6, STM32U073M8T6, STM32U073MBI6, STM32U073MBT6, STM32U073MCI6, STM32U073MCT6, STM32U073R8I6, STM32U073R8T6, STM32U073RBI6, STM32U073RBT6, STM32U073RCI6, STM32U073RCT6, STM32U083C-DK, STM32U083CCT6, STM32U083CCU6, STM32U083HCY6TR, STM32U083KCU6, STM32U083MCI6, STM32U083MCT6, STM32U083RCI6, STM32U083RCT6, STM32U375CET6, STM32U375CET6Q, STM32U375CEU6, STM32U375CEU6Q, STM32U375CEY6QTR, STM32U375CGT6, STM32U375CGT6Q, STM32U375CGU6, STM32U375CGU6Q, STM32U375CGY6QTR, STM32U375KEU6, STM32U375KGU6, STM32U375REI6, STM32U375REI6Q, STM32U375RET6, STM32U375RET6Q, STM32U375REY6GTR, STM32U375REY6QTR, STM32U375RGI6, STM32U375RGI6Q, STM32U375RGT6, STM32U375RGT6Q, STM32U375RGY6GTR, STM32U375RGY6QTR, STM32U375VEI6, STM32U375VEI6Q, STM32U375VET6, STM32U375VET6Q, STM32U375VGI6, STM32U375VGI6Q, STM32U375VGT6, STM32U375VGT6Q, STM32U385CGT6, STM32U385CGT6Q, STM32U385CGU6, STM32U385CGU6Q, STM32U385CGY6QTR, STM32U385KGU6, STM32U385RGI6, STM32U385RGI6Q, STM32U385RGT6, STM32U385RGT6Q, STM32U385RGY6GTR, STM32U385RGY6QTR, STM32U385VGI6, STM32U385VGI6Q, STM32U385VGT6, STM32U385VGT6Q, STM32U535CBT6, STM32U535CBT6Q, STM32U535CBU6, STM32U535CBU6Q, STM32U535CCT6, STM32U535CCT6Q, STM32U535CCU6, STM32U535CCU6Q, STM32U535CET6, STM32U535CET6Q, STM32U535CEU6, STM32U535CEU6Q, STM32U535JEY6QTR, STM32U535NCY6QTR, STM32U535NEY6QTR, STM32U535RBI6, STM32U535RBI6Q, STM32U535RBT6, STM32U535RBT6Q, STM32U535RCI6, STM32U535RCI6Q, STM32U535RCT6, STM32U535RCT6Q, STM32U535REI6, STM32U535REI6Q, STM32U535RET6, STM32U535RET6Q, STM32U535VCI6, STM32U535VCI6Q, STM32U535VCT6, STM32U535VCT6Q, STM32U535VEI6, STM32U535VEI6Q, STM32U535VET6, STM32U535VET6Q, STM32U545CET6, STM32U545CET6Q, STM32U545CEU6, STM32U545CEU6Q, STM32U545JEY6QTR, STM32U545NEY6QTR, STM32U545REI6, STM32U545REI6Q, STM32U545RET6, STM32U545RET6Q, STM32U545VEI6, STM32U545VEI6Q, STM32U545VET6, STM32U545VET6Q, STM32U595AIH6, STM32U595AIH6Q, STM32U595AJH6, STM32U595AJH6Q, STM32U595QII6, STM32U595QII6Q, STM32U595QJI6, STM32U595QJI6Q, STM32U595RIT6, STM32U595RIT6Q, STM32U595RJT6, STM32U595RJT6Q, STM32U595VIT6, STM32U595VIT6Q, STM32U595VJT6, STM32U595VJT6Q, STM32U595ZIT6, STM32U595ZIT6Q, STM32U595ZIY6QTR, STM32U595ZJT6, STM32U595ZJT6Q, STM32U595ZJY6QTR, STM32U599BJY6QTR, STM32U599NIH6Q, STM32U599NJH6Q, STM32U599VIT6Q, STM32U599VJT6, STM32U599VJT6Q, STM32U599ZIT6Q, STM32U599ZIY6QTR, STM32U599ZJT6Q, STM32U599ZJY6QTR, STM32U5A5AJH6, STM32U5A5AJH6Q, STM32U5A5QII3Q , STM32U5A5QJI6, STM32U5A5QJI6Q, STM32U5A5RJT6, STM32U5A5RJT6Q, STM32U5A5VJT6, STM32U5A5VJT6Q, STM32U5A5ZJT6, STM32U5A5ZJT6Q, STM32U5A5ZJY6QTR, STM32U5A9BJY6QTR, STM32U5A9J-DK, STM32U5A9NJH6Q, STM32U5A9VJT6Q, STM32U5A9ZJT6Q, STM32U5A9ZJY6QTR, STM32U5F7VIT6, STM32U5F7VIT6Q, STM32U5F7VJT6, STM32U5F7VJT6Q, STM32U5F9BJY6QTR, STM32U5F9NJH6Q, STM32U5F9VIT6Q, STM32U5F9VJT6Q, STM32U5F9ZIJ6QTR, STM32U5F9ZIT6Q, STM32U5F9ZJJ6QTR, STM32U5F9ZJT6Q, STM32U5G7VJT6, STM32U5G7VJT6Q, STM32U5G9BJY6QTR, STM32U5G9J-DK1, STM32U5G9J-DK2, STM32U5G9NJH6Q, STM32U5G9VJT6Q, STM32U5G9ZJJ6QTR, STM32U5G9ZJT6Q, STM32WB05KZV6TR, STM32WB05KZV7TR, STM32WB05TZF6TR, STM32WB05TZF7TR, STM32WB06CCF6TR, STM32WB06CCF7TR, STM32WB06CCV6TR, STM32WB06CCV7TR, STM32WB06KCV6TR, STM32WB06KCV7TR, STM32WB07CCF6TR, STM32WB07CCF7TR, STM32WB07CCV6TR, STM32WB07CCV7TR, STM32WB07KCV6TR, STM32WB07KCV7TR, STM32WB09KEV6TR, STM32WB09KEV7TR, STM32WB09TEF6TR, STM32WB09TEF7TR, STM32WB1MMCH6, STM32WBA50KGU6, STM32WBA50KGU6TR, STM32WBA52CEU6, STM32WBA52CEU6TR, STM32WBA52CEU7, STM32WBA52CEU7TR, STM32WBA52CGU6, STM32WBA52CGU6TR, STM32WBA52CGU6U, STM32WBA52CGU7, STM32WBA52CGU7TR, STM32WBA52KEU6, STM32WBA52KEU6TR, STM32WBA52KGU6, STM32WBA52KGU6TR, STM32WBA54CEU6, STM32WBA54CEU6TR, STM32WBA54CEU7, STM32WBA54CEU7TR, STM32WBA54CGU6, STM32WBA54CGU6TR, STM32WBA54CGU7, STM32WBA54CGU7TR, STM32WBA54KEU6, STM32WBA54KEU6TR, STM32WBA54KEU7, STM32WBA54KEU7TR, STM32WBA54KGU6, STM32WBA54KGU6TR, STM32WBA54KGU7, STM32WBA54KGU7TR, STM32WBA55CEU6, STM32WBA55CEU6TR, STM32WBA55CEU7, STM32WBA55CEU7TR, STM32WBA55CGU6, STM32WBA55CGU6TR, STM32WBA55CGU6U, STM32WBA55CGU7, STM32WBA55CGU7TR, STM32WBA55G-DK1, STM32WBA55HEF6, STM32WBA55HEF7, STM32WBA55HGF6, STM32WBA55HGF7, STM32WBA55UEI6, STM32WBA55UEI6TR, STM32WBA55UEI7, STM32WBA55UEI7TR, STM32WBA55UGI6, STM32WBA55UGI6TR, STM32WBA55UGI7, STM32WBA55UGI7TR, STM32WBA5MMGH6TR, STM32WBA62MGF6, STM32WBA62MIF6, STM32WBA65MGF7, STM32WBA65MIF6, STM32WBA65MIF7, STM32WL30K8V6, STM32WL30KBV6, STM32WL31C8V6, STM32WL31CBV6, STM32WL31K8V6, STM32WL31KBV6, STM32WL33C8V6, STM32WL33C8V6X, STM32WL33CBV6, STM32WL33CBV6X, STM32WL33CCV6, STM32WL33CCV6A, STM32WL33CCV6X, STM32WL33K8V7, STM32WL33K8V7X, STM32WL33KBV7 , STM32WL33KBV7X, STM32WL33KCV7, STM32WL33KCV7X, STM32WL5MOCH6, STM32WL5MOCH6TR]
2026-08-29 09:44:34,046 [INFO] DbMcus:218 - Found 5314 MCUs, 5126 are supported
2026-08-29 09:44:34,046 [INFO] ApiDb:423 - Load user favorites file C:\Users\student/.stm32cubeide/favorites.mcus.txt: 0 item(s)
2026-08-29 09:44:34,046 [INFO] ApiDb:427 - User favorites MCUs=[]
2026-08-29 09:44:34,046 [INFO] DbMcus:224 - Set 0 / 0 favorites MCUs
2026-08-29 09:44:34,270 [INFO] ApiDb:668 - CubeFinder database Data Model version=2.1
2026-08-29 09:44:34,270 [INFO] ApiDb:669 - CubeFinder database Configuration version=3.0.42
2026-08-29 09:44:34,270 [INFO] ApiDb:670 - CubeFinder database generation date=2026-08-04 (1785840812)
2026-08-29 09:44:34,270 [INFO] ApiDb:671 - CubeFinder database FW Pack versions=[FP-ATR-ASTRA1_V2.0.0, FP-SNS-FLIGHT1_V5.1.0, FP-SNS-MOTENV1_V5.1.0, FP-SNS-MOTENVWB1_V1.5.0, FP-SNS-SMARTAG2_V1.2.0, FP-SNS-STBOX1_V2.1.0, STM32Cube_FW_C0_V1.4.1, STM32Cube_FW_F4_V1.28.3, STM32Cube_FW_F7_V1.17.4, STM32Cube_FW_G0_V1.6.3, STM32Cube_FW_G4_V1.6.2, STM32Cube_FW_H5_V1.7.0, STM32Cube_FW_H7RS_V1.3.0, STM32Cube_FW_H7_V1.13.0, STM32Cube_FW_L0_V1.12.2, STM32Cube_FW_L4_V1.18.2, STM32Cube_FW_L5_V1.6.0, STM32Cube_FW_N6_V1.4.0, STM32Cube_FW_U0_V1.3.0, STM32Cube_FW_U3_V1.4.0, STM32Cube_FW_U5_V1.9.0, STM32Cube_FW_WB0_V1.5.0, STM32Cube_FW_WBA_V1.10.0, STM32Cube_FW_WB_V1.24.0, STM32Cube_FW_WL3_V1.5.0, STM32Cube_FW_WL_V1.6.0, X-CUBE-ALGOBUILD_V1.5.0, X-CUBE-ALS_V1.0.2, X-CUBE-AZRTOS-F4_V1.1.0, X-CUBE-AZRTOS-F7_V1.1.0, X-CUBE-AZRTOS-G0_V1.1.0, X-CUBE-AZRTOS-G4_V2.0.0, X-CUBE-AZRTOS-H7RS_V1.3.0, X-CUBE-AZRTOS-H7_V3.5.0, X-CUBE-AZRTOS-L4_V2.0.0, X-CUBE-AZRTOS-L5_V2.0.0, X-CUBE-AZRTOS-WB_V2.0.0, X-CUBE-AZRTOS-WL_V2.0.0, X-CUBE-BLE1_V7.1.0, X-CUBE-BLE2_V3.3.0, X-CUBE-BLEMGR_V4.2.0, X-CUBE-EEPRMA1_V5.2.0, X-CUBE-FREERTOS_V1.6.0, X-CUBE-GNSS1_V7.1.1, X-CUBE-MEMS1_V13.0.0, X-CUBE-NFC4_V3.0.0, X-CUBE-NFC7_V2.0.0, X-CUBE-SFXS2LP1_V4.0.0, X-CUBE-ST67W61_V1.3.0, X-CUBE-SUBG2_V5.0.0, X-CUBE-TOF1_V3.4.3]
2026-08-29 09:44:34,297 [INFO] DbBoardsSqlite:226 - include board P-NUCLEO-WB55-NUCLEO as a kit item of type 'Nucleo-64'
2026-08-29 09:44:34,297 [INFO] DbBoardsSqlite:226 - include board P-NUCLEO-WB55-USBDONGLE as a kit item of type 'Nucleo USB Dongle'
2026-08-29 09:44:34,297 [INFO] DbBoardsSqlite:226 - include board STEVAL-IDP005V1 as a kit item of type 'Evaluation Board'
2026-08-29 09:44:34,297 [INFO] DbBoardsSqlite:226 - include board STEVAL-IDP005V2 as a kit item of type 'Evaluation Board'
2026-08-29 09:44:34,334 [INFO] ApiDb:240 - Found 880 in-development CPN: [B-G473E-ZEST1S, B-WB1M-WPAN1, B-WBA5M-WPAN, B-WL5M-SUBG1, NUCLEO-C031C6, NUCLEO-C051C8, NUCLEO-C071RB, NUCLEO-C092RC, NUCLEO-H503RB, NUCLEO-H533RE, NUCLEO-H563ZI, NUCLEO-H7S3L8, NUCLEO-N657X0-Q, NUCLEO-U031R8, NUCLEO-U083RC, NUCLEO-U385RG-Q, NUCLEO-U545RE-Q, NUCLEO-U5A5ZJ-Q, NUCLEO-WB05KZ, NUCLEO-WB07CC, NUCLEO-WB09KE, NUCLEO-WBA52CG, NUCLEO-WBA55CG, NUCLEO-WL33CC1, NUCLEO-WL33CC2, STEVAL-PROTEUS1, STEVAL-SMARTAG2, STEVAL-STWINBX1, STM320518-EVAL, STM32C0116-DK, STM32C011D6Y3TR, STM32C011D6Y6TR, STM32C011F4P3, STM32C011F4P6, STM32C011F4U3, STM32C011F4U6TR, STM32C011F6P3, STM32C011F6P6, STM32C011F6U3, STM32C011F6U6TR, STM32C011J4M3, STM32C011J4M6, STM32C011J6M3, STM32C011J6M6, STM32C0316-DK, STM32C031C4T3, STM32C031C4T6, STM32C031C4U3, STM32C031C4U6, STM32C031C6T3, STM32C031C6T6, STM32C031C6U3, STM32C031C6U6, STM32C031F4P3, STM32C031F4P6, STM32C031F6P3, STM32C031F6P6, STM32C031G4U3, STM32C031G4U6, STM32C031G6U3, STM32C031G6U6, STM32C031K4T3, STM32C031K4T6, STM32C031K4U3, STM32C031K4U6, STM32C031K6T3, STM32C031K6T6, STM32C031K6U3, STM32C031K6U6, STM32C051C6T6, STM32C051C6U6, STM32C051C8T6, STM32C051C8U6, STM32C051D8Y6TR, STM32C051F6P6, STM32C051F8P6, STM32C051G6U6, STM32C051G8U6, STM32C051K6T6, STM32C051K6U6, STM32C051K8T6, STM32C071C8T6, STM32C071C8T6N, STM32C071C8U6, STM32C071C8U6N, STM32C071CBT6, STM32C071CBT6N, STM32C071CBU6, STM32C071CBU6N, STM32C071F8P6, STM32C071F8P6N, STM32C071FBP6, STM32C071FBP6N, STM32C071FBY6TR, STM32C071G8U6, STM32C071G8U6N, STM32C071GBU6, STM32C071GBU6N, STM32C071K8T6, STM32C071K8T6N, STM32C071K8U6, STM32C071K8U6N, STM32C071KBT6, STM32C071KBT6N, STM32C071KBU6, STM32C071KBU6N, STM32C071R8T6, STM32C071R8T6N, STM32C071RBI6N, STM32C071RBT6, STM32C071RBT6N, STM32C091CBT6, STM32C091CBU6, STM32C091CCT6, STM32C091CCU6, STM32C091ECY6TR, STM32C091FBP6, STM32C091FCP6, STM32C091GBU6, STM32C091GCU6, STM32C091KBT6, STM32C091KBU6, STM32C091KCT6, STM32C091KCU6, STM32C091RBT6, STM32C091RCI6, STM32C091RCT6, STM32C092CBT6, STM32C092CBU6, STM32C092CCT6, STM32C092CCU6, STM32C092ECY6TR, STM32C092FBP6, STM32C092FCP6, STM32C092GBU6, STM32C092GCU6, STM32C092KBT6, STM32C092KBU6, STM32C092KCT6, STM32C092KCU6, STM32C092RBT6, STM32C092RCI6, STM32C092RCT6, STM32G071K8TXN, STM32G071K8UXN, STM32G081GBU6N, STM32G081KBT6N, STM32G081KBUXN, STM32G0B1CCT6N, STM32G0B1KCT6, STM32G0B1NEY6TR, STM32G0B1RCT6N, STM32G0C1CCT6, STM32G0C1CCT6N, STM32G0C1CCU6N, STM32G0C1CET6N, STM32G0C1CEU6N, STM32G0C1KCT6, STM32G0C1NEY6TR, STM32G0C1RCI6N, STM32G0C1RCT6N, STM32G0C1REI6N, STM32G0C1RET6N, STM32G0C1VCI6, STM32G0C1VEI6, STM32G411C6T3, STM32G411C6T6, STM32G411C6U3, STM32G411C6U6, STM32G411C8T3, STM32G411C8T6, STM32G411C8U3, STM32G411C8U6, STM32G411CBT3, STM32G411CBT6, STM32G411CBU3, STM32G411CBU6, STM32G411K6T3, STM32G411K6T6, STM32G411K6U3, STM32G411K6U6, STM32G411K8T3, STM32G411K8T6, STM32G411K8U3, STM32G411K8U6, STM32G411KBT3, STM32G411KBT6, STM32G411KBU3, STM32G411KBU6, STM32G411M6T3, STM32G411M6T6, STM32G411M8T3, STM32G411M8T6, STM32G411MBT3, STM32G411MBT6, STM32G411R6T3, STM32G411R6T6, STM32G411R8T3, STM32G411R8T6, STM32G411RBT3, STM32G411RBT6, STM32G414CBT3, STM32G414CBT6, STM32G414CBU3, STM32G414CBU6, STM32G414CCT3, STM32G414CCT6, STM32G414CCU3, STM32G414CCU6, STM32G414MBT3, STM32G414MBT6, STM32G414MCT3, STM32G414MCT6, STM32G414RBT3, STM32G414RBT6, STM32G414RCT3, STM32G414RCT6, STM32G414VBT3, STM32G414VBT6, STM32G414VCT3, STM32G414VCT6, STM32G431CBT3Z, STM32G431RBT3Z, STM32G471CCT6, STM32G471CCU6, STM32G471CET3, STM32G471CET6, STM32G471CEU3, STM32G471CEU6, STM32G471MCT6, STM32G471MET3, STM32G471MET6, STM32G471MEY6TR, STM32G471QCT6, STM32G471QET3, STM32G471RCT6, STM32G471RET3, STM32G471RET6, STM32G471VCH6, STM32G471VCI6, STM32G471VCT6, STM32G471VEH3, STM32G471VEH6, STM32G471VEI3, STM32G471VEI6, STM32G471VET3, STM32G471VET6, STM32G473QET3Z, STM32G473RET3Z, STM32G474CCT6, STM32G491RET3Z, STM32H503CBT6, STM32H503CBU6, STM32H503EBY6TR, STM32H503KBU6, STM32H503RBT6, STM32H523CCT6, STM32H523CCU6, STM32H523CET6, STM32H523CEU6, STM32H523HEY6TR, STM32H523RCT6, STM32H523RET6, STM32H523VCI6, STM32H523VCT6, STM32H523VEI6, STM32H523VET6, STM32H523ZCJ6, STM32H523ZCT6, STM32H523ZEJ6, STM32H523ZET6, STM32H533CET6, STM32H533CEU6, STM32H533HEY6TR, STM32H533RET6, STM32H533VEI6, STM32H533VET6, STM32H533ZEJ6, STM32H533ZET6, STM32H562AGI6, STM32H562AII6, STM32H562IGK6, STM32H562IGT6, STM32H562IIK6, STM32H562IIT6, STM32H562RGT6, STM32H562RGV6, STM32H562RIT6, STM32H562RIV6, STM32H562VGT6, STM32H562VIT6, STM32H562ZGT6, STM32H562ZIT6, STM32H563AGI6, STM32H563AII3Q, STM32H563AII6, STM32H563IGK6, STM32H563IGT6, STM32H563IIK3Q, STM32H563IIK6, STM32H563IIT3Q, STM32H563IIT6, STM32H563MIY3QTR, STM32H563RGT6, STM32H563RGV6, STM32H563RIT6, STM32H563RIV6, STM32H563VGT6, STM32H563VIT3Q, STM32H563VIT6, STM32H563ZGT6, STM32H563ZIT3Q, STM32H563ZIT6, STM32H573AII3Q, STM32H573AII6, STM32H573I-DK, STM32H573IIK3Q, STM32H573IIK6, STM32H573IIT3Q, STM32H573IIT6, STM32H573MIY3QTR, STM32H573RIT6, STM32H573RIV6, STM32H573VIT3Q, STM32H573VIT6, STM32H573ZIT3Q, STM32H573ZIT6, STM32H7R3A8I6, STM32H7R3I8K6, STM32H7R3I8T6, STM32H7R3L8H6, STM32H7R3L8H6H, STM32H7R3R8V6, STM32H7R3V8H6, STM32H7R3V8T6, STM32H7R3V8Y6TR, STM32H7R3Z8J6, STM32H7R3Z8T6, STM32H7R7A8I6, STM32H7R7I8K6, STM32H7R7I8T6, STM32H7R7L8H6, STM32H7R7L8H6H, STM32H7R7Z8J6, STM32H7S3A8I6, STM32H7S3I8K6, STM32H7S3I8T6, STM32H7S3L8H6, STM32H7S3L8H6H, STM32H7S3R8V6, STM32H7S3V8H6, STM32H7S3V8T6, STM32H7S3V8Y6TR, STM32H7S3Z8J6, STM32H7S3Z8T6, STM32H7S78-DK, STM32H7S7A8I6, STM32H7S7I8K6, STM32H7S7I8T6, STM32H7S7L8H6, STM32H7S7L8H6H, STM32H7S7Z8J6, STM32L4R5QGI6STR, STM32MP131AAE3, STM32MP131AAF3, STM32MP131AAG3, STM32MP131CAE3, STM32MP131CAF3, STM32MP131CAG3, STM32MP131DAE7, STM32MP131DAF7, STM32MP131DAG7, STM32MP131FAE7, STM32MP131FAF7, STM32MP131FAG7, STM32MP133AAE3, STM32MP133AAF3, STM32MP133AAG3, STM32MP133CAE3, STM32MP133CAF3, STM32MP133CAG3, STM32MP133DAE7, STM32MP133DAF7, STM32MP133DAG7, STM32MP133FAE7, STM32MP133FAF7, STM32MP133FAG7, STM32MP135AAE3, STM32MP135AAF3, STM32MP135AAG3, STM32MP135CAE3, STM32MP135CAF3, STM32MP135CAG3, STM32MP135DAE7, STM32MP135DAF7, STM32MP135DAG7, STM32MP135F-DK, STM32MP135FAE7, STM32MP135FAF7, STM32MP135FAF7T, STM32MP135FAF7U, STM32MP135FAG7, STM32MP211AAL3, STM32MP211AAM3, STM32MP211AAN3, STM32MP211AAO3, STM32MP211CAL3, STM32MP211CAM3, STM32MP211CAN3, STM32MP211CAO3, STM32MP211DAL3, STM32MP211DAM3, STM32MP211DAN3, STM32MP211DAO3, STM32MP211FAL3, STM32MP211FAM3, STM32MP211FAN3, STM32MP211FAO3, STM32MP213AAL3, STM32MP213AAM3, STM32MP213AAN3, STM32MP213AAO3, STM32MP213CAL3, STM32MP213CAM3, STM32MP213CAN3, STM32MP213CAO3, STM32MP213DAL3, STM32MP213DAM3, STM32MP213DAN3, STM32MP213DAO3, STM32MP213FAL3, STM32MP213FAM3, STM32MP213FAN3, STM32MP213FAO3, STM32MP215AAL3, STM32MP215AAM3, STM32MP215AAN3, STM32MP215AAO3, STM32MP215CAL3, STM32MP215CAM3, STM32MP215CAN3, STM32MP215CAO3, STM32MP215DAL3, STM32MP215DAM3, STM32MP215DAN3, STM32MP215DAO3, STM32MP215F-DK, STM32MP215FAL3, STM32MP215FAM3, STM32MP215FAN3, STM32MP215FAO3, STM32MP231AAJ3, STM32MP231AAK3, STM32MP231AAL3, STM32MP231CAJ3, STM32MP231CAK3, STM32MP231CAL3, STM32MP231DAJ3, STM32MP231DAK3, STM32MP231DAL3, STM32MP231FAJ3, STM32MP231FAK3, STM32MP231FAL3, STM32MP233AAJ3, STM32MP233AAK3, STM32MP233AAL3, STM32MP233CAJ3, STM32MP233CAK3, STM32MP233CAL3, STM32MP233DAJ3, STM32MP233DAK3, STM32MP233DAL3, STM32MP233FAJ3, STM32MP233FAK3, STM32MP233FAL3, STM32MP235AAJ3, STM32MP235AAK3, STM32MP235AAL3, STM32MP235CAJ3, STM32MP235CAK3, STM32MP235CAL3, STM32MP235DAJ3, STM32MP235DAK3, STM32MP235DAL3, STM32MP235FAJ3, STM32MP235FAK3, STM32MP235FAL3, STM32MP251AAI3, STM32MP251AAK3, STM32MP251AAL3, STM32MP251CAI3, STM32MP251CAK3, STM32MP251CAL3, STM32MP251DAI3, STM32MP251DAK3, STM32MP251DAL3, STM32MP251FAI3, STM32MP251FAK3, STM32MP251FAL3, STM32MP253AAI3, STM32MP253AAK3, STM32MP253AAL3, STM32MP253CAI3, STM32MP253CAK3, STM32MP253CAL3, STM32MP253DAI3, STM32MP253DAK3, STM32MP253DAL3, STM32MP253FAI3, STM32MP253FAK3, STM32MP253FAL3, STM32MP255AAI3, STM32MP255AAK3, STM32MP255AAL3, STM32MP255CAI3, STM32MP255CAK3, STM32MP255CAL3, STM32MP255DAI3, STM32MP255DAK3, STM32MP255DAL3, STM32MP255FAI3, STM32MP255FAK3, STM32MP255FAL3, STM32MP257AAI3, STM32MP257AAK3, STM32MP257AAL3, STM32MP257CAI3, STM32MP257CAK3, STM32MP257CAL3, STM32MP257DAI3, STM32MP257DAK3, STM32MP257DAL3, STM32MP257F-DK, STM32MP257F-EV1, STM32MP257FAI3, STM32MP257FAK3, STM32MP257FAL3, STM32N645A0H3Q, STM32N645B0H3Q, STM32N645I0H3Q, STM32N645L0H3Q, STM32N645X0H3Q, STM32N645Z0H3Q, STM32N647A0H3Q, STM32N647B0H3Q, STM32N647I0H3Q, STM32N647L0H3Q, STM32N647X0H3Q, STM32N647Z0H3Q, STM32N655A0H3Q, STM32N655B0H3Q, STM32N655I0H3Q, STM32N655L0H3Q, STM32N655X0H3Q, STM32N655Z0H3Q, STM32N6570-DK, STM32N657A0H3Q, STM32N657B0H3Q, STM32N657I0H3Q, STM32N657L0H3Q, STM32N657X0H3Q, STM32N657Z0H3Q, STM32U031C6T6, STM32U031C6U6, STM32U031C8T6, STM32U031C8U6, STM32U031F4P6, STM32U031F6P6, STM32U031F8P6, STM32U031G6Y6TR, STM32U031G8Y6TR, STM32U031K4U6, STM32U031K6U6, STM32U031K8U6, STM32U031R6I6, STM32U031R6T6, STM32U031R8I6, STM32U031R8T6, STM32U073C8T6, STM32U073C8U6, STM32U073CBT6, STM32U073CBU6, STM32U073CCT6, STM32U073CCU6, STM32U073H8Y6TR, STM32U073HBY6TR, STM32U073HCY6TR, STM32U073K8U6, STM32U073KBU6, STM32U073KCU6, STM32U073M8I6, STM32U073M8T6, STM32U073MBI6, STM32U073MBT6, STM32U073MCI6, STM32U073MCT6, STM32U073R8I6, STM32U073R8T6, STM32U073RBI6, STM32U073RBT6, STM32U073RCI6, STM32U073RCT6, STM32U083C-DK, STM32U083CCT6, STM32U083CCU6, STM32U083HCY6TR, STM32U083KCU6, STM32U083MCI6, STM32U083MCT6, STM32U083RCI6, STM32U083RCT6, STM32U375CET6, STM32U375CET6Q, STM32U375CEU6, STM32U375CEU6Q, STM32U375CEY6QTR, STM32U375CGT6, STM32U375CGT6Q, STM32U375CGU6, STM32U375CGU6Q, STM32U375CGY6QTR, STM32U375KEU6, STM32U375KGU6, STM32U375REI6, STM32U375REI6Q, STM32U375RET6, STM32U375RET6Q, STM32U375REY6GTR, STM32U375REY6QTR, STM32U375RGI6, STM32U375RGI6Q, STM32U375RGT6, STM32U375RGT6Q, STM32U375RGY6GTR, STM32U375RGY6QTR, STM32U375VEI6, STM32U375VEI6Q, STM32U375VET6, STM32U375VET6Q, STM32U375VGI6, STM32U375VGI6Q, STM32U375VGT6, STM32U375VGT6Q, STM32U385CGT6, STM32U385CGT6Q, STM32U385CGU6, STM32U385CGU6Q, STM32U385CGY6QTR, STM32U385KGU6, STM32U385RGI6, STM32U385RGI6Q, STM32U385RGT6, STM32U385RGT6Q, STM32U385RGY6GTR, STM32U385RGY6QTR, STM32U385VGI6, STM32U385VGI6Q, STM32U385VGT6, STM32U385VGT6Q, STM32U535CBT6, STM32U535CBT6Q, STM32U535CBU6, STM32U535CBU6Q, STM32U535CCT6, STM32U535CCT6Q, STM32U535CCU6, STM32U535CCU6Q, STM32U535CET6, STM32U535CET6Q, STM32U535CEU6, STM32U535CEU6Q, STM32U535JEY6QTR, STM32U535NCY6QTR, STM32U535NEY6QTR, STM32U535RBI6, STM32U535RBI6Q, STM32U535RBT6, STM32U535RBT6Q, STM32U535RCI6, STM32U535RCI6Q, STM32U535RCT6, STM32U535RCT6Q, STM32U535REI6, STM32U535REI6Q, STM32U535RET6, STM32U535RET6Q, STM32U535VCI6, STM32U535VCI6Q, STM32U535VCT6, STM32U535VCT6Q, STM32U535VEI6, STM32U535VEI6Q, STM32U535VET6, STM32U535VET6Q, STM32U545CET6, STM32U545CET6Q, STM32U545CEU6, STM32U545CEU6Q, STM32U545JEY6QTR, STM32U545NEY6QTR, STM32U545REI6, STM32U545REI6Q, STM32U545RET6, STM32U545RET6Q, STM32U545VEI6, STM32U545VEI6Q, STM32U545VET6, STM32U545VET6Q, STM32U595AIH6, STM32U595AIH6Q, STM32U595AJH6, STM32U595AJH6Q, STM32U595QII6, STM32U595QII6Q, STM32U595QJI6, STM32U595QJI6Q, STM32U595RIT6, STM32U595RIT6Q, STM32U595RJT6, STM32U595RJT6Q, STM32U595VIT6, STM32U595VIT6Q, STM32U595VJT6, STM32U595VJT6Q, STM32U595ZIT6, STM32U595ZIT6Q, STM32U595ZIY6QTR, STM32U595ZJT6, STM32U595ZJT6Q, STM32U595ZJY6QTR, STM32U599BJY6QTR, STM32U599NIH6Q, STM32U599NJH6Q, STM32U599VIT6Q, STM32U599VJT6, STM32U599VJT6Q, STM32U599ZIT6Q, STM32U599ZIY6QTR, STM32U599ZJT6Q, STM32U599ZJY6QTR, STM32U5A5AJH6, STM32U5A5AJH6Q, STM32U5A5QII3Q , STM32U5A5QJI6, STM32U5A5QJI6Q, STM32U5A5RJT6, STM32U5A5RJT6Q, STM32U5A5VJT6, STM32U5A5VJT6Q, STM32U5A5ZJT6, STM32U5A5ZJT6Q, STM32U5A5ZJY6QTR, STM32U5A9BJY6QTR, STM32U5A9J-DK, STM32U5A9NJH6Q, STM32U5A9VJT6Q, STM32U5A9ZJT6Q, STM32U5A9ZJY6QTR, STM32U5F7VIT6, STM32U5F7VIT6Q, STM32U5F7VJT6, STM32U5F7VJT6Q, STM32U5F9BJY6QTR, STM32U5F9NJH6Q, STM32U5F9VIT6Q, STM32U5F9VJT6Q, STM32U5F9ZIJ6QTR, STM32U5F9ZIT6Q, STM32U5F9ZJJ6QTR, STM32U5F9ZJT6Q, STM32U5G7VJT6, STM32U5G7VJT6Q, STM32U5G9BJY6QTR, STM32U5G9J-DK1, STM32U5G9J-DK2, STM32U5G9NJH6Q, STM32U5G9VJT6Q, STM32U5G9ZJJ6QTR, STM32U5G9ZJT6Q, STM32WB05KZV6TR, STM32WB05KZV7TR, STM32WB05TZF6TR, STM32WB05TZF7TR, STM32WB06CCF6TR, STM32WB06CCF7TR, STM32WB06CCV6TR, STM32WB06CCV7TR, STM32WB06KCV6TR, STM32WB06KCV7TR, STM32WB07CCF6TR, STM32WB07CCF7TR, STM32WB07CCV6TR, STM32WB07CCV7TR, STM32WB07KCV6TR, STM32WB07KCV7TR, STM32WB09KEV6TR, STM32WB09KEV7TR, STM32WB09TEF6TR, STM32WB09TEF7TR, STM32WB1MMCH6, STM32WBA50KGU6, STM32WBA50KGU6TR, STM32WBA52CEU6, STM32WBA52CEU6TR, STM32WBA52CEU7, STM32WBA52CEU7TR, STM32WBA52CGU6, STM32WBA52CGU6TR, STM32WBA52CGU6U, STM32WBA52CGU7, STM32WBA52CGU7TR, STM32WBA52KEU6, STM32WBA52KEU6TR, STM32WBA52KGU6, STM32WBA52KGU6TR, STM32WBA54CEU6, STM32WBA54CEU6TR, STM32WBA54CEU7, STM32WBA54CEU7TR, STM32WBA54CGU6, STM32WBA54CGU6TR, STM32WBA54CGU7, STM32WBA54CGU7TR, STM32WBA54KEU6, STM32WBA54KEU6TR, STM32WBA54KEU7, STM32WBA54KEU7TR, STM32WBA54KGU6, STM32WBA54KGU6TR, STM32WBA54KGU7, STM32WBA54KGU7TR, STM32WBA55CEU6, STM32WBA55CEU6TR, STM32WBA55CEU7, STM32WBA55CEU7TR, STM32WBA55CGU6, STM32WBA55CGU6TR, STM32WBA55CGU6U, STM32WBA55CGU7, STM32WBA55CGU7TR, STM32WBA55G-DK1, STM32WBA55HEF6, STM32WBA55HEF7, STM32WBA55HGF6, STM32WBA55HGF7, STM32WBA55UEI6, STM32WBA55UEI6TR, STM32WBA55UEI7, STM32WBA55UEI7TR, STM32WBA55UGI6, STM32WBA55UGI6TR, STM32WBA55UGI7, STM32WBA55UGI7TR, STM32WBA5MMGH6TR, STM32WBA62MGF6, STM32WBA62MIF6, STM32WBA65MGF7, STM32WBA65MIF6, STM32WBA65MIF7, STM32WL30K8V6, STM32WL30KBV6, STM32WL31C8V6, STM32WL31CBV6, STM32WL31K8V6, STM32WL31KBV6, STM32WL33C8V6, STM32WL33C8V6X, STM32WL33CBV6, STM32WL33CBV6X, STM32WL33CCV6, STM32WL33CCV6A, STM32WL33CCV6X, STM32WL33K8V7, STM32WL33K8V7X, STM32WL33KBV7 , STM32WL33KBV7X, STM32WL33KCV7, STM32WL33KCV7X, STM32WL5MOCH6, STM32WL5MOCH6TR]
2026-08-29 09:44:34,411 [INFO] BoardInfo:889 - No configuration file found for board NUCLEO-H553ZG
2026-08-29 09:44:34,412 [INFO] DbBoards:161 - Board is not supported: NUCLEO-H553ZG
2026-08-29 09:44:34,414 [INFO] BoardInfo:889 - No configuration file found for board NUCLEO-H5E5ZJ
2026-08-29 09:44:34,414 [INFO] DbBoards:161 - Board is not supported: NUCLEO-H5E5ZJ
2026-08-29 09:44:34,463 [INFO] BoardInfo:889 - No configuration file found for board NUCLEO-U3C5ZI-Q
2026-08-29 09:44:34,464 [INFO] DbBoards:161 - Board is not supported: NUCLEO-U3C5ZI-Q
2026-08-29 09:44:34,474 [INFO] BoardInfo:889 - No configuration file found for board NUCLEO-WBA25CE1
2026-08-29 09:44:34,475 [INFO] DbBoards:161 - Board is not supported: NUCLEO-WBA25CE1
2026-08-29 09:44:34,481 [INFO] BoardInfo:889 - No configuration file found for board NUCLEO-WL3RKB1
2026-08-29 09:44:34,482 [INFO] DbBoards:161 - Board is not supported: NUCLEO-WL3RKB1
2026-08-29 09:44:34,482 [INFO] BoardInfo:889 - No configuration file found for board NUCLEO-WL3RKB2
2026-08-29 09:44:34,483 [INFO] DbBoards:161 - Board is not supported: NUCLEO-WL3RKB2
2026-08-29 09:44:34,488 [INFO] BoardInfo:889 - No configuration file found for board P-NUCLEO-WB55
2026-08-29 09:44:34,489 [INFO] DbBoards:161 - Kit is not supported: P-NUCLEO-WB55
2026-08-29 09:44:34,492 [INFO] BoardInfo:889 - No configuration file found for board STEVAL-BFA001V1B
2026-08-29 09:44:34,493 [INFO] DbBoards:161 - Kit is not supported: STEVAL-BFA001V1B
2026-08-29 09:44:34,493 [INFO] BoardInfo:889 - No configuration file found for board STEVAL-BFA001V2B
2026-08-29 09:44:34,494 [INFO] DbBoards:161 - Kit is not supported: STEVAL-BFA001V2B
2026-08-29 09:44:34,564 [INFO] BoardInfo:889 - No configuration file found for board STM32H5F5J-DK
2026-08-29 09:44:34,564 [INFO] DbBoards:161 - Board is not supported: STM32H5F5J-DK
2026-08-29 09:44:34,617 [INFO] DbBoards:168 - Found 219 boards, 209 are supported
2026-08-29 09:44:34,617 [INFO] DbBoards:169 - Found 219 boards, 43 of them is supported for  Bsp
2026-08-29 09:44:34,618 [INFO] ApiDb:423 - Load user favorites file C:\Users\student/.stm32cubeide/favorites.boards.txt: 0 item(s)
2026-08-29 09:44:34,619 [INFO] ApiDb:427 - User favorites Boards=[]
2026-08-29 09:44:34,619 [INFO] DbBoards:198 - Set 0 / 0 favorites Boards
2026-08-29 09:44:34,619 [INFO] McuFinderGlobals:76 - Set McuFinderConnectedMode to true
2026-08-29 09:44:34,628 [INFO] MultiScanPanel:200 - Auto-refresh data requested => check proxy status ongoing
2026-08-29 09:44:34,630 [INFO] FinderPluginLoader:96 - Searching for filters in installed packs
2026-08-29 09:44:35,319 [INFO] LoadUrlFilesThread:185 - End of LoadServerUrlFiles without Thread
2026-08-29 09:44:35,337 [INFO] DetailPanel:341 - Set advertising image to C:/Users/student/STM32Cube/Repository/\en.stm32h5cubemxbanner.png
2026-08-29 09:44:38,207 [INFO] MultiScanPanel:200 - Auto-refresh data requested => check proxy status ongoing
2026-08-29 09:44:38,294 [INFO] LoadUrlFilesThread:185 - End of LoadServerUrlFiles without Thread
2026-08-29 09:44:38,294 [INFO] DetailPanel:341 - Set advertising image to C:/Users/student/STM32Cube/Repository/\en.stm32h5cubemxbanner.png
2026-08-29 09:44:38,300 [INFO] DbBoards:642 - Loading board mini-images...
2026-08-29 09:44:38,545 [ERROR] DbBoards:659 - Image file not found for board NUCLEO-H553ZG: C:\Users\student\.stmcufinder\plugins\mcufinder//mcu//boards_images/NUCLEO-H553ZG.jpg
2026-08-29 09:44:39,577 [INFO] DbBoards:665 - Loaded 218 board mini-images
2026-08-29 09:45:06,206 [INFO] MainUpdater:2872 - connection check result : 10
2026-08-29 09:45:06,207 [INFO] MainUpdater:2872 - connection check result : 10
2026-08-29 09:45:06,214 [INFO] MicroXplorer:468 - Change Database Path : 
2026-08-29 09:45:06,214 [INFO] MicroXplorer:498 - Change Database Version : DB.6.0.150
2026-08-29 09:45:06,217 [WARN] ThirdParty:871 - waiting for thirdparty lock release [close project]
2026-08-29 09:45:06,217 [INFO] ThirdParty:873 - entering critical section [close project]
2026-08-29 09:45:06,218 [INFO] ThirdParty:883 - exiting critical section [close project]
2026-08-29 09:45:06,220 [INFO] PinOutPanel:1589 - setPackage(No Configuration,No Configuration)
2026-08-29 09:45:06,221 [INFO] UtilMem:75 - Begin LoadConfig() Used Memory: 934478760 Bytes (1073741824)
2026-08-29 09:45:06,223 [INFO] OpenFileManager:355 - Change cursor
2026-08-29 09:45:06,237 [WARN] IntegrityCheckThread:84 - waiting for thirdparty lock release [integrity check]
2026-08-29 09:45:06,237 [INFO] IntegrityCheckThread:86 - entering critical section [integrity check]
2026-08-29 09:45:06,439 [WARN] PackLoader:240 - Cannot read IP mode file for STMicroelectronics.X-CUBE-AZRTOS-H7.3.5.0
2026-08-29 09:45:06,448 [WARN] PackLoader:240 - Cannot read IP mode file for STMicroelectronics.FP-ATR-ASTRA1.2.0.3
2026-08-29 09:45:06,456 [ERROR] Engine:466 - C:\Users\student\.stm32cubemx\thirdparties\pdsc\STMicroelectronics.X-CUBE-SMBUS.2.1.1.pdsc: PDSC version is not supported
2026-08-29 09:45:06,468 [WARN] PackLoader:240 - Cannot read IP mode file for STMicroelectronics.X-CUBE-AZRTOS-F7.1.1.0
2026-08-29 09:45:06,474 [WARN] PackLoader:240 - Cannot read IP mode file for STMicroelectronics.X-CUBE-FREERTOS.1.6.0
2026-08-29 09:45:06,478 [WARN] PackLoader:240 - Cannot read IP mode file for STMicroelectronics.FP-SNS-MOTENV1.5.1.0
2026-08-29 09:45:06,491 [WARN] PackLoader:240 - Cannot read IP mode file for STMicroelectronics.X-CUBE-AZRTOS-H7RS.1.3.0
2026-08-29 09:45:06,498 [WARN] PackLoader:240 - Cannot read IP mode file for WES.I-CUBE-Cesium.1.4.0
2026-08-29 09:45:06,503 [WARN] PackLoader:240 - Cannot read IP mode file for STMicroelectronics.X-CUBE-DISPLAY.3.0.0
2026-08-29 09:45:06,510 [WARN] PackLoader:240 - Cannot read IP mode file for STMicroelectronics.X-CUBE-GNSS1.7.1.1
2026-08-29 09:45:06,515 [WARN] PackLoader:240 - Cannot read IP mode file for STMicroelectronics.FP-SNS-MOTENVWB1.1.5.0
2026-08-29 09:45:06,519 [WARN] PackLoader:240 - Cannot read IP mode file for STMicroelectronics.X-CUBE-NFC10.1.0.0
2026-08-29 09:45:06,522 [WARN] PackLoader:240 - Cannot read IP mode file for STMicroelectronics.X-CUBE-ST60.1.1.0
2026-08-29 09:45:06,525 [WARN] PackLoader:240 - Cannot read IP mode file for emotas.I-CUBE-CANOPEN.1.3.0
2026-08-29 09:45:06,528 [WARN] PackLoader:240 - Cannot read IP mode file for wolfSSL.I-CUBE-wolfSSL.5.9.2
2026-08-29 09:45:06,530 [ERROR] Engine:466 - C:\Users\student\.stm32cubemx\thirdparties\pdsc\STMicroelectronics.X-CUBE-WBA.1.1.0.pdsc: PDSC version is not supported
2026-08-29 09:45:06,533 [WARN] PackLoader:240 - Cannot read IP mode file for STMicroelectronics.FP-SNS-STBOX1.2.1.0
2026-08-29 09:45:06,537 [WARN] PackLoader:240 - Cannot read IP mode file for STMicroelectronics.FP-SNS-SMARTAG2.1.2.0
2026-08-29 09:45:06,539 [WARN] PackLoader:240 - Cannot read IP mode file for STMicroelectronics.FP-SNS-FLIGHT1.5.1.0
2026-08-29 09:45:06,545 [INFO] LogOutputStream:77 - [STDOUT_REDIRECT] 1 : Invalid condition id : UX_CORESTACK_Condition cause : null
2026-08-29 09:45:06,546 [INFO] LogOutputStream:77 - [STDOUT_REDIRECT] 1 : Invalid condition id : UX_CORESTACK_Condition cause : null
2026-08-29 09:45:06,546 [INFO] LogOutputStream:77 - [STDOUT_REDIRECT] 1 : Invalid condition id : UX_CORESTACK_Condition cause : null
2026-08-29 09:45:06,547 [INFO] LogOutputStream:77 - [STDOUT_REDIRECT] 1 : Invalid condition id : UX_CORESTACK_Condition cause : null
2026-08-29 09:45:06,547 [INFO] LogOutputStream:77 - [STDOUT_REDIRECT] 1 : Invalid condition id : UX_CORESTACK_Condition cause : null
2026-08-29 09:45:06,548 [WARN] PackLoader:240 - Cannot read IP mode file for STMicroelectronics.X-CUBE-AZRTOS-WL.2.0.0
2026-08-29 09:45:06,552 [WARN] PackLoader:240 - Cannot read IP mode file for STMicroelectronics.X-CUBE-BLE2.3.3.0
2026-08-29 09:45:06,569 [WARN] PackLoader:240 - Cannot read IP mode file for Infineon.AIROC-Wi-Fi-Bluetooth-STM32.1.8.0
2026-08-29 09:45:06,574 [WARN] PackLoader:240 - Cannot read IP mode file for STMicroelectronics.X-CUBE-NFC9.1.0.0
2026-08-29 09:45:06,577 [WARN] PackLoader:240 - Cannot read IP mode file for STMicroelectronics.X-CUBE-BLE1.7.1.0
2026-08-29 09:45:06,579 [WARN] PackLoader:240 - Cannot read IP mode file for wolfSSL.I-CUBE-wolfMQTT.1.19.2
2026-08-29 09:45:06,583 [WARN] PackLoader:240 - Cannot read IP mode file for STMicroelectronics.X-CUBE-EEPRMA1.5.2.0
2026-08-29 09:45:06,586 [WARN] PackLoader:240 - Cannot read IP mode file for STMicroelectronics.FP-SNS-STAIOTCFT.1.1.0
2026-08-29 09:45:06,593 [WARN] PackLoader:240 - Cannot read IP mode file for STMicroelectronics.X-CUBE-AZRTOS-G0.1.1.0
2026-08-29 09:45:06,597 [WARN] PackLoader:240 - Cannot read IP mode file for STMicroelectronics.X-CUBE-NFC4.3.0.0
2026-08-29 09:45:06,601 [WARN] PackLoader:240 - Cannot read IP mode file for EmbeddedOffice.I-CUBE-FS-RTOS.1.0.1
2026-08-29 09:45:06,604 [WARN] PackLoader:240 - Cannot read IP mode file for wolfSSL.I-CUBE-wolfTPM.3.8.0
2026-08-29 09:45:06,607 [WARN] PackLoader:240 - Cannot read IP mode file for STMicroelectronics.X-CUBE-TCPP.4.2.0
2026-08-29 09:45:06,610 [WARN] PackLoader:240 - Cannot read IP mode file for RealThread.X-CUBE-RT-Thread_Nano.4.1.1
2026-08-29 09:45:06,612 [WARN] PackLoader:240 - Cannot read IP mode file for STMicroelectronics.FP-ATR-SIGFOX1.3.2.0
2026-08-29 09:45:06,615 [WARN] PackLoader:240 - Cannot read IP mode file for ITTIA_DB.I-CUBE-ITTIADB.8.9.0
2026-08-29 09:45:06,617 [WARN] PackLoader:240 - Cannot read IP mode file for Cesanta.I-CUBE-Mongoose.7.21.7
2026-08-29 09:45:06,626 [WARN] PackLoader:240 - Cannot read IP mode file for STMicroelectronics.X-CUBE-NFC6.3.2.0
2026-08-29 09:45:06,629 [WARN] PackLoader:240 - Cannot read IP mode file for STMicroelectronics.X-CUBE-AI.10.2.1
2026-08-29 09:45:06,640 [WARN] PackLoader:240 - Cannot read IP mode file for SEGGER.I-CUBE-embOS.1.3.1
2026-08-29 09:45:06,757 [WARN] PackLoader:240 - Cannot read IP mode file for STMicroelectronics.X-CUBE-NFC13.1.0.0
2026-08-29 09:45:06,760 [WARN] PackLoader:240 - Cannot read IP mode file for STMicroelectronics.X-CUBE-PM33A1.1.0.0
2026-08-29 09:45:06,767 [WARN] PackLoader:240 - Cannot read IP mode file for STMicroelectronics.X-CUBE-AZRTOS-F4.1.1.0
2026-08-29 09:45:06,771 [WARN] PackLoader:240 - Cannot read IP mode file for STMicroelectronics.X-CUBE-ISPU.2.1.0
2026-08-29 09:45:06,777 [WARN] PackLoader:240 - Cannot read IP mode file for STMicroelectronics.X-CUBE-IPS.3.2.0
2026-08-29 09:45:06,780 [WARN] PackLoader:240 - Cannot read IP mode file for STMicroelectronics.eDS-WB_DPC_TT-BIDIR.2.1.1
2026-08-29 09:45:06,783 [WARN] PackLoader:240 - Cannot read IP mode file for STMicroelectronics.X-CUBE-NFC12.1.0.0
2026-08-29 09:45:06,790 [WARN] PackLoader:240 - Cannot read IP mode file for STMicroelectronics.X-CUBE-AZRTOS-L5.2.0.0
2026-08-29 09:45:06,794 [WARN] PackLoader:240 - Cannot read IP mode file for STMicroelectronics.X-CUBE-ALGOBUILD.1.5.0
2026-08-29 09:45:06,796 [WARN] PackLoader:240 - Cannot read IP mode file for STMicroelectronics.eDS-WB_DPC_VIENNA.1.2.0
2026-08-29 09:45:06,815 [WARN] PackLoader:240 - Cannot read IP mode file for STMicroelectronics.X-CUBE-MEMS1.13.0.0
2026-08-29 09:45:06,843 [WARN] PackLoader:240 - Cannot read IP mode file for STMicroelectronics.eDS-WB_DPC_3PH2L-BIDIR.1.1.1
2026-08-29 09:45:06,845 [ERROR] Engine:466 - C:\Users\student\.stm32cubemx\thirdparties\pdsc\STMicroelectronics.X-CUBE-ST67W61.1.3.0.pdsc: PDSC version is not supported
2026-08-29 09:45:06,848 [WARN] PackLoader:240 - Cannot read IP mode file for STMicroelectronics.X-CUBE-TOUCHGFX.4.26.1
2026-08-29 09:45:06,851 [WARN] PackLoader:240 - Cannot read IP mode file for STMicroelectronics.X-CUBE-DPower.1.3.0
2026-08-29 09:45:06,858 [WARN] ConditionMgr:438 - getConditionDescription Invalid condition id : LAN8742 Phy interface Condition cause : null
2026-08-29 09:45:06,859 [WARN] PackLoader:240 - Cannot read IP mode file for STMicroelectronics.X-CUBE-AZRTOS-L4.2.0.0
2026-08-29 09:45:06,859 [WARN] ConditionMgr:1044 - genDependencies : Invalid condition id : LAN8742 Phy interface Condition cause : null
2026-08-29 09:45:06,859 [WARN] ConditionMgr:1044 - genDependencies : Invalid condition id : LAN8742 Phy interface Condition cause : null
2026-08-29 09:45:06,859 [WARN] ConditionMgr:1044 - genDependencies : Invalid condition id : LAN8742 Phy interface Condition cause : null
2026-08-29 09:45:06,863 [WARN] PackLoader:240 - Cannot read IP mode file for STMicroelectronics.X-CUBE-SFXS2LP1.4.0.0
2026-08-29 09:45:06,866 [WARN] PackLoader:240 - Cannot read IP mode file for STMicroelectronics.X-CUBE-WB05N.2.1.0
2026-08-29 09:45:06,871 [WARN] ConditionMgr:438 - getConditionDescription Invalid condition id : UX DEVICE CLASS RTOS Condition cause : null
2026-08-29 09:45:06,871 [WARN] ConditionMgr:438 - getConditionDescription Invalid condition id : UX DEVICE CLASS RTOS Condition cause : null
2026-08-29 09:45:06,872 [WARN] PackLoader:240 - Cannot read IP mode file for STMicroelectronics.X-CUBE-AZRTOS-WB.2.0.0
2026-08-29 09:45:06,872 [WARN] ConditionMgr:1044 - genDependencies : Invalid condition id : UX DEVICE CLASS RTOS Condition cause : null
2026-08-29 09:45:06,872 [WARN] ConditionMgr:1044 - genDependencies : Invalid condition id : UX DEVICE CLASS RTOS Condition cause : null
2026-08-29 09:45:06,873 [WARN] ConditionMgr:1044 - genDependencies : Invalid condition id : UX DEVICE CLASS RTOS Condition cause : null
2026-08-29 09:45:06,873 [WARN] ConditionMgr:1044 - genDependencies : Invalid condition id : UX DEVICE CLASS RTOS Condition cause : null
2026-08-29 09:45:06,873 [WARN] ConditionMgr:1044 - genDependencies : Invalid condition id : UX DEVICE CLASS RTOS Condition cause : null
2026-08-29 09:45:06,875 [WARN] ConditionMgr:438 - getConditionDescription Invalid condition id : Cortex-A Device cause : null
2026-08-29 09:45:06,879 [WARN] ConditionMgr:1044 - genDependencies : Invalid condition id : Cortex-A Device cause : null
2026-08-29 09:45:06,879 [WARN] ConditionMgr:1044 - genDependencies : Invalid condition id : Cortex-A Device cause : null
2026-08-29 09:45:06,879 [WARN] ConditionMgr:1044 - genDependencies : Invalid condition id : Cortex-A Device cause : null
2026-08-29 09:45:06,882 [WARN] PackLoader:240 - Cannot read IP mode file for STMicroelectronics.X-CUBE-STSE01.2.0.0
2026-08-29 09:45:06,887 [WARN] PackLoader:240 - Cannot read IP mode file for STMicroelectronics.X-CUBE-SUBG2.5.0.0
2026-08-29 09:45:06,895 [WARN] PackLoader:240 - Cannot read IP mode file for STMicroelectronics.X-CUBE-AZRTOS-G4.2.0.0
2026-08-29 09:45:06,898 [WARN] PackLoader:240 - Cannot read IP mode file for wolfSSL.I-CUBE-wolfSSH.1.4.20
2026-08-29 09:45:06,900 [WARN] PackLoader:240 - Cannot read IP mode file for STMicroelectronics.X-CUBE-NFC7.2.0.0
2026-08-29 09:45:06,902 [ERROR] Engine:466 - C:\Users\student\.stm32cubemx\thirdparties\pdsc\STMicroelectronics.X-CUBE-BLEMGR.4.2.0.pdsc: PDSC version is not supported
2026-08-29 09:45:06,904 [WARN] PackLoader:240 - Cannot read IP mode file for STMicroelectronics.X-CUBE-ALS.1.0.2
2026-08-29 09:45:06,908 [WARN] PackLoader:240 - Cannot read IP mode file for STMicroelectronics.X-CUBE-TOF1.3.4.3
2026-08-29 09:45:06,912 [INFO] ThirdParty:978 - Integrity check success = true
2026-08-29 09:45:06,912 [INFO] IntegrityCheckThread:100 - exiting critical section [integrity check]
2026-08-29 09:45:06,912 [INFO] IntegrityCheckThread:103 - End integrity checks thread
2026-08-29 09:45:06,932 [INFO] ProjectFactory:514 - No CPN specified for board B-L4S5I-IOT01A => set CPN to STM32L4S5VIT6
2026-08-29 09:45:06,935 [INFO] Mcu:2029 - Initializing MCU STM32L4S5VITx STM32L4S5VITx STM32L4S5VIT6
2026-08-29 09:45:07,855 [INFO] Context:786 - Trying to add GPIOservice into a context  which must be forbidden
2026-08-29 09:45:08,118 [INFO] Rule:233 - rule 117617 - U5Cobra4M][GTZC] default value MPCBB3 and MPCBB5 - Not Secured memory - MPCBB1 is applicable
2026-08-29 09:45:08,119 [INFO] Rule:233 - rule 117617 - U5Cobra4M][GTZC] default value MPCBB3 and MPCBB5 - Not Secured memory - MPCBB1 is applicable
2026-08-29 09:45:08,119 [INFO] Rule:233 - rule 117617 - U5Cobra4M][GTZC] default value MPCBB3 and MPCBB5 - Not Secured memory - MPCBB2 is applicable
2026-08-29 09:45:08,119 [INFO] Rule:233 - rule 117617 - U5Cobra4M][GTZC] default value MPCBB3 and MPCBB5 - Not Secured memory - MPCBB2 is applicable
2026-08-29 09:45:08,119 [INFO] Rule:233 - rule 117617 - U5Cobra4M][GTZC] default value MPCBB3 and MPCBB5 - Not Secured memory - MPCBB3 is applicable
2026-08-29 09:45:08,119 [INFO] Rule:233 - rule 117617 - U5Cobra4M][GTZC] default value MPCBB3 and MPCBB5 - Not Secured memory - MPCBB3 is applicable
2026-08-29 09:45:08,119 [INFO] Rule:233 - rule 117617 - U5Cobra4M][GTZC] default value MPCBB3 and MPCBB5 - Not Secured memory - MPCBB4 is applicable
2026-08-29 09:45:08,119 [INFO] Rule:233 - rule 117617 - U5Cobra4M][GTZC] default value MPCBB3 and MPCBB5 - Not Secured memory - MPCBB4 is applicable
2026-08-29 09:45:08,119 [INFO] Rule:233 - rule 117617 - U5Cobra4M][GTZC] default value MPCBB3 and MPCBB5 - Secured memory - MPCBB1 is applicable
2026-08-29 09:45:08,119 [INFO] Rule:233 - rule 117617 - U5Cobra4M][GTZC] default value MPCBB3 and MPCBB5 - Secured memory - MPCBB2 is applicable
2026-08-29 09:45:08,119 [INFO] Rule:233 - rule 117617 - U5Cobra4M][GTZC] default value MPCBB3 and MPCBB5 - Secured memory - MPCBB3 is applicable
2026-08-29 09:45:08,119 [INFO] Rule:233 - rule 117617 - U5Cobra4M][GTZC] default value MPCBB3 and MPCBB5 - Secured memory - MPCBB4 is applicable
2026-08-29 09:45:08,119 [INFO] Rule:233 - rule 117617 - U5Cobra4M][GTZC] default value MPCBB3 and MPCBB5 - Privileged memory - MPCBB1 is applicable
2026-08-29 09:45:08,119 [INFO] Rule:233 - rule 117617 - U5Cobra4M][GTZC] default value MPCBB3 and MPCBB5 - Privileged memory - MPCBB2 is applicable
2026-08-29 09:45:08,119 [INFO] Rule:233 - rule 117617 - U5Cobra4M][GTZC] default value MPCBB3 and MPCBB5 - Privileged memory - MPCBB3 is applicable
2026-08-29 09:45:08,119 [INFO] Rule:233 - rule 117617 - U5Cobra4M][GTZC] default value MPCBB3 and MPCBB5 - Privileged memory - MPCBB4 is applicable
2026-08-29 09:45:08,119 [INFO] Rule:233 - rule 117617 - U5Cobra4M][GTZC] default value MPCBB3 and MPCBB5 - Not Privileged memory - MPCBB1 is applicable
2026-08-29 09:45:08,119 [INFO] Rule:233 - rule 117617 - U5Cobra4M][GTZC] default value MPCBB3 and MPCBB5 - Not Privileged memory - MPCBB2 is applicable
2026-08-29 09:45:08,119 [INFO] Rule:233 - rule 117617 - U5Cobra4M][GTZC] default value MPCBB3 and MPCBB5 - Not Privileged memory - MPCBB3 is applicable
2026-08-29 09:45:08,119 [INFO] Rule:233 - rule 117617 - U5Cobra4M][GTZC] default value MPCBB3 and MPCBB5 - Not Privileged memory - MPCBB4 is applicable
2026-08-29 09:45:08,119 [INFO] Rule:233 - rule 117617 - U5Cobra4M][GTZC] default value MPCBB3 and MPCBB5 - Privileged memory - MPCBB1 is applicable
2026-08-29 09:45:08,119 [INFO] Rule:233 - rule 117617 - U5Cobra4M][GTZC] default value MPCBB3 and MPCBB5 - Privileged memory - MPCBB2 is applicable
2026-08-29 09:45:08,119 [INFO] Rule:233 - rule 117617 - U5Cobra4M][GTZC] default value MPCBB3 and MPCBB5 - Privileged memory - MPCBB3 is applicable
2026-08-29 09:45:08,119 [INFO] Rule:233 - rule 117617 - U5Cobra4M][GTZC] default value MPCBB3 and MPCBB5 - Privileged memory - MPCBB4 is applicable
2026-08-29 09:45:08,119 [INFO] Rule:233 - rule 117617 - U5Cobra4M][GTZC] default value MPCBB3 and MPCBB5 - Privileged memory - MPCBB1 is applicable
2026-08-29 09:45:08,119 [INFO] Rule:233 - rule 117617 - U5Cobra4M][GTZC] default value MPCBB3 and MPCBB5 - Privileged memory - MPCBB2 is applicable
2026-08-29 09:45:08,119 [INFO] Rule:233 - rule 117617 - U5Cobra4M][GTZC] default value MPCBB3 and MPCBB5 - Privileged memory - MPCBB3 is applicable
2026-08-29 09:45:08,119 [INFO] Rule:233 - rule 117617 - U5Cobra4M][GTZC] default value MPCBB3 and MPCBB5 - Privileged memory - MPCBB4 is applicable
2026-08-29 09:45:08,119 [INFO] Rule:233 - rule 117617 - U5Cobra4M][GTZC] default value MPCBB3 and MPCBB5 - Not Privileged memory - MPCBB1 is applicable
2026-08-29 09:45:08,119 [INFO] Rule:233 - rule 117617 - U5Cobra4M][GTZC] default value MPCBB3 and MPCBB5 - Not Privileged memory - MPCBB2 is applicable
2026-08-29 09:45:08,119 [INFO] Rule:233 - rule 117617 - U5Cobra4M][GTZC] default value MPCBB3 and MPCBB5 - Not Privileged memory - MPCBB3 is applicable
2026-08-29 09:45:08,119 [INFO] Rule:233 - rule 117617 - U5Cobra4M][GTZC] default value MPCBB3 and MPCBB5 - Not Privileged memory - MPCBB4 is applicable
2026-08-29 09:45:08,119 [INFO] Rule:233 - rule 117617 - U5Cobra4M][GTZC] default value MPCBB3 and MPCBB5 - Privileged memory - MPCBB1 is applicable
2026-08-29 09:45:08,119 [INFO] Rule:233 - rule 117617 - U5Cobra4M][GTZC] default value MPCBB3 and MPCBB5 - Privileged memory - MPCBB2 is applicable
2026-08-29 09:45:08,119 [INFO] Rule:233 - rule 117617 - U5Cobra4M][GTZC] default value MPCBB3 and MPCBB5 - Privileged memory - MPCBB3 is applicable
2026-08-29 09:45:08,119 [INFO] Rule:233 - rule 117617 - U5Cobra4M][GTZC] default value MPCBB3 and MPCBB5 - Privileged memory - MPCBB4 is applicable
2026-08-29 09:45:08,119 [INFO] Rule:233 - rule WakeUp0 Mode is applicable
2026-08-29 09:45:08,119 [INFO] Rule:233 - rule WakeUp0 SIGNAL is applicable
2026-08-29 09:45:08,119 [INFO] Rule:233 - rule WakeUp1 Mode is applicable
2026-08-29 09:45:08,119 [INFO] Rule:233 - rule WakeUp1 SIGNAL is applicable
2026-08-29 09:45:08,119 [INFO] Rule:233 - rule WakeUp2 Mode is applicable
2026-08-29 09:45:08,119 [INFO] Rule:233 - rule WakeUp2 SIGNAL is applicable
2026-08-29 09:45:08,119 [INFO] Rule:233 - rule WakeUp4 Mode is applicable
2026-08-29 09:45:08,119 [INFO] Rule:233 - rule WakeUp4 SIGNAL is applicable
2026-08-29 09:45:08,119 [INFO] Rule:233 - rule WakeUp5 Mode is applicable
2026-08-29 09:45:08,119 [INFO] Rule:233 - rule WakeUp5 SIGNAL is applicable
2026-08-29 09:45:08,119 [INFO] Rule:233 - rule Change Default Value for LSE Drive Capability for WB family is applicable
2026-08-29 09:45:08,119 [INFO] Rule:233 - rule change FDCAN default value is applicable
2026-08-29 09:45:08,120 [INFO] Rule:233 - rule Adapt Old IOC before rework replace old CORTEX_M33/CORTEX_M55 attributes by the new one. is applicable
2026-08-29 09:45:08,120 [INFO] Rule:233 - rule Rename parametre of RCC RCC_APBDBG_DIV2 to RCC_TIMPRES_DIV2 is applicable
2026-08-29 09:45:08,120 [INFO] Rule:233 - rule Rename DIE493 pin PA10 [PA12] -> PA10 is applicable
2026-08-29 09:45:08,120 [INFO] Rule:233 - rule Rename DIE493 pin PA9 [PA11] -> PA9 is applicable
2026-08-29 09:45:08,120 [INFO] Rule:233 - rule Rename DIE492 PartNumber CPN STM32WBA5MJGHx -> STM32WBA5MMGHx is applicable
2026-08-29 09:45:08,120 [INFO] Rule:233 - rule Rename DIE492 PartNumber  Name STM32WBA5MJGHx -> STM32WBA5MMGHx is applicable
2026-08-29 09:45:08,120 [INFO] Rule:233 - rule Rename DIE492 PartNumber UserName STM32WBA5MJGHx -> STM32WBA5MMGHx is applicable
2026-08-29 09:45:08,120 [INFO] Rule:233 - rule Rename DIE492 PartNumber DeviceId STM32WBA5MJGHx -> STM32WBA5MMGHx is applicable
2026-08-29 09:45:08,120 [INFO] Rule:233 - rule Adapt Old IOC CSI. is applicable
2026-08-29 09:45:08,120 [INFO] Rule:233 - rule Adapt Old IOC DCMIPP. is applicable
2026-08-29 09:45:08,120 [INFO] Rule:233 - rule Adapt Old IOC DCMIPP Mode Parallel. is applicable
2026-08-29 09:45:08,120 [INFO] Rule:233 - rule Adapt Old IOC LTDC. is applicable
2026-08-29 09:45:08,120 [INFO] Rule:233 - rule Rename STM32MP2 RIF Peripheral LTDC RIF.RISUP.LTDC_L0L1.Privilege -> RIF.RISUP.LTDC_L1L2.Privilege is applicable
2026-08-29 09:45:08,120 [INFO] Rule:233 - rule Rename STM32MP2 RIF Peripheral LTDC RIF.RISUP.LTDC_L0L1.Privilege -> RIF.RISUP.LTDC_L1L2.Privilege is applicable
2026-08-29 09:45:08,120 [INFO] Rule:233 - rule Rename STM32MP2 RIF Peripheral LTDC RIF.RISUP.LTDC_L0L1.Lock -> RIF.RISUP.LTDC_L1L2.Lock is applicable
2026-08-29 09:45:08,120 [INFO] Rule:233 - rule Rename STM32MP2 RIF Peripheral LTDC RIF.RISUP.LTDC_L2.Lock -> RIF.RISUP.LTDC_L3.Lock is applicable
2026-08-29 09:45:08,120 [INFO] Rule:233 - rule Adapt the old IOC example for updating the SYS when it is misconfigured. is applicable
2026-08-29 09:45:08,120 [INFO] Rule:233 - rule Rename STM32C09 Mcu.Package LQFP64 -> LQFP48 is applicable
2026-08-29 09:45:08,120 [INFO] Rule:233 - rule Adapt the old IOC example for updating the SYS when it is misconfigured. is applicable
2026-08-29 09:45:08,120 [INFO] Rule:233 - rule Adapt the old IOC example for updating the SYS when it is misconfigured. is applicable
2026-08-29 09:45:08,123 [INFO] DbConfProperties:307 - Apply Compatibility (5/68 Rules)
2026-08-29 09:45:08,138 [INFO] ImportTextPane:234 - (OptionalMessage_ERROR) Pin84 (VP_RIF_VS_RIF1) cannot be retrieved for this MCU
2026-08-29 09:45:08,201 [INFO] RtosManager:558 - Registered RTOS mode: class=CMSIS, group=RTOS, mode=CMSIS_V1, owner=FREERTOS
2026-08-29 09:45:08,201 [INFO] RtosManager:558 - Registered RTOS mode: class=CMSIS, group=RTOS2, mode=CMSIS_V2, owner=FREERTOS
2026-08-29 09:45:08,201 [INFO] RtosManager:558 - Registered RTOS mode: class=RTOS, group=Core, mode=CMSIS_V1, owner=FREERTOS
2026-08-29 09:45:08,201 [INFO] RtosManager:558 - Registered RTOS mode: class=RTOS, group=Core, mode=CMSIS_V2, owner=FREERTOS
2026-08-29 09:45:08,202 [WARN] ModelIntegratedComponent:184 - Missing modes for component STMicroelectronics:FreeRTOS:0.0.1:STMicroelectronics:RTOS:FreeRTOS:Core:::10.2.0:
2026-08-29 09:45:08,233 [WARN] ModelIntegratedComponent:63 - No mode defined for component null
2026-08-29 09:45:08,233 [WARN] ModelIntegratedComponent:63 - No mode defined for component null
2026-08-29 09:45:08,233 [WARN] ModelIntegratedComponent:63 - No mode defined for component null
2026-08-29 09:45:08,233 [WARN] ModelIntegratedComponent:63 - No mode defined for component null
2026-08-29 09:45:08,233 [WARN] ModelIntegratedComponent:63 - No mode defined for component null
2026-08-29 09:45:08,233 [WARN] ModelIntegratedComponent:63 - No mode defined for component null
2026-08-29 09:45:08,233 [WARN] ModelIntegratedComponent:63 - No mode defined for component null
2026-08-29 09:45:08,233 [WARN] ModelIntegratedComponent:63 - No mode defined for component null
2026-08-29 09:45:08,233 [WARN] ModelIntegratedComponent:63 - No mode defined for component null
2026-08-29 09:45:08,233 [WARN] ModelIntegratedComponent:63 - No mode defined for component null
2026-08-29 09:45:08,233 [WARN] ModelIntegratedComponent:63 - No mode defined for component null
2026-08-29 09:45:08,233 [WARN] ModelIntegratedComponent:63 - No mode defined for component null
2026-08-29 09:45:08,233 [WARN] ModelIntegratedComponent:63 - No mode defined for component null
2026-08-29 09:45:08,233 [WARN] ModelIntegratedComponent:63 - No mode defined for component null
2026-08-29 09:45:08,233 [WARN] ModelIntegratedComponent:63 - No mode defined for component null
2026-08-29 09:45:08,233 [WARN] ModelIntegratedComponent:63 - No mode defined for component null
2026-08-29 09:45:08,233 [WARN] ModelIntegratedComponent:63 - No mode defined for component null
2026-08-29 09:45:08,233 [WARN] ModelIntegratedComponent:63 - No mode defined for component null
2026-08-29 09:45:08,233 [WARN] ModelIntegratedComponent:63 - No mode defined for component null
2026-08-29 09:45:08,233 [WARN] ModelIntegratedComponent:63 - No mode defined for component null
2026-08-29 09:45:08,233 [WARN] ModelIntegratedComponent:63 - No mode defined for component null
2026-08-29 09:45:08,233 [WARN] ModelIntegratedComponent:63 - No mode defined for component null
2026-08-29 09:45:08,233 [WARN] ModelIntegratedComponent:63 - No mode defined for component null
2026-08-29 09:45:08,233 [WARN] ModelIntegratedComponent:63 - No mode defined for component null
2026-08-29 09:45:08,233 [WARN] ModelIntegratedComponent:63 - No mode defined for component null
2026-08-29 09:45:08,234 [WARN] ModelIntegratedComponent:63 - No mode defined for component null
2026-08-29 09:45:08,234 [WARN] ModelIntegratedComponent:63 - No mode defined for component null
2026-08-29 09:45:08,234 [WARN] ModelIntegratedComponent:63 - No mode defined for component null
2026-08-29 09:45:08,234 [WARN] ModelIntegratedComponent:63 - No mode defined for component null
2026-08-29 09:45:08,234 [WARN] ModelIntegratedComponent:63 - No mode defined for component null
2026-08-29 09:45:08,234 [WARN] ModelIntegratedComponent:63 - No mode defined for component null
2026-08-29 09:45:08,234 [WARN] ModelIntegratedComponent:63 - No mode defined for component null
2026-08-29 09:45:08,234 [WARN] ModelIntegratedComponent:63 - No mode defined for component null
2026-08-29 09:45:08,234 [WARN] ModelIntegratedComponent:63 - No mode defined for component null
2026-08-29 09:45:08,234 [WARN] ModelIntegratedComponent:63 - No mode defined for component null
2026-08-29 09:45:08,234 [WARN] ModelPack:524 - Component already loaded: STMicroelectronics:HAL Drivers:0.0.0:STMicroelectronics:Device:STMicro_Driver:XSPI:HAL::0.0.1:HAL_XSPI
2026-08-29 09:45:08,248 [INFO] ThirdPartyModel:298 - Start build external matchings
2026-08-29 09:45:08,443 [INFO] ThirdPartyModel:316 - End build external matchings
2026-08-29 09:45:08,464 [WARN] IP:2250 - MaxTran not found: check if there is a RefParameter without a condition.
2026-08-29 09:45:08,464 [WARN] IP:2250 - Refresh not found: check if there is a RefParameter without a condition.
2026-08-29 09:45:08,465 [INFO] ImportTextPane:234 - (OptionalMessage_ERROR) IP (RCC) : Invalid parameter (FamilyName)
2026-08-29 09:45:08,636 [INFO] UtilMem:75 - End LoadConfig() Used Memory: 752876352 Bytes (1073741824)
2026-08-29 09:45:08,708 [WARN] ThirdParty:833 - waiting for thirdparty lock release [change project]
2026-08-29 09:45:08,708 [INFO] ThirdParty:835 - entering critical section [change project]
2026-08-29 09:45:08,708 [INFO] ThirdParty:1030 - CMSIS Pack Vendor :STMicroelectronics X-CUBE-AZRTOS-H7 3.5.0
2026-08-29 09:45:08,708 [INFO] ThirdParty:1030 - CMSIS Pack Vendor :STMicroelectronics X-CUBE-PM33A1 1.0.0
2026-08-29 09:45:08,708 [INFO] ThirdParty:1030 - CMSIS Pack Vendor :STMicroelectronics USBPD 4.1
2026-08-29 09:45:08,708 [INFO] ThirdParty:1030 - CMSIS Pack Vendor :STMicroelectronics X-CUBE-NFC9 1.0.0
2026-08-29 09:45:08,708 [INFO] ThirdParty:1030 - CMSIS Pack Vendor :STMicroelectronics USB_HOST 2.0.0
2026-08-29 09:45:08,708 [INFO] ThirdParty:1030 - CMSIS Pack Vendor :STMicroelectronics FP-ATR-ASTRA1 2.0.3
2026-08-29 09:45:08,708 [INFO] ThirdParty:1030 - CMSIS Pack Vendor :STMicroelectronics X-CUBE-AZRTOS-F4 1.1.0
2026-08-29 09:45:08,708 [INFO] ThirdParty:1030 - CMSIS Pack Vendor :STMicroelectronics LIBJPEG 8.0.0
2026-08-29 09:45:08,708 [INFO] ThirdParty:1030 - CMSIS Pack Vendor :STMicroelectronics X-CUBE-BLE1 7.1.0
2026-08-29 09:45:08,708 [INFO] ThirdParty:1030 - CMSIS Pack Vendor :wolfSSL I-CUBE-wolfMQTT 1.19.2
2026-08-29 09:45:08,708 [INFO] ThirdParty:1030 - CMSIS Pack Vendor :STMicroelectronics USB_DEVICE 3.0.0
2026-08-29 09:45:08,708 [INFO] ThirdParty:1030 - CMSIS Pack Vendor :STMicroelectronics X-CUBE-ISPU 2.1.0
2026-08-29 09:45:08,708 [INFO] ThirdParty:1030 - CMSIS Pack Vendor :STMicroelectronics X-CUBE-EEPRMA1 5.2.0
2026-08-29 09:45:08,708 [INFO] ThirdParty:1030 - CMSIS Pack Vendor :STMicroelectronics X-CUBE-IPS 3.2.0
2026-08-29 09:45:08,708 [INFO] ThirdParty:1030 - CMSIS Pack Vendor :STMicroelectronics eDS-WB_DPC_TT-BIDIR 2.1.1
2026-08-29 09:45:08,708 [INFO] ThirdParty:1030 - CMSIS Pack Vendor :STMicroelectronics X-CUBE-AZRTOS-WB 2.0.0
2026-08-29 09:45:08,708 [INFO] ThirdParty:1030 - CMSIS Pack Vendor :STMicroelectronics X-CUBE-NFC12 1.0.0
2026-08-29 09:45:08,708 [INFO] ThirdParty:1030 - CMSIS Pack Vendor :STMicroelectronics X-CUBE-AZRTOS-F7 1.1.0
2026-08-29 09:45:08,708 [INFO] ThirdParty:1030 - CMSIS Pack Vendor :STMicroelectronics X-CUBE-AZRTOS-L5 2.0.0
2026-08-29 09:45:08,708 [INFO] ThirdParty:1030 - CMSIS Pack Vendor :STMicroelectronics USB_DEVICE 2.0.0
2026-08-29 09:45:08,708 [INFO] ThirdParty:1030 - CMSIS Pack Vendor :STMicroelectronics X-CUBE-FREERTOS 1.6.0
2026-08-29 09:45:08,708 [INFO] ThirdParty:1030 - CMSIS Pack Vendor :STMicroelectronics FP-SNS-STAIOTCFT 1.1.0
2026-08-29 09:45:08,708 [INFO] ThirdParty:1030 - CMSIS Pack Vendor :quantropi X-CUBE-qispace-sdk-base 2.1.0
2026-08-29 09:45:08,708 [INFO] ThirdParty:1030 - CMSIS Pack Vendor :STMicroelectronics X-CUBE-STSE01 2.0.0
2026-08-29 09:45:08,708 [INFO] ThirdParty:1030 - CMSIS Pack Vendor :STMicroelectronics X-CUBE-ALGOBUILD 1.5.0
2026-08-29 09:45:08,708 [INFO] ThirdParty:1030 - CMSIS Pack Vendor :STMicroelectronics FP-SNS-MOTENV1 5.1.0
2026-08-29 09:45:08,708 [INFO] ThirdParty:1030 - CMSIS Pack Vendor :STMicroelectronics FreeRTOS 0.0.1
2026-08-29 09:45:08,709 [INFO] ThirdParty:1030 - CMSIS Pack Vendor :STMicroelectronics X-CUBE-AZRTOS-H7RS 1.3.0
2026-08-29 09:45:08,709 [INFO] ThirdParty:1030 - CMSIS Pack Vendor :STMicroelectronics X-CUBE-AZRTOS-G0 1.1.0
2026-08-29 09:45:08,709 [INFO] ThirdParty:1030 - CMSIS Pack Vendor :STMicroelectronics X-CUBE-NFC4 3.0.0
2026-08-29 09:45:08,709 [INFO] ThirdParty:1030 - CMSIS Pack Vendor :STMicroelectronics X-CUBE-SUBG2 5.0.0
2026-08-29 09:45:08,709 [INFO] ThirdParty:1030 - CMSIS Pack Vendor :STMicroelectronics STM32_WPAN 1.0.0
2026-08-29 09:45:08,709 [INFO] ThirdParty:1030 - CMSIS Pack Vendor :STMicroelectronics eDS-WB_DPC_VIENNA 1.2.0
2026-08-29 09:45:08,709 [INFO] ThirdParty:1030 - CMSIS Pack Vendor :EmbeddedOffice I-CUBE-FS-RTOS 1.0.1
2026-08-29 09:45:08,709 [INFO] ThirdParty:1030 - CMSIS Pack Vendor :STMicroelectronics lwIP 2.0.3
2026-08-29 09:45:08,709 [INFO] ThirdParty:1030 - CMSIS Pack Vendor :WES I-CUBE-Cesium 1.4.0
2026-08-29 09:45:08,709 [INFO] ThirdParty:1030 - CMSIS Pack Vendor :STMicroelectronics X-CUBE-MEMS1 13.0.0
2026-08-29 09:45:08,709 [INFO] ThirdParty:1030 - CMSIS Pack Vendor :STMicroelectronics eDS-WB_DPC_3PH2L-BIDIR 1.1.1
2026-08-29 09:45:08,709 [INFO] ThirdParty:1030 - CMSIS Pack Vendor :STMicroelectronics USB_HOST 1.0.0
2026-08-29 09:45:08,709 [INFO] ThirdParty:1030 - CMSIS Pack Vendor :STMicroelectronics X-CUBE-AZRTOS-G4 2.0.0
2026-08-29 09:45:08,709 [INFO] ThirdParty:1030 - CMSIS Pack Vendor :STMicroelectronics PDM2PCM 3.1.0
2026-08-29 09:45:08,709 [INFO] ThirdParty:1030 - CMSIS Pack Vendor :STMicroelectronics PDM2PCM 3.3.0
2026-08-29 09:45:08,709 [INFO] ThirdParty:1030 - CMSIS Pack Vendor :wolfSSL I-CUBE-wolfTPM 3.8.0
2026-08-29 09:45:08,709 [INFO] ThirdParty:1030 - CMSIS Pack Vendor :STMicroelectronics X-CUBE-DISPLAY 3.0.0
2026-08-29 09:45:08,709 [INFO] ThirdParty:1030 - CMSIS Pack Vendor :wolfSSL I-CUBE-wolfSSH 1.4.20
2026-08-29 09:45:08,709 [INFO] ThirdParty:1030 - CMSIS Pack Vendor :STMicroelectronics X-CUBE-NFC7 2.0.0
2026-08-29 09:45:08,709 [INFO] ThirdParty:1030 - CMSIS Pack Vendor :STMicroelectronics X-CUBE-GNSS1 7.1.1
2026-08-29 09:45:08,709 [INFO] ThirdParty:1030 - CMSIS Pack Vendor :STMicroelectronics FP-SNS-MOTENVWB1 1.5.0
2026-08-29 09:45:08,709 [INFO] ThirdParty:1030 - CMSIS Pack Vendor :STMicroelectronics X-CUBE-TCPP 4.2.0
2026-08-29 09:45:08,709 [INFO] ThirdParty:1030 - CMSIS Pack Vendor :RealThread X-CUBE-RT-Thread_Nano 4.1.1
2026-08-29 09:45:08,709 [INFO] ThirdParty:1030 - CMSIS Pack Vendor :STMicroelectronics FP-ATR-SIGFOX1 3.2.0
2026-08-29 09:45:08,709 [INFO] ThirdParty:1030 - CMSIS Pack Vendor :STMicroelectronics X-CUBE-NFC10 1.0.0
2026-08-29 09:45:08,709 [INFO] ThirdParty:1030 - CMSIS Pack Vendor :STMicroelectronics HAL Drivers 0.0.0
2026-08-29 09:45:08,709 [INFO] ThirdParty:1030 - CMSIS Pack Vendor :STMicroelectronics MBEDTLS 2.16.2
2026-08-29 09:45:08,709 [INFO] ThirdParty:1030 - CMSIS Pack Vendor :STMicroelectronics X-CUBE-ST60 1.1.0
2026-08-29 09:45:08,709 [INFO] ThirdParty:1030 - CMSIS Pack Vendor :STMicroelectronics X-CUBE-ALS 1.0.2
2026-08-29 09:45:08,709 [INFO] ThirdParty:1030 - CMSIS Pack Vendor :emotas I-CUBE-CANOPEN 1.3.0
2026-08-29 09:45:08,709 [INFO] ThirdParty:1030 - CMSIS Pack Vendor :wolfSSL I-CUBE-wolfSSL 5.9.2
2026-08-29 09:45:08,709 [INFO] ThirdParty:1030 - CMSIS Pack Vendor :STMicroelectronics MBEDTLS 2.14.1
2026-08-29 09:45:08,709 [INFO] ThirdParty:1030 - CMSIS Pack Vendor :ITTIA_DB I-CUBE-ITTIADB 8.9.0
2026-08-29 09:45:08,709 [INFO] ThirdParty:1030 - CMSIS Pack Vendor :Cesanta I-CUBE-Mongoose 7.21.7
2026-08-29 09:45:08,709 [INFO] ThirdParty:1030 - CMSIS Pack Vendor :STMicroelectronics X-CUBE-TOUCHGFX 4.26.1
2026-08-29 09:45:08,709 [INFO] ThirdParty:1030 - CMSIS Pack Vendor :STMicroelectronics X-CUBE-NFC6 3.2.0
2026-08-29 09:45:08,709 [INFO] ThirdParty:1030 - CMSIS Pack Vendor :STMicroelectronics FP-SNS-STBOX1 2.1.0
2026-08-29 09:45:08,709 [INFO] ThirdParty:1030 - CMSIS Pack Vendor :STMicroelectronics X-CUBE-AI 10.2.1
2026-08-29 09:45:08,709 [INFO] ThirdParty:1030 - CMSIS Pack Vendor :STMicroelectronics ThreadX 1.0.0
2026-08-29 09:45:08,709 [INFO] ThirdParty:1030 - CMSIS Pack Vendor :STMicroelectronics FP-SNS-SMARTAG2 1.2.0
2026-08-29 09:45:08,709 [INFO] ThirdParty:1030 - CMSIS Pack Vendor :STMicroelectronics FP-SNS-FLIGHT1 5.1.0
2026-08-29 09:45:08,709 [INFO] ThirdParty:1030 - CMSIS Pack Vendor :STMicroelectronics X-CUBE-AZRTOS-WL 2.0.0
2026-08-29 09:45:08,709 [INFO] ThirdParty:1030 - CMSIS Pack Vendor :SEGGER I-CUBE-embOS 1.3.1
2026-08-29 09:45:08,709 [INFO] ThirdParty:1030 - CMSIS Pack Vendor :STMicroelectronics X-CUBE-DPower 1.3.0
2026-08-29 09:45:08,709 [INFO] ThirdParty:1030 - CMSIS Pack Vendor :STMicroelectronics USB_DEVICE 1.0.0
2026-08-29 09:45:08,709 [INFO] ThirdParty:1030 - CMSIS Pack Vendor :STMicroelectronics X-CUBE-AZRTOS-L4 2.0.0
2026-08-29 09:45:08,709 [INFO] ThirdParty:1030 - CMSIS Pack Vendor :STMicroelectronics ThreadX 0.0.2
2026-08-29 09:45:08,709 [INFO] ThirdParty:1030 - CMSIS Pack Vendor :STMicroelectronics lwIP 2.1.2
2026-08-29 09:45:08,709 [INFO] ThirdParty:1030 - CMSIS Pack Vendor :STMicroelectronics X-CUBE-SFXS2LP1 4.0.0
2026-08-29 09:45:08,709 [INFO] ThirdParty:1030 - CMSIS Pack Vendor :STMicroelectronics X-CUBE-BLE2 3.3.0
2026-08-29 09:45:08,709 [INFO] ThirdParty:1030 - CMSIS Pack Vendor :Avnet-IOTCONNECT X-CUBE-iotc-st67-sdk 1.0.0
2026-08-29 09:45:08,709 [INFO] ThirdParty:1030 - CMSIS Pack Vendor :STMicroelectronics X-CUBE-TOF1 3.4.3
2026-08-29 09:45:08,709 [INFO] ThirdParty:1030 - CMSIS Pack Vendor :Infineon AIROC-Wi-Fi-Bluetooth-STM32 1.8.0
2026-08-29 09:45:08,709 [INFO] ThirdParty:1030 - CMSIS Pack Vendor :STMicroelectronics X-CUBE-NFC13 1.0.0
2026-08-29 09:45:08,709 [INFO] ThirdParty:1030 - CMSIS Pack Vendor :STMicroelectronics PDM2PCM 3.2.0
2026-08-29 09:45:08,709 [INFO] ThirdParty:1030 - CMSIS Pack Vendor :STMicroelectronics X-CUBE-WB05N 2.1.0
2026-08-29 09:45:08,709 [INFO] ThirdParty:841 - exiting critical section [change project]
2026-08-29 09:45:08,938 [INFO] PinOutPanel:1589 - setPackage(No Configuration,No Configuration)
2026-08-29 09:45:08,938 [INFO] PinOutPanel:1589 - setPackage(STM32L4S5VITx,LQFP100)
2026-08-29 09:45:09,232 [INFO] UtilMem:75 - Before build in PCC Used Memory: 729403280 Bytes (1073741824)
2026-08-29 09:45:09,679 [INFO] UtilMem:75 - After build in PCC Used Memory: 870775984 Bytes (1073741824)
2026-08-29 09:45:09,697 [INFO] IPUIPlugin:80 - create IPUIPlugin
2026-08-29 09:45:09,697 [INFO] IPUIPlugin:80 - create IPUIPlugin
2026-08-29 09:45:09,697 [INFO] IPUIPlugin:80 - create IPUIPlugin
2026-08-29 09:45:09,697 [INFO] IPUIPlugin:80 - create IPUIPlugin
2026-08-29 09:45:09,697 [INFO] IPUIPlugin:80 - create IPUIPlugin
2026-08-29 09:45:09,697 [INFO] IPUIPlugin:80 - create IPUIPlugin
2026-08-29 09:45:09,697 [INFO] IPUIPlugin:80 - create IPUIPlugin
2026-08-29 09:45:09,697 [INFO] IPUIPlugin:80 - create IPUIPlugin
2026-08-29 09:45:09,697 [INFO] IPUIPlugin:80 - create IPUIPlugin
2026-08-29 09:45:09,697 [INFO] IPUIPlugin:80 - create IPUIPlugin
2026-08-29 09:45:09,697 [INFO] IPUIPlugin:80 - create IPUIPlugin
2026-08-29 09:45:09,697 [INFO] IPUIPlugin:80 - create IPUIPlugin
2026-08-29 09:45:09,697 [INFO] IPUIPlugin:80 - create IPUIPlugin
2026-08-29 09:45:09,697 [INFO] IPUIPlugin:80 - create IPUIPlugin
2026-08-29 09:45:09,697 [INFO] IPUIPlugin:80 - create IPUIPlugin
2026-08-29 09:45:09,697 [INFO] IPUIPlugin:80 - create IPUIPlugin
2026-08-29 09:45:09,698 [INFO] IPUIPlugin:80 - create IPUIPlugin
2026-08-29 09:45:09,698 [INFO] IPUIPlugin:80 - create IPUIPlugin
2026-08-29 09:45:09,698 [INFO] IPUIPlugin:80 - create IPUIPlugin
2026-08-29 09:45:09,698 [INFO] IPUIPlugin:80 - create IPUIPlugin
2026-08-29 09:45:09,698 [INFO] IPUIPlugin:80 - create IPUIPlugin
2026-08-29 09:45:09,698 [INFO] IPUIPlugin:80 - create IPUIPlugin
2026-08-29 09:45:09,698 [INFO] IPUIPlugin:80 - create IPUIPlugin
2026-08-29 09:45:09,698 [INFO] IPUIPlugin:80 - create IPUIPlugin
2026-08-29 09:45:09,698 [INFO] IPUIPlugin:80 - create IPUIPlugin
2026-08-29 09:45:09,698 [INFO] IPUIPlugin:80 - create IPUIPlugin
2026-08-29 09:45:09,698 [INFO] IPUIPlugin:80 - create IPUIPlugin
2026-08-29 09:45:09,698 [INFO] IPUIPlugin:80 - create IPUIPlugin
2026-08-29 09:45:09,698 [INFO] IPUIPlugin:80 - create IPUIPlugin
2026-08-29 09:45:09,698 [INFO] IPUIPlugin:80 - create IPUIPlugin
2026-08-29 09:45:09,699 [INFO] IPUIPlugin:80 - create IPUIPlugin
2026-08-29 09:45:09,699 [INFO] IPUIPlugin:80 - create IPUIPlugin
2026-08-29 09:45:09,699 [INFO] IPUIPlugin:80 - create IPUIPlugin
2026-08-29 09:45:09,699 [INFO] IPUIPlugin:80 - create IPUIPlugin
2026-08-29 09:45:09,699 [INFO] IPUIPlugin:80 - create IPUIPlugin
2026-08-29 09:45:09,699 [INFO] IPUIPlugin:80 - create IPUIPlugin
2026-08-29 09:45:09,699 [INFO] IPUIPlugin:80 - create IPUIPlugin
2026-08-29 09:45:09,699 [INFO] IPUIPlugin:80 - create IPUIPlugin
2026-08-29 09:45:09,699 [INFO] IPUIPlugin:80 - create IPUIPlugin
2026-08-29 09:45:09,699 [INFO] IPUIPlugin:80 - create IPUIPlugin
2026-08-29 09:45:09,699 [INFO] IPUIPlugin:80 - create IPUIPlugin
2026-08-29 09:45:09,699 [INFO] IPUIPlugin:80 - create IPUIPlugin
2026-08-29 09:45:09,700 [INFO] IPUIPlugin:80 - create IPUIPlugin
2026-08-29 09:45:09,700 [INFO] IPUIPlugin:80 - create IPUIPlugin
2026-08-29 09:45:09,700 [INFO] IPUIPlugin:80 - create IPUIPlugin
2026-08-29 09:45:09,700 [INFO] IPUIPlugin:80 - create IPUIPlugin
2026-08-29 09:45:09,700 [INFO] IPUIPlugin:80 - create IPUIPlugin
2026-08-29 09:45:09,700 [INFO] IPUIPlugin:80 - create IPUIPlugin
2026-08-29 09:45:09,700 [INFO] IPUIPlugin:80 - create IPUIPlugin
2026-08-29 09:45:09,700 [INFO] IPUIPlugin:80 - create IPUIPlugin
2026-08-29 09:45:09,700 [INFO] IPUIPlugin:80 - create IPUIPlugin
2026-08-29 09:45:09,700 [INFO] IPUIPlugin:80 - create IPUIPlugin
2026-08-29 09:45:09,701 [INFO] IPUIPlugin:80 - create IPUIPlugin
2026-08-29 09:45:09,701 [INFO] IPUIPlugin:80 - create IPUIPlugin
2026-08-29 09:45:09,701 [INFO] IPUIPlugin:80 - create IPUIPlugin
2026-08-29 09:45:09,701 [INFO] IPUIPlugin:80 - create IPUIPlugin
2026-08-29 09:45:09,701 [INFO] IPUIPlugin:80 - create IPUIPlugin
2026-08-29 09:45:09,701 [INFO] IPUIPlugin:80 - create IPUIPlugin
2026-08-29 09:45:09,701 [INFO] IPUIPlugin:80 - create IPUIPlugin
2026-08-29 09:45:09,702 [INFO] IPUIPlugin:80 - create IPUIPlugin
2026-08-29 09:45:09,702 [INFO] IPUIPlugin:80 - create IPUIPlugin
2026-08-29 09:45:09,702 [INFO] IPUIPlugin:80 - create IPUIPlugin
2026-08-29 09:45:09,702 [INFO] IPUIPlugin:80 - create IPUIPlugin
2026-08-29 09:45:09,812 [INFO] CADModel:165 - CPN selected for project levelSTM32L4S5VIT6
2026-08-29 09:45:09,812 [INFO] CADModel:114 - Register for checkConnection events
2026-08-29 09:45:09,853 [INFO] OpenFileManager:386 - Restore cursor
2026-08-29 09:45:10,133 [WARN] IP:2250 - MaxTran not found: check if there is a RefParameter without a condition.
2026-08-29 09:45:10,133 [WARN] IP:2250 - Refresh not found: check if there is a RefParameter without a condition.
2026-08-29 09:45:10,133 [WARN] IP:2250 - MaxTran not found: check if there is a RefParameter without a condition.
2026-08-29 09:45:10,133 [WARN] IP:2250 - Refresh not found: check if there is a RefParameter without a condition.
2026-08-29 09:45:10,551 [INFO] UtilMem:75 - End SaveConfig() Used Memory: 910180048 Bytes (1073741824)
2026-08-29 09:45:10,604 [INFO] UtilMem:75 - End SaveConfig() Used Memory: 928994856 Bytes (1073741824)
2026-08-29 09:45:10,811 [INFO] BlockDiagram:2775 - set Specific Code input for plugin: SPI
2026-08-29 09:45:10,811 [INFO] BlockDiagram:2775 - set Specific Code input for plugin: SPI
2026-08-29 09:45:10,811 [INFO] BlockDiagram:2775 - set Specific Code input for plugin: DFSDM
2026-08-29 09:45:10,811 [INFO] BlockDiagram:2775 - set Specific Code input for plugin: SYS
2026-08-29 09:45:10,811 [INFO] BlockDiagram:2775 - set Specific Code input for plugin: ADC
2026-08-29 09:45:10,811 [INFO] BlockDiagram:2775 - set Specific Code input for plugin: RCC
2026-08-29 09:45:10,811 [INFO] BlockDiagram:2775 - set Specific Code input for plugin: I2C
2026-08-29 09:45:10,811 [INFO] BlockDiagram:2775 - set Specific Code input for plugin: I2C
2026-08-29 09:45:10,811 [INFO] BlockDiagram:2775 - set Specific Code input for plugin: USB_OTG_FS
2026-08-29 09:45:10,811 [INFO] BlockDiagram:2775 - set Specific Code input for plugin: NVIC
2026-08-29 09:45:10,811 [INFO] BlockDiagram:2775 - set Specific Code input for plugin: USART
2026-08-29 09:45:10,811 [INFO] BlockDiagram:2775 - set Specific Code input for plugin: USART
2026-08-29 09:45:10,811 [INFO] BlockDiagram:2775 - set Specific Code input for plugin: USART
2026-08-29 09:45:10,811 [INFO] BlockDiagram:2775 - set Specific Code input for plugin: OCTOSPI
2026-08-29 09:45:10,811 [INFO] BlockDiagram:2775 - set Specific Code input for plugin: UART
2026-08-29 09:45:10,812 [INFO] BlockDiagram:2775 - set Specific Code input for plugin: GPIO
2026-08-29 09:45:10,812 [INFO] CodeGenerator:892 - code generatio: config db path: C:\ST\STM32CubeIDE_1.19.0\STM32CubeIDE\plugins\com.st.stm32cube.common.mx_6.15.0.202507011659\\db\
2026-08-29 09:45:10,839 [WARN] IP:2250 - MaxTran not found: check if there is a RefParameter without a condition.
2026-08-29 09:45:10,839 [WARN] IP:2250 - Refresh not found: check if there is a RefParameter without a condition.
2026-08-29 09:45:10,936 [INFO] CodeEngine:265 - oldGeneratedFile, D:\TinyML_Workspace\TinyML\STM32\IMU_inference\MXTmpFiles\license.tmp_save
2026-08-29 09:45:11,129 [INFO] CodeEngine:289 - Generated code: D:\TinyML_Workspace\TinyML\STM32\IMU_inference\MXTmpFiles\license.tmp
2026-08-29 09:45:11,284 [INFO] CodeEngine:265 - oldGeneratedFile, D:\TinyML_Workspace\TinyML\STM32\IMU_inference\MXTmpFiles\gpio.tmp_save
2026-08-29 09:45:11,365 [INFO] CodeEngine:289 - Generated code: D:\TinyML_Workspace\TinyML\STM32\IMU_inference\MXTmpFiles\gpio.tmp
2026-08-29 09:45:12,531 [WARN] IPConfigManager:103 - WARNING: Missing Config File for USB ip!!
2026-08-29 09:45:12,609 [WARN] IPConfigManager:3238 - Warning: the RefConfig PWREx_EnableUSBVoltageDetector is not available in your config.xml file
2026-08-29 09:45:12,626 [INFO] CodeEngine:265 - oldGeneratedFile, D:\TinyML_Workspace\TinyML\STM32\IMU_inference\Core\Src\stm32l4xx_it.c_save
2026-08-29 09:45:12,698 [INFO] CodeEngine:289 - Generated code: D:\TinyML_Workspace\TinyML\STM32\IMU_inference\Core\Src\stm32l4xx_it.c
2026-08-29 09:45:12,700 [INFO] CodeEngine:265 - oldGeneratedFile, D:\TinyML_Workspace\TinyML\STM32\IMU_inference\Core\Inc\stm32l4xx_it.h_save
2026-08-29 09:45:12,728 [INFO] CodeEngine:289 - Generated code: D:\TinyML_Workspace\TinyML\STM32\IMU_inference\Core\Inc\stm32l4xx_it.h
2026-08-29 09:45:12,735 [INFO] CodeEngine:265 - oldGeneratedFile, D:\TinyML_Workspace\TinyML\STM32\IMU_inference\Core\Src\stm32l4xx_hal_msp.c_save
2026-08-29 09:45:12,803 [INFO] CodeEngine:289 - Generated code: D:\TinyML_Workspace\TinyML\STM32\IMU_inference\Core\Src\stm32l4xx_hal_msp.c
2026-08-29 09:45:12,805 [INFO] CodeEngine:265 - oldGeneratedFile, D:\TinyML_Workspace\TinyML\STM32\IMU_inference\MXTmpFiles\system.tmp_save
2026-08-29 09:45:12,835 [INFO] CodeEngine:289 - Generated code: D:\TinyML_Workspace\TinyML\STM32\IMU_inference\MXTmpFiles\system.tmp
2026-08-29 09:45:12,839 [INFO] CodeEngine:321 - oldGeneratedFile, D:\TinyML_Workspace\TinyML\STM32\IMU_inference\Core\Inc\stm32l4xx_hal_conf.h_save
2026-08-29 09:45:12,871 [INFO] CodeEngine:345 - Generated code: D:\TinyML_Workspace\TinyML\STM32\IMU_inference\Core\Inc\stm32l4xx_hal_conf.h
2026-08-29 09:45:12,889 [INFO] ApiDbMcu:532 - Load IP Config File for ADC1
2026-08-29 09:45:12,896 [INFO] ApiDbMcu:532 - Load IP Config File for DFSDM1
2026-08-29 09:45:12,899 [INFO] ApiDbMcu:532 - Load IP Config File for I2C1
2026-08-29 09:45:12,900 [INFO] ApiDbMcu:532 - Load IP Config File for I2C2
2026-08-29 09:45:12,902 [INFO] ApiDbMcu:532 - Load IP Config File for OCTOSPI1
2026-08-29 09:45:12,903 [INFO] ApiDbMcu:532 - Load IP Config File for SPI1
2026-08-29 09:45:12,904 [INFO] ApiDbMcu:532 - Load IP Config File for SPI3
2026-08-29 09:45:12,909 [INFO] ApiDbMcu:532 - Load IP Config File for UART4
2026-08-29 09:45:12,914 [INFO] ApiDbMcu:532 - Load IP Config File for USART1
2026-08-29 09:45:12,919 [INFO] ApiDbMcu:532 - Load IP Config File for USART2
2026-08-29 09:45:12,924 [INFO] ApiDbMcu:532 - Load IP Config File for USART3
2026-08-29 09:45:12,924 [ERROR] ApiDbMcu:560 - Cannot parse USB_OTG_FS_Config file : file do not exist
2026-08-29 09:45:12,924 [ERROR] ApiDbMcu:560 - Cannot parse USB_OTG_FS_Config file : file do not exist
2026-08-29 09:45:12,926 [INFO] ApiDbMcu:532 - Load IP Config File for RCC
2026-08-29 09:45:12,927 [WARN] IPConfigManager:3811 - IP not found : USB_OTG
2026-08-29 09:45:12,928 [WARN] CodeGenerator:4259 - IP not found : null
2026-08-29 09:45:12,931 [INFO] CodeEngine:265 - oldGeneratedFile, D:\TinyML_Workspace\TinyML\STM32\IMU_inference\Core\Inc\main.h_save
2026-08-29 09:45:12,971 [INFO] CodeEngine:289 - Generated code: D:\TinyML_Workspace\TinyML\STM32\IMU_inference\Core\Inc\main.h
2026-08-29 09:45:12,973 [INFO] CodeEngine:265 - oldGeneratedFile, D:\TinyML_Workspace\TinyML\STM32\IMU_inference\Core\Src\main.c_save
2026-08-29 09:45:13,043 [INFO] CodeEngine:289 - Generated code: D:\TinyML_Workspace\TinyML\STM32\IMU_inference\Core\Src\main.c
2026-08-29 09:45:13,213 [INFO] ProjectBuilder:3606 - Time for Copy HAL[1] : 72mS.
2026-08-29 09:45:13,216 [INFO] ProjectBuilder:5216 - Project Generator version: 4.7.0-B52
2026-08-29 09:45:13,254 [INFO] ConfigFileManager:1595 - The Die is : DIE470
2026-08-29 09:45:13,258 [INFO] ApiDbMcu:532 - Load IP Config File for FATFS
2026-08-29 09:45:13,261 [INFO] ApiDbMcu:532 - Load IP Config File for FREERTOS
2026-08-29 09:45:13,265 [INFO] ApiDbMcu:532 - Load IP Config File for TOUCHSENSING
2026-08-29 09:45:13,268 [INFO] ApiDbMcu:532 - Load IP Config File for USB_DEVICE
2026-08-29 09:45:13,270 [INFO] ApiDbMcu:532 - Load IP Config File for USB_HOST
2026-08-29 09:45:13,446 [INFO] LogOutputStream:77 - [STDOUT_REDIRECT] 
2026-08-29 09:45:14,503 [INFO] ProjectBuilder:5496 - Time for Generating toolchain IDE Files: 1287mS.
2026-08-29 09:45:14,503 [INFO] ProjectBuilder:3463 - Time for Copy CMSIS : 0mS.
2026-08-29 09:45:14,504 [INFO] ProjectBuilder:3463 - Time for Copy CMSIS : 0mS.
2026-08-29 09:45:14,987 [INFO] McuFinderGlobals:76 - Set McuFinderConnectedMode to true
2026-08-29 09:45:14,989 [INFO] ApiDb:448 - Save user favorites file C:\Users\student/.stm32cubeide/favorites.mcus.txt: 0 item(s)
2026-08-29 09:45:14,989 [INFO] ApiDb:452 - User favorites MCUs=[]
2026-08-29 09:45:14,990 [INFO] ApiDb:448 - Save user favorites file C:\Users\student/.stm32cubeide/favorites.boards.txt: 0 item(s)
2026-08-29 09:45:14,990 [INFO] ApiDb:452 - User favorites Boards=[]
2026-08-29 09:46:34,437 [INFO] I2cTimingTraitement:330 - 0x30A175AB
2026-08-29 09:47:30,159 [INFO] ServerAccessManage:452 - Complete download http(s) 200
2026-08-29 09:47:30,160 [INFO] ServerAccessManage:509 - Download File STMicroelectronics.X-CUBE-AI.10.2.1.pack
2026-08-29 09:48:17,519 [INFO] AnalyticsPlugin:368 - Accepted License(s): [STMicroelectronics.X-CUBE-AI.10.2.1]
2026-08-29 09:48:17,522 [INFO] FileExtend:248 - Unzip File : STMicroelectronics.X-CUBE-AI.10.2.1.pack
2026-08-29 09:48:17,522 [INFO] FileExtend:263 - Standard Zip Deflate
2026-08-29 09:48:17,888 [INFO] LoadServerPackagesThread:196 - End of LoadServerPackages Thread
2026-08-29 09:48:18,220 [WARN] ThirdParty:509 - waiting for thirdparty lock release [add software pack]
2026-08-29 09:48:18,221 [INFO] ThirdParty:511 - entering critical section [add software pack]
2026-08-29 09:48:18,260 [INFO] ThirdPartyModel:298 - Start build external matchings
2026-08-29 09:48:18,423 [INFO] ThirdPartyModel:316 - End build external matchings
2026-08-29 09:48:18,467 [INFO] ThirdPartyPackRequestProcessor:621 - CMSIS Pack Vendor :STMicroelectronics X-CUBE-AZRTOS-H7 3.5.0
2026-08-29 09:48:18,467 [INFO] ThirdPartyPackRequestProcessor:621 - CMSIS Pack Vendor :STMicroelectronics X-CUBE-PM33A1 1.0.0
2026-08-29 09:48:18,467 [INFO] ThirdPartyPackRequestProcessor:621 - CMSIS Pack Vendor :STMicroelectronics USBPD 4.1
2026-08-29 09:48:18,467 [INFO] ThirdPartyPackRequestProcessor:621 - CMSIS Pack Vendor :STMicroelectronics X-CUBE-NFC9 1.0.0
2026-08-29 09:48:18,467 [INFO] ThirdPartyPackRequestProcessor:621 - CMSIS Pack Vendor :STMicroelectronics USB_HOST 2.0.0
2026-08-29 09:48:18,467 [INFO] ThirdPartyPackRequestProcessor:621 - CMSIS Pack Vendor :STMicroelectronics FP-ATR-ASTRA1 2.0.3
2026-08-29 09:48:18,468 [INFO] ThirdPartyPackRequestProcessor:621 - CMSIS Pack Vendor :STMicroelectronics X-CUBE-AZRTOS-F4 1.1.0
2026-08-29 09:48:18,468 [INFO] ThirdPartyPackRequestProcessor:621 - CMSIS Pack Vendor :STMicroelectronics LIBJPEG 8.0.0
2026-08-29 09:48:18,468 [INFO] ThirdPartyPackRequestProcessor:621 - CMSIS Pack Vendor :STMicroelectronics X-CUBE-BLE1 7.1.0
2026-08-29 09:48:18,468 [INFO] ThirdPartyPackRequestProcessor:621 - CMSIS Pack Vendor :wolfSSL I-CUBE-wolfMQTT 1.19.2
2026-08-29 09:48:18,468 [INFO] ThirdPartyPackRequestProcessor:621 - CMSIS Pack Vendor :STMicroelectronics USB_DEVICE 3.0.0
2026-08-29 09:48:18,468 [INFO] ThirdPartyPackRequestProcessor:621 - CMSIS Pack Vendor :STMicroelectronics X-CUBE-ISPU 2.1.0
2026-08-29 09:48:18,468 [INFO] ThirdPartyPackRequestProcessor:621 - CMSIS Pack Vendor :STMicroelectronics X-CUBE-EEPRMA1 5.2.0
2026-08-29 09:48:18,468 [INFO] ThirdPartyPackRequestProcessor:621 - CMSIS Pack Vendor :STMicroelectronics X-CUBE-IPS 3.2.0
2026-08-29 09:48:18,468 [INFO] ThirdPartyPackRequestProcessor:621 - CMSIS Pack Vendor :STMicroelectronics eDS-WB_DPC_TT-BIDIR 2.1.1
2026-08-29 09:48:18,468 [INFO] ThirdPartyPackRequestProcessor:621 - CMSIS Pack Vendor :STMicroelectronics X-CUBE-AZRTOS-WB 2.0.0
2026-08-29 09:48:18,468 [INFO] ThirdPartyPackRequestProcessor:621 - CMSIS Pack Vendor :STMicroelectronics X-CUBE-NFC12 1.0.0
2026-08-29 09:48:18,468 [INFO] ThirdPartyPackRequestProcessor:621 - CMSIS Pack Vendor :STMicroelectronics X-CUBE-AZRTOS-F7 1.1.0
2026-08-29 09:48:18,468 [INFO] ThirdPartyPackRequestProcessor:621 - CMSIS Pack Vendor :STMicroelectronics X-CUBE-AZRTOS-L5 2.0.0
2026-08-29 09:48:18,468 [INFO] ThirdPartyPackRequestProcessor:621 - CMSIS Pack Vendor :STMicroelectronics USB_DEVICE 2.0.0
2026-08-29 09:48:18,468 [INFO] ThirdPartyPackRequestProcessor:621 - CMSIS Pack Vendor :STMicroelectronics X-CUBE-FREERTOS 1.6.0
2026-08-29 09:48:18,468 [INFO] ThirdPartyPackRequestProcessor:621 - CMSIS Pack Vendor :STMicroelectronics FP-SNS-STAIOTCFT 1.1.0
2026-08-29 09:48:18,468 [INFO] ThirdPartyPackRequestProcessor:621 - CMSIS Pack Vendor :quantropi X-CUBE-qispace-sdk-base 2.1.0
2026-08-29 09:48:18,468 [INFO] ThirdPartyPackRequestProcessor:621 - CMSIS Pack Vendor :STMicroelectronics X-CUBE-STSE01 2.0.0
2026-08-29 09:48:18,468 [INFO] ThirdPartyPackRequestProcessor:621 - CMSIS Pack Vendor :STMicroelectronics X-CUBE-ALGOBUILD 1.5.0
2026-08-29 09:48:18,468 [INFO] ThirdPartyPackRequestProcessor:621 - CMSIS Pack Vendor :STMicroelectronics FP-SNS-MOTENV1 5.1.0
2026-08-29 09:48:18,468 [INFO] ThirdPartyPackRequestProcessor:621 - CMSIS Pack Vendor :STMicroelectronics FreeRTOS 0.0.1
2026-08-29 09:48:18,469 [INFO] ThirdPartyPackRequestProcessor:621 - CMSIS Pack Vendor :STMicroelectronics X-CUBE-AZRTOS-H7RS 1.3.0
2026-08-29 09:48:18,469 [INFO] ThirdPartyPackRequestProcessor:621 - CMSIS Pack Vendor :STMicroelectronics X-CUBE-AZRTOS-G0 1.1.0
2026-08-29 09:48:18,469 [INFO] ThirdPartyPackRequestProcessor:621 - CMSIS Pack Vendor :STMicroelectronics X-CUBE-NFC4 3.0.0
2026-08-29 09:48:18,469 [INFO] ThirdPartyPackRequestProcessor:621 - CMSIS Pack Vendor :STMicroelectronics X-CUBE-SUBG2 5.0.0
2026-08-29 09:48:18,469 [INFO] ThirdPartyPackRequestProcessor:621 - CMSIS Pack Vendor :STMicroelectronics STM32_WPAN 1.0.0
2026-08-29 09:48:18,469 [INFO] ThirdPartyPackRequestProcessor:621 - CMSIS Pack Vendor :STMicroelectronics eDS-WB_DPC_VIENNA 1.2.0
2026-08-29 09:48:18,469 [INFO] ThirdPartyPackRequestProcessor:621 - CMSIS Pack Vendor :EmbeddedOffice I-CUBE-FS-RTOS 1.0.1
2026-08-29 09:48:18,469 [INFO] ThirdPartyPackRequestProcessor:621 - CMSIS Pack Vendor :STMicroelectronics lwIP 2.0.3
2026-08-29 09:48:18,469 [INFO] ThirdPartyPackRequestProcessor:621 - CMSIS Pack Vendor :WES I-CUBE-Cesium 1.4.0
2026-08-29 09:48:18,469 [INFO] ThirdPartyPackRequestProcessor:621 - CMSIS Pack Vendor :STMicroelectronics X-CUBE-MEMS1 13.0.0
2026-08-29 09:48:18,469 [INFO] ThirdPartyPackRequestProcessor:621 - CMSIS Pack Vendor :STMicroelectronics eDS-WB_DPC_3PH2L-BIDIR 1.1.1
2026-08-29 09:48:18,469 [INFO] ThirdPartyPackRequestProcessor:621 - CMSIS Pack Vendor :STMicroelectronics USB_HOST 1.0.0
2026-08-29 09:48:18,469 [INFO] ThirdPartyPackRequestProcessor:621 - CMSIS Pack Vendor :STMicroelectronics X-CUBE-AZRTOS-G4 2.0.0
2026-08-29 09:48:18,469 [INFO] ThirdPartyPackRequestProcessor:621 - CMSIS Pack Vendor :STMicroelectronics PDM2PCM 3.1.0
2026-08-29 09:48:18,469 [INFO] ThirdPartyPackRequestProcessor:621 - CMSIS Pack Vendor :STMicroelectronics PDM2PCM 3.3.0
2026-08-29 09:48:18,469 [INFO] ThirdPartyPackRequestProcessor:621 - CMSIS Pack Vendor :wolfSSL I-CUBE-wolfTPM 3.8.0
2026-08-29 09:48:18,469 [INFO] ThirdPartyPackRequestProcessor:621 - CMSIS Pack Vendor :STMicroelectronics X-CUBE-DISPLAY 3.0.0
2026-08-29 09:48:18,469 [INFO] ThirdPartyPackRequestProcessor:621 - CMSIS Pack Vendor :wolfSSL I-CUBE-wolfSSH 1.4.20
2026-08-29 09:48:18,469 [INFO] ThirdPartyPackRequestProcessor:621 - CMSIS Pack Vendor :STMicroelectronics X-CUBE-NFC7 2.0.0
2026-08-29 09:48:18,469 [INFO] ThirdPartyPackRequestProcessor:621 - CMSIS Pack Vendor :STMicroelectronics X-CUBE-GNSS1 7.1.1
2026-08-29 09:48:18,469 [INFO] ThirdPartyPackRequestProcessor:621 - CMSIS Pack Vendor :STMicroelectronics FP-SNS-MOTENVWB1 1.5.0
2026-08-29 09:48:18,469 [INFO] ThirdPartyPackRequestProcessor:621 - CMSIS Pack Vendor :STMicroelectronics X-CUBE-TCPP 4.2.0
2026-08-29 09:48:18,469 [INFO] ThirdPartyPackRequestProcessor:621 - CMSIS Pack Vendor :RealThread X-CUBE-RT-Thread_Nano 4.1.1
2026-08-29 09:48:18,469 [INFO] ThirdPartyPackRequestProcessor:621 - CMSIS Pack Vendor :STMicroelectronics FP-ATR-SIGFOX1 3.2.0
2026-08-29 09:48:18,469 [INFO] ThirdPartyPackRequestProcessor:621 - CMSIS Pack Vendor :STMicroelectronics X-CUBE-NFC10 1.0.0
2026-08-29 09:48:18,469 [INFO] ThirdPartyPackRequestProcessor:621 - CMSIS Pack Vendor :STMicroelectronics HAL Drivers 0.0.0
2026-08-29 09:48:18,469 [INFO] ThirdPartyPackRequestProcessor:621 - CMSIS Pack Vendor :STMicroelectronics MBEDTLS 2.16.2
2026-08-29 09:48:18,469 [INFO] ThirdPartyPackRequestProcessor:621 - CMSIS Pack Vendor :STMicroelectronics X-CUBE-ST60 1.1.0
2026-08-29 09:48:18,469 [INFO] ThirdPartyPackRequestProcessor:621 - CMSIS Pack Vendor :STMicroelectronics X-CUBE-ALS 1.0.2
2026-08-29 09:48:18,469 [INFO] ThirdPartyPackRequestProcessor:621 - CMSIS Pack Vendor :emotas I-CUBE-CANOPEN 1.3.0
2026-08-29 09:48:18,469 [INFO] ThirdPartyPackRequestProcessor:621 - CMSIS Pack Vendor :wolfSSL I-CUBE-wolfSSL 5.9.2
2026-08-29 09:48:18,469 [INFO] ThirdPartyPackRequestProcessor:621 - CMSIS Pack Vendor :STMicroelectronics MBEDTLS 2.14.1
2026-08-29 09:48:18,469 [INFO] ThirdPartyPackRequestProcessor:621 - CMSIS Pack Vendor :ITTIA_DB I-CUBE-ITTIADB 8.9.0
2026-08-29 09:48:18,469 [INFO] ThirdPartyPackRequestProcessor:621 - CMSIS Pack Vendor :Cesanta I-CUBE-Mongoose 7.21.7
2026-08-29 09:48:18,469 [INFO] ThirdPartyPackRequestProcessor:621 - CMSIS Pack Vendor :STMicroelectronics X-CUBE-TOUCHGFX 4.26.1
2026-08-29 09:48:18,469 [INFO] ThirdPartyPackRequestProcessor:621 - CMSIS Pack Vendor :STMicroelectronics X-CUBE-NFC6 3.2.0
2026-08-29 09:48:18,469 [INFO] ThirdPartyPackRequestProcessor:621 - CMSIS Pack Vendor :STMicroelectronics FP-SNS-STBOX1 2.1.0
2026-08-29 09:48:18,470 [INFO] ThirdPartyPackRequestProcessor:621 - CMSIS Pack Vendor :STMicroelectronics X-CUBE-AI 10.2.1
2026-08-29 09:48:18,470 [INFO] ThirdPartyPackRequestProcessor:621 - CMSIS Pack Vendor :STMicroelectronics ThreadX 1.0.0
2026-08-29 09:48:18,470 [INFO] ThirdPartyPackRequestProcessor:621 - CMSIS Pack Vendor :STMicroelectronics FP-SNS-SMARTAG2 1.2.0
2026-08-29 09:48:18,470 [INFO] ThirdPartyPackRequestProcessor:621 - CMSIS Pack Vendor :STMicroelectronics FP-SNS-FLIGHT1 5.1.0
2026-08-29 09:48:18,470 [INFO] ThirdPartyPackRequestProcessor:621 - CMSIS Pack Vendor :STMicroelectronics X-CUBE-AZRTOS-WL 2.0.0
2026-08-29 09:48:18,470 [INFO] ThirdPartyPackRequestProcessor:621 - CMSIS Pack Vendor :SEGGER I-CUBE-embOS 1.3.1
2026-08-29 09:48:18,470 [INFO] ThirdPartyPackRequestProcessor:621 - CMSIS Pack Vendor :STMicroelectronics X-CUBE-DPower 1.3.0
2026-08-29 09:48:18,470 [INFO] ThirdPartyPackRequestProcessor:621 - CMSIS Pack Vendor :STMicroelectronics USB_DEVICE 1.0.0
2026-08-29 09:48:18,470 [INFO] ThirdPartyPackRequestProcessor:621 - CMSIS Pack Vendor :STMicroelectronics X-CUBE-AZRTOS-L4 2.0.0
2026-08-29 09:48:18,470 [INFO] ThirdPartyPackRequestProcessor:621 - CMSIS Pack Vendor :STMicroelectronics ThreadX 0.0.2
2026-08-29 09:48:18,470 [INFO] ThirdPartyPackRequestProcessor:621 - CMSIS Pack Vendor :STMicroelectronics lwIP 2.1.2
2026-08-29 09:48:18,470 [INFO] ThirdPartyPackRequestProcessor:621 - CMSIS Pack Vendor :STMicroelectronics X-CUBE-SFXS2LP1 4.0.0
2026-08-29 09:48:18,470 [INFO] ThirdPartyPackRequestProcessor:621 - CMSIS Pack Vendor :STMicroelectronics X-CUBE-BLE2 3.3.0
2026-08-29 09:48:18,470 [INFO] ThirdPartyPackRequestProcessor:621 - CMSIS Pack Vendor :Avnet-IOTCONNECT X-CUBE-iotc-st67-sdk 1.0.0
2026-08-29 09:48:18,470 [INFO] ThirdPartyPackRequestProcessor:621 - CMSIS Pack Vendor :STMicroelectronics X-CUBE-TOF1 3.4.3
2026-08-29 09:48:18,470 [INFO] ThirdPartyPackRequestProcessor:621 - CMSIS Pack Vendor :Infineon AIROC-Wi-Fi-Bluetooth-STM32 1.8.0
2026-08-29 09:48:18,470 [INFO] ThirdPartyPackRequestProcessor:621 - CMSIS Pack Vendor :STMicroelectronics X-CUBE-NFC13 1.0.0
2026-08-29 09:48:18,470 [INFO] ThirdPartyPackRequestProcessor:621 - CMSIS Pack Vendor :STMicroelectronics PDM2PCM 3.2.0
2026-08-29 09:48:18,470 [INFO] ThirdPartyPackRequestProcessor:621 - CMSIS Pack Vendor :STMicroelectronics X-CUBE-WB05N 2.1.0
2026-08-29 09:48:18,470 [INFO] ThirdParty:514 - exiting critical section [add software pack]
2026-08-29 09:48:18,470 [INFO] LoadServerUpdatesThread:375 - End of LoadServerUpdate Thread
2026-08-29 09:48:18,599 [INFO] MainUpdater:1610 - ProgressBar Return now
2026-08-29 09:48:18,600 [INFO] ThirdPartyModel:298 - Start build external matchings
2026-08-29 09:48:18,783 [INFO] ThirdPartyModel:316 - End build external matchings
2026-08-29 09:48:18,826 [INFO] CheckServerUpdateThread:120 - End of CheckServer Thread
2026-08-29 09:55:37,644 [INFO] ApiDbMcu:532 - Load IP Config File for STMicroelectronics.X-CUBE-AI.10.2.1
2026-08-29 09:55:37,751 [WARN] SupportedApi:132 - Cannot load RTOS API schema: s4s-elt-must-match.1: The content of 'definitions' must match (annotation?, (simpleType | complexType)?, (unique | key | keyref)*)). A problem was found starting at: attribute.
2026-08-29 09:55:37,767 [INFO] IPUIPlugin:80 - create IPUIPlugin
2026-08-29 09:55:39,365 [INFO] PlatformPackageDownloader:268 - STEdgeAI Core will be downloaded from: https://api.stm32ai.com/marketplace/v1/file/stedgeai-windows-10.2.0.zip?o=X-CUBE-AI&token=10
2026-08-29 09:55:40,377 [INFO] PlatformPackageDownloader:439 - 888924835 bytes to download
2026-08-29 09:55:50,378 [INFO] PlatformPackageDownloader:458 - 581226496 bytes downloaded
2026-08-29 09:56:00,248 [INFO] PlatformPackageDownloader:462 - 888924835 bytes downloaded
2026-08-29 09:56:00,921 [INFO] ZipFileManager:192 - unzip 11%
2026-08-29 09:56:04,478 [INFO] ZipFileManager:192 - unzip 22%
2026-08-29 09:56:09,767 [INFO] ZipFileManager:192 - unzip 33%
2026-08-29 09:56:14,470 [INFO] ZipFileManager:192 - unzip 44%
2026-08-29 09:56:14,867 [INFO] ZipFileManager:192 - unzip 75%
2026-08-29 09:56:19,606 [INFO] ZipFileManager:192 - unzip 86%
2026-08-29 09:56:22,083 [INFO] ZipFileManager:192 - unzip 97%
2026-08-29 09:56:22,502 [INFO] PluginManager:220 - loadIPPluginJar : add ai.10.2.1
2026-08-29 09:56:23,023 [INFO] IPUIPlugin:80 - create IPUIPlugin
2026-08-29 09:56:23,898 [INFO] ServerAccessManage:452 - Complete download http(s) 200
2026-08-29 09:56:23,899 [INFO] ServerAccessManage:509 - Download File 
2026-08-29 09:56:23,902 [INFO] LoadUrlFilesThread:185 - End of LoadServerUrlFiles without Thread
2026-08-29 09:56:24,370 [INFO] I2cTimingTraitement:330 - 0x30A175AB
2026-08-29 10:01:21,330 [INFO] AIMainUI:1269 - Restoring parameters from IP...
2026-08-29 10:01:21,330 [INFO] AIMainUI:1392 - No old model detected
2026-08-29 10:01:21,345 [INFO] AI:955 - getUI adding AI com.st.microxplorer.plugins.ip.ai.AI@243cccad on STMicroelectronics.X-CUBE-AI.10.2.1
2026-08-29 10:01:34,821 [INFO] AInterface:116 - AInterface using toolDir: C:/Users/student/STM32Cube/Repository//Packs/STMicroelectronics/X-CUBE-AI/10.2.1/Utilities/windows
2026-08-29 10:01:34,845 [INFO] AIModelDetailledView:2264 - Analysis status: -
2026-08-29 10:01:34,845 [INFO] AIModelDetailledView:898 - Selected model: Keras
2026-08-29 10:01:53,953 [INFO] AIModelDetailledView:898 - Selected model: ONNX
2026-08-29 10:03:03,607 [INFO] AInterface:259 - ModelName:network; files:[D:\TinyML_Workspace\TinyML\ONNX\mlp_model.onnx]; type:ONNX; compression:None
2026-08-29 10:03:03,608 [INFO] AInterface:526 - workspaceTempDir: C:/Users/student/AppData/Local/Temp/mxAI_workspace14519381500085004803432882962796542
2026-08-29 10:03:03,608 [INFO] AInterface:1179 - Setting Env: C:/Users/student/STM32Cube/Repository//Packs/STMicroelectronics/X-CUBE-AI/10.2.1/Utilities/windows
2026-08-29 10:03:03,698 [INFO] STM32CubeIDEBuilder:265 - Looking for gnu-tools-for-stm32 tools/bin/arm-none-eabi-gcc.exe in C:\ST\STM32CubeIDE_1.19.0\STM32CubeIDE
2026-08-29 10:03:03,699 [INFO] STM32CubeIDEBuilder:294 - checking C:\ST\STM32CubeIDE_1.19.0\STM32CubeIDE\plugins\com.st.stm32cube.ide.mcu.externaltools.gnu-tools-for-stm32.13.3.rel1.win32_1.0.0.202411081344\tools\bin\arm-none-eabi-gcc.exe
2026-08-29 10:03:03,700 [INFO] STM32CubeIDEBuilder:297 - ret=C:\ST\STM32CubeIDE_1.19.0\STM32CubeIDE\plugins\com.st.stm32cube.ide.mcu.externaltools.gnu-tools-for-stm32.13.3.rel1.win32_1.0.0.202411081344\tools\bin\arm-none-eabi-gcc.exe
2026-08-29 10:03:03,700 [INFO] STM32CubeIDEBuilder:311 - returning C:\ST\STM32CubeIDE_1.19.0\STM32CubeIDE\plugins\com.st.stm32cube.ide.mcu.externaltools.gnu-tools-for-stm32.13.3.rel1.win32_1.0.0.202411081344\tools\bin\arm-none-eabi-gcc.exe
2026-08-29 10:03:03,700 [INFO] AInterface:1236 - Custom PATH variable: C:/Users/student/STM32Cube/Repository//Packs/STMicroelectronics/X-CUBE-AI/10.2.1/Utilities/windows;C:/Users/student/STM32Cube/Repository//Packs/STMicroelectronics/X-CUBE-AI/10.2.1/Utilities/windows/mingw64/bin;C:/Users/student/STM32Cube/Repository//Packs/STMicroelectronics/X-CUBE-AI/10.2.1/Utilities/windows/mingw64/libexec/gcc/x86_64-w64-mingw32/7.3.0;;C:\ST\STM32CubeIDE_1.19.0\STM32CubeIDE\plugins\com.st.stm32cube.ide.mcu.externaltools.gnu-tools-for-stm32.13.3.rel1.win32_1.0.0.202411081344\tools\bin
2026-08-29 10:03:03,704 [INFO] CmdLine:115 - Command: C:/Users/student/STM32Cube/Repository//Packs/STMicroelectronics/X-CUBE-AI/10.2.1/Utilities/windows/stedgeai.exe analyze --target stm32l4 --name network -m D:/TinyML_Workspace/TinyML/ONNX/mlp_model.onnx --compression none --verbosity 1 --workspace C:/Users/student/AppData/Local/Temp/mxAI_workspace14519381500085004803432882962796542 --output C:/Users/student/.stm32cubemx/network_output
2026-08-29 10:03:03,706 [INFO] AIModelDetailledView:2264 - Analysis status: pending
2026-08-29 10:03:12,038 [INFO] CmdLine:76 - ST Edge AI Core v2.2.0-20266 2adc00962
2026-08-29 10:04:16,036 [INFO] CmdLine:76 - Creating c (debug) info json file C:\Users\student\.stm32cubemx\network_output\network_c_info.json
2026-08-29 10:04:16,046 [INFO] CmdLine:76 -  
2026-08-29 10:04:16,046 [INFO] CmdLine:76 -  Exec/report summary (analyze)
2026-08-29 10:04:16,046 [INFO] CmdLine:76 -  ---------------------------------------------------------------------------------------------------------------
2026-08-29 10:04:16,047 [INFO] CmdLine:76 -  model file         :   D:\TinyML_Workspace\TinyML\ONNX\mlp_model.onnx                                          
2026-08-29 10:04:16,047 [INFO] CmdLine:76 -  type               :   onnx                                                                                    
2026-08-29 10:04:16,047 [INFO] CmdLine:76 -  c_name             :   network                                                                                 
2026-08-29 10:04:16,047 [INFO] CmdLine:76 -  compression        :   none                                                                                    
2026-08-29 10:04:16,047 [INFO] CmdLine:76 -  options            :   allocate-inputs, allocate-outputs                                                       
2026-08-29 10:04:16,048 [INFO] CmdLine:76 -  optimization       :   balanced                                                                                
2026-08-29 10:04:16,049 [INFO] CmdLine:76 -  target/series      :   stm32l4                                                                                 
2026-08-29 10:04:16,049 [INFO] CmdLine:76 -  workspace dir      :   C:\Users\student\AppData\Local\Temp\mxAI_workspace14519381500085004803432882962796542   
2026-08-29 10:04:16,049 [INFO] CmdLine:76 -  output dir         :   C:\Users\student\.stm32cubemx\network_output                                            
2026-08-29 10:04:16,049 [INFO] CmdLine:76 -  model_fmt          :   float                                                                                   
2026-08-29 10:04:16,050 [INFO] CmdLine:76 -  model_name         :   mlp_model                                                                               
2026-08-29 10:04:16,050 [INFO] CmdLine:76 -  model_hash         :   0xabe1ccadf1dc84c1c4cf2a31102547ec                                                      
2026-08-29 10:04:16,050 [INFO] CmdLine:76 -  params #           :   2,693 items (10.52 KiB)                                                                 
2026-08-29 10:04:16,050 [INFO] CmdLine:76 -  ---------------------------------------------------------------------------------------------------------------
2026-08-29 10:04:16,051 [INFO] CmdLine:76 -  input 1/1          :   'input', f32(1x6), 24 Bytes, activations                                                
2026-08-29 10:04:16,052 [INFO] CmdLine:76 -  output 1/1         :   'output', f32(1x5), 20 Bytes, activations                                               
2026-08-29 10:04:16,052 [INFO] CmdLine:76 -  macc               :   2,789                                                                                   
2026-08-29 10:04:16,053 [INFO] CmdLine:76 -  weights (ro)       :   10,772 B (10.52 KiB) (1 segment)                                                        
2026-08-29 10:04:16,053 [INFO] CmdLine:76 -  activations (rw)   :   384 B (384 B) (1 segment) *                                                             
2026-08-29 10:04:16,053 [INFO] CmdLine:76 -  ram (total)        :   384 B (384 B) = 384 + 0 + 0                                                             
2026-08-29 10:04:16,053 [INFO] CmdLine:76 -  ---------------------------------------------------------------------------------------------------------------
2026-08-29 10:04:16,053 [INFO] CmdLine:76 -  (*) 'input'/'output' buffers are allocated in the activations buffer
2026-08-29 10:04:16,053 [INFO] CmdLine:76 - Computing AI RT data/code size (target=stm32l4)..
2026-08-29 10:04:17,787 [INFO] CmdLine:76 -  Model name - mlp_model
2026-08-29 10:04:17,788 [INFO] CmdLine:76 -  ------ ------------------- ------------- ------------- ------- --------------
2026-08-29 10:04:17,788 [INFO] CmdLine:76 -  m_id   layer (original)    oshape        param/size       macc   connected to
2026-08-29 10:04:17,789 [INFO] CmdLine:76 -  ------ ------------------- ------------- ------------- ------- --------------
2026-08-29 10:04:17,789 [INFO] CmdLine:76 -  1      fc1_weight (Gemm)   [b:64,c:6]    384/1,536
2026-08-29 10:04:17,789 [INFO] CmdLine:76 -         fc1_bias (Gemm)     [b:64]        64/256
2026-08-29 10:04:17,790 [INFO] CmdLine:76 -  ------ ------------------- ------------- ------------- ------- --------------
2026-08-29 10:04:17,790 [INFO] CmdLine:76 -  3      fc2_weight (Gemm)   [b:32,c:64]   2,048/8,192
2026-08-29 10:04:17,791 [INFO] CmdLine:76 -         fc2_bias (Gemm)     [b:32]        32/128
2026-08-29 10:04:17,791 [INFO] CmdLine:76 -  ------ ------------------- ------------- ------------- ------- --------------
2026-08-29 10:04:17,791 [INFO] CmdLine:76 -  5      fc3_weight (Gemm)   [b:5,c:32]    160/640
2026-08-29 10:04:17,791 [INFO] CmdLine:76 -         fc3_bias (Gemm)     [b:5]         5/20
2026-08-29 10:04:17,792 [INFO] CmdLine:76 -  ------ ------------------- ------------- ------------- ------- --------------
2026-08-29 10:04:17,792 [INFO] CmdLine:76 -  0      input ()            [b:1,c:6]
2026-08-29 10:04:17,792 [INFO] CmdLine:76 -  ------ ------------------- ------------- ------------- ------- --------------
2026-08-29 10:04:17,792 [INFO] CmdLine:76 -  1      linear (Gemm)       [b:1,c:64]                      448          input
2026-08-29 10:04:17,793 [INFO] CmdLine:76 -                                                                     fc1_weight
2026-08-29 10:04:17,793 [INFO] CmdLine:76 -                                                                       fc1_bias
2026-08-29 10:04:17,794 [INFO] CmdLine:76 -  ------ ------------------- ------------- ------------- ------- --------------
2026-08-29 10:04:17,794 [INFO] CmdLine:76 -  2      relu (Relu)         [b:1,c:64]                       64         linear
2026-08-29 10:04:17,794 [INFO] CmdLine:76 -  ------ ------------------- ------------- ------------- ------- --------------
2026-08-29 10:04:17,794 [INFO] CmdLine:76 -  3      linear_1 (Gemm)     [b:1,c:32]                    2,080           relu
2026-08-29 10:04:17,794 [INFO] CmdLine:76 -                                                                     fc2_weight
2026-08-29 10:04:17,795 [INFO] CmdLine:76 -                                                                       fc2_bias
2026-08-29 10:04:17,795 [INFO] CmdLine:76 -  ------ ------------------- ------------- ------------- ------- --------------
2026-08-29 10:04:17,795 [INFO] CmdLine:76 -  4      relu_1 (Relu)       [b:1,c:32]                       32       linear_1
2026-08-29 10:04:17,795 [INFO] CmdLine:76 -  ------ ------------------- ------------- ------------- ------- --------------
2026-08-29 10:04:17,795 [INFO] CmdLine:76 -  5      output (Gemm)       [b:1,c:5]                       165         relu_1
2026-08-29 10:04:17,795 [INFO] CmdLine:76 -                                                                     fc3_weight
2026-08-29 10:04:17,795 [INFO] CmdLine:76 -                                                                       fc3_bias
2026-08-29 10:04:17,795 [INFO] CmdLine:76 -  ------ ------------------- ------------- ------------- ------- --------------
2026-08-29 10:04:17,796 [INFO] CmdLine:76 -  model: macc=2,789 weights=10,772 activations=-- io=--
2026-08-29 10:04:17,796 [INFO] CmdLine:76 -  Number of operations per c-layer
2026-08-29 10:04:17,796 [INFO] CmdLine:76 -  ------- ------ ----------------------- ------- --------------
2026-08-29 10:04:17,796 [INFO] CmdLine:76 -  c_id    m_id   name (type)                 #op           type
2026-08-29 10:04:17,796 [INFO] CmdLine:76 -  ------- ------ ----------------------- ------- --------------
2026-08-29 10:04:17,796 [INFO] CmdLine:76 -  0       1      linear (Dense)              448   smul_f32_f32
2026-08-29 10:04:17,796 [INFO] CmdLine:76 -  1       2      relu (Nonlinearity)          64     op_f32_f32
2026-08-29 10:04:17,796 [INFO] CmdLine:76 -  2       3      linear_1 (Dense)          2,080   smul_f32_f32
2026-08-29 10:04:17,796 [INFO] CmdLine:76 -  3       4      relu_1 (Nonlinearity)        32     op_f32_f32
2026-08-29 10:04:17,797 [INFO] CmdLine:76 -  4       5      output (Dense)              165   smul_f32_f32
2026-08-29 10:04:17,797 [INFO] CmdLine:76 -  ------- ------ ----------------------- ------- --------------
2026-08-29 10:04:17,797 [INFO] CmdLine:76 -  total                                    2,789
2026-08-29 10:04:17,797 [INFO] CmdLine:76 -  Number of operation types
2026-08-29 10:04:17,797 [INFO] CmdLine:76 -  ---------------- ------- -----------
2026-08-29 10:04:17,797 [INFO] CmdLine:76 -  operation type         #           %
2026-08-29 10:04:17,798 [INFO] CmdLine:76 -  ---------------- ------- -----------
2026-08-29 10:04:17,799 [INFO] CmdLine:76 -  smul_f32_f32       2,693       96.6%
2026-08-29 10:04:17,799 [INFO] CmdLine:76 -  op_f32_f32            96        3.4%
2026-08-29 10:04:17,800 [INFO] CmdLine:76 -  Complexity report (model)
2026-08-29 10:04:17,800 [INFO] CmdLine:76 -  ------ ------------ ------------------------- ------------------------- ------
2026-08-29 10:04:17,800 [INFO] CmdLine:76 -  m_id   name         c_macc                    c_rom                     c_id
2026-08-29 10:04:17,800 [INFO] CmdLine:76 -  ------ ------------ ------------------------- ------------------------- ------
2026-08-29 10:04:17,800 [INFO] CmdLine:76 -  1      fc1_weight   ||||              16.1%   ||||              16.6%   [0]
2026-08-29 10:04:17,801 [INFO] CmdLine:76 -  3      fc2_weight   ||||||||||||||||  74.6%   ||||||||||||||||  77.2%   [2]
2026-08-29 10:04:17,802 [INFO] CmdLine:76 -  5      fc3_weight   ||                 5.9%   ||                 6.1%   [4]
2026-08-29 10:04:17,802 [INFO] CmdLine:76 -  2      relu         |                  2.3%   |                  0.0%   [1]
2026-08-29 10:04:17,802 [INFO] CmdLine:76 -  4      relu_1       |                  1.1%   |                  0.0%   [3]
2026-08-29 10:04:17,802 [INFO] CmdLine:76 -  ------ ------------ ------------------------- ------------------------- ------
2026-08-29 10:04:17,802 [INFO] CmdLine:76 -  macc=2,789 weights=10,772 act=384 ram_io=0
2026-08-29 10:04:17,803 [INFO] CmdLine:76 -  Requested memory size by section - "stm32l4" target
2026-08-29 10:04:17,803 [INFO] CmdLine:76 -  ------------------------------ ------- -------- ------- -----
2026-08-29 10:04:17,803 [INFO] CmdLine:76 -  module                            text   rodata    data   bss
2026-08-29 10:04:17,803 [INFO] CmdLine:76 -  ------------------------------ ------- -------- ------- -----
2026-08-29 10:04:17,804 [INFO] CmdLine:76 -  NetworkRuntime1020_CM4_GCC.a     6,452        0       0     0
2026-08-29 10:04:17,804 [INFO] CmdLine:76 -  network.o                          528       40   1,584   140
2026-08-29 10:04:17,804 [INFO] CmdLine:76 -  network_data.o                      48       16      88     0
2026-08-29 10:04:17,804 [INFO] CmdLine:76 -  lib (toolchain)*                     0        0       0     0
2026-08-29 10:04:17,805 [INFO] CmdLine:76 -  ------------------------------ ------- -------- ------- -----
2026-08-29 10:04:17,805 [INFO] CmdLine:76 -  RT total**                       7,028       56   1,672   140
2026-08-29 10:04:17,805 [INFO] CmdLine:76 -  ------------------------------ ------- -------- ------- -----
2026-08-29 10:04:17,806 [INFO] CmdLine:76 -  weights                              0   10,776       0     0
2026-08-29 10:04:17,806 [INFO] CmdLine:76 -  activations                          0        0       0   384
2026-08-29 10:04:17,807 [INFO] CmdLine:76 -  io                                   0        0       0     0
2026-08-29 10:04:17,807 [INFO] CmdLine:76 -  ------------------------------ ------- -------- ------- -----
2026-08-29 10:04:17,807 [INFO] CmdLine:76 -  TOTAL                            7,028   10,832   1,672   524
2026-08-29 10:04:17,808 [INFO] CmdLine:76 -  ------------------------------ ------- -------- ------- -----
2026-08-29 10:04:17,808 [INFO] CmdLine:76 -  *  toolchain objects (libm/libgcc*)
2026-08-29 10:04:17,808 [INFO] CmdLine:76 -  ** RT AI runtime objects (kernels+infrastructure)
2026-08-29 10:04:17,809 [INFO] CmdLine:76 -   Summary - "stm32l4" target
2026-08-29 10:04:17,809 [INFO] CmdLine:76 -   ---------------------------------------------------
2026-08-29 10:04:17,809 [INFO] CmdLine:76 -                FLASH (ro)      %*   RAM (rw)       %
2026-08-29 10:04:17,810 [INFO] CmdLine:76 -   ---------------------------------------------------
2026-08-29 10:04:17,810 [INFO] CmdLine:76 -   RT total          8,756   44.8%      1,812   82.5%
2026-08-29 10:04:17,810 [INFO] CmdLine:76 -   ---------------------------------------------------
2026-08-29 10:04:17,811 [INFO] CmdLine:76 -   TOTAL            19,532              2,196
2026-08-29 10:04:17,811 [INFO] CmdLine:76 -   ---------------------------------------------------
2026-08-29 10:04:17,811 [INFO] CmdLine:76 -   *  rt/total
2026-08-29 10:04:17,812 [INFO] CmdLine:76 - Creating txt report file C:\Users\student\.stm32cubemx\network_output\network_analyze_report.txt
2026-08-29 10:04:21,259 [INFO] CmdLine:76 - elapsed time (analyze): 69.220s
2026-08-29 10:04:21,636 [INFO] CmdLine:148 - stedgeai exit with status: 0
2026-08-29 10:04:21,645 [INFO] AIModelDetailledView:1077 - Model file:      mlp_model.onnx
2026-08-29 10:04:21,646 [INFO] AIModelDetailledView:1077 - Total Flash:     19528 B (19.07 KiB)
2026-08-29 10:04:21,646 [INFO] AIModelDetailledView:1077 -     Weights:     10772 B (10.52 KiB)
2026-08-29 10:04:21,646 [INFO] AIModelDetailledView:1077 -     Library:     8756 B (8.55 KiB)
2026-08-29 10:04:21,646 [INFO] AIModelDetailledView:1077 - Total Ram:       2196 B (2.14 KiB)
2026-08-29 10:04:21,646 [INFO] AIModelDetailledView:1077 -     Activations: 384 B
2026-08-29 10:04:21,646 [INFO] AIModelDetailledView:1077 -     Library:     1812 B (1.77 KiB)
2026-08-29 10:04:21,646 [INFO] AIModelDetailledView:1077 -     Input:       24 B (included in Activations)
2026-08-29 10:04:21,647 [INFO] AIModelDetailledView:1077 -     Output:      20 B (included in Activations)
2026-08-29 10:04:21,647 [INFO] AIModelDetailledView:1077 - Done
2026-08-29 10:04:21,647 [INFO] AIModelDetailledView:2598 - Analyze complete on AI model
2026-08-29 10:04:21,715 [INFO] AIModelDetailledView:2264 - Analysis status: done
2026-08-29 10:22:20,118 [INFO] UtilMem:75 - End SaveConfig() Used Memory: 921913728 Bytes (1073741824)
2026-08-29 10:22:20,237 [INFO] AIModelDetailledView:2264 - Analysis status: -
2026-08-29 10:22:20,238 [INFO] AInterface:259 - ModelName:network; files:[D:\TinyML_Workspace\TinyML\ONNX\mlp_model.onnx]; type:ONNX; compression:None
2026-08-29 10:22:20,239 [INFO] AInterface:526 - workspaceTempDir: C:/Users/student/AppData/Local/Temp/mxAI_workspace1453096086863100759468819555587354
2026-08-29 10:22:20,239 [INFO] AInterface:1179 - Setting Env: C:/Users/student/STM32Cube/Repository//Packs/STMicroelectronics/X-CUBE-AI/10.2.1/Utilities/windows
2026-08-29 10:22:20,241 [INFO] STM32CubeIDEBuilder:265 - Looking for gnu-tools-for-stm32 tools/bin/arm-none-eabi-gcc.exe in C:\ST\STM32CubeIDE_1.19.0\STM32CubeIDE
2026-08-29 10:22:20,242 [INFO] STM32CubeIDEBuilder:294 - checking C:\ST\STM32CubeIDE_1.19.0\STM32CubeIDE\plugins\com.st.stm32cube.ide.mcu.externaltools.gnu-tools-for-stm32.13.3.rel1.win32_1.0.0.202411081344\tools\bin\arm-none-eabi-gcc.exe
2026-08-29 10:22:20,242 [INFO] STM32CubeIDEBuilder:297 - ret=C:\ST\STM32CubeIDE_1.19.0\STM32CubeIDE\plugins\com.st.stm32cube.ide.mcu.externaltools.gnu-tools-for-stm32.13.3.rel1.win32_1.0.0.202411081344\tools\bin\arm-none-eabi-gcc.exe
2026-08-29 10:22:20,242 [INFO] STM32CubeIDEBuilder:311 - returning C:\ST\STM32CubeIDE_1.19.0\STM32CubeIDE\plugins\com.st.stm32cube.ide.mcu.externaltools.gnu-tools-for-stm32.13.3.rel1.win32_1.0.0.202411081344\tools\bin\arm-none-eabi-gcc.exe
2026-08-29 10:22:20,243 [INFO] AInterface:1236 - Custom PATH variable: C:/Users/student/STM32Cube/Repository//Packs/STMicroelectronics/X-CUBE-AI/10.2.1/Utilities/windows;C:/Users/student/STM32Cube/Repository//Packs/STMicroelectronics/X-CUBE-AI/10.2.1/Utilities/windows/mingw64/bin;C:/Users/student/STM32Cube/Repository//Packs/STMicroelectronics/X-CUBE-AI/10.2.1/Utilities/windows/mingw64/libexec/gcc/x86_64-w64-mingw32/7.3.0;;C:\ST\STM32CubeIDE_1.19.0\STM32CubeIDE\plugins\com.st.stm32cube.ide.mcu.externaltools.gnu-tools-for-stm32.13.3.rel1.win32_1.0.0.202411081344\tools\bin
2026-08-29 10:22:20,243 [INFO] CmdLine:115 - Command: C:/Users/student/STM32Cube/Repository//Packs/STMicroelectronics/X-CUBE-AI/10.2.1/Utilities/windows/stedgeai.exe analyze --target stm32l4 --name network -m D:/TinyML_Workspace/TinyML/ONNX/mlp_model.onnx --compression none --verbosity 1 --workspace C:/Users/student/AppData/Local/Temp/mxAI_workspace1453096086863100759468819555587354 --output C:/Users/student/.stm32cubemx/network_output
2026-08-29 10:22:20,244 [INFO] AIModelDetailledView:2264 - Analysis status: pending
2026-08-29 10:22:20,558 [INFO] CmdLine:76 - ST Edge AI Core v2.2.0-20266 2adc00962
2026-08-29 10:22:23,966 [INFO] CmdLine:76 - Creating c (debug) info json file C:\Users\student\.stm32cubemx\network_output\network_c_info.json
2026-08-29 10:22:23,974 [INFO] CmdLine:76 -  
2026-08-29 10:22:23,974 [INFO] CmdLine:76 -  Exec/report summary (analyze)
2026-08-29 10:22:23,974 [INFO] CmdLine:76 -  --------------------------------------------------------------------------------------------------------------
2026-08-29 10:22:23,974 [INFO] CmdLine:76 -  model file         :   D:\TinyML_Workspace\TinyML\ONNX\mlp_model.onnx                                         
2026-08-29 10:22:23,975 [INFO] CmdLine:76 -  type               :   onnx                                                                                   
2026-08-29 10:22:23,975 [INFO] CmdLine:76 -  c_name             :   network                                                                                
2026-08-29 10:22:23,975 [INFO] CmdLine:76 -  compression        :   none                                                                                   
2026-08-29 10:22:23,975 [INFO] CmdLine:76 -  options            :   allocate-inputs, allocate-outputs                                                      
2026-08-29 10:22:23,975 [INFO] CmdLine:76 -  optimization       :   balanced                                                                               
2026-08-29 10:22:23,975 [INFO] CmdLine:76 -  target/series      :   stm32l4                                                                                
2026-08-29 10:22:23,975 [INFO] CmdLine:76 -  workspace dir      :   C:\Users\student\AppData\Local\Temp\mxAI_workspace1453096086863100759468819555587354   
2026-08-29 10:22:23,975 [INFO] CmdLine:76 -  output dir         :   C:\Users\student\.stm32cubemx\network_output                                           
2026-08-29 10:22:23,975 [INFO] CmdLine:76 -  model_fmt          :   float                                                                                  
2026-08-29 10:22:23,975 [INFO] CmdLine:76 -  model_name         :   mlp_model                                                                              
2026-08-29 10:22:23,975 [INFO] CmdLine:76 -  model_hash         :   0xabe1ccadf1dc84c1c4cf2a31102547ec                                                     
2026-08-29 10:22:23,975 [INFO] CmdLine:76 -  params #           :   2,693 items (10.52 KiB)                                                                
2026-08-29 10:22:23,975 [INFO] CmdLine:76 -  --------------------------------------------------------------------------------------------------------------
2026-08-29 10:22:23,975 [INFO] CmdLine:76 -  input 1/1          :   'input', f32(1x6), 24 Bytes, activations                                               
2026-08-29 10:22:23,975 [INFO] CmdLine:76 -  output 1/1         :   'output', f32(1x5), 20 Bytes, activations                                              
2026-08-29 10:22:23,975 [INFO] CmdLine:76 -  macc               :   2,789                                                                                  
2026-08-29 10:22:23,975 [INFO] CmdLine:76 -  weights (ro)       :   10,772 B (10.52 KiB) (1 segment)                                                       
2026-08-29 10:22:23,975 [INFO] CmdLine:76 -  activations (rw)   :   384 B (384 B) (1 segment) *                                                            
2026-08-29 10:22:23,975 [INFO] CmdLine:76 -  ram (total)        :   384 B (384 B) = 384 + 0 + 0                                                            
2026-08-29 10:22:23,975 [INFO] CmdLine:76 -  --------------------------------------------------------------------------------------------------------------
2026-08-29 10:22:23,975 [INFO] CmdLine:76 -  (*) 'input'/'output' buffers are allocated in the activations buffer
2026-08-29 10:22:23,977 [INFO] CmdLine:76 - Computing AI RT data/code size (target=stm32l4)..
2026-08-29 10:22:24,540 [INFO] CmdLine:76 -  Model name - mlp_model
2026-08-29 10:22:24,541 [INFO] CmdLine:76 -  ------ ------------------- ------------- ------------- ------- --------------
2026-08-29 10:22:24,541 [INFO] CmdLine:76 -  m_id   layer (original)    oshape        param/size       macc   connected to
2026-08-29 10:22:24,541 [INFO] CmdLine:76 -  ------ ------------------- ------------- ------------- ------- --------------
2026-08-29 10:22:24,541 [INFO] CmdLine:76 -  1      fc1_weight (Gemm)   [b:64,c:6]    384/1,536
2026-08-29 10:22:24,541 [INFO] CmdLine:76 -         fc1_bias (Gemm)     [b:64]        64/256
2026-08-29 10:22:24,541 [INFO] CmdLine:76 -  ------ ------------------- ------------- ------------- ------- --------------
2026-08-29 10:22:24,541 [INFO] CmdLine:76 -  3      fc2_weight (Gemm)   [b:32,c:64]   2,048/8,192
2026-08-29 10:22:24,541 [INFO] CmdLine:76 -         fc2_bias (Gemm)     [b:32]        32/128
2026-08-29 10:22:24,541 [INFO] CmdLine:76 -  ------ ------------------- ------------- ------------- ------- --------------
2026-08-29 10:22:24,541 [INFO] CmdLine:76 -  5      fc3_weight (Gemm)   [b:5,c:32]    160/640
2026-08-29 10:22:24,541 [INFO] CmdLine:76 -         fc3_bias (Gemm)     [b:5]         5/20
2026-08-29 10:22:24,542 [INFO] CmdLine:76 -  ------ ------------------- ------------- ------------- ------- --------------
2026-08-29 10:22:24,542 [INFO] CmdLine:76 -  0      input ()            [b:1,c:6]
2026-08-29 10:22:24,542 [INFO] CmdLine:76 -  ------ ------------------- ------------- ------------- ------- --------------
2026-08-29 10:22:24,542 [INFO] CmdLine:76 -  1      linear (Gemm)       [b:1,c:64]                      448          input
2026-08-29 10:22:24,542 [INFO] CmdLine:76 -                                                                     fc1_weight
2026-08-29 10:22:24,542 [INFO] CmdLine:76 -                                                                       fc1_bias
2026-08-29 10:22:24,542 [INFO] CmdLine:76 -  ------ ------------------- ------------- ------------- ------- --------------
2026-08-29 10:22:24,542 [INFO] CmdLine:76 -  2      relu (Relu)         [b:1,c:64]                       64         linear
2026-08-29 10:22:24,542 [INFO] CmdLine:76 -  ------ ------------------- ------------- ------------- ------- --------------
2026-08-29 10:22:24,542 [INFO] CmdLine:76 -  3      linear_1 (Gemm)     [b:1,c:32]                    2,080           relu
2026-08-29 10:22:24,542 [INFO] CmdLine:76 -                                                                     fc2_weight
2026-08-29 10:22:24,542 [INFO] CmdLine:76 -                                                                       fc2_bias
2026-08-29 10:22:24,542 [INFO] CmdLine:76 -  ------ ------------------- ------------- ------------- ------- --------------
2026-08-29 10:22:24,542 [INFO] CmdLine:76 -  4      relu_1 (Relu)       [b:1,c:32]                       32       linear_1
2026-08-29 10:22:24,542 [INFO] CmdLine:76 -  ------ ------------------- ------------- ------------- ------- --------------
2026-08-29 10:22:24,542 [INFO] CmdLine:76 -  5      output (Gemm)       [b:1,c:5]                       165         relu_1
2026-08-29 10:22:24,543 [INFO] CmdLine:76 -                                                                     fc3_weight
2026-08-29 10:22:24,543 [INFO] CmdLine:76 -                                                                       fc3_bias
2026-08-29 10:22:24,543 [INFO] CmdLine:76 -  ------ ------------------- ------------- ------------- ------- --------------
2026-08-29 10:22:24,543 [INFO] CmdLine:76 -  model: macc=2,789 weights=10,772 activations=-- io=--
2026-08-29 10:22:24,543 [INFO] CmdLine:76 -  Number of operations per c-layer
2026-08-29 10:22:24,543 [INFO] CmdLine:76 -  ------- ------ ----------------------- ------- --------------
2026-08-29 10:22:24,543 [INFO] CmdLine:76 -  c_id    m_id   name (type)                 #op           type
2026-08-29 10:22:24,543 [INFO] CmdLine:76 -  ------- ------ ----------------------- ------- --------------
2026-08-29 10:22:24,543 [INFO] CmdLine:76 -  0       1      linear (Dense)              448   smul_f32_f32
2026-08-29 10:22:24,543 [INFO] CmdLine:76 -  1       2      relu (Nonlinearity)          64     op_f32_f32
2026-08-29 10:22:24,543 [INFO] CmdLine:76 -  2       3      linear_1 (Dense)          2,080   smul_f32_f32
2026-08-29 10:22:24,543 [INFO] CmdLine:76 -  3       4      relu_1 (Nonlinearity)        32     op_f32_f32
2026-08-29 10:22:24,543 [INFO] CmdLine:76 -  4       5      output (Dense)              165   smul_f32_f32
2026-08-29 10:22:24,543 [INFO] CmdLine:76 -  ------- ------ ----------------------- ------- --------------
2026-08-29 10:22:24,543 [INFO] CmdLine:76 -  total                                    2,789
2026-08-29 10:22:24,543 [INFO] CmdLine:76 -  Number of operation types
2026-08-29 10:22:24,543 [INFO] CmdLine:76 -  ---------------- ------- -----------
2026-08-29 10:22:24,543 [INFO] CmdLine:76 -  operation type         #           %
2026-08-29 10:22:24,543 [INFO] CmdLine:76 -  ---------------- ------- -----------
2026-08-29 10:22:24,544 [INFO] CmdLine:76 -  smul_f32_f32       2,693       96.6%
2026-08-29 10:22:24,544 [INFO] CmdLine:76 -  op_f32_f32            96        3.4%
2026-08-29 10:22:24,544 [INFO] CmdLine:76 -  Complexity report (model)
2026-08-29 10:22:24,544 [INFO] CmdLine:76 -  ------ ------------ ------------------------- ------------------------- ------
2026-08-29 10:22:24,544 [INFO] CmdLine:76 -  m_id   name         c_macc                    c_rom                     c_id
2026-08-29 10:22:24,544 [INFO] CmdLine:76 -  ------ ------------ ------------------------- ------------------------- ------
2026-08-29 10:22:24,544 [INFO] CmdLine:76 -  1      fc1_weight   ||||              16.1%   ||||              16.6%   [0]
2026-08-29 10:22:24,544 [INFO] CmdLine:76 -  3      fc2_weight   ||||||||||||||||  74.6%   ||||||||||||||||  77.2%   [2]
2026-08-29 10:22:24,544 [INFO] CmdLine:76 -  5      fc3_weight   ||                 5.9%   ||                 6.1%   [4]
2026-08-29 10:22:24,544 [INFO] CmdLine:76 -  2      relu         |                  2.3%   |                  0.0%   [1]
2026-08-29 10:22:24,544 [INFO] CmdLine:76 -  4      relu_1       |                  1.1%   |                  0.0%   [3]
2026-08-29 10:22:24,544 [INFO] CmdLine:76 -  ------ ------------ ------------------------- ------------------------- ------
2026-08-29 10:22:24,544 [INFO] CmdLine:76 -  macc=2,789 weights=10,772 act=384 ram_io=0
2026-08-29 10:22:24,544 [INFO] CmdLine:76 -  Requested memory size by section - "stm32l4" target
2026-08-29 10:22:24,544 [INFO] CmdLine:76 -  ------------------------------ ------- -------- ------- -----
2026-08-29 10:22:24,544 [INFO] CmdLine:76 -  module                            text   rodata    data   bss
2026-08-29 10:22:24,544 [INFO] CmdLine:76 -  ------------------------------ ------- -------- ------- -----
2026-08-29 10:22:24,544 [INFO] CmdLine:76 -  NetworkRuntime1020_CM4_GCC.a     6,452        0       0     0
2026-08-29 10:22:24,545 [INFO] CmdLine:76 -  network.o                          528       40   1,584   140
2026-08-29 10:22:24,545 [INFO] CmdLine:76 -  network_data.o                      48       16      88     0
2026-08-29 10:22:24,545 [INFO] CmdLine:76 -  lib (toolchain)*                     0        0       0     0
2026-08-29 10:22:24,545 [INFO] CmdLine:76 -  ------------------------------ ------- -------- ------- -----
2026-08-29 10:22:24,545 [INFO] CmdLine:76 -  RT total**                       7,028       56   1,672   140
2026-08-29 10:22:24,545 [INFO] CmdLine:76 -  ------------------------------ ------- -------- ------- -----
2026-08-29 10:22:24,545 [INFO] CmdLine:76 -  weights                              0   10,776       0     0
2026-08-29 10:22:24,545 [INFO] CmdLine:76 -  activations                          0        0       0   384
2026-08-29 10:22:24,545 [INFO] CmdLine:76 -  io                                   0        0       0     0
2026-08-29 10:22:24,545 [INFO] CmdLine:76 -  ------------------------------ ------- -------- ------- -----
2026-08-29 10:22:24,545 [INFO] CmdLine:76 -  TOTAL                            7,028   10,832   1,672   524
2026-08-29 10:22:24,545 [INFO] CmdLine:76 -  ------------------------------ ------- -------- ------- -----
2026-08-29 10:22:24,545 [INFO] CmdLine:76 -  *  toolchain objects (libm/libgcc*)
2026-08-29 10:22:24,545 [INFO] CmdLine:76 -  ** RT AI runtime objects (kernels+infrastructure)
2026-08-29 10:22:24,545 [INFO] CmdLine:76 -   Summary - "stm32l4" target
2026-08-29 10:22:24,545 [INFO] CmdLine:76 -   ---------------------------------------------------
2026-08-29 10:22:24,545 [INFO] CmdLine:76 -                FLASH (ro)      %*   RAM (rw)       %
2026-08-29 10:22:24,545 [INFO] CmdLine:76 -   ---------------------------------------------------
2026-08-29 10:22:24,545 [INFO] CmdLine:76 -   RT total          8,756   44.8%      1,812   82.5%
2026-08-29 10:22:24,545 [INFO] CmdLine:76 -   ---------------------------------------------------
2026-08-29 10:22:24,545 [INFO] CmdLine:76 -   TOTAL            19,532              2,196
2026-08-29 10:22:24,546 [INFO] CmdLine:76 -   ---------------------------------------------------
2026-08-29 10:22:24,546 [INFO] CmdLine:76 -   *  rt/total
2026-08-29 10:22:24,546 [INFO] CmdLine:76 - Creating txt report file C:\Users\student\.stm32cubemx\network_output\network_analyze_report.txt
2026-08-29 10:22:24,556 [INFO] CmdLine:76 - elapsed time (analyze): 3.996s
2026-08-29 10:22:24,873 [INFO] CmdLine:148 - stedgeai exit with status: 0
2026-08-29 10:22:24,878 [INFO] AIModelDetailledView:2598 - Analyze complete on AI model
2026-08-29 10:22:24,879 [INFO] AIModelDetailledView:2264 - Analysis status: done
2026-08-29 10:22:24,887 [ERROR] LogOutputStream:75 - [STDERR_REDIRECT] Exception in thread "AWT-EventQueue-0" java.lang.ClassCastException: class javax.swing.SwingUtilities$SharedOwnerFrame cannot be cast to class com.st.microxplorer.maingui.MainFrame (javax.swing.SwingUtilities$SharedOwnerFrame is in module java.desktop of loader 'bootstrap'; com.st.microxplorer.maingui.MainFrame is in unnamed module of loader org.eclipse.osgi.internal.loader.EquinoxClassLoader @cec590c)
2026-08-29 10:22:24,889 [ERROR] LogOutputStream:75 - [STDERR_REDIRECT] 	at com.st.microxplorer.plugins.ip.ai.model.AIAdvancedSettingsData.saveSettings(AIAdvancedSettingsData.java:655)
2026-08-29 10:22:24,889 [ERROR] LogOutputStream:75 - [STDERR_REDIRECT] 	at com.st.microxplorer.plugins.ip.ai.model.AIAdvancedSettingsData.cmdSaveSettings(AIAdvancedSettingsData.java:527)
2026-08-29 10:22:24,890 [ERROR] LogOutputStream:75 - [STDERR_REDIRECT] 	at com.st.microxplorer.plugins.ip.ai.gui.AIModelDetailledView.saveData(AIModelDetailledView.java:471)
2026-08-29 10:22:24,890 [ERROR] LogOutputStream:75 - [STDERR_REDIRECT] 	at com.st.microxplorer.plugins.ip.ai.gui.AIMainUI.saveModelDataNeededForGeneration(AIMainUI.java:912)
2026-08-29 10:22:24,891 [ERROR] LogOutputStream:75 - [STDERR_REDIRECT] 	at com.st.microxplorer.plugins.ip.ai.gui.AITopWindow.saveModelsData(AITopWindow.java:253)
2026-08-29 10:22:24,891 [ERROR] LogOutputStream:75 - [STDERR_REDIRECT] 	at com.st.microxplorer.plugins.ip.ai.AI.propertyChange(AI.java:1654)
2026-08-29 10:22:24,891 [ERROR] LogOutputStream:75 - [STDERR_REDIRECT] 	at java.desktop/java.beans.PropertyChangeSupport.fire(PropertyChangeSupport.java:343)
2026-08-29 10:22:24,891 [ERROR] LogOutputStream:75 - [STDERR_REDIRECT] 	at java.desktop/java.beans.PropertyChangeSupport.firePropertyChange(PropertyChangeSupport.java:335)
2026-08-29 10:22:24,891 [ERROR] LogOutputStream:75 - [STDERR_REDIRECT] 	at java.desktop/java.beans.PropertyChangeSupport.firePropertyChange(PropertyChangeSupport.java:268)
2026-08-29 10:22:24,892 [ERROR] LogOutputStream:75 - [STDERR_REDIRECT] 	at com.st.microxplorer.util.MXPropertyChangeSupport.firePropertyChange(MXPropertyChangeSupport.java:54)
2026-08-29 10:22:24,893 [ERROR] LogOutputStream:75 - [STDERR_REDIRECT] 	at com.st.microxplorer.mxsystem.MxSystem.completeSaveConfig(MxSystem.java:843)
2026-08-29 10:22:24,893 [ERROR] LogOutputStream:75 - [STDERR_REDIRECT] 	at com.st.microxplorer.plugins.filemanager.engine.SaveFileManager.saveConfiguration(SaveFileManager.java:125)
2026-08-29 10:22:24,894 [ERROR] LogOutputStream:75 - [STDERR_REDIRECT] 	at com.st.microxplorer.plugins.filemanager.engine.MainFileManager.userSaveConfig(MainFileManager.java:482)
2026-08-29 10:22:24,894 [ERROR] LogOutputStream:75 - [STDERR_REDIRECT] 	at com.st.microxplorer.plugins.filemanager.FileManagerView.getSpecificTask(FileManagerView.java:280)
2026-08-29 10:22:24,895 [ERROR] LogOutputStream:75 - [STDERR_REDIRECT] 	at com.st.stm32cube.common.mx.editor.CubeMxEditor$9.run(CubeMxEditor.java:690)
2026-08-29 10:22:24,895 [ERROR] LogOutputStream:75 - [STDERR_REDIRECT] 	at com.st.stm32cube.common.mx.oss.core.awtswtbridge.AwtEnvironment$2.run(AwtEnvironment.java:166)
2026-08-29 10:22:24,896 [ERROR] LogOutputStream:75 - [STDERR_REDIRECT] 	at java.desktop/java.awt.event.InvocationEvent.dispatch(InvocationEvent.java:318)
2026-08-29 10:22:24,896 [ERROR] LogOutputStream:75 - [STDERR_REDIRECT] 	at java.desktop/java.awt.EventQueue.dispatchEventImpl(EventQueue.java:773)
2026-08-29 10:22:24,897 [ERROR] LogOutputStream:75 - [STDERR_REDIRECT] 	at java.desktop/java.awt.EventQueue$4.run(EventQueue.java:720)
2026-08-29 10:22:24,898 [ERROR] LogOutputStream:75 - [STDERR_REDIRECT] 	at java.desktop/java.awt.EventQueue$4.run(EventQueue.java:714)
2026-08-29 10:22:24,899 [ERROR] LogOutputStream:75 - [STDERR_REDIRECT] 	at java.base/java.security.AccessController.doPrivileged(AccessController.java:400)
2026-08-29 10:22:24,899 [ERROR] LogOutputStream:75 - [STDERR_REDIRECT] 	at java.base/java.security.ProtectionDomain$JavaSecurityAccessImpl.doIntersectionPrivilege(ProtectionDomain.java:87)
2026-08-29 10:22:24,900 [ERROR] LogOutputStream:75 - [STDERR_REDIRECT] 	at java.desktop/java.awt.EventQueue.dispatchEvent(EventQueue.java:742)
2026-08-29 10:22:24,901 [ERROR] LogOutputStream:75 - [STDERR_REDIRECT] 	at java.desktop/java.awt.EventDispatchThread.pumpOneEventForFilters(EventDispatchThread.java:203)
2026-08-29 10:22:24,901 [ERROR] LogOutputStream:75 - [STDERR_REDIRECT] 	at java.desktop/java.awt.EventDispatchThread.pumpEventsForFilter(EventDispatchThread.java:124)
2026-08-29 10:22:24,902 [ERROR] LogOutputStream:75 - [STDERR_REDIRECT] 	at java.desktop/java.awt.EventDispatchThread.pumpEventsForHierarchy(EventDispatchThread.java:113)
2026-08-29 10:22:24,902 [ERROR] LogOutputStream:75 - [STDERR_REDIRECT] 	at java.desktop/java.awt.EventDispatchThread.pumpEvents(EventDispatchThread.java:109)
2026-08-29 10:22:24,903 [ERROR] LogOutputStream:75 - [STDERR_REDIRECT] 	at java.desktop/java.awt.EventDispatchThread.pumpEvents(EventDispatchThread.java:101)
2026-08-29 10:22:24,903 [ERROR] LogOutputStream:75 - [STDERR_REDIRECT] 	at java.desktop/java.awt.EventDispatchThread.run(EventDispatchThread.java:90)
2026-08-29 10:22:24,939 [INFO] UtilMem:75 - End SaveConfig() Used Memory: 805009344 Bytes (1073741824)
2026-08-29 10:22:38,334 [INFO] AInterface:526 - workspaceTempDir: C:/Users/student/AppData/Local/Temp/mxAI_workspace14531141824406001900789390183500860
2026-08-29 10:22:38,334 [INFO] AInterface:1179 - Setting Env: C:/Users/student/STM32Cube/Repository//Packs/STMicroelectronics/X-CUBE-AI/10.2.1/Utilities/windows
2026-08-29 10:22:38,335 [INFO] AInterface:1236 - Custom PATH variable: C:/Users/student/STM32Cube/Repository//Packs/STMicroelectronics/X-CUBE-AI/10.2.1/Utilities/windows;C:/Users/student/STM32Cube/Repository//Packs/STMicroelectronics/X-CUBE-AI/10.2.1/Utilities/windows/mingw64/bin;C:/Users/student/STM32Cube/Repository//Packs/STMicroelectronics/X-CUBE-AI/10.2.1/Utilities/windows/mingw64/libexec/gcc/x86_64-w64-mingw32/7.3.0;
2026-08-29 10:22:38,335 [INFO] CmdLine:115 - Command: C:/Users/student/STM32Cube/Repository//Packs/STMicroelectronics/X-CUBE-AI/10.2.1/Utilities/windows/stedgeai.exe validate --target stm32l4 --name network -m D:/TinyML_Workspace/TinyML/ONNX/mlp_model.onnx --compression none --verbosity 1 --workspace C:/Users/student/AppData/Local/Temp/mxAI_workspace14531141824406001900789390183500860 --output C:/Users/student/.stm32cubemx/network_output
2026-08-29 10:22:38,625 [INFO] CmdLine:76 - ST Edge AI Core v2.2.0-20266 2adc00962
2026-08-29 10:22:41,837 [INFO] CmdLine:76 - Setting validation data...
2026-08-29 10:22:41,838 [INFO] CmdLine:76 -  generating random data, size=10, seed=42, range=(0, 1)
2026-08-29 10:22:41,840 [INFO] CmdLine:76 -    I[1]: (10, 1, 1, 6)/float32, min/max=[0.020584, 0.969910], mean/std=[0.467501, 0.302874]
2026-08-29 10:22:41,840 [INFO] CmdLine:76 -  no output/reference samples are provided
2026-08-29 10:22:41,896 [INFO] CmdLine:76 - Creating c (debug) info json file C:\Users\student\.stm32cubemx\network_output\network_c_info.json
2026-08-29 10:22:41,901 [INFO] CmdLine:76 - Copying the AI runtime files to the user workspace: C:\Users\student\AppData\Local\Temp\mxAI_workspace14531141824406001900789390183500860\inspector_network\workspace
2026-08-29 10:22:41,901 [INFO] CmdLine:76 -  from: C:\Users\student\STM32Cube\Repository\Packs\STMicroelectronics\X-CUBE-AI\10.2.1\Utilities\windows\targets\common\EmbedNets\tools\inspector\workspace
2026-08-29 10:22:45,545 [INFO] CmdLine:76 -  
2026-08-29 10:22:45,545 [INFO] CmdLine:76 -  Exec/report summary (validate)
2026-08-29 10:22:45,545 [INFO] CmdLine:76 -  ---------------------------------------------------------------------------------------------------------------
2026-08-29 10:22:45,546 [INFO] CmdLine:76 -  model file         :   D:\TinyML_Workspace\TinyML\ONNX\mlp_model.onnx                                          
2026-08-29 10:22:45,546 [INFO] CmdLine:76 -  type               :   onnx                                                                                    
2026-08-29 10:22:45,546 [INFO] CmdLine:76 -  c_name             :   network                                                                                 
2026-08-29 10:22:45,547 [INFO] CmdLine:76 -  compression        :   none                                                                                    
2026-08-29 10:22:45,547 [INFO] CmdLine:76 -  options            :   allocate-inputs, allocate-outputs                                                       
2026-08-29 10:22:45,548 [INFO] CmdLine:76 -  optimization       :   balanced                                                                                
2026-08-29 10:22:45,548 [INFO] CmdLine:76 -  target/series      :   stm32l4                                                                                 
2026-08-29 10:22:45,548 [INFO] CmdLine:76 -  workspace dir      :   C:\Users\student\AppData\Local\Temp\mxAI_workspace14531141824406001900789390183500860   
2026-08-29 10:22:45,548 [INFO] CmdLine:76 -  output dir         :   C:\Users\student\.stm32cubemx\network_output                                            
2026-08-29 10:22:45,548 [INFO] CmdLine:76 -  model_fmt          :   float                                                                                   
2026-08-29 10:22:45,548 [INFO] CmdLine:76 -  model_name         :   mlp_model                                                                               
2026-08-29 10:22:45,549 [INFO] CmdLine:76 -  model_hash         :   0xabe1ccadf1dc84c1c4cf2a31102547ec                                                      
2026-08-29 10:22:45,549 [INFO] CmdLine:76 -  params #           :   2,693 items (10.52 KiB)                                                                 
2026-08-29 10:22:45,549 [INFO] CmdLine:76 -  ---------------------------------------------------------------------------------------------------------------
2026-08-29 10:22:45,550 [INFO] CmdLine:76 -  input 1/1          :   'input', f32(1x6), 24 Bytes, activations                                                
2026-08-29 10:22:45,550 [INFO] CmdLine:76 -  output 1/1         :   'output', f32(1x5), 20 Bytes, activations                                               
2026-08-29 10:22:45,550 [INFO] CmdLine:76 -  macc               :   2,789                                                                                   
2026-08-29 10:22:45,550 [INFO] CmdLine:76 -  weights (ro)       :   10,772 B (10.52 KiB) (1 segment)                                                        
2026-08-29 10:22:45,550 [INFO] CmdLine:76 -  activations (rw)   :   384 B (384 B) (1 segment) *                                                             
2026-08-29 10:22:45,551 [INFO] CmdLine:76 -  ram (total)        :   384 B (384 B) = 384 + 0 + 0                                                             
2026-08-29 10:22:45,551 [INFO] CmdLine:76 -  ---------------------------------------------------------------------------------------------------------------
2026-08-29 10:22:45,551 [INFO] CmdLine:76 -  (*) 'input'/'output' buffers are allocated in the activations buffer
2026-08-29 10:22:45,561 [INFO] CmdLine:76 - Running the ONNX model...
2026-08-29 10:22:45,647 [INFO] CmdLine:76 - Running the ST.AI c-model (AI RUNNER)...(name=network, mode=HOST)
2026-08-29 10:22:45,697 [INFO] CmdLine:76 -  DLL Driver v2.0 - Direct Python binding (C:\Users\student\AppData\Local\Temp\mxAI_workspace14531141824406001900789390183500860\inspector_network\workspace\lib\libai_network.dll) ['network']
2026-08-29 10:22:45,698 [INFO] CmdLine:76 -   Summary 'network' - ['network']
2026-08-29 10:22:45,698 [INFO] CmdLine:76 -   ----------------------------------------------------------------------------------------------
2026-08-29 10:22:45,699 [INFO] CmdLine:76 -   I[1/1] 'input_1'    :   f32[1,1,1,6], 24 Bytes, in activations buffer
2026-08-29 10:22:45,699 [INFO] CmdLine:76 -   O[1/1] 'output_1'   :   f32[1,1,1,5], 20 Bytes, in activations buffer
2026-08-29 10:22:45,699 [INFO] CmdLine:76 -   n_nodes             :   5
2026-08-29 10:22:45,699 [INFO] CmdLine:76 -   activations         :   384
2026-08-29 10:22:45,699 [INFO] CmdLine:76 -   weights             :   10772
2026-08-29 10:22:45,699 [INFO] CmdLine:76 -   macc                :   2789
2026-08-29 10:22:45,699 [INFO] CmdLine:76 -   hash                :   0xabe1ccadf1dc84c1c4cf2a31102547ec
2026-08-29 10:22:45,699 [INFO] CmdLine:76 -   compile_datetime    :   Aug 29 2026 10:22:44
2026-08-29 10:22:45,699 [INFO] CmdLine:76 -   ----------------------------------------------------------------------------------------------
2026-08-29 10:22:45,699 [INFO] CmdLine:76 -   protocol            :   DLL Driver v2.0 - Direct Python binding
2026-08-29 10:22:45,699 [INFO] CmdLine:76 -   tools               :   ST.AI (legacy api) v2.2.0
2026-08-29 10:22:45,699 [INFO] CmdLine:76 -   runtime lib         :   v10.2.0
2026-08-29 10:22:45,699 [INFO] CmdLine:76 -   capabilities        :   IO_ONLY, PER_LAYER, PER_LAYER_WITH_DATA
2026-08-29 10:22:45,699 [INFO] CmdLine:76 -   device.desc         :   AMD64, Intel64 Family 6 Model 151 Stepping 2, GenuineIntel, Windows
2026-08-29 10:22:45,699 [INFO] CmdLine:76 -   ----------------------------------------------------------------------------------------------
2026-08-29 10:22:45,704 [INFO] CmdLine:76 -  NOTE: The duration and execution time per layer are just indications. They depend on the host machine's workload.
2026-08-29 10:22:45,705 [INFO] CmdLine:76 -   ST.AI Profiling results v2.0 - "network"
2026-08-29 10:22:45,705 [INFO] CmdLine:76 -   ------------------------------------------------------------
2026-08-29 10:22:45,705 [INFO] CmdLine:76 -   nb sample(s)   :   10
2026-08-29 10:22:45,705 [INFO] CmdLine:76 -   duration       :   0.003 ms by sample (0.000/0.012/0.003)
2026-08-29 10:22:45,705 [INFO] CmdLine:76 -   macc           :   2789
2026-08-29 10:22:45,706 [INFO] CmdLine:76 -   ------------------------------------------------------------
2026-08-29 10:22:45,706 [INFO] CmdLine:76 -   Statistic per tensor
2026-08-29 10:22:45,706 [INFO] CmdLine:76 -   ------------------------------------------------------------------------------------
2026-08-29 10:22:45,706 [INFO] CmdLine:76 -   tensor   #    type[shape]:size          min      max      mean      std  name
2026-08-29 10:22:45,706 [INFO] CmdLine:76 -   ------------------------------------------------------------------------------------
2026-08-29 10:22:45,706 [INFO] CmdLine:76 -   I.0      10   f32[1,1,1,6]:24         0.021    0.970     0.468    0.303  input_1
2026-08-29 10:22:45,706 [INFO] CmdLine:76 -   O.0      10   f32[1,1,1,5]:20      -166.967   37.969   -17.576   43.868  output_1
2026-08-29 10:22:45,706 [INFO] CmdLine:76 -   ------------------------------------------------------------------------------------
2026-08-29 10:22:45,712 [INFO] CmdLine:76 - Saving validation data...
2026-08-29 10:22:45,712 [INFO] CmdLine:76 -  output directory: C:\Users\student\.stm32cubemx\network_output
2026-08-29 10:22:45,713 [INFO] CmdLine:76 -  creating C:\Users\student\.stm32cubemx\network_output\network_val_io.npz
2026-08-29 10:22:45,716 [INFO] CmdLine:76 -  m_outputs_1: (10, 5)/float64, min/max=[-166.967422, 37.969326], mean/std=[-17.575963, 43.867556], output
2026-08-29 10:22:45,724 [INFO] CmdLine:76 -  c_outputs_1: (10, 1, 1, 5)/float32, min/max=[-166.967422, 37.969330], mean/std=[-17.575960, 43.867561], output
2026-08-29 10:22:45,727 [INFO] CmdLine:76 - Computing the metrics...
2026-08-29 10:22:45,728 [INFO] CmdLine:76 -  Cross accuracy report #1 (reference vs C-model)
2026-08-29 10:22:45,728 [INFO] CmdLine:76 -  ----------------------------------------------------------------------------------------------------
2026-08-29 10:22:45,729 [INFO] CmdLine:76 -  notes: - data type is different: r/float64 instead p/float32
2026-08-29 10:22:45,729 [INFO] CmdLine:76 -         - ACC metric is not computed ("--classifier" option can be used to force it)
2026-08-29 10:22:45,729 [INFO] CmdLine:76 -         - the output of the reference model is used as ground truth/reference value
2026-08-29 10:22:45,729 [INFO] CmdLine:76 -         - 10 samples (5 items per sample)
2026-08-29 10:22:45,729 [INFO] CmdLine:76 -   acc=n.a. rmse=0.000003404 mae=0.000001928 l2r=0.000000072 mean=-0.000000 std=0.000003 nse=1.000000 cos=1.000000
2026-08-29 10:22:45,736 [INFO] CmdLine:76 -  Evaluation report (summary)
2026-08-29 10:22:45,736 [INFO] CmdLine:76 -  -----------------------------------------------------------------------------------------------------------------------------------------------
2026-08-29 10:22:45,736 [INFO] CmdLine:76 -  Output       acc    rmse          mae           l2r           mean        std        nse        cos        tensor
2026-08-29 10:22:45,737 [INFO] CmdLine:76 -  -----------------------------------------------------------------------------------------------------------------------------------------------
2026-08-29 10:22:45,737 [INFO] CmdLine:76 -  X-cross #1   n.a.   0.000003404   0.000001928   0.000000072   -0.000000   0.000003   1.000000   1.000000   'output', 10 x f32(1x5), m_id=[5]
2026-08-29 10:22:45,737 [INFO] CmdLine:76 -  -----------------------------------------------------------------------------------------------------------------------------------------------
2026-08-29 10:22:45,737 [INFO] CmdLine:76 -   acc  : Accuracy (class, axis=-1)
2026-08-29 10:22:45,737 [INFO] CmdLine:76 -   rmse : Root Mean Squared Error
2026-08-29 10:22:45,737 [INFO] CmdLine:76 -   mae  : Mean Absolute Error
2026-08-29 10:22:45,737 [INFO] CmdLine:76 -   l2r  : L2 relative error
2026-08-29 10:22:45,737 [INFO] CmdLine:76 -   mean : Mean error
2026-08-29 10:22:45,737 [INFO] CmdLine:76 -   std  : Standard deviation error
2026-08-29 10:22:45,737 [INFO] CmdLine:76 -   nse  : Nash-Sutcliffe efficiency criteria, bigger is better, best=1, range=(-inf, 1]
2026-08-29 10:22:45,737 [INFO] CmdLine:76 -   cos  : COsine Similarity, bigger is better, best=1, range=(0, 1]
2026-08-29 10:22:45,737 [INFO] CmdLine:76 - Creating txt report file C:\Users\student\.stm32cubemx\network_output\network_validate_report.txt
2026-08-29 10:22:55,499 [INFO] CmdLine:76 - elapsed time (validate): 16.874s
2026-08-29 10:22:55,824 [INFO] CmdLine:148 - stedgeai exit with status: 0
2026-08-29 10:22:55,843 [INFO] AIModelDetailledView:2704 - Validation ended
2026-08-29 10:23:23,102 [INFO] AInterface:526 - workspaceTempDir: C:/Users/student/AppData/Local/Temp/mxAI_workspace145315895119820016452448162820847814
2026-08-29 10:23:23,103 [INFO] AInterface:1179 - Setting Env: C:/Users/student/STM32Cube/Repository//Packs/STMicroelectronics/X-CUBE-AI/10.2.1/Utilities/windows
2026-08-29 10:23:23,103 [INFO] AInterface:1236 - Custom PATH variable: C:/Users/student/STM32Cube/Repository//Packs/STMicroelectronics/X-CUBE-AI/10.2.1/Utilities/windows;C:/Users/student/STM32Cube/Repository//Packs/STMicroelectronics/X-CUBE-AI/10.2.1/Utilities/windows/mingw64/bin;C:/Users/student/STM32Cube/Repository//Packs/STMicroelectronics/X-CUBE-AI/10.2.1/Utilities/windows/mingw64/libexec/gcc/x86_64-w64-mingw32/7.3.0;
2026-08-29 10:23:23,105 [INFO] CmdLine:115 - Command: C:/Users/student/STM32Cube/Repository//Packs/STMicroelectronics/X-CUBE-AI/10.2.1/Utilities/windows/stedgeai.exe validate --target stm32l4 --name network -m D:/TinyML_Workspace/TinyML/ONNX/mlp_model.onnx --compression none --verbosity 1 --workspace C:/Users/student/AppData/Local/Temp/mxAI_workspace145315895119820016452448162820847814 --output C:/Users/student/.stm32cubemx/network_output --mode target --desc serial:115200
2026-08-29 10:23:23,389 [INFO] CmdLine:76 - ST Edge AI Core v2.2.0-20266 2adc00962
2026-08-29 10:23:26,611 [INFO] CmdLine:76 - Setting validation data...
2026-08-29 10:23:26,611 [INFO] CmdLine:76 -  generating random data, size=10, seed=42, range=(0, 1)
2026-08-29 10:23:26,612 [INFO] CmdLine:76 -    I[1]: (10, 1, 1, 6)/float32, min/max=[0.020584, 0.969910], mean/std=[0.467501, 0.302874]
2026-08-29 10:23:26,612 [INFO] CmdLine:76 -  no output/reference samples are provided
2026-08-29 10:23:26,616 [INFO] CmdLine:76 - Creating c (debug) info json file C:\Users\student\.stm32cubemx\network_output\network_c_info.json
2026-08-29 10:23:26,626 [INFO] CmdLine:76 -  
2026-08-29 10:23:26,626 [INFO] CmdLine:76 -  Exec/report summary (validate)
2026-08-29 10:23:26,626 [INFO] CmdLine:76 -  ----------------------------------------------------------------------------------------------------------------
2026-08-29 10:23:26,626 [INFO] CmdLine:76 -  model file         :   D:\TinyML_Workspace\TinyML\ONNX\mlp_model.onnx                                           
2026-08-29 10:23:26,626 [INFO] CmdLine:76 -  type               :   onnx                                                                                     
2026-08-29 10:23:26,626 [INFO] CmdLine:76 -  c_name             :   network                                                                                  
2026-08-29 10:23:26,626 [INFO] CmdLine:76 -  compression        :   none                                                                                     
2026-08-29 10:23:26,627 [INFO] CmdLine:76 -  options            :   allocate-inputs, allocate-outputs                                                        
2026-08-29 10:23:26,627 [INFO] CmdLine:76 -  optimization       :   balanced                                                                                 
2026-08-29 10:23:26,627 [INFO] CmdLine:76 -  target/series      :   stm32l4                                                                                  
2026-08-29 10:23:26,627 [INFO] CmdLine:76 -  workspace dir      :   C:\Users\student\AppData\Local\Temp\mxAI_workspace145315895119820016452448162820847814   
2026-08-29 10:23:26,627 [INFO] CmdLine:76 -  output dir         :   C:\Users\student\.stm32cubemx\network_output                                             
2026-08-29 10:23:26,627 [INFO] CmdLine:76 -  model_fmt          :   float                                                                                    
2026-08-29 10:23:26,627 [INFO] CmdLine:76 -  model_name         :   mlp_model                                                                                
2026-08-29 10:23:26,627 [INFO] CmdLine:76 -  model_hash         :   0xabe1ccadf1dc84c1c4cf2a31102547ec                                                       
2026-08-29 10:23:26,627 [INFO] CmdLine:76 -  params #           :   2,693 items (10.52 KiB)                                                                  
2026-08-29 10:23:26,627 [INFO] CmdLine:76 -  ----------------------------------------------------------------------------------------------------------------
2026-08-29 10:23:26,627 [INFO] CmdLine:76 -  input 1/1          :   'input', f32(1x6), 24 Bytes, activations                                                 
2026-08-29 10:23:26,627 [INFO] CmdLine:76 -  output 1/1         :   'output', f32(1x5), 20 Bytes, activations                                                
2026-08-29 10:23:26,627 [INFO] CmdLine:76 -  macc               :   2,789                                                                                    
2026-08-29 10:23:26,627 [INFO] CmdLine:76 -  weights (ro)       :   10,772 B (10.52 KiB) (1 segment)                                                         
2026-08-29 10:23:26,629 [INFO] CmdLine:76 -  activations (rw)   :   384 B (384 B) (1 segment) *                                                              
2026-08-29 10:23:26,629 [INFO] CmdLine:76 -  ram (total)        :   384 B (384 B) = 384 + 0 + 0                                                              
2026-08-29 10:23:26,630 [INFO] CmdLine:76 -  ----------------------------------------------------------------------------------------------------------------
2026-08-29 10:23:26,630 [INFO] CmdLine:76 -  (*) 'input'/'output' buffers are allocated in the activations buffer
2026-08-29 10:23:26,630 [INFO] CmdLine:76 - Running the ONNX model...
2026-08-29 10:23:26,660 [INFO] CmdLine:76 - Running the ST.AI c-model (AI RUNNER)...(name=network, mode=TARGET)
2026-08-29 10:23:27,908 [INFO] CmdLine:76 - E200(ValidationError): TARGET: Unable to bind the ST.AI runtime with "network" c-model: []
2026-08-29 10:23:27,909 [INFO] CmdLine:76 -  E801(HwIOError): Invalid firmware - COM2:115200
2026-08-29 10:23:28,247 [INFO] CmdLine:148 - stedgeai exit with status: -1
2026-08-29 10:23:28,247 [ERROR] CmdLine:151 - stedgeai return with an error
2026-08-29 10:23:28,250 [INFO] AIModelDetailledView:2704 - Validation ended
2026-08-29 10:23:47,808 [INFO] UtilMem:75 - End SaveConfig() Used Memory: 925492304 Bytes (1073741824)
2026-08-29 10:23:47,878 [INFO] AIModelDetailledView:2264 - Analysis status: -
2026-08-29 10:23:47,878 [INFO] AInterface:259 - ModelName:network; files:[D:\TinyML_Workspace\TinyML\ONNX\mlp_model.onnx]; type:ONNX; compression:None
2026-08-29 10:23:47,878 [INFO] AInterface:526 - workspaceTempDir: C:/Users/student/AppData/Local/Temp/mxAI_workspace145318372701090015479992081398255988
2026-08-29 10:23:47,878 [INFO] AInterface:1179 - Setting Env: C:/Users/student/STM32Cube/Repository//Packs/STMicroelectronics/X-CUBE-AI/10.2.1/Utilities/windows
2026-08-29 10:23:47,880 [INFO] STM32CubeIDEBuilder:265 - Looking for gnu-tools-for-stm32 tools/bin/arm-none-eabi-gcc.exe in C:\ST\STM32CubeIDE_1.19.0\STM32CubeIDE
2026-08-29 10:23:47,881 [INFO] STM32CubeIDEBuilder:294 - checking C:\ST\STM32CubeIDE_1.19.0\STM32CubeIDE\plugins\com.st.stm32cube.ide.mcu.externaltools.gnu-tools-for-stm32.13.3.rel1.win32_1.0.0.202411081344\tools\bin\arm-none-eabi-gcc.exe
2026-08-29 10:23:47,881 [INFO] STM32CubeIDEBuilder:297 - ret=C:\ST\STM32CubeIDE_1.19.0\STM32CubeIDE\plugins\com.st.stm32cube.ide.mcu.externaltools.gnu-tools-for-stm32.13.3.rel1.win32_1.0.0.202411081344\tools\bin\arm-none-eabi-gcc.exe
2026-08-29 10:23:47,881 [INFO] STM32CubeIDEBuilder:311 - returning C:\ST\STM32CubeIDE_1.19.0\STM32CubeIDE\plugins\com.st.stm32cube.ide.mcu.externaltools.gnu-tools-for-stm32.13.3.rel1.win32_1.0.0.202411081344\tools\bin\arm-none-eabi-gcc.exe
2026-08-29 10:23:47,881 [INFO] AInterface:1236 - Custom PATH variable: C:/Users/student/STM32Cube/Repository//Packs/STMicroelectronics/X-CUBE-AI/10.2.1/Utilities/windows;C:/Users/student/STM32Cube/Repository//Packs/STMicroelectronics/X-CUBE-AI/10.2.1/Utilities/windows/mingw64/bin;C:/Users/student/STM32Cube/Repository//Packs/STMicroelectronics/X-CUBE-AI/10.2.1/Utilities/windows/mingw64/libexec/gcc/x86_64-w64-mingw32/7.3.0;;C:\ST\STM32CubeIDE_1.19.0\STM32CubeIDE\plugins\com.st.stm32cube.ide.mcu.externaltools.gnu-tools-for-stm32.13.3.rel1.win32_1.0.0.202411081344\tools\bin
2026-08-29 10:23:47,882 [INFO] CmdLine:115 - Command: C:/Users/student/STM32Cube/Repository//Packs/STMicroelectronics/X-CUBE-AI/10.2.1/Utilities/windows/stedgeai.exe analyze --target stm32l4 --name network -m D:/TinyML_Workspace/TinyML/ONNX/mlp_model.onnx --compression none --verbosity 1 --workspace C:/Users/student/AppData/Local/Temp/mxAI_workspace145318372701090015479992081398255988 --output C:/Users/student/.stm32cubemx/network_output
2026-08-29 10:23:47,882 [INFO] AIModelDetailledView:2264 - Analysis status: pending
2026-08-29 10:23:48,163 [INFO] CmdLine:76 - ST Edge AI Core v2.2.0-20266 2adc00962
2026-08-29 10:23:51,445 [INFO] CmdLine:76 - Creating c (debug) info json file C:\Users\student\.stm32cubemx\network_output\network_c_info.json
2026-08-29 10:23:51,453 [INFO] CmdLine:76 -  
2026-08-29 10:23:51,454 [INFO] CmdLine:76 -  Exec/report summary (analyze)
2026-08-29 10:23:51,454 [INFO] CmdLine:76 -  ----------------------------------------------------------------------------------------------------------------
2026-08-29 10:23:51,454 [INFO] CmdLine:76 -  model file         :   D:\TinyML_Workspace\TinyML\ONNX\mlp_model.onnx                                           
2026-08-29 10:23:51,454 [INFO] CmdLine:76 -  type               :   onnx                                                                                     
2026-08-29 10:23:51,454 [INFO] CmdLine:76 -  c_name             :   network                                                                                  
2026-08-29 10:23:51,454 [INFO] CmdLine:76 -  compression        :   none                                                                                     
2026-08-29 10:23:51,454 [INFO] CmdLine:76 -  options            :   allocate-inputs, allocate-outputs                                                        
2026-08-29 10:23:51,454 [INFO] CmdLine:76 -  optimization       :   balanced                                                                                 
2026-08-29 10:23:51,454 [INFO] CmdLine:76 -  target/series      :   stm32l4                                                                                  
2026-08-29 10:23:51,454 [INFO] CmdLine:76 -  workspace dir      :   C:\Users\student\AppData\Local\Temp\mxAI_workspace145318372701090015479992081398255988   
2026-08-29 10:23:51,454 [INFO] CmdLine:76 -  output dir         :   C:\Users\student\.stm32cubemx\network_output                                             
2026-08-29 10:23:51,454 [INFO] CmdLine:76 -  model_fmt          :   float                                                                                    
2026-08-29 10:23:51,454 [INFO] CmdLine:76 -  model_name         :   mlp_model                                                                                
2026-08-29 10:23:51,454 [INFO] CmdLine:76 -  model_hash         :   0xabe1ccadf1dc84c1c4cf2a31102547ec                                                       
2026-08-29 10:23:51,454 [INFO] CmdLine:76 -  params #           :   2,693 items (10.52 KiB)                                                                  
2026-08-29 10:23:51,454 [INFO] CmdLine:76 -  ----------------------------------------------------------------------------------------------------------------
2026-08-29 10:23:51,454 [INFO] CmdLine:76 -  input 1/1          :   'input', f32(1x6), 24 Bytes, activations                                                 
2026-08-29 10:23:51,454 [INFO] CmdLine:76 -  output 1/1         :   'output', f32(1x5), 20 Bytes, activations                                                
2026-08-29 10:23:51,454 [INFO] CmdLine:76 -  macc               :   2,789                                                                                    
2026-08-29 10:23:51,454 [INFO] CmdLine:76 -  weights (ro)       :   10,772 B (10.52 KiB) (1 segment)                                                         
2026-08-29 10:23:51,454 [INFO] CmdLine:76 -  activations (rw)   :   384 B (384 B) (1 segment) *                                                              
2026-08-29 10:23:51,454 [INFO] CmdLine:76 -  ram (total)        :   384 B (384 B) = 384 + 0 + 0                                                              
2026-08-29 10:23:51,454 [INFO] CmdLine:76 -  ----------------------------------------------------------------------------------------------------------------
2026-08-29 10:23:51,454 [INFO] CmdLine:76 -  (*) 'input'/'output' buffers are allocated in the activations buffer
2026-08-29 10:23:51,456 [INFO] CmdLine:76 - Computing AI RT data/code size (target=stm32l4)..
2026-08-29 10:23:52,004 [INFO] CmdLine:76 -  Model name - mlp_model
2026-08-29 10:23:52,004 [INFO] CmdLine:76 -  ------ ------------------- ------------- ------------- ------- --------------
2026-08-29 10:23:52,004 [INFO] CmdLine:76 -  m_id   layer (original)    oshape        param/size       macc   connected to
2026-08-29 10:23:52,004 [INFO] CmdLine:76 -  ------ ------------------- ------------- ------------- ------- --------------
2026-08-29 10:23:52,004 [INFO] CmdLine:76 -  1      fc1_weight (Gemm)   [b:64,c:6]    384/1,536
2026-08-29 10:23:52,005 [INFO] CmdLine:76 -         fc1_bias (Gemm)     [b:64]        64/256
2026-08-29 10:23:52,005 [INFO] CmdLine:76 -  ------ ------------------- ------------- ------------- ------- --------------
2026-08-29 10:23:52,005 [INFO] CmdLine:76 -  3      fc2_weight (Gemm)   [b:32,c:64]   2,048/8,192
2026-08-29 10:23:52,005 [INFO] CmdLine:76 -         fc2_bias (Gemm)     [b:32]        32/128
2026-08-29 10:23:52,005 [INFO] CmdLine:76 -  ------ ------------------- ------------- ------------- ------- --------------
2026-08-29 10:23:52,005 [INFO] CmdLine:76 -  5      fc3_weight (Gemm)   [b:5,c:32]    160/640
2026-08-29 10:23:52,005 [INFO] CmdLine:76 -         fc3_bias (Gemm)     [b:5]         5/20
2026-08-29 10:23:52,005 [INFO] CmdLine:76 -  ------ ------------------- ------------- ------------- ------- --------------
2026-08-29 10:23:52,005 [INFO] CmdLine:76 -  0      input ()            [b:1,c:6]
2026-08-29 10:23:52,005 [INFO] CmdLine:76 -  ------ ------------------- ------------- ------------- ------- --------------
2026-08-29 10:23:52,005 [INFO] CmdLine:76 -  1      linear (Gemm)       [b:1,c:64]                      448          input
2026-08-29 10:23:52,005 [INFO] CmdLine:76 -                                                                     fc1_weight
2026-08-29 10:23:52,005 [INFO] CmdLine:76 -                                                                       fc1_bias
2026-08-29 10:23:52,005 [INFO] CmdLine:76 -  ------ ------------------- ------------- ------------- ------- --------------
2026-08-29 10:23:52,005 [INFO] CmdLine:76 -  2      relu (Relu)         [b:1,c:64]                       64         linear
2026-08-29 10:23:52,005 [INFO] CmdLine:76 -  ------ ------------------- ------------- ------------- ------- --------------
2026-08-29 10:23:52,005 [INFO] CmdLine:76 -  3      linear_1 (Gemm)     [b:1,c:32]                    2,080           relu
2026-08-29 10:23:52,005 [INFO] CmdLine:76 -                                                                     fc2_weight
2026-08-29 10:23:52,005 [INFO] CmdLine:76 -                                                                       fc2_bias
2026-08-29 10:23:52,005 [INFO] CmdLine:76 -  ------ ------------------- ------------- ------------- ------- --------------
2026-08-29 10:23:52,005 [INFO] CmdLine:76 -  4      relu_1 (Relu)       [b:1,c:32]                       32       linear_1
2026-08-29 10:23:52,005 [INFO] CmdLine:76 -  ------ ------------------- ------------- ------------- ------- --------------
2026-08-29 10:23:52,006 [INFO] CmdLine:76 -  5      output (Gemm)       [b:1,c:5]                       165         relu_1
2026-08-29 10:23:52,006 [INFO] CmdLine:76 -                                                                     fc3_weight
2026-08-29 10:23:52,006 [INFO] CmdLine:76 -                                                                       fc3_bias
2026-08-29 10:23:52,006 [INFO] CmdLine:76 -  ------ ------------------- ------------- ------------- ------- --------------
2026-08-29 10:23:52,006 [INFO] CmdLine:76 -  model: macc=2,789 weights=10,772 activations=-- io=--
2026-08-29 10:23:52,006 [INFO] CmdLine:76 -  Number of operations per c-layer
2026-08-29 10:23:52,006 [INFO] CmdLine:76 -  ------- ------ ----------------------- ------- --------------
2026-08-29 10:23:52,006 [INFO] CmdLine:76 -  c_id    m_id   name (type)                 #op           type
2026-08-29 10:23:52,006 [INFO] CmdLine:76 -  ------- ------ ----------------------- ------- --------------
2026-08-29 10:23:52,006 [INFO] CmdLine:76 -  0       1      linear (Dense)              448   smul_f32_f32
2026-08-29 10:23:52,006 [INFO] CmdLine:76 -  1       2      relu (Nonlinearity)          64     op_f32_f32
2026-08-29 10:23:52,006 [INFO] CmdLine:76 -  2       3      linear_1 (Dense)          2,080   smul_f32_f32
2026-08-29 10:23:52,006 [INFO] CmdLine:76 -  3       4      relu_1 (Nonlinearity)        32     op_f32_f32
2026-08-29 10:23:52,006 [INFO] CmdLine:76 -  4       5      output (Dense)              165   smul_f32_f32
2026-08-29 10:23:52,006 [INFO] CmdLine:76 -  ------- ------ ----------------------- ------- --------------
2026-08-29 10:23:52,006 [INFO] CmdLine:76 -  total                                    2,789
2026-08-29 10:23:52,006 [INFO] CmdLine:76 -  Number of operation types
2026-08-29 10:23:52,006 [INFO] CmdLine:76 -  ---------------- ------- -----------
2026-08-29 10:23:52,006 [INFO] CmdLine:76 -  operation type         #           %
2026-08-29 10:23:52,006 [INFO] CmdLine:76 -  ---------------- ------- -----------
2026-08-29 10:23:52,006 [INFO] CmdLine:76 -  smul_f32_f32       2,693       96.6%
2026-08-29 10:23:52,006 [INFO] CmdLine:76 -  op_f32_f32            96        3.4%
2026-08-29 10:23:52,006 [INFO] CmdLine:76 -  Complexity report (model)
2026-08-29 10:23:52,007 [INFO] CmdLine:76 -  ------ ------------ ------------------------- ------------------------- ------
2026-08-29 10:23:52,007 [INFO] CmdLine:76 -  m_id   name         c_macc                    c_rom                     c_id
2026-08-29 10:23:52,007 [INFO] CmdLine:76 -  ------ ------------ ------------------------- ------------------------- ------
2026-08-29 10:23:52,007 [INFO] CmdLine:76 -  1      fc1_weight   ||||              16.1%   ||||              16.6%   [0]
2026-08-29 10:23:52,007 [INFO] CmdLine:76 -  3      fc2_weight   ||||||||||||||||  74.6%   ||||||||||||||||  77.2%   [2]
2026-08-29 10:23:52,007 [INFO] CmdLine:76 -  5      fc3_weight   ||                 5.9%   ||                 6.1%   [4]
2026-08-29 10:23:52,007 [INFO] CmdLine:76 -  2      relu         |                  2.3%   |                  0.0%   [1]
2026-08-29 10:23:52,007 [INFO] CmdLine:76 -  4      relu_1       |                  1.1%   |                  0.0%   [3]
2026-08-29 10:23:52,007 [INFO] CmdLine:76 -  ------ ------------ ------------------------- ------------------------- ------
2026-08-29 10:23:52,007 [INFO] CmdLine:76 -  macc=2,789 weights=10,772 act=384 ram_io=0
2026-08-29 10:23:52,007 [INFO] CmdLine:76 -  Requested memory size by section - "stm32l4" target
2026-08-29 10:23:52,007 [INFO] CmdLine:76 -  ------------------------------ ------- -------- ------- -----
2026-08-29 10:23:52,007 [INFO] CmdLine:76 -  module                            text   rodata    data   bss
2026-08-29 10:23:52,007 [INFO] CmdLine:76 -  ------------------------------ ------- -------- ------- -----
2026-08-29 10:23:52,007 [INFO] CmdLine:76 -  NetworkRuntime1020_CM4_GCC.a     6,452        0       0     0
2026-08-29 10:23:52,007 [INFO] CmdLine:76 -  network.o                          528       40   1,584   140
2026-08-29 10:23:52,007 [INFO] CmdLine:76 -  network_data.o                      48       16      88     0
2026-08-29 10:23:52,007 [INFO] CmdLine:76 -  lib (toolchain)*                     0        0       0     0
2026-08-29 10:23:52,007 [INFO] CmdLine:76 -  ------------------------------ ------- -------- ------- -----
2026-08-29 10:23:52,007 [INFO] CmdLine:76 -  RT total**                       7,028       56   1,672   140
2026-08-29 10:23:52,008 [INFO] CmdLine:76 -  ------------------------------ ------- -------- ------- -----
2026-08-29 10:23:52,008 [INFO] CmdLine:76 -  weights                              0   10,776       0     0
2026-08-29 10:23:52,008 [INFO] CmdLine:76 -  activations                          0        0       0   384
2026-08-29 10:23:52,008 [INFO] CmdLine:76 -  io                                   0        0       0     0
2026-08-29 10:23:52,008 [INFO] CmdLine:76 -  ------------------------------ ------- -------- ------- -----
2026-08-29 10:23:52,008 [INFO] CmdLine:76 -  TOTAL                            7,028   10,832   1,672   524
2026-08-29 10:23:52,008 [INFO] CmdLine:76 -  ------------------------------ ------- -------- ------- -----
2026-08-29 10:23:52,008 [INFO] CmdLine:76 -  *  toolchain objects (libm/libgcc*)
2026-08-29 10:23:52,008 [INFO] CmdLine:76 -  ** RT AI runtime objects (kernels+infrastructure)
2026-08-29 10:23:52,008 [INFO] CmdLine:76 -   Summary - "stm32l4" target
2026-08-29 10:23:52,008 [INFO] CmdLine:76 -   ---------------------------------------------------
2026-08-29 10:23:52,008 [INFO] CmdLine:76 -                FLASH (ro)      %*   RAM (rw)       %
2026-08-29 10:23:52,008 [INFO] CmdLine:76 -   ---------------------------------------------------
2026-08-29 10:23:52,008 [INFO] CmdLine:76 -   RT total          8,756   44.8%      1,812   82.5%
2026-08-29 10:23:52,008 [INFO] CmdLine:76 -   ---------------------------------------------------
2026-08-29 10:23:52,008 [INFO] CmdLine:76 -   TOTAL            19,532              2,196
2026-08-29 10:23:52,008 [INFO] CmdLine:76 -   ---------------------------------------------------
2026-08-29 10:23:52,008 [INFO] CmdLine:76 -   *  rt/total
2026-08-29 10:23:52,008 [INFO] CmdLine:76 - Creating txt report file C:\Users\student\.stm32cubemx\network_output\network_analyze_report.txt
2026-08-29 10:23:52,020 [INFO] CmdLine:76 - elapsed time (analyze): 3.856s
2026-08-29 10:23:52,341 [INFO] CmdLine:148 - stedgeai exit with status: 0
2026-08-29 10:23:52,345 [INFO] AIModelDetailledView:2598 - Analyze complete on AI model
2026-08-29 10:23:52,369 [INFO] AIModelDetailledView:2264 - Analysis status: done
2026-08-29 10:23:54,283 [INFO] UtilMem:75 - End SaveConfig() Used Memory: 794090536 Bytes (1073741824)
2026-08-29 10:23:55,286 [INFO] UtilMem:75 - End SaveConfig() Used Memory: 853857320 Bytes (1073741824)
2026-08-29 10:23:55,427 [INFO] BlockDiagram:2775 - set Specific Code input for plugin: SYS
2026-08-29 10:23:55,427 [INFO] BlockDiagram:2775 - set Specific Code input for plugin: RCC
2026-08-29 10:23:55,427 [INFO] BlockDiagram:2775 - set Specific Code input for plugin: I2C
2026-08-29 10:23:55,427 [INFO] BlockDiagram:2775 - set Specific Code input for plugin: NVIC
2026-08-29 10:23:55,428 [INFO] BlockDiagram:2775 - set Specific Code input for plugin: USART
2026-08-29 10:23:55,428 [INFO] BlockDiagram:2775 - set Specific Code input for plugin: STMicroelectronics.X-CUBE-AI.10.2.1
2026-08-29 10:23:55,428 [INFO] BlockDiagram:2775 - set Specific Code input for plugin: GPIO
2026-08-29 10:23:55,431 [INFO] CodeGenerator:892 - code generatio: config db path: C:\ST\STM32CubeIDE_1.19.0\STM32CubeIDE\plugins\com.st.stm32cube.common.mx_6.15.0.202507011659\\db\
2026-08-29 10:23:55,479 [INFO] IP:3329 - RTE Config file name : RTE_Component
2026-08-29 10:23:55,479 [INFO] IP:3347 - RTE template : RTE_Components.ftl
2026-08-29 10:23:55,486 [INFO] CodeEngine:265 - oldGeneratedFile, D:\TinyML_Workspace\TinyML\STM32\IMU_inference\MXTmpFiles\license.tmp_save
2026-08-29 10:23:55,636 [INFO] CodeEngine:289 - Generated code: D:\TinyML_Workspace\TinyML\STM32\IMU_inference\MXTmpFiles\license.tmp
2026-08-29 10:23:55,662 [INFO] CodeEngine:265 - oldGeneratedFile, D:\TinyML_Workspace\TinyML\STM32\IMU_inference\MXTmpFiles\gpio.tmp_save
2026-08-29 10:23:55,717 [INFO] CodeEngine:289 - Generated code: D:\TinyML_Workspace\TinyML\STM32\IMU_inference\MXTmpFiles\gpio.tmp
2026-08-29 10:23:55,789 [INFO] Middleware:1452 - No code input for Bsp Dependency
2026-08-29 10:23:55,790 [INFO] Middleware:1452 - No code input for Bsp Dependency
2026-08-29 10:23:55,795 [INFO] CodeEngine:265 - oldGeneratedFile, D:\TinyML_Workspace\TinyML\STM32\IMU_inference\Core\Src\stm32l4xx_it.c_save
2026-08-29 10:23:55,925 [INFO] CodeEngine:289 - Generated code: D:\TinyML_Workspace\TinyML\STM32\IMU_inference\Core\Src\stm32l4xx_it.c
2026-08-29 10:23:55,928 [INFO] CodeEngine:265 - oldGeneratedFile, D:\TinyML_Workspace\TinyML\STM32\IMU_inference\Core\Inc\stm32l4xx_it.h_save
2026-08-29 10:23:55,963 [INFO] CodeEngine:289 - Generated code: D:\TinyML_Workspace\TinyML\STM32\IMU_inference\Core\Inc\stm32l4xx_it.h
2026-08-29 10:23:55,972 [INFO] CodeEngine:265 - oldGeneratedFile, D:\TinyML_Workspace\TinyML\STM32\IMU_inference\Core\Src\stm32l4xx_hal_msp.c_save
2026-08-29 10:23:56,060 [INFO] CodeEngine:289 - Generated code: D:\TinyML_Workspace\TinyML\STM32\IMU_inference\Core\Src\stm32l4xx_hal_msp.c
2026-08-29 10:23:56,062 [INFO] CodeEngine:265 - oldGeneratedFile, D:\TinyML_Workspace\TinyML\STM32\IMU_inference\MXTmpFiles\system.tmp_save
2026-08-29 10:23:56,091 [INFO] CodeEngine:289 - Generated code: D:\TinyML_Workspace\TinyML\STM32\IMU_inference\MXTmpFiles\system.tmp
2026-08-29 10:23:56,097 [INFO] CodeEngine:321 - oldGeneratedFile, D:\TinyML_Workspace\TinyML\STM32\IMU_inference\Core\Inc\stm32l4xx_hal_conf.h_save
2026-08-29 10:23:56,129 [INFO] CodeEngine:345 - Generated code: D:\TinyML_Workspace\TinyML\STM32\IMU_inference\Core\Inc\stm32l4xx_hal_conf.h
2026-08-29 10:23:56,141 [INFO] CodeEngine:265 - oldGeneratedFile, D:\TinyML_Workspace\TinyML\STM32\IMU_inference\Core\Inc\main.h_save
2026-08-29 10:23:56,192 [INFO] CodeEngine:289 - Generated code: D:\TinyML_Workspace\TinyML\STM32\IMU_inference\Core\Inc\main.h
2026-08-29 10:23:56,195 [INFO] CodeEngine:265 - oldGeneratedFile, D:\TinyML_Workspace\TinyML\STM32\IMU_inference\Core\Src\main.c_save
2026-08-29 10:23:56,248 [INFO] CodeEngine:289 - Generated code: D:\TinyML_Workspace\TinyML\STM32\IMU_inference\Core\Src\main.c
2026-08-29 10:23:56,331 [INFO] AInterface:322 - ModelName:network; files:[D:\TinyML_Workspace\TinyML\ONNX\mlp_model.onnx]; type:ONNX; compression:None
2026-08-29 10:23:56,332 [INFO] AInterface:526 - workspaceTempDir: C:/Users/student/AppData/Local/Temp/mxAI_workspace145319218031750016388630756310384988
2026-08-29 10:23:56,332 [INFO] AInterface:1179 - Setting Env: C:/Users/student/STM32Cube/Repository//Packs/STMicroelectronics/X-CUBE-AI/10.2.1/Utilities/windows
2026-08-29 10:23:56,334 [INFO] STM32CubeIDEBuilder:265 - Looking for gnu-tools-for-stm32 tools/bin/arm-none-eabi-gcc.exe in C:\ST\STM32CubeIDE_1.19.0\STM32CubeIDE
2026-08-29 10:23:56,335 [INFO] STM32CubeIDEBuilder:294 - checking C:\ST\STM32CubeIDE_1.19.0\STM32CubeIDE\plugins\com.st.stm32cube.ide.mcu.externaltools.gnu-tools-for-stm32.13.3.rel1.win32_1.0.0.202411081344\tools\bin\arm-none-eabi-gcc.exe
2026-08-29 10:23:56,335 [INFO] STM32CubeIDEBuilder:297 - ret=C:\ST\STM32CubeIDE_1.19.0\STM32CubeIDE\plugins\com.st.stm32cube.ide.mcu.externaltools.gnu-tools-for-stm32.13.3.rel1.win32_1.0.0.202411081344\tools\bin\arm-none-eabi-gcc.exe
2026-08-29 10:23:56,335 [INFO] STM32CubeIDEBuilder:311 - returning C:\ST\STM32CubeIDE_1.19.0\STM32CubeIDE\plugins\com.st.stm32cube.ide.mcu.externaltools.gnu-tools-for-stm32.13.3.rel1.win32_1.0.0.202411081344\tools\bin\arm-none-eabi-gcc.exe
2026-08-29 10:23:56,335 [INFO] AInterface:1236 - Custom PATH variable: C:/Users/student/STM32Cube/Repository//Packs/STMicroelectronics/X-CUBE-AI/10.2.1/Utilities/windows;C:/Users/student/STM32Cube/Repository//Packs/STMicroelectronics/X-CUBE-AI/10.2.1/Utilities/windows/mingw64/bin;C:/Users/student/STM32Cube/Repository//Packs/STMicroelectronics/X-CUBE-AI/10.2.1/Utilities/windows/mingw64/libexec/gcc/x86_64-w64-mingw32/7.3.0;;C:\ST\STM32CubeIDE_1.19.0\STM32CubeIDE\plugins\com.st.stm32cube.ide.mcu.externaltools.gnu-tools-for-stm32.13.3.rel1.win32_1.0.0.202411081344\tools\bin
2026-08-29 10:23:56,336 [INFO] CmdLine:115 - Command: C:/Users/student/STM32Cube/Repository//Packs/STMicroelectronics/X-CUBE-AI/10.2.1/Utilities/windows/stedgeai.exe generate --target stm32l4 --name network -m D:/TinyML_Workspace/TinyML/ONNX/mlp_model.onnx --compression none --verbosity 1 --workspace C:/Users/student/AppData/Local/Temp/mxAI_workspace145319218031750016388630756310384988 --output C:/Users/student/.stm32cubemx/network_output
2026-08-29 10:23:56,337 [INFO] AIModelDetailledView:2264 - Analysis status: pending
2026-08-29 10:23:56,631 [INFO] CmdLine:76 - ST Edge AI Core v2.2.0-20266 2adc00962
2026-08-29 10:23:59,933 [INFO] CmdLine:76 - Creating c (debug) info json file C:\Users\student\.stm32cubemx\network_output\network_c_info.json
2026-08-29 10:23:59,942 [INFO] CmdLine:76 -  
2026-08-29 10:23:59,943 [INFO] CmdLine:76 -  Exec/report summary (generate)
2026-08-29 10:23:59,943 [INFO] CmdLine:76 -  ----------------------------------------------------------------------------------------------------------------
2026-08-29 10:23:59,943 [INFO] CmdLine:76 -  model file         :   D:\TinyML_Workspace\TinyML\ONNX\mlp_model.onnx                                           
2026-08-29 10:23:59,943 [INFO] CmdLine:76 -  type               :   onnx                                                                                     
2026-08-29 10:23:59,943 [INFO] CmdLine:76 -  c_name             :   network                                                                                  
2026-08-29 10:23:59,943 [INFO] CmdLine:76 -  compression        :   none                                                                                     
2026-08-29 10:23:59,943 [INFO] CmdLine:76 -  options            :   allocate-inputs, allocate-outputs                                                        
2026-08-29 10:23:59,943 [INFO] CmdLine:76 -  optimization       :   balanced                                                                                 
2026-08-29 10:23:59,943 [INFO] CmdLine:76 -  target/series      :   stm32l4                                                                                  
2026-08-29 10:23:59,943 [INFO] CmdLine:76 -  workspace dir      :   C:\Users\student\AppData\Local\Temp\mxAI_workspace145319218031750016388630756310384988   
2026-08-29 10:23:59,943 [INFO] CmdLine:76 -  output dir         :   C:\Users\student\.stm32cubemx\network_output                                             
2026-08-29 10:23:59,943 [INFO] CmdLine:76 -  model_fmt          :   float                                                                                    
2026-08-29 10:23:59,943 [INFO] CmdLine:76 -  model_name         :   mlp_model                                                                                
2026-08-29 10:23:59,943 [INFO] CmdLine:76 -  model_hash         :   0xabe1ccadf1dc84c1c4cf2a31102547ec                                                       
2026-08-29 10:23:59,943 [INFO] CmdLine:76 -  params #           :   2,693 items (10.52 KiB)                                                                  
2026-08-29 10:23:59,943 [INFO] CmdLine:76 -  ----------------------------------------------------------------------------------------------------------------
2026-08-29 10:23:59,943 [INFO] CmdLine:76 -  input 1/1          :   'input', f32(1x6), 24 Bytes, activations                                                 
2026-08-29 10:23:59,943 [INFO] CmdLine:76 -  output 1/1         :   'output', f32(1x5), 20 Bytes, activations                                                
2026-08-29 10:23:59,943 [INFO] CmdLine:76 -  macc               :   2,789                                                                                    
2026-08-29 10:23:59,943 [INFO] CmdLine:76 -  weights (ro)       :   10,772 B (10.52 KiB) (1 segment)                                                         
2026-08-29 10:23:59,944 [INFO] CmdLine:76 -  activations (rw)   :   384 B (384 B) (1 segment) *                                                              
2026-08-29 10:23:59,944 [INFO] CmdLine:76 -  ram (total)        :   384 B (384 B) = 384 + 0 + 0                                                              
2026-08-29 10:23:59,944 [INFO] CmdLine:76 -  ----------------------------------------------------------------------------------------------------------------
2026-08-29 10:23:59,944 [INFO] CmdLine:76 -  (*) 'input'/'output' buffers are allocated in the activations buffer
2026-08-29 10:23:59,945 [INFO] CmdLine:76 - Computing AI RT data/code size (target=stm32l4)..
2026-08-29 10:24:00,512 [INFO] CmdLine:76 -  Requested memory size by section - "stm32l4" target
2026-08-29 10:24:00,512 [INFO] CmdLine:76 -  ------------------------------ ------- -------- ------- -----
2026-08-29 10:24:00,512 [INFO] CmdLine:76 -  module                            text   rodata    data   bss
2026-08-29 10:24:00,512 [INFO] CmdLine:76 -  ------------------------------ ------- -------- ------- -----
2026-08-29 10:24:00,512 [INFO] CmdLine:76 -  NetworkRuntime1020_CM4_GCC.a     6,452        0       0     0
2026-08-29 10:24:00,512 [INFO] CmdLine:76 -  network.o                          528       40   1,584   140
2026-08-29 10:24:00,512 [INFO] CmdLine:76 -  network_data.o                      48       16      88     0
2026-08-29 10:24:00,512 [INFO] CmdLine:76 -  lib (toolchain)*                     0        0       0     0
2026-08-29 10:24:00,512 [INFO] CmdLine:76 -  ------------------------------ ------- -------- ------- -----
2026-08-29 10:24:00,512 [INFO] CmdLine:76 -  RT total**                       7,028       56   1,672   140
2026-08-29 10:24:00,512 [INFO] CmdLine:76 -  ------------------------------ ------- -------- ------- -----
2026-08-29 10:24:00,512 [INFO] CmdLine:76 -  weights                              0   10,776       0     0
2026-08-29 10:24:00,512 [INFO] CmdLine:76 -  activations                          0        0       0   384
2026-08-29 10:24:00,512 [INFO] CmdLine:76 -  io                                   0        0       0     0
2026-08-29 10:24:00,512 [INFO] CmdLine:76 -  ------------------------------ ------- -------- ------- -----
2026-08-29 10:24:00,512 [INFO] CmdLine:76 -  TOTAL                            7,028   10,832   1,672   524
2026-08-29 10:24:00,513 [INFO] CmdLine:76 -  ------------------------------ ------- -------- ------- -----
2026-08-29 10:24:00,513 [INFO] CmdLine:76 -  *  toolchain objects (libm/libgcc*)
2026-08-29 10:24:00,513 [INFO] CmdLine:76 -  ** RT AI runtime objects (kernels+infrastructure)
2026-08-29 10:24:00,513 [INFO] CmdLine:76 -   Summary - "stm32l4" target
2026-08-29 10:24:00,513 [INFO] CmdLine:76 -   ---------------------------------------------------
2026-08-29 10:24:00,513 [INFO] CmdLine:76 -                FLASH (ro)      %*   RAM (rw)       %
2026-08-29 10:24:00,513 [INFO] CmdLine:76 -   ---------------------------------------------------
2026-08-29 10:24:00,514 [INFO] CmdLine:76 -   RT total          8,756   44.8%      1,812   82.5%
2026-08-29 10:24:00,514 [INFO] CmdLine:76 -   ---------------------------------------------------
2026-08-29 10:24:00,514 [INFO] CmdLine:76 -   TOTAL            19,532              2,196
2026-08-29 10:24:00,514 [INFO] CmdLine:76 -   ---------------------------------------------------
2026-08-29 10:24:00,514 [INFO] CmdLine:76 -   *  rt/total
2026-08-29 10:24:00,514 [INFO] CmdLine:76 -  Generated files (7)
2026-08-29 10:24:00,514 [INFO] CmdLine:76 -  --------------------------------------------------------------------
2026-08-29 10:24:00,514 [INFO] CmdLine:76 -  C:\Users\student\.stm32cubemx\network_output\network_data_params.h
2026-08-29 10:24:00,514 [INFO] CmdLine:76 -  C:\Users\student\.stm32cubemx\network_output\network_data_params.c
2026-08-29 10:24:00,514 [INFO] CmdLine:76 -  C:\Users\student\.stm32cubemx\network_output\network_data.h
2026-08-29 10:24:00,514 [INFO] CmdLine:76 -  C:\Users\student\.stm32cubemx\network_output\network_data.c
2026-08-29 10:24:00,514 [INFO] CmdLine:76 -  C:\Users\student\.stm32cubemx\network_output\network_config.h
2026-08-29 10:24:00,514 [INFO] CmdLine:76 -  C:\Users\student\.stm32cubemx\network_output\network.h
2026-08-29 10:24:00,514 [INFO] CmdLine:76 -  C:\Users\student\.stm32cubemx\network_output\network.c
2026-08-29 10:24:00,515 [INFO] CmdLine:76 - Creating txt report file C:\Users\student\.stm32cubemx\network_output\network_generate_report.txt
2026-08-29 10:24:10,014 [INFO] CmdLine:76 - elapsed time (generate): 13.384s
2026-08-29 10:24:10,346 [INFO] CmdLine:148 - stedgeai exit with status: 0
2026-08-29 10:24:10,350 [INFO] AIModelDetailledView:2264 - Analysis status: done
2026-08-29 10:24:10,509 [INFO] ProjectBuilder:3606 - Time for Copy HAL[1] : 65mS.
2026-08-29 10:24:10,509 [ERROR] Middleware:2950 - Invalid RefComponent list
2026-08-29 10:24:10,509 [ERROR] Middleware:2950 - Invalid RefComponent list
2026-08-29 10:24:10,509 [ERROR] Middleware:2950 - Invalid RefComponent list
2026-08-29 10:24:10,509 [ERROR] Middleware:2950 - Invalid RefComponent list
2026-08-29 10:24:10,509 [ERROR] Middleware:2950 - Invalid RefComponent list
2026-08-29 10:24:10,509 [ERROR] Middleware:2950 - Invalid RefComponent list
2026-08-29 10:24:10,510 [ERROR] Middleware:2950 - Invalid RefComponent list
2026-08-29 10:24:10,510 [ERROR] Middleware:2950 - Invalid RefComponent list
2026-08-29 10:24:10,510 [ERROR] Middleware:2950 - Invalid RefComponent list
2026-08-29 10:24:10,510 [ERROR] Middleware:2950 - Invalid RefComponent list
2026-08-29 10:24:10,510 [ERROR] Middleware:2950 - Invalid RefComponent list
2026-08-29 10:24:10,510 [ERROR] Middleware:2950 - Invalid RefComponent list
2026-08-29 10:24:10,510 [ERROR] Middleware:2950 - Invalid RefComponent list
2026-08-29 10:24:10,510 [ERROR] Middleware:2950 - Invalid RefComponent list
2026-08-29 10:24:10,510 [ERROR] Middleware:2950 - Invalid RefComponent list
2026-08-29 10:24:10,510 [ERROR] Middleware:2950 - Invalid RefComponent list
2026-08-29 10:24:10,510 [ERROR] Middleware:2950 - Invalid RefComponent list
2026-08-29 10:24:10,510 [ERROR] Middleware:2950 - Invalid RefComponent list
2026-08-29 10:24:10,510 [ERROR] Middleware:2950 - Invalid RefComponent list
2026-08-29 10:24:10,510 [ERROR] Middleware:2950 - Invalid RefComponent list
2026-08-29 10:24:10,510 [ERROR] Middleware:2950 - Invalid RefComponent list
2026-08-29 10:24:10,510 [ERROR] Middleware:2950 - Invalid RefComponent list
2026-08-29 10:24:10,510 [ERROR] Middleware:2950 - Invalid RefComponent list
2026-08-29 10:24:10,510 [ERROR] Middleware:2950 - Invalid RefComponent list
2026-08-29 10:24:10,510 [ERROR] Middleware:2950 - Invalid RefComponent list
2026-08-29 10:24:10,510 [ERROR] Middleware:2950 - Invalid RefComponent list
2026-08-29 10:24:10,510 [ERROR] Middleware:2950 - Invalid RefComponent list
2026-08-29 10:24:10,510 [ERROR] Middleware:2950 - Invalid RefComponent list
2026-08-29 10:24:10,510 [ERROR] Middleware:2950 - Invalid RefComponent list
2026-08-29 10:24:10,510 [ERROR] Middleware:2950 - Invalid RefComponent list
2026-08-29 10:24:10,510 [ERROR] Middleware:2950 - Invalid RefComponent list
2026-08-29 10:24:10,510 [ERROR] Middleware:2950 - Invalid RefComponent list
2026-08-29 10:24:10,510 [ERROR] Middleware:2950 - Invalid RefComponent list
2026-08-29 10:24:10,510 [ERROR] Middleware:2950 - Invalid RefComponent list
2026-08-29 10:24:10,510 [ERROR] Middleware:2950 - Invalid RefComponent list
2026-08-29 10:24:10,510 [ERROR] Middleware:2950 - Invalid RefComponent list
2026-08-29 10:24:10,510 [ERROR] Middleware:2950 - Invalid RefComponent list
2026-08-29 10:24:10,510 [ERROR] Middleware:2950 - Invalid RefComponent list
2026-08-29 10:24:10,510 [ERROR] Middleware:2950 - Invalid RefComponent list
2026-08-29 10:24:10,510 [ERROR] Middleware:2950 - Invalid RefComponent list
2026-08-29 10:24:10,510 [ERROR] Middleware:2950 - Invalid RefComponent list
2026-08-29 10:24:10,510 [ERROR] Middleware:2950 - Invalid RefComponent list
2026-08-29 10:24:10,510 [ERROR] Middleware:2950 - Invalid RefComponent list
2026-08-29 10:24:10,510 [ERROR] Middleware:2950 - Invalid RefComponent list
2026-08-29 10:24:10,510 [ERROR] Middleware:2950 - Invalid RefComponent list
2026-08-29 10:24:10,510 [ERROR] Middleware:2950 - Invalid RefComponent list
2026-08-29 10:24:10,510 [ERROR] Middleware:2950 - Invalid RefComponent list
2026-08-29 10:24:10,510 [ERROR] Middleware:2950 - Invalid RefComponent list
2026-08-29 10:24:10,510 [ERROR] Middleware:2950 - Invalid RefComponent list
2026-08-29 10:24:10,510 [ERROR] Middleware:2950 - Invalid RefComponent list
2026-08-29 10:24:10,511 [INFO] ProjectBuilder:5216 - Project Generator version: 4.7.0-B52
2026-08-29 10:24:10,545 [INFO] ConfigFileManager:1595 - The Die is : DIE470
2026-08-29 10:24:11,008 [INFO] ProjectBuilder:5496 - Time for Generating toolchain IDE Files: 496mS.
2026-08-29 10:24:11,008 [INFO] ProjectBuilder:3463 - Time for Copy CMSIS : 0mS.
2026-08-29 10:24:11,009 [INFO] ProjectBuilder:3463 - Time for Copy CMSIS : 0mS.
2026-08-29 10:24:11,196 [INFO] UtilMem:75 - End SaveConfig() Used Memory: 881035280 Bytes (1073741824)
2026-08-29 10:24:13,047 [INFO] UtilMem:75 - End SaveConfig() Used Memory: 990153864 Bytes (1073741824)
2026-08-29 10:24:13,137 [INFO] UtilMem:75 - End SaveConfig() Used Memory: 843813248 Bytes (1073741824)
2026-08-29 10:24:13,218 [INFO] BlockDiagram:2775 - set Specific Code input for plugin: SYS
2026-08-29 10:24:13,218 [INFO] BlockDiagram:2775 - set Specific Code input for plugin: RCC
2026-08-29 10:24:13,218 [INFO] BlockDiagram:2775 - set Specific Code input for plugin: I2C
2026-08-29 10:24:13,218 [INFO] BlockDiagram:2775 - set Specific Code input for plugin: NVIC
2026-08-29 10:24:13,218 [INFO] BlockDiagram:2775 - set Specific Code input for plugin: USART
2026-08-29 10:24:13,218 [INFO] BlockDiagram:2775 - set Specific Code input for plugin: STMicroelectronics.X-CUBE-AI.10.2.1
2026-08-29 10:24:13,218 [INFO] BlockDiagram:2775 - set Specific Code input for plugin: GPIO
2026-08-29 10:24:13,218 [INFO] CodeGenerator:892 - code generatio: config db path: C:\ST\STM32CubeIDE_1.19.0\STM32CubeIDE\plugins\com.st.stm32cube.common.mx_6.15.0.202507011659\\db\
2026-08-29 10:24:13,252 [INFO] IP:3329 - RTE Config file name : RTE_Component
2026-08-29 10:24:13,252 [INFO] IP:3347 - RTE template : RTE_Components.ftl
2026-08-29 10:24:13,255 [INFO] CodeEngine:265 - oldGeneratedFile, D:\TinyML_Workspace\TinyML\STM32\IMU_inference\MXTmpFiles\license.tmp_save
2026-08-29 10:24:13,279 [INFO] CodeEngine:289 - Generated code: D:\TinyML_Workspace\TinyML\STM32\IMU_inference\MXTmpFiles\license.tmp
2026-08-29 10:24:13,288 [INFO] CodeEngine:265 - oldGeneratedFile, D:\TinyML_Workspace\TinyML\STM32\IMU_inference\MXTmpFiles\gpio.tmp_save
2026-08-29 10:24:13,315 [INFO] CodeEngine:289 - Generated code: D:\TinyML_Workspace\TinyML\STM32\IMU_inference\MXTmpFiles\gpio.tmp
2026-08-29 10:24:13,351 [INFO] Middleware:1452 - No code input for Bsp Dependency
2026-08-29 10:24:13,352 [INFO] Middleware:1452 - No code input for Bsp Dependency
2026-08-29 10:24:13,357 [INFO] CodeEngine:265 - oldGeneratedFile, D:\TinyML_Workspace\TinyML\STM32\IMU_inference\Core\Src\stm32l4xx_it.c_save
2026-08-29 10:24:13,389 [INFO] CodeEngine:289 - Generated code: D:\TinyML_Workspace\TinyML\STM32\IMU_inference\Core\Src\stm32l4xx_it.c
2026-08-29 10:24:13,391 [INFO] CodeEngine:265 - oldGeneratedFile, D:\TinyML_Workspace\TinyML\STM32\IMU_inference\Core\Inc\stm32l4xx_it.h_save
2026-08-29 10:24:13,423 [INFO] CodeEngine:289 - Generated code: D:\TinyML_Workspace\TinyML\STM32\IMU_inference\Core\Inc\stm32l4xx_it.h
2026-08-29 10:24:13,429 [INFO] CodeEngine:265 - oldGeneratedFile, D:\TinyML_Workspace\TinyML\STM32\IMU_inference\Core\Src\stm32l4xx_hal_msp.c_save
2026-08-29 10:24:13,473 [INFO] CodeEngine:289 - Generated code: D:\TinyML_Workspace\TinyML\STM32\IMU_inference\Core\Src\stm32l4xx_hal_msp.c
2026-08-29 10:24:13,474 [INFO] CodeEngine:265 - oldGeneratedFile, D:\TinyML_Workspace\TinyML\STM32\IMU_inference\MXTmpFiles\system.tmp_save
2026-08-29 10:24:13,500 [INFO] CodeEngine:289 - Generated code: D:\TinyML_Workspace\TinyML\STM32\IMU_inference\MXTmpFiles\system.tmp
2026-08-29 10:24:13,504 [INFO] CodeEngine:321 - oldGeneratedFile, D:\TinyML_Workspace\TinyML\STM32\IMU_inference\Core\Inc\stm32l4xx_hal_conf.h_save
2026-08-29 10:24:13,533 [INFO] CodeEngine:345 - Generated code: D:\TinyML_Workspace\TinyML\STM32\IMU_inference\Core\Inc\stm32l4xx_hal_conf.h
2026-08-29 10:24:13,541 [INFO] CodeEngine:265 - oldGeneratedFile, D:\TinyML_Workspace\TinyML\STM32\IMU_inference\Core\Inc\main.h_save
2026-08-29 10:24:13,569 [INFO] CodeEngine:289 - Generated code: D:\TinyML_Workspace\TinyML\STM32\IMU_inference\Core\Inc\main.h
2026-08-29 10:24:13,572 [INFO] CodeEngine:265 - oldGeneratedFile, D:\TinyML_Workspace\TinyML\STM32\IMU_inference\Core\Src\main.c_save
2026-08-29 10:24:13,611 [INFO] CodeEngine:289 - Generated code: D:\TinyML_Workspace\TinyML\STM32\IMU_inference\Core\Src\main.c
2026-08-29 10:24:13,705 [INFO] AInterface:322 - ModelName:network; files:[D:\TinyML_Workspace\TinyML\ONNX\mlp_model.onnx]; type:ONNX; compression:None
2026-08-29 10:24:13,705 [INFO] AInterface:526 - workspaceTempDir: C:/Users/student/AppData/Local/Temp/mxAI_workspace145320955383970014960664496160910807
2026-08-29 10:24:13,705 [INFO] AInterface:1179 - Setting Env: C:/Users/student/STM32Cube/Repository//Packs/STMicroelectronics/X-CUBE-AI/10.2.1/Utilities/windows
2026-08-29 10:24:13,707 [INFO] STM32CubeIDEBuilder:265 - Looking for gnu-tools-for-stm32 tools/bin/arm-none-eabi-gcc.exe in C:\ST\STM32CubeIDE_1.19.0\STM32CubeIDE
2026-08-29 10:24:13,708 [INFO] STM32CubeIDEBuilder:294 - checking C:\ST\STM32CubeIDE_1.19.0\STM32CubeIDE\plugins\com.st.stm32cube.ide.mcu.externaltools.gnu-tools-for-stm32.13.3.rel1.win32_1.0.0.202411081344\tools\bin\arm-none-eabi-gcc.exe
2026-08-29 10:24:13,708 [INFO] STM32CubeIDEBuilder:297 - ret=C:\ST\STM32CubeIDE_1.19.0\STM32CubeIDE\plugins\com.st.stm32cube.ide.mcu.externaltools.gnu-tools-for-stm32.13.3.rel1.win32_1.0.0.202411081344\tools\bin\arm-none-eabi-gcc.exe
2026-08-29 10:24:13,708 [INFO] STM32CubeIDEBuilder:311 - returning C:\ST\STM32CubeIDE_1.19.0\STM32CubeIDE\plugins\com.st.stm32cube.ide.mcu.externaltools.gnu-tools-for-stm32.13.3.rel1.win32_1.0.0.202411081344\tools\bin\arm-none-eabi-gcc.exe
2026-08-29 10:24:13,709 [INFO] AInterface:1236 - Custom PATH variable: C:/Users/student/STM32Cube/Repository//Packs/STMicroelectronics/X-CUBE-AI/10.2.1/Utilities/windows;C:/Users/student/STM32Cube/Repository//Packs/STMicroelectronics/X-CUBE-AI/10.2.1/Utilities/windows/mingw64/bin;C:/Users/student/STM32Cube/Repository//Packs/STMicroelectronics/X-CUBE-AI/10.2.1/Utilities/windows/mingw64/libexec/gcc/x86_64-w64-mingw32/7.3.0;;C:\ST\STM32CubeIDE_1.19.0\STM32CubeIDE\plugins\com.st.stm32cube.ide.mcu.externaltools.gnu-tools-for-stm32.13.3.rel1.win32_1.0.0.202411081344\tools\bin
2026-08-29 10:24:13,709 [INFO] CmdLine:115 - Command: C:/Users/student/STM32Cube/Repository//Packs/STMicroelectronics/X-CUBE-AI/10.2.1/Utilities/windows/stedgeai.exe generate --target stm32l4 --name network -m D:/TinyML_Workspace/TinyML/ONNX/mlp_model.onnx --compression none --verbosity 1 --workspace C:/Users/student/AppData/Local/Temp/mxAI_workspace145320955383970014960664496160910807 --output C:/Users/student/.stm32cubemx/network_output
2026-08-29 10:24:13,710 [INFO] AIModelDetailledView:2264 - Analysis status: pending
2026-08-29 10:24:13,995 [INFO] CmdLine:76 - ST Edge AI Core v2.2.0-20266 2adc00962
2026-08-29 10:24:17,269 [INFO] CmdLine:76 - Creating c (debug) info json file C:\Users\student\.stm32cubemx\network_output\network_c_info.json
2026-08-29 10:24:17,278 [INFO] CmdLine:76 -  
2026-08-29 10:24:17,278 [INFO] CmdLine:76 -  Exec/report summary (generate)
2026-08-29 10:24:17,278 [INFO] CmdLine:76 -  ----------------------------------------------------------------------------------------------------------------
2026-08-29 10:24:17,278 [INFO] CmdLine:76 -  model file         :   D:\TinyML_Workspace\TinyML\ONNX\mlp_model.onnx                                           
2026-08-29 10:24:17,278 [INFO] CmdLine:76 -  type               :   onnx                                                                                     
2026-08-29 10:24:17,278 [INFO] CmdLine:76 -  c_name             :   network                                                                                  
2026-08-29 10:24:17,278 [INFO] CmdLine:76 -  compression        :   none                                                                                     
2026-08-29 10:24:17,278 [INFO] CmdLine:76 -  options            :   allocate-inputs, allocate-outputs                                                        
2026-08-29 10:24:17,278 [INFO] CmdLine:76 -  optimization       :   balanced                                                                                 
2026-08-29 10:24:17,278 [INFO] CmdLine:76 -  target/series      :   stm32l4                                                                                  
2026-08-29 10:24:17,278 [INFO] CmdLine:76 -  workspace dir      :   C:\Users\student\AppData\Local\Temp\mxAI_workspace145320955383970014960664496160910807   
2026-08-29 10:24:17,278 [INFO] CmdLine:76 -  output dir         :   C:\Users\student\.stm32cubemx\network_output                                             
2026-08-29 10:24:17,278 [INFO] CmdLine:76 -  model_fmt          :   float                                                                                    
2026-08-29 10:24:17,278 [INFO] CmdLine:76 -  model_name         :   mlp_model                                                                                
2026-08-29 10:24:17,279 [INFO] CmdLine:76 -  model_hash         :   0xabe1ccadf1dc84c1c4cf2a31102547ec                                                       
2026-08-29 10:24:17,279 [INFO] CmdLine:76 -  params #           :   2,693 items (10.52 KiB)                                                                  
2026-08-29 10:24:17,279 [INFO] CmdLine:76 -  ----------------------------------------------------------------------------------------------------------------
2026-08-29 10:24:17,279 [INFO] CmdLine:76 -  input 1/1          :   'input', f32(1x6), 24 Bytes, activations                                                 
2026-08-29 10:24:17,279 [INFO] CmdLine:76 -  output 1/1         :   'output', f32(1x5), 20 Bytes, activations                                                
2026-08-29 10:24:17,279 [INFO] CmdLine:76 -  macc               :   2,789                                                                                    
2026-08-29 10:24:17,279 [INFO] CmdLine:76 -  weights (ro)       :   10,772 B (10.52 KiB) (1 segment)                                                         
2026-08-29 10:24:17,279 [INFO] CmdLine:76 -  activations (rw)   :   384 B (384 B) (1 segment) *                                                              
2026-08-29 10:24:17,279 [INFO] CmdLine:76 -  ram (total)        :   384 B (384 B) = 384 + 0 + 0                                                              
2026-08-29 10:24:17,280 [INFO] CmdLine:76 -  ----------------------------------------------------------------------------------------------------------------
2026-08-29 10:24:17,280 [INFO] CmdLine:76 -  (*) 'input'/'output' buffers are allocated in the activations buffer
2026-08-29 10:24:17,281 [INFO] CmdLine:76 - Computing AI RT data/code size (target=stm32l4)..
2026-08-29 10:24:17,840 [INFO] CmdLine:76 -  Requested memory size by section - "stm32l4" target
2026-08-29 10:24:17,840 [INFO] CmdLine:76 -  ------------------------------ ------- -------- ------- -----
2026-08-29 10:24:17,840 [INFO] CmdLine:76 -  module                            text   rodata    data   bss
2026-08-29 10:24:17,840 [INFO] CmdLine:76 -  ------------------------------ ------- -------- ------- -----
2026-08-29 10:24:17,840 [INFO] CmdLine:76 -  NetworkRuntime1020_CM4_GCC.a     6,452        0       0     0
2026-08-29 10:24:17,840 [INFO] CmdLine:76 -  network.o                          528       40   1,584   140
2026-08-29 10:24:17,840 [INFO] CmdLine:76 -  network_data.o                      48       16      88     0
2026-08-29 10:24:17,840 [INFO] CmdLine:76 -  lib (toolchain)*                     0        0       0     0
2026-08-29 10:24:17,840 [INFO] CmdLine:76 -  ------------------------------ ------- -------- ------- -----
2026-08-29 10:24:17,840 [INFO] CmdLine:76 -  RT total**                       7,028       56   1,672   140
2026-08-29 10:24:17,840 [INFO] CmdLine:76 -  ------------------------------ ------- -------- ------- -----
2026-08-29 10:24:17,840 [INFO] CmdLine:76 -  weights                              0   10,776       0     0
2026-08-29 10:24:17,840 [INFO] CmdLine:76 -  activations                          0        0       0   384
2026-08-29 10:24:17,841 [INFO] CmdLine:76 -  io                                   0        0       0     0
2026-08-29 10:24:17,841 [INFO] CmdLine:76 -  ------------------------------ ------- -------- ------- -----
2026-08-29 10:24:17,841 [INFO] CmdLine:76 -  TOTAL                            7,028   10,832   1,672   524
2026-08-29 10:24:17,841 [INFO] CmdLine:76 -  ------------------------------ ------- -------- ------- -----
2026-08-29 10:24:17,841 [INFO] CmdLine:76 -  *  toolchain objects (libm/libgcc*)
2026-08-29 10:24:17,841 [INFO] CmdLine:76 -  ** RT AI runtime objects (kernels+infrastructure)
2026-08-29 10:24:17,841 [INFO] CmdLine:76 -   Summary - "stm32l4" target
2026-08-29 10:24:17,841 [INFO] CmdLine:76 -   ---------------------------------------------------
2026-08-29 10:24:17,841 [INFO] CmdLine:76 -                FLASH (ro)      %*   RAM (rw)       %
2026-08-29 10:24:17,841 [INFO] CmdLine:76 -   ---------------------------------------------------
2026-08-29 10:24:17,841 [INFO] CmdLine:76 -   RT total          8,756   44.8%      1,812   82.5%
2026-08-29 10:24:17,841 [INFO] CmdLine:76 -   ---------------------------------------------------
2026-08-29 10:24:17,841 [INFO] CmdLine:76 -   TOTAL            19,532              2,196
2026-08-29 10:24:17,841 [INFO] CmdLine:76 -   ---------------------------------------------------
2026-08-29 10:24:17,841 [INFO] CmdLine:76 -   *  rt/total
2026-08-29 10:24:17,841 [INFO] CmdLine:76 -  Generated files (7)
2026-08-29 10:24:17,841 [INFO] CmdLine:76 -  --------------------------------------------------------------------
2026-08-29 10:24:17,841 [INFO] CmdLine:76 -  C:\Users\student\.stm32cubemx\network_output\network_data_params.h
2026-08-29 10:24:17,841 [INFO] CmdLine:76 -  C:\Users\student\.stm32cubemx\network_output\network_data_params.c
2026-08-29 10:24:17,841 [INFO] CmdLine:76 -  C:\Users\student\.stm32cubemx\network_output\network_data.h
2026-08-29 10:24:17,841 [INFO] CmdLine:76 -  C:\Users\student\.stm32cubemx\network_output\network_data.c
2026-08-29 10:24:17,842 [INFO] CmdLine:76 -  C:\Users\student\.stm32cubemx\network_output\network_config.h
2026-08-29 10:24:17,842 [INFO] CmdLine:76 -  C:\Users\student\.stm32cubemx\network_output\network.h
2026-08-29 10:24:17,842 [INFO] CmdLine:76 -  C:\Users\student\.stm32cubemx\network_output\network.c
2026-08-29 10:24:17,842 [INFO] CmdLine:76 - Creating txt report file C:\Users\student\.stm32cubemx\network_output\network_generate_report.txt
2026-08-29 10:24:27,692 [INFO] CmdLine:76 - elapsed time (generate): 13.698s
2026-08-29 10:24:28,022 [INFO] CmdLine:148 - stedgeai exit with status: 0
2026-08-29 10:24:28,026 [INFO] AIModelDetailledView:2264 - Analysis status: done
2026-08-29 10:24:28,182 [INFO] ProjectBuilder:3606 - Time for Copy HAL[1] : 52mS.
2026-08-29 10:24:28,182 [ERROR] Middleware:2950 - Invalid RefComponent list
2026-08-29 10:24:28,182 [ERROR] Middleware:2950 - Invalid RefComponent list
2026-08-29 10:24:28,182 [ERROR] Middleware:2950 - Invalid RefComponent list
2026-08-29 10:24:28,183 [ERROR] Middleware:2950 - Invalid RefComponent list
2026-08-29 10:24:28,183 [ERROR] Middleware:2950 - Invalid RefComponent list
2026-08-29 10:24:28,183 [ERROR] Middleware:2950 - Invalid RefComponent list
2026-08-29 10:24:28,183 [ERROR] Middleware:2950 - Invalid RefComponent list
2026-08-29 10:24:28,183 [ERROR] Middleware:2950 - Invalid RefComponent list
2026-08-29 10:24:28,183 [ERROR] Middleware:2950 - Invalid RefComponent list
2026-08-29 10:24:28,183 [ERROR] Middleware:2950 - Invalid RefComponent list
2026-08-29 10:24:28,183 [ERROR] Middleware:2950 - Invalid RefComponent list
2026-08-29 10:24:28,183 [ERROR] Middleware:2950 - Invalid RefComponent list
2026-08-29 10:24:28,183 [ERROR] Middleware:2950 - Invalid RefComponent list
2026-08-29 10:24:28,183 [ERROR] Middleware:2950 - Invalid RefComponent list
2026-08-29 10:24:28,183 [ERROR] Middleware:2950 - Invalid RefComponent list
2026-08-29 10:24:28,183 [ERROR] Middleware:2950 - Invalid RefComponent list
2026-08-29 10:24:28,183 [ERROR] Middleware:2950 - Invalid RefComponent list
2026-08-29 10:24:28,183 [ERROR] Middleware:2950 - Invalid RefComponent list
2026-08-29 10:24:28,183 [ERROR] Middleware:2950 - Invalid RefComponent list
2026-08-29 10:24:28,183 [ERROR] Middleware:2950 - Invalid RefComponent list
2026-08-29 10:24:28,183 [ERROR] Middleware:2950 - Invalid RefComponent list
2026-08-29 10:24:28,183 [ERROR] Middleware:2950 - Invalid RefComponent list
2026-08-29 10:24:28,183 [ERROR] Middleware:2950 - Invalid RefComponent list
2026-08-29 10:24:28,183 [ERROR] Middleware:2950 - Invalid RefComponent list
2026-08-29 10:24:28,183 [ERROR] Middleware:2950 - Invalid RefComponent list
2026-08-29 10:24:28,183 [ERROR] Middleware:2950 - Invalid RefComponent list
2026-08-29 10:24:28,183 [ERROR] Middleware:2950 - Invalid RefComponent list
2026-08-29 10:24:28,183 [ERROR] Middleware:2950 - Invalid RefComponent list
2026-08-29 10:24:28,183 [ERROR] Middleware:2950 - Invalid RefComponent list
2026-08-29 10:24:28,183 [ERROR] Middleware:2950 - Invalid RefComponent list
2026-08-29 10:24:28,183 [ERROR] Middleware:2950 - Invalid RefComponent list
2026-08-29 10:24:28,183 [ERROR] Middleware:2950 - Invalid RefComponent list
2026-08-29 10:24:28,183 [ERROR] Middleware:2950 - Invalid RefComponent list
2026-08-29 10:24:28,183 [ERROR] Middleware:2950 - Invalid RefComponent list
2026-08-29 10:24:28,183 [ERROR] Middleware:2950 - Invalid RefComponent list
2026-08-29 10:24:28,183 [ERROR] Middleware:2950 - Invalid RefComponent list
2026-08-29 10:24:28,183 [ERROR] Middleware:2950 - Invalid RefComponent list
2026-08-29 10:24:28,183 [ERROR] Middleware:2950 - Invalid RefComponent list
2026-08-29 10:24:28,183 [ERROR] Middleware:2950 - Invalid RefComponent list
2026-08-29 10:24:28,183 [ERROR] Middleware:2950 - Invalid RefComponent list
2026-08-29 10:24:28,183 [ERROR] Middleware:2950 - Invalid RefComponent list
2026-08-29 10:24:28,183 [ERROR] Middleware:2950 - Invalid RefComponent list
2026-08-29 10:24:28,183 [ERROR] Middleware:2950 - Invalid RefComponent list
2026-08-29 10:24:28,183 [ERROR] Middleware:2950 - Invalid RefComponent list
2026-08-29 10:24:28,183 [ERROR] Middleware:2950 - Invalid RefComponent list
2026-08-29 10:24:28,183 [ERROR] Middleware:2950 - Invalid RefComponent list
2026-08-29 10:24:28,183 [ERROR] Middleware:2950 - Invalid RefComponent list
2026-08-29 10:24:28,183 [ERROR] Middleware:2950 - Invalid RefComponent list
2026-08-29 10:24:28,183 [ERROR] Middleware:2950 - Invalid RefComponent list
2026-08-29 10:24:28,183 [ERROR] Middleware:2950 - Invalid RefComponent list
2026-08-29 10:24:28,184 [INFO] ProjectBuilder:5216 - Project Generator version: 4.7.0-B52
2026-08-29 10:24:28,217 [INFO] ConfigFileManager:1595 - The Die is : DIE470
2026-08-29 10:24:28,547 [INFO] ProjectBuilder:5496 - Time for Generating toolchain IDE Files: 363mS.
2026-08-29 10:24:28,548 [INFO] ProjectBuilder:3463 - Time for Copy CMSIS : 0mS.
2026-08-29 10:24:28,549 [INFO] ProjectBuilder:3463 - Time for Copy CMSIS : 0mS.
2026-08-29 10:24:31,273 [ERROR] ConfigurationRetriever:142 - IOException on connection: Read timed out
2026-08-29 10:24:33,277 [ERROR] ConfigurationRetriever:142 - IOException on connection: Read timed out
2026-08-29 10:24:35,292 [ERROR] ConfigurationRetriever:142 - IOException on connection: Read timed out
2026-08-29 10:24:37,297 [ERROR] ConfigurationRetriever:142 - IOException on connection: Read timed out
2026-08-29 10:24:39,303 [ERROR] ConfigurationRetriever:142 - IOException on connection: Read timed out
2026-08-29 10:26:02,517 [INFO] UtilMem:75 - End SaveConfig() Used Memory: 864085256 Bytes (1073741824)
2026-08-29 10:26:07,598 [ERROR] ConfigurationRetriever:142 - IOException on connection: Connect timed out
2026-08-29 10:26:11,303 [ERROR] ConfigurationRetriever:142 - IOException on connection: Connect timed out
2026-08-29 10:26:13,285 [ERROR] ConfigurationRetriever:142 - IOException on connection: Connect timed out
2026-08-29 10:26:13,307 [ERROR] ConfigurationRetriever:142 - IOException on connection: Connect timed out
2026-08-29 10:26:15,309 [ERROR] ConfigurationRetriever:142 - IOException on connection: Connect timed out
2026-08-29 10:26:15,705 [ERROR] LogOutputStream:75 - [STDERR_REDIRECT] 
2026-08-29 11:03:02,865 [INFO] Activator:176 - 


2026-08-29 11:03:02,865 [INFO] Activator:177 - !SESSION log4j initialized
2026-08-29 11:03:05,897 [INFO] LogOutputStream:77 - [STDOUT_REDIRECT] 
2026-08-29 11:03:06,509 [INFO] ApplicationProperties:184 - Using Application install path: C:\ST\STM32CubeIDE_1.19.0\STM32CubeIDE\plugins\com.st.stm32cube.common.mx_6.15.0.202507011659
2026-08-29 11:03:06,521 [INFO] DbMcusXml:78 - Set database path to: C:\ST\STM32CubeIDE_1.19.0\STM32CubeIDE\plugins\com.st.stm32cube.common.mx_6.15.0.202507011659\\db\/mcu/
2026-08-29 11:03:06,521 [INFO] ApiDb:274 - Set plugin database path to: C:\ST\STM32CubeIDE_1.19.0\STM32CubeIDE\plugins\com.st.stm32cube.common.mx_6.15.0.202507011659\\db\/plugins/boardmanager/
2026-08-29 11:03:06,521 [WARN] ApiDb:259 - Overriding images path with different value:  => C:\ST\STM32CubeIDE_1.19.0\STM32CubeIDE\plugins\com.st.stm32cube.common.mx_6.15.0.202507011659\\db\/plugins/mcufinder/images/
2026-08-29 11:03:06,524 [INFO] ApiDb:250 - Set database path to: C:\Users\student\.stmcufinder\plugins\mcufinder//mcu/
2026-08-29 11:03:06,525 [INFO] DbMcusAds:125 - Set database path to: C:\Users\student\.stmcufinder\plugins\mcufinder//mcu/
2026-08-29 11:03:06,526 [INFO] CrossReferenceDbSqlite:203 - Set database path to: C:\Users\student\.stmcufinder\plugins\mcufinder//mcu/cs/
2026-08-29 11:03:06,589 [INFO] RulesReader:64 - Compatibility file has been processed (317 Rules)
2026-08-29 11:03:06,632 [INFO] DbMcusXml:78 - Set database path to: C:\ST\STM32CubeIDE_1.19.0\STM32CubeIDE\plugins\com.st.stm32cube.common.mx_6.15.0.202507011659\\db\/mcu/
2026-08-29 11:03:06,633 [INFO] ApiDb:274 - Set plugin database path to: C:\ST\STM32CubeIDE_1.19.0\STM32CubeIDE\plugins\com.st.stm32cube.common.mx_6.15.0.202507011659\\db\/plugins/boardmanager/
2026-08-29 11:03:06,633 [INFO] ApiDb:261 - Set plugin images path to: C:\ST\STM32CubeIDE_1.19.0\STM32CubeIDE\plugins\com.st.stm32cube.common.mx_6.15.0.202507011659\\db\/plugins/mcufinder/images/
2026-08-29 11:03:06,633 [WARN] DbFile:41 - Overriding database path with different value: C:\Users\student\.stmcufinder\plugins\mcufinder/ => C:\Users\student\.stmcufinder\plugins\mcufinder
2026-08-29 11:03:06,633 [INFO] ApiDb:250 - Set database path to: C:\Users\student\.stmcufinder\plugins\mcufinder//mcu/
2026-08-29 11:03:06,633 [WARN] DbFile:41 - Overriding database path with different value: C:\Users\student\.stmcufinder\plugins\mcufinder/ => C:\Users\student\.stmcufinder\plugins\mcufinder
2026-08-29 11:03:06,633 [INFO] DbMcusAds:125 - Set database path to: C:\Users\student\.stmcufinder\plugins\mcufinder//mcu/
2026-08-29 11:03:06,633 [WARN] DbFile:41 - Overriding database path with different value: C:\Users\student\.stmcufinder\plugins\mcufinder/ => C:\Users\student\.stmcufinder\plugins\mcufinder
2026-08-29 11:03:06,633 [WARN] DbFile:41 - Overriding database path with different value: C:\Users\student\.stmcufinder\plugins\mcufinder/ => C:\Users\student\.stmcufinder\plugins\mcufinder
2026-08-29 11:03:06,633 [INFO] CrossReferenceDbSqlite:203 - Set database path to: C:\Users\student\.stmcufinder\plugins\mcufinder//mcu/cs/
2026-08-29 11:03:06,675 [INFO] MainPanel:274 - HeapMemory: 268435456
2026-08-29 11:03:06,741 [INFO] DbMcusXml:78 - Set database path to: C:\ST\STM32CubeIDE_1.19.0\STM32CubeIDE\plugins\com.st.stm32cube.common.mx_6.15.0.202507011659\\db\/mcu/
2026-08-29 11:03:06,741 [INFO] ApiDb:274 - Set plugin database path to: C:\ST\STM32CubeIDE_1.19.0\STM32CubeIDE\plugins\com.st.stm32cube.common.mx_6.15.0.202507011659\\db\/plugins/boardmanager/
2026-08-29 11:03:06,741 [INFO] ApiDb:261 - Set plugin images path to: C:\ST\STM32CubeIDE_1.19.0\STM32CubeIDE\plugins\com.st.stm32cube.common.mx_6.15.0.202507011659\\db\/plugins/mcufinder/images/
2026-08-29 11:03:06,742 [WARN] DbFile:41 - Overriding database path with different value: C:\Users\student\.stmcufinder\plugins\mcufinder/ => C:\Users\student\.stmcufinder\plugins\mcufinder
2026-08-29 11:03:06,742 [INFO] ApiDb:250 - Set database path to: C:\Users\student\.stmcufinder\plugins\mcufinder//mcu/
2026-08-29 11:03:06,742 [WARN] DbFile:41 - Overriding database path with different value: C:\Users\student\.stmcufinder\plugins\mcufinder/ => C:\Users\student\.stmcufinder\plugins\mcufinder
2026-08-29 11:03:06,742 [INFO] DbMcusAds:125 - Set database path to: C:\Users\student\.stmcufinder\plugins\mcufinder//mcu/
2026-08-29 11:03:06,742 [WARN] DbFile:41 - Overriding database path with different value: C:\Users\student\.stmcufinder\plugins\mcufinder/ => C:\Users\student\.stmcufinder\plugins\mcufinder
2026-08-29 11:03:06,742 [WARN] DbFile:41 - Overriding database path with different value: C:\Users\student\.stmcufinder\plugins\mcufinder/ => C:\Users\student\.stmcufinder\plugins\mcufinder
2026-08-29 11:03:06,742 [INFO] CrossReferenceDbSqlite:203 - Set database path to: C:\Users\student\.stmcufinder\plugins\mcufinder//mcu/cs/
2026-08-29 11:03:06,753 [INFO] ApplicationProperties:184 - Using Application install path: C:\ST\STM32CubeIDE_1.19.0\STM32CubeIDE\plugins\com.st.stm32cube.common.mx_6.15.0.202507011659
2026-08-29 11:03:06,754 [INFO] PluginManage:196 - Search for loadable plugins [exclusion list=, ]
2026-08-29 11:03:06,755 [INFO] PluginManage:310 - Check plugin analytics
2026-08-29 11:03:06,850 [INFO] AnalyticsPlugin:253 - Accepted Software Licenses: 
2026-08-29 11:03:06,851 [INFO] AnalyticsPlugin:255 - Accepted CMSIS Pack Licenses: STMicroelectronics.X-CUBE-AI.10.2.1
2026-08-29 11:03:06,851 [INFO] AnalyticsPlugin:257 - Accepted Firmware Licenses: FW.L4.1.18.0
2026-08-29 11:03:06,852 [INFO] PluginManage:359 - Loaded plugin analytics (category:tool,tabindex:-1)
2026-08-29 11:03:06,852 [INFO] PluginManage:310 - Check plugin cadmodel
2026-08-29 11:03:06,854 [INFO] CADModel:105 - Init CAD model plugin
2026-08-29 11:03:06,855 [INFO] PluginManage:359 - Loaded plugin cadmodel (category:power,tabindex:5)
2026-08-29 11:03:06,855 [INFO] PluginManage:310 - Check plugin clock
2026-08-29 11:03:06,859 [INFO] PluginManage:359 - Loaded plugin clock (category:base,tabindex:2)
2026-08-29 11:03:06,859 [INFO] PluginManage:310 - Check plugin ddr
2026-08-29 11:03:06,860 [INFO] PluginManage:359 - Loaded plugin ddr (category:tool,tabindex:6)
2026-08-29 11:03:06,860 [INFO] PluginManage:310 - Check plugin filemanager
2026-08-29 11:03:06,950 [INFO] PluginManage:359 - Loaded plugin filemanager (category:base,tabindex:10)
2026-08-29 11:03:06,950 [INFO] PluginManage:310 - Check plugin ipmanager
2026-08-29 11:03:06,954 [INFO] PluginManage:359 - Loaded plugin ipmanager (category:base,tabindex:5)
2026-08-29 11:03:06,954 [INFO] PluginManage:310 - Check plugin lpbam
2026-08-29 11:03:06,959 [INFO] PluginManage:359 - Loaded plugin lpbam (category:base,tabindex:0)
2026-08-29 11:03:06,959 [INFO] PluginManage:310 - Check plugin memorymap
2026-08-29 11:03:06,968 [INFO] PluginManage:359 - Loaded plugin memorymap (category:base,tabindex:4)
2026-08-29 11:03:06,968 [INFO] PluginManage:310 - Check plugin pinoutandconfiguration
2026-08-29 11:03:06,972 [INFO] PluginManage:359 - Loaded plugin pinoutandconfiguration (category:base,tabindex:1)
2026-08-29 11:03:06,972 [INFO] PluginManage:310 - Check plugin pinoutconfig
2026-08-29 11:03:07,022 [WARN] SupportedApi:132 - Cannot load RTOS API schema: s4s-elt-must-match.1: The content of 'definitions' must match (annotation?, (simpleType | complexType)?, (unique | key | keyref)*)). A problem was found starting at: attribute.
2026-08-29 11:03:07,107 [INFO] PluginManage:359 - Loaded plugin pinoutconfig (category:base,tabindex:0)
2026-08-29 11:03:07,108 [INFO] PluginManage:310 - Check plugin power
2026-08-29 11:03:07,112 [INFO] PluginManage:359 - Loaded plugin power (category:power,tabindex:4)
2026-08-29 11:03:07,112 [INFO] PluginManage:310 - Check plugin projectmanager
2026-08-29 11:03:07,122 [INFO] PluginManage:359 - Loaded plugin projectmanager (category:projectmanager,tabindex:4)
2026-08-29 11:03:07,122 [INFO] PluginManage:310 - Check plugin rif
2026-08-29 11:03:07,128 [INFO] PluginManage:359 - Loaded plugin rif (category:base,tabindex:3)
2026-08-29 11:03:07,128 [INFO] PluginManage:310 - Check plugin thirdparty
2026-08-29 11:03:07,205 [INFO] PluginManage:359 - Loaded plugin thirdparty (category:base,tabindex:-1)
2026-08-29 11:03:07,205 [INFO] PluginManage:310 - Check plugin tools
2026-08-29 11:03:07,205 [WARN] IntegrityCheckThread:84 - waiting for thirdparty lock release [integrity check]
2026-08-29 11:03:07,205 [INFO] IntegrityCheckThread:86 - entering critical section [integrity check]
2026-08-29 11:03:07,205 [INFO] ThirdPartyUpdaterWithRetryManager:70 - Updater plugin not ready yet. [1/15]
2026-08-29 11:03:07,206 [INFO] PluginManage:359 - Loaded plugin tools (category:base,tabindex:7)
2026-08-29 11:03:07,206 [INFO] PluginManage:310 - Check plugin tutovideos
2026-08-29 11:03:07,335 [INFO] PluginManage:359 - Loaded plugin tutovideos (category:base,tabindex:-1)
2026-08-29 11:03:07,336 [INFO] PluginManage:310 - Check plugin updater
2026-08-29 11:03:07,349 [INFO] PluginManage:359 - Loaded plugin updater (category:base,tabindex:12)
2026-08-29 11:03:07,349 [INFO] PluginManage:310 - Check plugin userauth
2026-08-29 11:03:07,351 [INFO] UserAuth:118 - Init User Auth plugin
2026-08-29 11:03:07,351 [INFO] PluginManage:359 - Loaded plugin userauth (category:base,tabindex:14)
2026-08-29 11:03:07,352 [INFO] PluginManage:283 - PluginManage : Loaded plugins [18]
2026-08-29 11:03:07,474 [INFO] PinOutPanel:1589 - setPackage(No Configuration,No Configuration)
2026-08-29 11:03:07,523 [INFO] CADModel:165 - CPN selected for project level
2026-08-29 11:03:07,523 [INFO] CADModel:114 - Register for checkConnection events
2026-08-29 11:03:07,533 [INFO] IPUIPlugin:80 - create IPUIPlugin
2026-08-29 11:03:07,533 [INFO] PluginManager:220 - loadIPPluginJar : add adc
2026-08-29 11:03:07,534 [INFO] IPUIPlugin:80 - create IPUIPlugin
2026-08-29 11:03:07,534 [INFO] PluginManager:220 - loadIPPluginJar : add aes
2026-08-29 11:03:07,536 [INFO] IPUIPlugin:80 - create IPUIPlugin
2026-08-29 11:03:07,536 [INFO] PluginManager:220 - loadIPPluginJar : add can
2026-08-29 11:03:07,537 [INFO] IPUIPlugin:80 - create IPUIPlugin
2026-08-29 11:03:07,537 [INFO] PluginManager:220 - loadIPPluginJar : add comp
2026-08-29 11:03:07,538 [INFO] IPUIPlugin:80 - create IPUIPlugin
2026-08-29 11:03:07,538 [INFO] PluginManager:220 - loadIPPluginJar : add cryp
2026-08-29 11:03:07,539 [INFO] IPUIPlugin:80 - create IPUIPlugin
2026-08-29 11:03:07,539 [INFO] PluginManager:220 - loadIPPluginJar : add ddr_ctrl_phy
2026-08-29 11:03:07,540 [INFO] IPUIPlugin:80 - create IPUIPlugin
2026-08-29 11:03:07,541 [INFO] PluginManager:220 - loadIPPluginJar : add dfsdm
2026-08-29 11:03:07,544 [INFO] IPUIPlugin:80 - create IPUIPlugin
2026-08-29 11:03:07,544 [INFO] PluginManager:220 - loadIPPluginJar : add dma
2026-08-29 11:03:07,545 [INFO] IPUIPlugin:80 - create IPUIPlugin
2026-08-29 11:03:07,545 [INFO] PluginManager:220 - loadIPPluginJar : add dma3
2026-08-29 11:03:07,547 [INFO] IPUIPlugin:80 - create IPUIPlugin
2026-08-29 11:03:07,547 [INFO] PluginManager:220 - loadIPPluginJar : add extmemmanager
2026-08-29 11:03:07,548 [INFO] IPUIPlugin:80 - create IPUIPlugin
2026-08-29 11:03:07,548 [INFO] PluginManager:220 - loadIPPluginJar : add fatfs
2026-08-29 11:03:07,550 [INFO] IPUIPlugin:80 - create IPUIPlugin
2026-08-29 11:03:07,550 [INFO] PluginManager:220 - loadIPPluginJar : add fmc
2026-08-29 11:03:07,553 [INFO] IPUIPlugin:80 - create IPUIPlugin
2026-08-29 11:03:07,554 [INFO] PluginManager:220 - loadIPPluginJar : add freertos
2026-08-29 11:03:07,554 [INFO] IPUIPlugin:80 - create IPUIPlugin
2026-08-29 11:03:07,554 [INFO] PluginManager:220 - loadIPPluginJar : add genericplugin
2026-08-29 11:03:07,555 [INFO] IPUIPlugin:80 - create IPUIPlugin
2026-08-29 11:03:07,555 [INFO] PluginManager:220 - loadIPPluginJar : add gfxmmu
2026-08-29 11:03:07,558 [INFO] IPUIPlugin:80 - create IPUIPlugin
2026-08-29 11:03:07,558 [INFO] PluginManager:220 - loadIPPluginJar : add gic
2026-08-29 11:03:07,560 [INFO] IPUIPlugin:80 - create IPUIPlugin
2026-08-29 11:03:07,560 [INFO] PluginManager:220 - loadIPPluginJar : add gpio
2026-08-29 11:03:07,561 [INFO] IPUIPlugin:80 - create IPUIPlugin
2026-08-29 11:03:07,561 [INFO] PluginManager:220 - loadIPPluginJar : add gtzc
2026-08-29 11:03:07,562 [INFO] IPUIPlugin:80 - create IPUIPlugin
2026-08-29 11:03:07,562 [INFO] PluginManager:220 - loadIPPluginJar : add hash
2026-08-29 11:03:07,564 [INFO] IPUIPlugin:80 - create IPUIPlugin
2026-08-29 11:03:07,564 [INFO] PluginManager:220 - loadIPPluginJar : add i2c
2026-08-29 11:03:07,565 [INFO] IPUIPlugin:80 - create IPUIPlugin
2026-08-29 11:03:07,565 [INFO] PluginManager:220 - loadIPPluginJar : add i2s
2026-08-29 11:03:07,566 [INFO] IPUIPlugin:80 - create IPUIPlugin
2026-08-29 11:03:07,566 [INFO] PluginManager:220 - loadIPPluginJar : add i3c
2026-08-29 11:03:07,568 [INFO] IPUIPlugin:80 - create IPUIPlugin
2026-08-29 11:03:07,569 [INFO] PluginManager:220 - loadIPPluginJar : add ipddr
2026-08-29 11:03:07,573 [INFO] IPUIPlugin:80 - create IPUIPlugin
2026-08-29 11:03:07,573 [INFO] PluginManager:220 - loadIPPluginJar : add linkedlist
2026-08-29 11:03:07,575 [INFO] IPUIPlugin:80 - create IPUIPlugin
2026-08-29 11:03:07,575 [INFO] PluginManager:220 - loadIPPluginJar : add lorawan
2026-08-29 11:03:07,576 [INFO] IPUIPlugin:80 - create IPUIPlugin
2026-08-29 11:03:07,576 [INFO] PluginManager:220 - loadIPPluginJar : add ltdc
2026-08-29 11:03:07,579 [INFO] IPUIPlugin:80 - create IPUIPlugin
2026-08-29 11:03:07,579 [INFO] PluginManager:220 - loadIPPluginJar : add mdma
2026-08-29 11:03:07,581 [INFO] IPUIPlugin:80 - create IPUIPlugin
2026-08-29 11:03:07,581 [INFO] PluginManager:220 - loadIPPluginJar : add nvic
2026-08-29 11:03:07,582 [INFO] IPUIPlugin:80 - create IPUIPlugin
2026-08-29 11:03:07,582 [INFO] PluginManager:220 - loadIPPluginJar : add opamp
2026-08-29 11:03:07,584 [INFO] IPUIPlugin:80 - create IPUIPlugin
2026-08-29 11:03:07,584 [INFO] PluginManager:220 - loadIPPluginJar : add openamp
2026-08-29 11:03:07,593 [INFO] IPUIPlugin:80 - create IPUIPlugin
2026-08-29 11:03:07,593 [INFO] PluginManager:220 - loadIPPluginJar : add pdm2pcm
2026-08-29 11:03:07,597 [INFO] IPUIPlugin:80 - create IPUIPlugin
2026-08-29 11:03:07,598 [INFO] PluginManager:220 - loadIPPluginJar : add plateformsettings
2026-08-29 11:03:07,599 [INFO] IPUIPlugin:80 - create IPUIPlugin
2026-08-29 11:03:07,599 [INFO] PluginManager:220 - loadIPPluginJar : add quadspi
2026-08-29 11:03:07,600 [INFO] IPUIPlugin:80 - create IPUIPlugin
2026-08-29 11:03:07,600 [INFO] PluginManager:220 - loadIPPluginJar : add radio
2026-08-29 11:03:07,602 [INFO] IPUIPlugin:80 - create IPUIPlugin
2026-08-29 11:03:07,602 [INFO] PluginManager:220 - loadIPPluginJar : add resmgrutility
2026-08-29 11:03:07,604 [INFO] IPUIPlugin:80 - create IPUIPlugin
2026-08-29 11:03:07,604 [INFO] PluginManager:220 - loadIPPluginJar : add sai
2026-08-29 11:03:07,605 [INFO] IPUIPlugin:80 - create IPUIPlugin
2026-08-29 11:03:07,605 [INFO] PluginManager:220 - loadIPPluginJar : add spi
2026-08-29 11:03:07,608 [INFO] IPUIPlugin:80 - create IPUIPlugin
2026-08-29 11:03:07,608 [INFO] PluginManager:220 - loadIPPluginJar : add stm32_wpan
2026-08-29 11:03:07,609 [INFO] IPUIPlugin:80 - create IPUIPlugin
2026-08-29 11:03:07,609 [INFO] PluginManager:220 - loadIPPluginJar : add tim
2026-08-29 11:03:07,611 [INFO] IPUIPlugin:80 - create IPUIPlugin
2026-08-29 11:03:07,611 [INFO] PluginManager:220 - loadIPPluginJar : add touchsensing
2026-08-29 11:03:07,612 [INFO] IPUIPlugin:80 - create IPUIPlugin
2026-08-29 11:03:07,612 [INFO] PluginManager:220 - loadIPPluginJar : add tracer_emb
2026-08-29 11:03:07,613 [INFO] IPUIPlugin:80 - create IPUIPlugin
2026-08-29 11:03:07,613 [INFO] PluginManager:220 - loadIPPluginJar : add ts
2026-08-29 11:03:07,614 [INFO] IPUIPlugin:80 - create IPUIPlugin
2026-08-29 11:03:07,614 [INFO] PluginManager:220 - loadIPPluginJar : add tsc
2026-08-29 11:03:07,615 [INFO] IPUIPlugin:80 - create IPUIPlugin
2026-08-29 11:03:07,615 [INFO] PluginManager:220 - loadIPPluginJar : add ucpd
2026-08-29 11:03:07,616 [INFO] IPUIPlugin:80 - create IPUIPlugin
2026-08-29 11:03:07,616 [INFO] PluginManager:220 - loadIPPluginJar : add usart
2026-08-29 11:03:07,618 [INFO] IPUIPlugin:80 - create IPUIPlugin
2026-08-29 11:03:07,618 [INFO] PluginManager:220 - loadIPPluginJar : add usbx
2026-08-29 11:03:07,716 [FATAL] Updater:351 - Updater called before beeing initialized
2026-08-29 11:03:07,730 [INFO] RulesReader:64 - Compatibility file has been processed (317 Rules)
2026-08-29 11:03:07,737 [INFO] RulesReader:64 - Compatibility file has been processed (317 Rules)
2026-08-29 11:03:07,743 [INFO] CADModel:165 - CPN selected for project level
2026-08-29 11:03:07,743 [INFO] CADModel:114 - Register for checkConnection events
2026-08-29 11:03:07,743 [FATAL] Updater:351 - Updater called before beeing initialized
2026-08-29 11:03:07,743 [ERROR] CADModel:125 - Updater not yet initialized, retry later 
2026-08-29 11:03:07,824 [FATAL] Updater:351 - Updater called before beeing initialized
2026-08-29 11:03:07,826 [INFO] CADModel:165 - CPN selected for project level
2026-08-29 11:03:07,826 [INFO] CADModel:114 - Register for checkConnection events
2026-08-29 11:03:07,826 [FATAL] Updater:351 - Updater called before beeing initialized
2026-08-29 11:03:07,826 [ERROR] CADModel:125 - Updater not yet initialized, retry later 
2026-08-29 11:03:07,828 [FATAL] Updater:351 - Updater called before beeing initialized
2026-08-29 11:03:07,903 [FATAL] Updater:351 - Updater called before beeing initialized
2026-08-29 11:03:07,905 [INFO] DbMcusAds:53 - JSON generation date=Wed Jul 15 15:14:54 IST 2026 (1784108694001)
2026-08-29 11:03:07,905 [FATAL] Updater:351 - Updater called before beeing initialized
2026-08-29 11:03:07,924 [WARN] DetailPanel:346 - Failed to get advertising image, set to default
2026-08-29 11:03:07,975 [FATAL] Updater:351 - Updater called before beeing initialized
2026-08-29 11:03:07,976 [FATAL] Updater:351 - Updater called before beeing initialized
2026-08-29 11:03:07,976 [FATAL] Updater:351 - Updater called before beeing initialized
2026-08-29 11:03:07,976 [WARN] DetailPanel:346 - Failed to get advertising image, set to default
2026-08-29 11:03:07,977 [FATAL] Updater:351 - Updater called before beeing initialized
2026-08-29 11:03:07,998 [ERROR] Updater:1198 - MainUpdater not yet initialized. External WinMGr cannot be set.
2026-08-29 11:03:07,999 [INFO] Updater:1134 - Updater Version found : 6.15.0
2026-08-29 11:03:08,009 [INFO] ApplicationProperties:184 - Using Application install path: C:\ST\STM32CubeIDE_1.19.0\STM32CubeIDE\plugins\com.st.stm32cube.common.mx_6.15.0.202507011659
2026-08-29 11:03:09,572 [ERROR] LogOutputStream:75 - [STDERR_REDIRECT] Aug 29, 2026 11:03:09 AM java.util.prefs.WindowsPreferences <init>
2026-08-29 11:03:09,573 [ERROR] LogOutputStream:75 - [STDERR_REDIRECT] WARNING: Could not open/create prefs root node Software\JavaSoft\Prefs at root 0xffffffff80000002. Windows RegCreateKeyEx(...) returned error code 5.
2026-08-29 11:03:09,573 [ERROR] LogOutputStream:75 - [STDERR_REDIRECT] 
2026-08-29 11:03:09,842 [INFO] MainUpdater:2872 - connection check result : 10
2026-08-29 11:03:09,843 [INFO] MainUpdater:289 - Updater Check For Update Now.
2026-08-29 11:03:09,843 [INFO] MicroXplorer:498 - Change Database Version : DB.6.0.150
2026-08-29 11:03:09,845 [INFO] McuFinderGlobals:63 - Set McuFinder mode to 2 (CubeIDE integrated)
2026-08-29 11:03:09,846 [INFO] UserAuth:487 - Internet connection configuration mode: 1
2026-08-29 11:03:09,866 [INFO] JxBrowserEngine:152 - Initiate JxBrowser Engine with user profile folder
2026-08-29 11:03:09,998 [INFO] CheckServerUpdateThread:120 - End of CheckServer Thread
2026-08-29 11:03:10,431 [WARN] PackLoader:240 - Cannot read IP mode file for STMicroelectronics.X-CUBE-AZRTOS-H7.3.5.0
2026-08-29 11:03:10,437 [WARN] PackLoader:240 - Cannot read IP mode file for STMicroelectronics.FP-ATR-ASTRA1.2.0.3
2026-08-29 11:03:10,440 [ERROR] Engine:466 - C:\Users\student\.stm32cubemx\thirdparties\pdsc\STMicroelectronics.X-CUBE-SMBUS.2.1.1.pdsc: PDSC version is not supported
2026-08-29 11:03:10,450 [WARN] PackLoader:240 - Cannot read IP mode file for STMicroelectronics.X-CUBE-AZRTOS-F7.1.1.0
2026-08-29 11:03:10,455 [WARN] PackLoader:240 - Cannot read IP mode file for STMicroelectronics.X-CUBE-FREERTOS.1.6.0
2026-08-29 11:03:10,458 [WARN] PackLoader:240 - Cannot read IP mode file for STMicroelectronics.FP-SNS-MOTENV1.5.1.0
2026-08-29 11:03:10,471 [WARN] PackLoader:240 - Cannot read IP mode file for STMicroelectronics.X-CUBE-AZRTOS-H7RS.1.3.0
2026-08-29 11:03:10,476 [WARN] PackLoader:240 - Cannot read IP mode file for WES.I-CUBE-Cesium.1.4.0
2026-08-29 11:03:10,480 [WARN] PackLoader:240 - Cannot read IP mode file for STMicroelectronics.X-CUBE-DISPLAY.3.0.0
2026-08-29 11:03:10,486 [WARN] PackLoader:240 - Cannot read IP mode file for STMicroelectronics.X-CUBE-GNSS1.7.1.1
2026-08-29 11:03:10,489 [WARN] PackLoader:240 - Cannot read IP mode file for STMicroelectronics.FP-SNS-MOTENVWB1.1.5.0
2026-08-29 11:03:10,494 [WARN] PackLoader:240 - Cannot read IP mode file for STMicroelectronics.X-CUBE-NFC10.1.0.0
2026-08-29 11:03:10,497 [WARN] PackLoader:240 - Cannot read IP mode file for STMicroelectronics.X-CUBE-ST60.1.1.0
2026-08-29 11:03:10,504 [WARN] PackLoader:240 - Cannot read IP mode file for emotas.I-CUBE-CANOPEN.1.3.0
2026-08-29 11:03:10,508 [WARN] PackLoader:240 - Cannot read IP mode file for wolfSSL.I-CUBE-wolfSSL.5.9.2
2026-08-29 11:03:10,510 [ERROR] Engine:466 - C:\Users\student\.stm32cubemx\thirdparties\pdsc\STMicroelectronics.X-CUBE-WBA.1.1.0.pdsc: PDSC version is not supported
2026-08-29 11:03:10,514 [WARN] PackLoader:240 - Cannot read IP mode file for STMicroelectronics.FP-SNS-STBOX1.2.1.0
2026-08-29 11:03:10,517 [WARN] PackLoader:240 - Cannot read IP mode file for STMicroelectronics.FP-SNS-SMARTAG2.1.2.0
2026-08-29 11:03:10,520 [WARN] PackLoader:240 - Cannot read IP mode file for STMicroelectronics.FP-SNS-FLIGHT1.5.1.0
2026-08-29 11:03:10,526 [INFO] LogOutputStream:77 - [STDOUT_REDIRECT] 1 : Invalid condition id : UX_CORESTACK_Condition cause : null
2026-08-29 11:03:10,527 [INFO] LogOutputStream:77 - [STDOUT_REDIRECT] 1 : Invalid condition id : UX_CORESTACK_Condition cause : null
2026-08-29 11:03:10,527 [INFO] LogOutputStream:77 - [STDOUT_REDIRECT] 1 : Invalid condition id : UX_CORESTACK_Condition cause : null
2026-08-29 11:03:10,528 [INFO] LogOutputStream:77 - [STDOUT_REDIRECT] 1 : Invalid condition id : UX_CORESTACK_Condition cause : null
2026-08-29 11:03:10,528 [INFO] LogOutputStream:77 - [STDOUT_REDIRECT] 1 : Invalid condition id : UX_CORESTACK_Condition cause : null
2026-08-29 11:03:10,529 [WARN] PackLoader:240 - Cannot read IP mode file for STMicroelectronics.X-CUBE-AZRTOS-WL.2.0.0
2026-08-29 11:03:10,533 [WARN] PackLoader:240 - Cannot read IP mode file for STMicroelectronics.X-CUBE-BLE2.3.3.0
2026-08-29 11:03:10,556 [WARN] PackLoader:240 - Cannot read IP mode file for Infineon.AIROC-Wi-Fi-Bluetooth-STM32.1.8.0
2026-08-29 11:03:10,562 [WARN] PackLoader:240 - Cannot read IP mode file for STMicroelectronics.X-CUBE-NFC9.1.0.0
2026-08-29 11:03:10,566 [WARN] PackLoader:240 - Cannot read IP mode file for STMicroelectronics.X-CUBE-BLE1.7.1.0
2026-08-29 11:03:10,568 [WARN] PackLoader:240 - Cannot read IP mode file for wolfSSL.I-CUBE-wolfMQTT.1.19.2
2026-08-29 11:03:10,572 [WARN] PackLoader:240 - Cannot read IP mode file for STMicroelectronics.X-CUBE-EEPRMA1.5.2.0
2026-08-29 11:03:10,576 [WARN] PackLoader:240 - Cannot read IP mode file for STMicroelectronics.FP-SNS-STAIOTCFT.1.1.0
2026-08-29 11:03:10,583 [WARN] PackLoader:240 - Cannot read IP mode file for STMicroelectronics.X-CUBE-AZRTOS-G0.1.1.0
2026-08-29 11:03:10,586 [WARN] PackLoader:240 - Cannot read IP mode file for STMicroelectronics.X-CUBE-NFC4.3.0.0
2026-08-29 11:03:10,590 [WARN] PackLoader:240 - Cannot read IP mode file for EmbeddedOffice.I-CUBE-FS-RTOS.1.0.1
2026-08-29 11:03:10,592 [WARN] PackLoader:240 - Cannot read IP mode file for wolfSSL.I-CUBE-wolfTPM.3.8.0
2026-08-29 11:03:10,595 [WARN] PackLoader:240 - Cannot read IP mode file for STMicroelectronics.X-CUBE-TCPP.4.2.0
2026-08-29 11:03:10,598 [WARN] PackLoader:240 - Cannot read IP mode file for RealThread.X-CUBE-RT-Thread_Nano.4.1.1
2026-08-29 11:03:10,601 [WARN] PackLoader:240 - Cannot read IP mode file for STMicroelectronics.FP-ATR-SIGFOX1.3.2.0
2026-08-29 11:03:10,604 [WARN] PackLoader:240 - Cannot read IP mode file for ITTIA_DB.I-CUBE-ITTIADB.8.9.0
2026-08-29 11:03:10,606 [WARN] PackLoader:240 - Cannot read IP mode file for Cesanta.I-CUBE-Mongoose.7.21.7
2026-08-29 11:03:10,612 [WARN] PackLoader:240 - Cannot read IP mode file for STMicroelectronics.X-CUBE-NFC6.3.2.0
2026-08-29 11:03:10,616 [WARN] PackLoader:240 - Cannot read IP mode file for STMicroelectronics.X-CUBE-AI.10.2.1
2026-08-29 11:03:10,666 [WARN] PackLoader:240 - Cannot read IP mode file for SEGGER.I-CUBE-embOS.1.3.1
2026-08-29 11:03:10,681 [WARN] PackLoader:240 - Cannot read IP mode file for STMicroelectronics.X-CUBE-NFC13.1.0.0
2026-08-29 11:03:10,684 [WARN] PackLoader:240 - Cannot read IP mode file for STMicroelectronics.X-CUBE-PM33A1.1.0.0
2026-08-29 11:03:10,693 [WARN] PackLoader:240 - Cannot read IP mode file for STMicroelectronics.X-CUBE-AZRTOS-F4.1.1.0
2026-08-29 11:03:10,697 [WARN] PackLoader:240 - Cannot read IP mode file for STMicroelectronics.X-CUBE-ISPU.2.1.0
2026-08-29 11:03:10,703 [WARN] PackLoader:240 - Cannot read IP mode file for STMicroelectronics.X-CUBE-IPS.3.2.0
2026-08-29 11:03:10,708 [WARN] PackLoader:240 - Cannot read IP mode file for STMicroelectronics.eDS-WB_DPC_TT-BIDIR.2.1.1
2026-08-29 11:03:10,712 [WARN] PackLoader:240 - Cannot read IP mode file for STMicroelectronics.X-CUBE-NFC12.1.0.0
2026-08-29 11:03:10,717 [INFO] WebApp:169 - Instantiating new browser for Auth
2026-08-29 11:03:10,719 [WARN] PackLoader:240 - Cannot read IP mode file for STMicroelectronics.X-CUBE-AZRTOS-L5.2.0.0
2026-08-29 11:03:10,727 [WARN] PackLoader:240 - Cannot read IP mode file for STMicroelectronics.X-CUBE-ALGOBUILD.1.5.0
2026-08-29 11:03:10,730 [WARN] PackLoader:240 - Cannot read IP mode file for STMicroelectronics.eDS-WB_DPC_VIENNA.1.2.0
2026-08-29 11:03:10,775 [WARN] PackLoader:240 - Cannot read IP mode file for STMicroelectronics.X-CUBE-MEMS1.13.0.0
2026-08-29 11:03:10,825 [WARN] PackLoader:240 - Cannot read IP mode file for STMicroelectronics.eDS-WB_DPC_3PH2L-BIDIR.1.1.1
2026-08-29 11:03:10,827 [ERROR] Engine:466 - C:\Users\student\.stm32cubemx\thirdparties\pdsc\STMicroelectronics.X-CUBE-ST67W61.1.3.0.pdsc: PDSC version is not supported
2026-08-29 11:03:10,830 [WARN] PackLoader:240 - Cannot read IP mode file for STMicroelectronics.X-CUBE-TOUCHGFX.4.26.1
2026-08-29 11:03:10,833 [WARN] PackLoader:240 - Cannot read IP mode file for STMicroelectronics.X-CUBE-DPower.1.3.0
2026-08-29 11:03:10,843 [WARN] ConditionMgr:438 - getConditionDescription Invalid condition id : LAN8742 Phy interface Condition cause : null
2026-08-29 11:03:10,843 [WARN] PackLoader:240 - Cannot read IP mode file for STMicroelectronics.X-CUBE-AZRTOS-L4.2.0.0
2026-08-29 11:03:10,844 [WARN] ConditionMgr:1044 - genDependencies : Invalid condition id : LAN8742 Phy interface Condition cause : null
2026-08-29 11:03:10,844 [WARN] ConditionMgr:1044 - genDependencies : Invalid condition id : LAN8742 Phy interface Condition cause : null
2026-08-29 11:03:10,844 [WARN] ConditionMgr:1044 - genDependencies : Invalid condition id : LAN8742 Phy interface Condition cause : null
2026-08-29 11:03:10,852 [WARN] PackLoader:240 - Cannot read IP mode file for STMicroelectronics.X-CUBE-SFXS2LP1.4.0.0
2026-08-29 11:03:10,856 [WARN] PackLoader:240 - Cannot read IP mode file for STMicroelectronics.X-CUBE-WB05N.2.1.0
2026-08-29 11:03:10,863 [WARN] ConditionMgr:438 - getConditionDescription Invalid condition id : UX DEVICE CLASS RTOS Condition cause : null
2026-08-29 11:03:10,863 [WARN] ConditionMgr:438 - getConditionDescription Invalid condition id : UX DEVICE CLASS RTOS Condition cause : null
2026-08-29 11:03:10,864 [WARN] PackLoader:240 - Cannot read IP mode file for STMicroelectronics.X-CUBE-AZRTOS-WB.2.0.0
2026-08-29 11:03:10,864 [WARN] ConditionMgr:1044 - genDependencies : Invalid condition id : UX DEVICE CLASS RTOS Condition cause : null
2026-08-29 11:03:10,864 [WARN] ConditionMgr:1044 - genDependencies : Invalid condition id : UX DEVICE CLASS RTOS Condition cause : null
2026-08-29 11:03:10,864 [WARN] ConditionMgr:1044 - genDependencies : Invalid condition id : UX DEVICE CLASS RTOS Condition cause : null
2026-08-29 11:03:10,864 [WARN] ConditionMgr:1044 - genDependencies : Invalid condition id : UX DEVICE CLASS RTOS Condition cause : null
2026-08-29 11:03:10,864 [WARN] ConditionMgr:1044 - genDependencies : Invalid condition id : UX DEVICE CLASS RTOS Condition cause : null
2026-08-29 11:03:10,867 [WARN] ConditionMgr:438 - getConditionDescription Invalid condition id : Cortex-A Device cause : null
2026-08-29 11:03:10,872 [WARN] ConditionMgr:1044 - genDependencies : Invalid condition id : Cortex-A Device cause : null
2026-08-29 11:03:10,872 [WARN] ConditionMgr:1044 - genDependencies : Invalid condition id : Cortex-A Device cause : null
2026-08-29 11:03:10,872 [WARN] ConditionMgr:1044 - genDependencies : Invalid condition id : Cortex-A Device cause : null
2026-08-29 11:03:10,876 [WARN] PackLoader:240 - Cannot read IP mode file for STMicroelectronics.X-CUBE-STSE01.2.0.0
2026-08-29 11:03:10,880 [WARN] PackLoader:240 - Cannot read IP mode file for STMicroelectronics.X-CUBE-SUBG2.5.0.0
2026-08-29 11:03:10,887 [WARN] PackLoader:240 - Cannot read IP mode file for STMicroelectronics.X-CUBE-AZRTOS-G4.2.0.0
2026-08-29 11:03:10,890 [WARN] PackLoader:240 - Cannot read IP mode file for wolfSSL.I-CUBE-wolfSSH.1.4.20
2026-08-29 11:03:10,892 [WARN] PackLoader:240 - Cannot read IP mode file for STMicroelectronics.X-CUBE-NFC7.2.0.0
2026-08-29 11:03:10,895 [ERROR] Engine:466 - C:\Users\student\.stm32cubemx\thirdparties\pdsc\STMicroelectronics.X-CUBE-BLEMGR.4.2.0.pdsc: PDSC version is not supported
2026-08-29 11:03:10,898 [WARN] PackLoader:240 - Cannot read IP mode file for STMicroelectronics.X-CUBE-ALS.1.0.2
2026-08-29 11:03:10,903 [WARN] PackLoader:240 - Cannot read IP mode file for STMicroelectronics.X-CUBE-TOF1.3.4.3
2026-08-29 11:03:10,908 [INFO] ThirdParty:978 - Integrity check success = true
2026-08-29 11:03:10,908 [INFO] IntegrityCheckThread:100 - exiting critical section [integrity check]
2026-08-29 11:03:10,908 [INFO] IntegrityCheckThread:103 - End integrity checks thread
2026-08-29 11:03:11,240 [INFO] WebApp:463 - Apply proxy settings
2026-08-29 11:03:11,241 [INFO] WebApp:548 - Chromium requires no authentication
2026-08-29 11:03:11,246 [INFO] WebApp:491 - Direct internet connection detected
2026-08-29 11:03:11,260 [INFO] WebApp:900 - Register for checkConnection events
2026-08-29 11:03:11,260 [INFO] WebApp:463 - Apply proxy settings
2026-08-29 11:03:11,260 [INFO] WebApp:548 - Chromium requires no authentication
2026-08-29 11:03:11,260 [INFO] WebApp:491 - Direct internet connection detected
2026-08-29 11:03:11,360 [INFO] WebApp:225 - Starting web application
2026-08-29 11:03:11,360 [INFO] WebApp:593 - Web application path used C:\ST\STM32CubeIDE_1.19.0\STM32CubeIDE\plugins\com.st.stm32cube.common.mx_6.15.0.202507011659\db\plugins\mcufinder\reactClient1\index.html
2026-08-29 11:03:11,453 [INFO] UserAuth:487 - Internet connection configuration mode: 1
2026-08-29 11:03:11,470 [INFO] McuFinderGlobals:63 - Set McuFinder mode to 2 (CubeIDE integrated)
2026-08-29 11:03:11,472 [INFO] MainUpdater:2872 - connection check result : 10
2026-08-29 11:03:11,474 [INFO] McuFinderGlobals:76 - Set McuFinderConnectedMode to true
2026-08-29 11:03:11,597 [INFO] WebApp:191 - Connection restablished
2026-08-29 11:03:11,816 [INFO] ServerAccessManage:452 - Complete download http(s) 200
2026-08-29 11:03:11,816 [INFO] ServerAccessManage:509 - Download File mcusAds.json._tmp_
2026-08-29 11:03:11,923 [INFO] LoadUrlFilesThread:156 - End of LoadUrlFiles Thread
2026-08-29 11:03:12,063 [INFO] ServerAccessManage:452 - Complete download http(s) 200
2026-08-29 11:03:12,063 [INFO] ServerAccessManage:509 - Download File cube-finder-db.zip
2026-08-29 11:03:12,706 [INFO] FileExtend:248 - Unzip File : cube-finder-db.zip
2026-08-29 11:03:12,706 [INFO] FileExtend:263 - Standard Zip Deflate
2026-08-29 11:03:13,213 [INFO] LoadUrlFilesThread:156 - End of LoadUrlFiles Thread
2026-08-29 11:03:28,831 [ERROR] ServerAccessManage:1295 - Problem during Server Connection :  IO error Connection reset
2026-08-29 11:03:28,832 [ERROR] ServerAccessManage:740 - Problem during Server Connection :  : crdb.zip.
2026-08-29 11:03:30,475 [INFO] LoadUrlFilesThread:156 - End of LoadUrlFiles Thread
2026-08-29 11:03:31,222 [INFO] DbMcusAds:53 - JSON generation date=Wed Jul 15 15:14:54 IST 2026 (1784108694001)
2026-08-29 11:03:31,226 [ERROR] TargetSelectorAdapter:267 - Unable to refresh data
2026-08-29 11:03:31,372 [INFO] ApiDb:581 - Connected to CubeFinder SQLite database (C:\Users\student\.stmcufinder\plugins\mcufinder\mcu\cube-finder-db.db)
2026-08-29 11:03:31,415 [INFO] ApiDb:668 - CubeFinder database Data Model version=2.1
2026-08-29 11:03:31,415 [INFO] ApiDb:669 - CubeFinder database Configuration version=3.0.42
2026-08-29 11:03:31,415 [INFO] ApiDb:670 - CubeFinder database generation date=2026-08-04 (1785840812)
2026-08-29 11:03:31,415 [INFO] ApiDb:671 - CubeFinder database FW Pack versions=[FP-ATR-ASTRA1_V2.0.0, FP-SNS-FLIGHT1_V5.1.0, FP-SNS-MOTENV1_V5.1.0, FP-SNS-MOTENVWB1_V1.5.0, FP-SNS-SMARTAG2_V1.2.0, FP-SNS-STBOX1_V2.1.0, STM32Cube_FW_C0_V1.4.1, STM32Cube_FW_F4_V1.28.3, STM32Cube_FW_F7_V1.17.4, STM32Cube_FW_G0_V1.6.3, STM32Cube_FW_G4_V1.6.2, STM32Cube_FW_H5_V1.7.0, STM32Cube_FW_H7RS_V1.3.0, STM32Cube_FW_H7_V1.13.0, STM32Cube_FW_L0_V1.12.2, STM32Cube_FW_L4_V1.18.2, STM32Cube_FW_L5_V1.6.0, STM32Cube_FW_N6_V1.4.0, STM32Cube_FW_U0_V1.3.0, STM32Cube_FW_U3_V1.4.0, STM32Cube_FW_U5_V1.9.0, STM32Cube_FW_WB0_V1.5.0, STM32Cube_FW_WBA_V1.10.0, STM32Cube_FW_WB_V1.24.0, STM32Cube_FW_WL3_V1.5.0, STM32Cube_FW_WL_V1.6.0, X-CUBE-ALGOBUILD_V1.5.0, X-CUBE-ALS_V1.0.2, X-CUBE-AZRTOS-F4_V1.1.0, X-CUBE-AZRTOS-F7_V1.1.0, X-CUBE-AZRTOS-G0_V1.1.0, X-CUBE-AZRTOS-G4_V2.0.0, X-CUBE-AZRTOS-H7RS_V1.3.0, X-CUBE-AZRTOS-H7_V3.5.0, X-CUBE-AZRTOS-L4_V2.0.0, X-CUBE-AZRTOS-L5_V2.0.0, X-CUBE-AZRTOS-WB_V2.0.0, X-CUBE-AZRTOS-WL_V2.0.0, X-CUBE-BLE1_V7.1.0, X-CUBE-BLE2_V3.3.0, X-CUBE-BLEMGR_V4.2.0, X-CUBE-EEPRMA1_V5.2.0, X-CUBE-FREERTOS_V1.6.0, X-CUBE-GNSS1_V7.1.1, X-CUBE-MEMS1_V13.0.0, X-CUBE-NFC4_V3.0.0, X-CUBE-NFC7_V2.0.0, X-CUBE-SFXS2LP1_V4.0.0, X-CUBE-ST67W61_V1.3.0, X-CUBE-SUBG2_V5.0.0, X-CUBE-TOF1_V3.4.3]
2026-08-29 11:03:32,926 [INFO] ApiDb:240 - Found 880 in-development CPN: [B-G473E-ZEST1S, B-WB1M-WPAN1, B-WBA5M-WPAN, B-WL5M-SUBG1, NUCLEO-C031C6, NUCLEO-C051C8, NUCLEO-C071RB, NUCLEO-C092RC, NUCLEO-H503RB, NUCLEO-H533RE, NUCLEO-H563ZI, NUCLEO-H7S3L8, NUCLEO-N657X0-Q, NUCLEO-U031R8, NUCLEO-U083RC, NUCLEO-U385RG-Q, NUCLEO-U545RE-Q, NUCLEO-U5A5ZJ-Q, NUCLEO-WB05KZ, NUCLEO-WB07CC, NUCLEO-WB09KE, NUCLEO-WBA52CG, NUCLEO-WBA55CG, NUCLEO-WL33CC1, NUCLEO-WL33CC2, STEVAL-PROTEUS1, STEVAL-SMARTAG2, STEVAL-STWINBX1, STM320518-EVAL, STM32C0116-DK, STM32C011D6Y3TR, STM32C011D6Y6TR, STM32C011F4P3, STM32C011F4P6, STM32C011F4U3, STM32C011F4U6TR, STM32C011F6P3, STM32C011F6P6, STM32C011F6U3, STM32C011F6U6TR, STM32C011J4M3, STM32C011J4M6, STM32C011J6M3, STM32C011J6M6, STM32C0316-DK, STM32C031C4T3, STM32C031C4T6, STM32C031C4U3, STM32C031C4U6, STM32C031C6T3, STM32C031C6T6, STM32C031C6U3, STM32C031C6U6, STM32C031F4P3, STM32C031F4P6, STM32C031F6P3, STM32C031F6P6, STM32C031G4U3, STM32C031G4U6, STM32C031G6U3, STM32C031G6U6, STM32C031K4T3, STM32C031K4T6, STM32C031K4U3, STM32C031K4U6, STM32C031K6T3, STM32C031K6T6, STM32C031K6U3, STM32C031K6U6, STM32C051C6T6, STM32C051C6U6, STM32C051C8T6, STM32C051C8U6, STM32C051D8Y6TR, STM32C051F6P6, STM32C051F8P6, STM32C051G6U6, STM32C051G8U6, STM32C051K6T6, STM32C051K6U6, STM32C051K8T6, STM32C071C8T6, STM32C071C8T6N, STM32C071C8U6, STM32C071C8U6N, STM32C071CBT6, STM32C071CBT6N, STM32C071CBU6, STM32C071CBU6N, STM32C071F8P6, STM32C071F8P6N, STM32C071FBP6, STM32C071FBP6N, STM32C071FBY6TR, STM32C071G8U6, STM32C071G8U6N, STM32C071GBU6, STM32C071GBU6N, STM32C071K8T6, STM32C071K8T6N, STM32C071K8U6, STM32C071K8U6N, STM32C071KBT6, STM32C071KBT6N, STM32C071KBU6, STM32C071KBU6N, STM32C071R8T6, STM32C071R8T6N, STM32C071RBI6N, STM32C071RBT6, STM32C071RBT6N, STM32C091CBT6, STM32C091CBU6, STM32C091CCT6, STM32C091CCU6, STM32C091ECY6TR, STM32C091FBP6, STM32C091FCP6, STM32C091GBU6, STM32C091GCU6, STM32C091KBT6, STM32C091KBU6, STM32C091KCT6, STM32C091KCU6, STM32C091RBT6, STM32C091RCI6, STM32C091RCT6, STM32C092CBT6, STM32C092CBU6, STM32C092CCT6, STM32C092CCU6, STM32C092ECY6TR, STM32C092FBP6, STM32C092FCP6, STM32C092GBU6, STM32C092GCU6, STM32C092KBT6, STM32C092KBU6, STM32C092KCT6, STM32C092KCU6, STM32C092RBT6, STM32C092RCI6, STM32C092RCT6, STM32G071K8TXN, STM32G071K8UXN, STM32G081GBU6N, STM32G081KBT6N, STM32G081KBUXN, STM32G0B1CCT6N, STM32G0B1KCT6, STM32G0B1NEY6TR, STM32G0B1RCT6N, STM32G0C1CCT6, STM32G0C1CCT6N, STM32G0C1CCU6N, STM32G0C1CET6N, STM32G0C1CEU6N, STM32G0C1KCT6, STM32G0C1NEY6TR, STM32G0C1RCI6N, STM32G0C1RCT6N, STM32G0C1REI6N, STM32G0C1RET6N, STM32G0C1VCI6, STM32G0C1VEI6, STM32G411C6T3, STM32G411C6T6, STM32G411C6U3, STM32G411C6U6, STM32G411C8T3, STM32G411C8T6, STM32G411C8U3, STM32G411C8U6, STM32G411CBT3, STM32G411CBT6, STM32G411CBU3, STM32G411CBU6, STM32G411K6T3, STM32G411K6T6, STM32G411K6U3, STM32G411K6U6, STM32G411K8T3, STM32G411K8T6, STM32G411K8U3, STM32G411K8U6, STM32G411KBT3, STM32G411KBT6, STM32G411KBU3, STM32G411KBU6, STM32G411M6T3, STM32G411M6T6, STM32G411M8T3, STM32G411M8T6, STM32G411MBT3, STM32G411MBT6, STM32G411R6T3, STM32G411R6T6, STM32G411R8T3, STM32G411R8T6, STM32G411RBT3, STM32G411RBT6, STM32G414CBT3, STM32G414CBT6, STM32G414CBU3, STM32G414CBU6, STM32G414CCT3, STM32G414CCT6, STM32G414CCU3, STM32G414CCU6, STM32G414MBT3, STM32G414MBT6, STM32G414MCT3, STM32G414MCT6, STM32G414RBT3, STM32G414RBT6, STM32G414RCT3, STM32G414RCT6, STM32G414VBT3, STM32G414VBT6, STM32G414VCT3, STM32G414VCT6, STM32G431CBT3Z, STM32G431RBT3Z, STM32G471CCT6, STM32G471CCU6, STM32G471CET3, STM32G471CET6, STM32G471CEU3, STM32G471CEU6, STM32G471MCT6, STM32G471MET3, STM32G471MET6, STM32G471MEY6TR, STM32G471QCT6, STM32G471QET3, STM32G471RCT6, STM32G471RET3, STM32G471RET6, STM32G471VCH6, STM32G471VCI6, STM32G471VCT6, STM32G471VEH3, STM32G471VEH6, STM32G471VEI3, STM32G471VEI6, STM32G471VET3, STM32G471VET6, STM32G473QET3Z, STM32G473RET3Z, STM32G474CCT6, STM32G491RET3Z, STM32H503CBT6, STM32H503CBU6, STM32H503EBY6TR, STM32H503KBU6, STM32H503RBT6, STM32H523CCT6, STM32H523CCU6, STM32H523CET6, STM32H523CEU6, STM32H523HEY6TR, STM32H523RCT6, STM32H523RET6, STM32H523VCI6, STM32H523VCT6, STM32H523VEI6, STM32H523VET6, STM32H523ZCJ6, STM32H523ZCT6, STM32H523ZEJ6, STM32H523ZET6, STM32H533CET6, STM32H533CEU6, STM32H533HEY6TR, STM32H533RET6, STM32H533VEI6, STM32H533VET6, STM32H533ZEJ6, STM32H533ZET6, STM32H562AGI6, STM32H562AII6, STM32H562IGK6, STM32H562IGT6, STM32H562IIK6, STM32H562IIT6, STM32H562RGT6, STM32H562RGV6, STM32H562RIT6, STM32H562RIV6, STM32H562VGT6, STM32H562VIT6, STM32H562ZGT6, STM32H562ZIT6, STM32H563AGI6, STM32H563AII3Q, STM32H563AII6, STM32H563IGK6, STM32H563IGT6, STM32H563IIK3Q, STM32H563IIK6, STM32H563IIT3Q, STM32H563IIT6, STM32H563MIY3QTR, STM32H563RGT6, STM32H563RGV6, STM32H563RIT6, STM32H563RIV6, STM32H563VGT6, STM32H563VIT3Q, STM32H563VIT6, STM32H563ZGT6, STM32H563ZIT3Q, STM32H563ZIT6, STM32H573AII3Q, STM32H573AII6, STM32H573I-DK, STM32H573IIK3Q, STM32H573IIK6, STM32H573IIT3Q, STM32H573IIT6, STM32H573MIY3QTR, STM32H573RIT6, STM32H573RIV6, STM32H573VIT3Q, STM32H573VIT6, STM32H573ZIT3Q, STM32H573ZIT6, STM32H7R3A8I6, STM32H7R3I8K6, STM32H7R3I8T6, STM32H7R3L8H6, STM32H7R3L8H6H, STM32H7R3R8V6, STM32H7R3V8H6, STM32H7R3V8T6, STM32H7R3V8Y6TR, STM32H7R3Z8J6, STM32H7R3Z8T6, STM32H7R7A8I6, STM32H7R7I8K6, STM32H7R7I8T6, STM32H7R7L8H6, STM32H7R7L8H6H, STM32H7R7Z8J6, STM32H7S3A8I6, STM32H7S3I8K6, STM32H7S3I8T6, STM32H7S3L8H6, STM32H7S3L8H6H, STM32H7S3R8V6, STM32H7S3V8H6, STM32H7S3V8T6, STM32H7S3V8Y6TR, STM32H7S3Z8J6, STM32H7S3Z8T6, STM32H7S78-DK, STM32H7S7A8I6, STM32H7S7I8K6, STM32H7S7I8T6, STM32H7S7L8H6, STM32H7S7L8H6H, STM32H7S7Z8J6, STM32L4R5QGI6STR, STM32MP131AAE3, STM32MP131AAF3, STM32MP131AAG3, STM32MP131CAE3, STM32MP131CAF3, STM32MP131CAG3, STM32MP131DAE7, STM32MP131DAF7, STM32MP131DAG7, STM32MP131FAE7, STM32MP131FAF7, STM32MP131FAG7, STM32MP133AAE3, STM32MP133AAF3, STM32MP133AAG3, STM32MP133CAE3, STM32MP133CAF3, STM32MP133CAG3, STM32MP133DAE7, STM32MP133DAF7, STM32MP133DAG7, STM32MP133FAE7, STM32MP133FAF7, STM32MP133FAG7, STM32MP135AAE3, STM32MP135AAF3, STM32MP135AAG3, STM32MP135CAE3, STM32MP135CAF3, STM32MP135CAG3, STM32MP135DAE7, STM32MP135DAF7, STM32MP135DAG7, STM32MP135F-DK, STM32MP135FAE7, STM32MP135FAF7, STM32MP135FAF7T, STM32MP135FAF7U, STM32MP135FAG7, STM32MP211AAL3, STM32MP211AAM3, STM32MP211AAN3, STM32MP211AAO3, STM32MP211CAL3, STM32MP211CAM3, STM32MP211CAN3, STM32MP211CAO3, STM32MP211DAL3, STM32MP211DAM3, STM32MP211DAN3, STM32MP211DAO3, STM32MP211FAL3, STM32MP211FAM3, STM32MP211FAN3, STM32MP211FAO3, STM32MP213AAL3, STM32MP213AAM3, STM32MP213AAN3, STM32MP213AAO3, STM32MP213CAL3, STM32MP213CAM3, STM32MP213CAN3, STM32MP213CAO3, STM32MP213DAL3, STM32MP213DAM3, STM32MP213DAN3, STM32MP213DAO3, STM32MP213FAL3, STM32MP213FAM3, STM32MP213FAN3, STM32MP213FAO3, STM32MP215AAL3, STM32MP215AAM3, STM32MP215AAN3, STM32MP215AAO3, STM32MP215CAL3, STM32MP215CAM3, STM32MP215CAN3, STM32MP215CAO3, STM32MP215DAL3, STM32MP215DAM3, STM32MP215DAN3, STM32MP215DAO3, STM32MP215F-DK, STM32MP215FAL3, STM32MP215FAM3, STM32MP215FAN3, STM32MP215FAO3, STM32MP231AAJ3, STM32MP231AAK3, STM32MP231AAL3, STM32MP231CAJ3, STM32MP231CAK3, STM32MP231CAL3, STM32MP231DAJ3, STM32MP231DAK3, STM32MP231DAL3, STM32MP231FAJ3, STM32MP231FAK3, STM32MP231FAL3, STM32MP233AAJ3, STM32MP233AAK3, STM32MP233AAL3, STM32MP233CAJ3, STM32MP233CAK3, STM32MP233CAL3, STM32MP233DAJ3, STM32MP233DAK3, STM32MP233DAL3, STM32MP233FAJ3, STM32MP233FAK3, STM32MP233FAL3, STM32MP235AAJ3, STM32MP235AAK3, STM32MP235AAL3, STM32MP235CAJ3, STM32MP235CAK3, STM32MP235CAL3, STM32MP235DAJ3, STM32MP235DAK3, STM32MP235DAL3, STM32MP235FAJ3, STM32MP235FAK3, STM32MP235FAL3, STM32MP251AAI3, STM32MP251AAK3, STM32MP251AAL3, STM32MP251CAI3, STM32MP251CAK3, STM32MP251CAL3, STM32MP251DAI3, STM32MP251DAK3, STM32MP251DAL3, STM32MP251FAI3, STM32MP251FAK3, STM32MP251FAL3, STM32MP253AAI3, STM32MP253AAK3, STM32MP253AAL3, STM32MP253CAI3, STM32MP253CAK3, STM32MP253CAL3, STM32MP253DAI3, STM32MP253DAK3, STM32MP253DAL3, STM32MP253FAI3, STM32MP253FAK3, STM32MP253FAL3, STM32MP255AAI3, STM32MP255AAK3, STM32MP255AAL3, STM32MP255CAI3, STM32MP255CAK3, STM32MP255CAL3, STM32MP255DAI3, STM32MP255DAK3, STM32MP255DAL3, STM32MP255FAI3, STM32MP255FAK3, STM32MP255FAL3, STM32MP257AAI3, STM32MP257AAK3, STM32MP257AAL3, STM32MP257CAI3, STM32MP257CAK3, STM32MP257CAL3, STM32MP257DAI3, STM32MP257DAK3, STM32MP257DAL3, STM32MP257F-DK, STM32MP257F-EV1, STM32MP257FAI3, STM32MP257FAK3, STM32MP257FAL3, STM32N645A0H3Q, STM32N645B0H3Q, STM32N645I0H3Q, STM32N645L0H3Q, STM32N645X0H3Q, STM32N645Z0H3Q, STM32N647A0H3Q, STM32N647B0H3Q, STM32N647I0H3Q, STM32N647L0H3Q, STM32N647X0H3Q, STM32N647Z0H3Q, STM32N655A0H3Q, STM32N655B0H3Q, STM32N655I0H3Q, STM32N655L0H3Q, STM32N655X0H3Q, STM32N655Z0H3Q, STM32N6570-DK, STM32N657A0H3Q, STM32N657B0H3Q, STM32N657I0H3Q, STM32N657L0H3Q, STM32N657X0H3Q, STM32N657Z0H3Q, STM32U031C6T6, STM32U031C6U6, STM32U031C8T6, STM32U031C8U6, STM32U031F4P6, STM32U031F6P6, STM32U031F8P6, STM32U031G6Y6TR, STM32U031G8Y6TR, STM32U031K4U6, STM32U031K6U6, STM32U031K8U6, STM32U031R6I6, STM32U031R6T6, STM32U031R8I6, STM32U031R8T6, STM32U073C8T6, STM32U073C8U6, STM32U073CBT6, STM32U073CBU6, STM32U073CCT6, STM32U073CCU6, STM32U073H8Y6TR, STM32U073HBY6TR, STM32U073HCY6TR, STM32U073K8U6, STM32U073KBU6, STM32U073KCU6, STM32U073M8I6, STM32U073M8T6, STM32U073MBI6, STM32U073MBT6, STM32U073MCI6, STM32U073MCT6, STM32U073R8I6, STM32U073R8T6, STM32U073RBI6, STM32U073RBT6, STM32U073RCI6, STM32U073RCT6, STM32U083C-DK, STM32U083CCT6, STM32U083CCU6, STM32U083HCY6TR, STM32U083KCU6, STM32U083MCI6, STM32U083MCT6, STM32U083RCI6, STM32U083RCT6, STM32U375CET6, STM32U375CET6Q, STM32U375CEU6, STM32U375CEU6Q, STM32U375CEY6QTR, STM32U375CGT6, STM32U375CGT6Q, STM32U375CGU6, STM32U375CGU6Q, STM32U375CGY6QTR, STM32U375KEU6, STM32U375KGU6, STM32U375REI6, STM32U375REI6Q, STM32U375RET6, STM32U375RET6Q, STM32U375REY6GTR, STM32U375REY6QTR, STM32U375RGI6, STM32U375RGI6Q, STM32U375RGT6, STM32U375RGT6Q, STM32U375RGY6GTR, STM32U375RGY6QTR, STM32U375VEI6, STM32U375VEI6Q, STM32U375VET6, STM32U375VET6Q, STM32U375VGI6, STM32U375VGI6Q, STM32U375VGT6, STM32U375VGT6Q, STM32U385CGT6, STM32U385CGT6Q, STM32U385CGU6, STM32U385CGU6Q, STM32U385CGY6QTR, STM32U385KGU6, STM32U385RGI6, STM32U385RGI6Q, STM32U385RGT6, STM32U385RGT6Q, STM32U385RGY6GTR, STM32U385RGY6QTR, STM32U385VGI6, STM32U385VGI6Q, STM32U385VGT6, STM32U385VGT6Q, STM32U535CBT6, STM32U535CBT6Q, STM32U535CBU6, STM32U535CBU6Q, STM32U535CCT6, STM32U535CCT6Q, STM32U535CCU6, STM32U535CCU6Q, STM32U535CET6, STM32U535CET6Q, STM32U535CEU6, STM32U535CEU6Q, STM32U535JEY6QTR, STM32U535NCY6QTR, STM32U535NEY6QTR, STM32U535RBI6, STM32U535RBI6Q, STM32U535RBT6, STM32U535RBT6Q, STM32U535RCI6, STM32U535RCI6Q, STM32U535RCT6, STM32U535RCT6Q, STM32U535REI6, STM32U535REI6Q, STM32U535RET6, STM32U535RET6Q, STM32U535VCI6, STM32U535VCI6Q, STM32U535VCT6, STM32U535VCT6Q, STM32U535VEI6, STM32U535VEI6Q, STM32U535VET6, STM32U535VET6Q, STM32U545CET6, STM32U545CET6Q, STM32U545CEU6, STM32U545CEU6Q, STM32U545JEY6QTR, STM32U545NEY6QTR, STM32U545REI6, STM32U545REI6Q, STM32U545RET6, STM32U545RET6Q, STM32U545VEI6, STM32U545VEI6Q, STM32U545VET6, STM32U545VET6Q, STM32U595AIH6, STM32U595AIH6Q, STM32U595AJH6, STM32U595AJH6Q, STM32U595QII6, STM32U595QII6Q, STM32U595QJI6, STM32U595QJI6Q, STM32U595RIT6, STM32U595RIT6Q, STM32U595RJT6, STM32U595RJT6Q, STM32U595VIT6, STM32U595VIT6Q, STM32U595VJT6, STM32U595VJT6Q, STM32U595ZIT6, STM32U595ZIT6Q, STM32U595ZIY6QTR, STM32U595ZJT6, STM32U595ZJT6Q, STM32U595ZJY6QTR, STM32U599BJY6QTR, STM32U599NIH6Q, STM32U599NJH6Q, STM32U599VIT6Q, STM32U599VJT6, STM32U599VJT6Q, STM32U599ZIT6Q, STM32U599ZIY6QTR, STM32U599ZJT6Q, STM32U599ZJY6QTR, STM32U5A5AJH6, STM32U5A5AJH6Q, STM32U5A5QII3Q , STM32U5A5QJI6, STM32U5A5QJI6Q, STM32U5A5RJT6, STM32U5A5RJT6Q, STM32U5A5VJT6, STM32U5A5VJT6Q, STM32U5A5ZJT6, STM32U5A5ZJT6Q, STM32U5A5ZJY6QTR, STM32U5A9BJY6QTR, STM32U5A9J-DK, STM32U5A9NJH6Q, STM32U5A9VJT6Q, STM32U5A9ZJT6Q, STM32U5A9ZJY6QTR, STM32U5F7VIT6, STM32U5F7VIT6Q, STM32U5F7VJT6, STM32U5F7VJT6Q, STM32U5F9BJY6QTR, STM32U5F9NJH6Q, STM32U5F9VIT6Q, STM32U5F9VJT6Q, STM32U5F9ZIJ6QTR, STM32U5F9ZIT6Q, STM32U5F9ZJJ6QTR, STM32U5F9ZJT6Q, STM32U5G7VJT6, STM32U5G7VJT6Q, STM32U5G9BJY6QTR, STM32U5G9J-DK1, STM32U5G9J-DK2, STM32U5G9NJH6Q, STM32U5G9VJT6Q, STM32U5G9ZJJ6QTR, STM32U5G9ZJT6Q, STM32WB05KZV6TR, STM32WB05KZV7TR, STM32WB05TZF6TR, STM32WB05TZF7TR, STM32WB06CCF6TR, STM32WB06CCF7TR, STM32WB06CCV6TR, STM32WB06CCV7TR, STM32WB06KCV6TR, STM32WB06KCV7TR, STM32WB07CCF6TR, STM32WB07CCF7TR, STM32WB07CCV6TR, STM32WB07CCV7TR, STM32WB07KCV6TR, STM32WB07KCV7TR, STM32WB09KEV6TR, STM32WB09KEV7TR, STM32WB09TEF6TR, STM32WB09TEF7TR, STM32WB1MMCH6, STM32WBA50KGU6, STM32WBA50KGU6TR, STM32WBA52CEU6, STM32WBA52CEU6TR, STM32WBA52CEU7, STM32WBA52CEU7TR, STM32WBA52CGU6, STM32WBA52CGU6TR, STM32WBA52CGU6U, STM32WBA52CGU7, STM32WBA52CGU7TR, STM32WBA52KEU6, STM32WBA52KEU6TR, STM32WBA52KGU6, STM32WBA52KGU6TR, STM32WBA54CEU6, STM32WBA54CEU6TR, STM32WBA54CEU7, STM32WBA54CEU7TR, STM32WBA54CGU6, STM32WBA54CGU6TR, STM32WBA54CGU7, STM32WBA54CGU7TR, STM32WBA54KEU6, STM32WBA54KEU6TR, STM32WBA54KEU7, STM32WBA54KEU7TR, STM32WBA54KGU6, STM32WBA54KGU6TR, STM32WBA54KGU7, STM32WBA54KGU7TR, STM32WBA55CEU6, STM32WBA55CEU6TR, STM32WBA55CEU7, STM32WBA55CEU7TR, STM32WBA55CGU6, STM32WBA55CGU6TR, STM32WBA55CGU6U, STM32WBA55CGU7, STM32WBA55CGU7TR, STM32WBA55G-DK1, STM32WBA55HEF6, STM32WBA55HEF7, STM32WBA55HGF6, STM32WBA55HGF7, STM32WBA55UEI6, STM32WBA55UEI6TR, STM32WBA55UEI7, STM32WBA55UEI7TR, STM32WBA55UGI6, STM32WBA55UGI6TR, STM32WBA55UGI7, STM32WBA55UGI7TR, STM32WBA5MMGH6TR, STM32WBA62MGF6, STM32WBA62MIF6, STM32WBA65MGF7, STM32WBA65MIF6, STM32WBA65MIF7, STM32WL30K8V6, STM32WL30KBV6, STM32WL31C8V6, STM32WL31CBV6, STM32WL31K8V6, STM32WL31KBV6, STM32WL33C8V6, STM32WL33C8V6X, STM32WL33CBV6, STM32WL33CBV6X, STM32WL33CCV6, STM32WL33CCV6A, STM32WL33CCV6X, STM32WL33K8V7, STM32WL33K8V7X, STM32WL33KBV7 , STM32WL33KBV7X, STM32WL33KCV7, STM32WL33KCV7X, STM32WL5MOCH6, STM32WL5MOCH6TR]
2026-08-29 11:03:32,930 [INFO] DbMcus:218 - Found 5314 MCUs, 5126 are supported
2026-08-29 11:03:32,930 [INFO] ApiDb:423 - Load user favorites file C:\Users\student/.stm32cubeide/favorites.mcus.txt: 0 item(s)
2026-08-29 11:03:32,930 [INFO] ApiDb:427 - User favorites MCUs=[]
2026-08-29 11:03:32,930 [INFO] DbMcus:224 - Set 0 / 0 favorites MCUs
2026-08-29 11:03:33,198 [INFO] ApiDb:668 - CubeFinder database Data Model version=2.1
2026-08-29 11:03:33,198 [INFO] ApiDb:669 - CubeFinder database Configuration version=3.0.42
2026-08-29 11:03:33,198 [INFO] ApiDb:670 - CubeFinder database generation date=2026-08-04 (1785840812)
2026-08-29 11:03:33,199 [INFO] ApiDb:671 - CubeFinder database FW Pack versions=[FP-ATR-ASTRA1_V2.0.0, FP-SNS-FLIGHT1_V5.1.0, FP-SNS-MOTENV1_V5.1.0, FP-SNS-MOTENVWB1_V1.5.0, FP-SNS-SMARTAG2_V1.2.0, FP-SNS-STBOX1_V2.1.0, STM32Cube_FW_C0_V1.4.1, STM32Cube_FW_F4_V1.28.3, STM32Cube_FW_F7_V1.17.4, STM32Cube_FW_G0_V1.6.3, STM32Cube_FW_G4_V1.6.2, STM32Cube_FW_H5_V1.7.0, STM32Cube_FW_H7RS_V1.3.0, STM32Cube_FW_H7_V1.13.0, STM32Cube_FW_L0_V1.12.2, STM32Cube_FW_L4_V1.18.2, STM32Cube_FW_L5_V1.6.0, STM32Cube_FW_N6_V1.4.0, STM32Cube_FW_U0_V1.3.0, STM32Cube_FW_U3_V1.4.0, STM32Cube_FW_U5_V1.9.0, STM32Cube_FW_WB0_V1.5.0, STM32Cube_FW_WBA_V1.10.0, STM32Cube_FW_WB_V1.24.0, STM32Cube_FW_WL3_V1.5.0, STM32Cube_FW_WL_V1.6.0, X-CUBE-ALGOBUILD_V1.5.0, X-CUBE-ALS_V1.0.2, X-CUBE-AZRTOS-F4_V1.1.0, X-CUBE-AZRTOS-F7_V1.1.0, X-CUBE-AZRTOS-G0_V1.1.0, X-CUBE-AZRTOS-G4_V2.0.0, X-CUBE-AZRTOS-H7RS_V1.3.0, X-CUBE-AZRTOS-H7_V3.5.0, X-CUBE-AZRTOS-L4_V2.0.0, X-CUBE-AZRTOS-L5_V2.0.0, X-CUBE-AZRTOS-WB_V2.0.0, X-CUBE-AZRTOS-WL_V2.0.0, X-CUBE-BLE1_V7.1.0, X-CUBE-BLE2_V3.3.0, X-CUBE-BLEMGR_V4.2.0, X-CUBE-EEPRMA1_V5.2.0, X-CUBE-FREERTOS_V1.6.0, X-CUBE-GNSS1_V7.1.1, X-CUBE-MEMS1_V13.0.0, X-CUBE-NFC4_V3.0.0, X-CUBE-NFC7_V2.0.0, X-CUBE-SFXS2LP1_V4.0.0, X-CUBE-ST67W61_V1.3.0, X-CUBE-SUBG2_V5.0.0, X-CUBE-TOF1_V3.4.3]
2026-08-29 11:03:33,225 [INFO] DbBoardsSqlite:226 - include board P-NUCLEO-WB55-NUCLEO as a kit item of type 'Nucleo-64'
2026-08-29 11:03:33,226 [INFO] DbBoardsSqlite:226 - include board P-NUCLEO-WB55-USBDONGLE as a kit item of type 'Nucleo USB Dongle'
2026-08-29 11:03:33,226 [INFO] DbBoardsSqlite:226 - include board STEVAL-IDP005V1 as a kit item of type 'Evaluation Board'
2026-08-29 11:03:33,226 [INFO] DbBoardsSqlite:226 - include board STEVAL-IDP005V2 as a kit item of type 'Evaluation Board'
2026-08-29 11:03:33,263 [INFO] ApiDb:240 - Found 880 in-development CPN: [B-G473E-ZEST1S, B-WB1M-WPAN1, B-WBA5M-WPAN, B-WL5M-SUBG1, NUCLEO-C031C6, NUCLEO-C051C8, NUCLEO-C071RB, NUCLEO-C092RC, NUCLEO-H503RB, NUCLEO-H533RE, NUCLEO-H563ZI, NUCLEO-H7S3L8, NUCLEO-N657X0-Q, NUCLEO-U031R8, NUCLEO-U083RC, NUCLEO-U385RG-Q, NUCLEO-U545RE-Q, NUCLEO-U5A5ZJ-Q, NUCLEO-WB05KZ, NUCLEO-WB07CC, NUCLEO-WB09KE, NUCLEO-WBA52CG, NUCLEO-WBA55CG, NUCLEO-WL33CC1, NUCLEO-WL33CC2, STEVAL-PROTEUS1, STEVAL-SMARTAG2, STEVAL-STWINBX1, STM320518-EVAL, STM32C0116-DK, STM32C011D6Y3TR, STM32C011D6Y6TR, STM32C011F4P3, STM32C011F4P6, STM32C011F4U3, STM32C011F4U6TR, STM32C011F6P3, STM32C011F6P6, STM32C011F6U3, STM32C011F6U6TR, STM32C011J4M3, STM32C011J4M6, STM32C011J6M3, STM32C011J6M6, STM32C0316-DK, STM32C031C4T3, STM32C031C4T6, STM32C031C4U3, STM32C031C4U6, STM32C031C6T3, STM32C031C6T6, STM32C031C6U3, STM32C031C6U6, STM32C031F4P3, STM32C031F4P6, STM32C031F6P3, STM32C031F6P6, STM32C031G4U3, STM32C031G4U6, STM32C031G6U3, STM32C031G6U6, STM32C031K4T3, STM32C031K4T6, STM32C031K4U3, STM32C031K4U6, STM32C031K6T3, STM32C031K6T6, STM32C031K6U3, STM32C031K6U6, STM32C051C6T6, STM32C051C6U6, STM32C051C8T6, STM32C051C8U6, STM32C051D8Y6TR, STM32C051F6P6, STM32C051F8P6, STM32C051G6U6, STM32C051G8U6, STM32C051K6T6, STM32C051K6U6, STM32C051K8T6, STM32C071C8T6, STM32C071C8T6N, STM32C071C8U6, STM32C071C8U6N, STM32C071CBT6, STM32C071CBT6N, STM32C071CBU6, STM32C071CBU6N, STM32C071F8P6, STM32C071F8P6N, STM32C071FBP6, STM32C071FBP6N, STM32C071FBY6TR, STM32C071G8U6, STM32C071G8U6N, STM32C071GBU6, STM32C071GBU6N, STM32C071K8T6, STM32C071K8T6N, STM32C071K8U6, STM32C071K8U6N, STM32C071KBT6, STM32C071KBT6N, STM32C071KBU6, STM32C071KBU6N, STM32C071R8T6, STM32C071R8T6N, STM32C071RBI6N, STM32C071RBT6, STM32C071RBT6N, STM32C091CBT6, STM32C091CBU6, STM32C091CCT6, STM32C091CCU6, STM32C091ECY6TR, STM32C091FBP6, STM32C091FCP6, STM32C091GBU6, STM32C091GCU6, STM32C091KBT6, STM32C091KBU6, STM32C091KCT6, STM32C091KCU6, STM32C091RBT6, STM32C091RCI6, STM32C091RCT6, STM32C092CBT6, STM32C092CBU6, STM32C092CCT6, STM32C092CCU6, STM32C092ECY6TR, STM32C092FBP6, STM32C092FCP6, STM32C092GBU6, STM32C092GCU6, STM32C092KBT6, STM32C092KBU6, STM32C092KCT6, STM32C092KCU6, STM32C092RBT6, STM32C092RCI6, STM32C092RCT6, STM32G071K8TXN, STM32G071K8UXN, STM32G081GBU6N, STM32G081KBT6N, STM32G081KBUXN, STM32G0B1CCT6N, STM32G0B1KCT6, STM32G0B1NEY6TR, STM32G0B1RCT6N, STM32G0C1CCT6, STM32G0C1CCT6N, STM32G0C1CCU6N, STM32G0C1CET6N, STM32G0C1CEU6N, STM32G0C1KCT6, STM32G0C1NEY6TR, STM32G0C1RCI6N, STM32G0C1RCT6N, STM32G0C1REI6N, STM32G0C1RET6N, STM32G0C1VCI6, STM32G0C1VEI6, STM32G411C6T3, STM32G411C6T6, STM32G411C6U3, STM32G411C6U6, STM32G411C8T3, STM32G411C8T6, STM32G411C8U3, STM32G411C8U6, STM32G411CBT3, STM32G411CBT6, STM32G411CBU3, STM32G411CBU6, STM32G411K6T3, STM32G411K6T6, STM32G411K6U3, STM32G411K6U6, STM32G411K8T3, STM32G411K8T6, STM32G411K8U3, STM32G411K8U6, STM32G411KBT3, STM32G411KBT6, STM32G411KBU3, STM32G411KBU6, STM32G411M6T3, STM32G411M6T6, STM32G411M8T3, STM32G411M8T6, STM32G411MBT3, STM32G411MBT6, STM32G411R6T3, STM32G411R6T6, STM32G411R8T3, STM32G411R8T6, STM32G411RBT3, STM32G411RBT6, STM32G414CBT3, STM32G414CBT6, STM32G414CBU3, STM32G414CBU6, STM32G414CCT3, STM32G414CCT6, STM32G414CCU3, STM32G414CCU6, STM32G414MBT3, STM32G414MBT6, STM32G414MCT3, STM32G414MCT6, STM32G414RBT3, STM32G414RBT6, STM32G414RCT3, STM32G414RCT6, STM32G414VBT3, STM32G414VBT6, STM32G414VCT3, STM32G414VCT6, STM32G431CBT3Z, STM32G431RBT3Z, STM32G471CCT6, STM32G471CCU6, STM32G471CET3, STM32G471CET6, STM32G471CEU3, STM32G471CEU6, STM32G471MCT6, STM32G471MET3, STM32G471MET6, STM32G471MEY6TR, STM32G471QCT6, STM32G471QET3, STM32G471RCT6, STM32G471RET3, STM32G471RET6, STM32G471VCH6, STM32G471VCI6, STM32G471VCT6, STM32G471VEH3, STM32G471VEH6, STM32G471VEI3, STM32G471VEI6, STM32G471VET3, STM32G471VET6, STM32G473QET3Z, STM32G473RET3Z, STM32G474CCT6, STM32G491RET3Z, STM32H503CBT6, STM32H503CBU6, STM32H503EBY6TR, STM32H503KBU6, STM32H503RBT6, STM32H523CCT6, STM32H523CCU6, STM32H523CET6, STM32H523CEU6, STM32H523HEY6TR, STM32H523RCT6, STM32H523RET6, STM32H523VCI6, STM32H523VCT6, STM32H523VEI6, STM32H523VET6, STM32H523ZCJ6, STM32H523ZCT6, STM32H523ZEJ6, STM32H523ZET6, STM32H533CET6, STM32H533CEU6, STM32H533HEY6TR, STM32H533RET6, STM32H533VEI6, STM32H533VET6, STM32H533ZEJ6, STM32H533ZET6, STM32H562AGI6, STM32H562AII6, STM32H562IGK6, STM32H562IGT6, STM32H562IIK6, STM32H562IIT6, STM32H562RGT6, STM32H562RGV6, STM32H562RIT6, STM32H562RIV6, STM32H562VGT6, STM32H562VIT6, STM32H562ZGT6, STM32H562ZIT6, STM32H563AGI6, STM32H563AII3Q, STM32H563AII6, STM32H563IGK6, STM32H563IGT6, STM32H563IIK3Q, STM32H563IIK6, STM32H563IIT3Q, STM32H563IIT6, STM32H563MIY3QTR, STM32H563RGT6, STM32H563RGV6, STM32H563RIT6, STM32H563RIV6, STM32H563VGT6, STM32H563VIT3Q, STM32H563VIT6, STM32H563ZGT6, STM32H563ZIT3Q, STM32H563ZIT6, STM32H573AII3Q, STM32H573AII6, STM32H573I-DK, STM32H573IIK3Q, STM32H573IIK6, STM32H573IIT3Q, STM32H573IIT6, STM32H573MIY3QTR, STM32H573RIT6, STM32H573RIV6, STM32H573VIT3Q, STM32H573VIT6, STM32H573ZIT3Q, STM32H573ZIT6, STM32H7R3A8I6, STM32H7R3I8K6, STM32H7R3I8T6, STM32H7R3L8H6, STM32H7R3L8H6H, STM32H7R3R8V6, STM32H7R3V8H6, STM32H7R3V8T6, STM32H7R3V8Y6TR, STM32H7R3Z8J6, STM32H7R3Z8T6, STM32H7R7A8I6, STM32H7R7I8K6, STM32H7R7I8T6, STM32H7R7L8H6, STM32H7R7L8H6H, STM32H7R7Z8J6, STM32H7S3A8I6, STM32H7S3I8K6, STM32H7S3I8T6, STM32H7S3L8H6, STM32H7S3L8H6H, STM32H7S3R8V6, STM32H7S3V8H6, STM32H7S3V8T6, STM32H7S3V8Y6TR, STM32H7S3Z8J6, STM32H7S3Z8T6, STM32H7S78-DK, STM32H7S7A8I6, STM32H7S7I8K6, STM32H7S7I8T6, STM32H7S7L8H6, STM32H7S7L8H6H, STM32H7S7Z8J6, STM32L4R5QGI6STR, STM32MP131AAE3, STM32MP131AAF3, STM32MP131AAG3, STM32MP131CAE3, STM32MP131CAF3, STM32MP131CAG3, STM32MP131DAE7, STM32MP131DAF7, STM32MP131DAG7, STM32MP131FAE7, STM32MP131FAF7, STM32MP131FAG7, STM32MP133AAE3, STM32MP133AAF3, STM32MP133AAG3, STM32MP133CAE3, STM32MP133CAF3, STM32MP133CAG3, STM32MP133DAE7, STM32MP133DAF7, STM32MP133DAG7, STM32MP133FAE7, STM32MP133FAF7, STM32MP133FAG7, STM32MP135AAE3, STM32MP135AAF3, STM32MP135AAG3, STM32MP135CAE3, STM32MP135CAF3, STM32MP135CAG3, STM32MP135DAE7, STM32MP135DAF7, STM32MP135DAG7, STM32MP135F-DK, STM32MP135FAE7, STM32MP135FAF7, STM32MP135FAF7T, STM32MP135FAF7U, STM32MP135FAG7, STM32MP211AAL3, STM32MP211AAM3, STM32MP211AAN3, STM32MP211AAO3, STM32MP211CAL3, STM32MP211CAM3, STM32MP211CAN3, STM32MP211CAO3, STM32MP211DAL3, STM32MP211DAM3, STM32MP211DAN3, STM32MP211DAO3, STM32MP211FAL3, STM32MP211FAM3, STM32MP211FAN3, STM32MP211FAO3, STM32MP213AAL3, STM32MP213AAM3, STM32MP213AAN3, STM32MP213AAO3, STM32MP213CAL3, STM32MP213CAM3, STM32MP213CAN3, STM32MP213CAO3, STM32MP213DAL3, STM32MP213DAM3, STM32MP213DAN3, STM32MP213DAO3, STM32MP213FAL3, STM32MP213FAM3, STM32MP213FAN3, STM32MP213FAO3, STM32MP215AAL3, STM32MP215AAM3, STM32MP215AAN3, STM32MP215AAO3, STM32MP215CAL3, STM32MP215CAM3, STM32MP215CAN3, STM32MP215CAO3, STM32MP215DAL3, STM32MP215DAM3, STM32MP215DAN3, STM32MP215DAO3, STM32MP215F-DK, STM32MP215FAL3, STM32MP215FAM3, STM32MP215FAN3, STM32MP215FAO3, STM32MP231AAJ3, STM32MP231AAK3, STM32MP231AAL3, STM32MP231CAJ3, STM32MP231CAK3, STM32MP231CAL3, STM32MP231DAJ3, STM32MP231DAK3, STM32MP231DAL3, STM32MP231FAJ3, STM32MP231FAK3, STM32MP231FAL3, STM32MP233AAJ3, STM32MP233AAK3, STM32MP233AAL3, STM32MP233CAJ3, STM32MP233CAK3, STM32MP233CAL3, STM32MP233DAJ3, STM32MP233DAK3, STM32MP233DAL3, STM32MP233FAJ3, STM32MP233FAK3, STM32MP233FAL3, STM32MP235AAJ3, STM32MP235AAK3, STM32MP235AAL3, STM32MP235CAJ3, STM32MP235CAK3, STM32MP235CAL3, STM32MP235DAJ3, STM32MP235DAK3, STM32MP235DAL3, STM32MP235FAJ3, STM32MP235FAK3, STM32MP235FAL3, STM32MP251AAI3, STM32MP251AAK3, STM32MP251AAL3, STM32MP251CAI3, STM32MP251CAK3, STM32MP251CAL3, STM32MP251DAI3, STM32MP251DAK3, STM32MP251DAL3, STM32MP251FAI3, STM32MP251FAK3, STM32MP251FAL3, STM32MP253AAI3, STM32MP253AAK3, STM32MP253AAL3, STM32MP253CAI3, STM32MP253CAK3, STM32MP253CAL3, STM32MP253DAI3, STM32MP253DAK3, STM32MP253DAL3, STM32MP253FAI3, STM32MP253FAK3, STM32MP253FAL3, STM32MP255AAI3, STM32MP255AAK3, STM32MP255AAL3, STM32MP255CAI3, STM32MP255CAK3, STM32MP255CAL3, STM32MP255DAI3, STM32MP255DAK3, STM32MP255DAL3, STM32MP255FAI3, STM32MP255FAK3, STM32MP255FAL3, STM32MP257AAI3, STM32MP257AAK3, STM32MP257AAL3, STM32MP257CAI3, STM32MP257CAK3, STM32MP257CAL3, STM32MP257DAI3, STM32MP257DAK3, STM32MP257DAL3, STM32MP257F-DK, STM32MP257F-EV1, STM32MP257FAI3, STM32MP257FAK3, STM32MP257FAL3, STM32N645A0H3Q, STM32N645B0H3Q, STM32N645I0H3Q, STM32N645L0H3Q, STM32N645X0H3Q, STM32N645Z0H3Q, STM32N647A0H3Q, STM32N647B0H3Q, STM32N647I0H3Q, STM32N647L0H3Q, STM32N647X0H3Q, STM32N647Z0H3Q, STM32N655A0H3Q, STM32N655B0H3Q, STM32N655I0H3Q, STM32N655L0H3Q, STM32N655X0H3Q, STM32N655Z0H3Q, STM32N6570-DK, STM32N657A0H3Q, STM32N657B0H3Q, STM32N657I0H3Q, STM32N657L0H3Q, STM32N657X0H3Q, STM32N657Z0H3Q, STM32U031C6T6, STM32U031C6U6, STM32U031C8T6, STM32U031C8U6, STM32U031F4P6, STM32U031F6P6, STM32U031F8P6, STM32U031G6Y6TR, STM32U031G8Y6TR, STM32U031K4U6, STM32U031K6U6, STM32U031K8U6, STM32U031R6I6, STM32U031R6T6, STM32U031R8I6, STM32U031R8T6, STM32U073C8T6, STM32U073C8U6, STM32U073CBT6, STM32U073CBU6, STM32U073CCT6, STM32U073CCU6, STM32U073H8Y6TR, STM32U073HBY6TR, STM32U073HCY6TR, STM32U073K8U6, STM32U073KBU6, STM32U073KCU6, STM32U073M8I6, STM32U073M8T6, STM32U073MBI6, STM32U073MBT6, STM32U073MCI6, STM32U073MCT6, STM32U073R8I6, STM32U073R8T6, STM32U073RBI6, STM32U073RBT6, STM32U073RCI6, STM32U073RCT6, STM32U083C-DK, STM32U083CCT6, STM32U083CCU6, STM32U083HCY6TR, STM32U083KCU6, STM32U083MCI6, STM32U083MCT6, STM32U083RCI6, STM32U083RCT6, STM32U375CET6, STM32U375CET6Q, STM32U375CEU6, STM32U375CEU6Q, STM32U375CEY6QTR, STM32U375CGT6, STM32U375CGT6Q, STM32U375CGU6, STM32U375CGU6Q, STM32U375CGY6QTR, STM32U375KEU6, STM32U375KGU6, STM32U375REI6, STM32U375REI6Q, STM32U375RET6, STM32U375RET6Q, STM32U375REY6GTR, STM32U375REY6QTR, STM32U375RGI6, STM32U375RGI6Q, STM32U375RGT6, STM32U375RGT6Q, STM32U375RGY6GTR, STM32U375RGY6QTR, STM32U375VEI6, STM32U375VEI6Q, STM32U375VET6, STM32U375VET6Q, STM32U375VGI6, STM32U375VGI6Q, STM32U375VGT6, STM32U375VGT6Q, STM32U385CGT6, STM32U385CGT6Q, STM32U385CGU6, STM32U385CGU6Q, STM32U385CGY6QTR, STM32U385KGU6, STM32U385RGI6, STM32U385RGI6Q, STM32U385RGT6, STM32U385RGT6Q, STM32U385RGY6GTR, STM32U385RGY6QTR, STM32U385VGI6, STM32U385VGI6Q, STM32U385VGT6, STM32U385VGT6Q, STM32U535CBT6, STM32U535CBT6Q, STM32U535CBU6, STM32U535CBU6Q, STM32U535CCT6, STM32U535CCT6Q, STM32U535CCU6, STM32U535CCU6Q, STM32U535CET6, STM32U535CET6Q, STM32U535CEU6, STM32U535CEU6Q, STM32U535JEY6QTR, STM32U535NCY6QTR, STM32U535NEY6QTR, STM32U535RBI6, STM32U535RBI6Q, STM32U535RBT6, STM32U535RBT6Q, STM32U535RCI6, STM32U535RCI6Q, STM32U535RCT6, STM32U535RCT6Q, STM32U535REI6, STM32U535REI6Q, STM32U535RET6, STM32U535RET6Q, STM32U535VCI6, STM32U535VCI6Q, STM32U535VCT6, STM32U535VCT6Q, STM32U535VEI6, STM32U535VEI6Q, STM32U535VET6, STM32U535VET6Q, STM32U545CET6, STM32U545CET6Q, STM32U545CEU6, STM32U545CEU6Q, STM32U545JEY6QTR, STM32U545NEY6QTR, STM32U545REI6, STM32U545REI6Q, STM32U545RET6, STM32U545RET6Q, STM32U545VEI6, STM32U545VEI6Q, STM32U545VET6, STM32U545VET6Q, STM32U595AIH6, STM32U595AIH6Q, STM32U595AJH6, STM32U595AJH6Q, STM32U595QII6, STM32U595QII6Q, STM32U595QJI6, STM32U595QJI6Q, STM32U595RIT6, STM32U595RIT6Q, STM32U595RJT6, STM32U595RJT6Q, STM32U595VIT6, STM32U595VIT6Q, STM32U595VJT6, STM32U595VJT6Q, STM32U595ZIT6, STM32U595ZIT6Q, STM32U595ZIY6QTR, STM32U595ZJT6, STM32U595ZJT6Q, STM32U595ZJY6QTR, STM32U599BJY6QTR, STM32U599NIH6Q, STM32U599NJH6Q, STM32U599VIT6Q, STM32U599VJT6, STM32U599VJT6Q, STM32U599ZIT6Q, STM32U599ZIY6QTR, STM32U599ZJT6Q, STM32U599ZJY6QTR, STM32U5A5AJH6, STM32U5A5AJH6Q, STM32U5A5QII3Q , STM32U5A5QJI6, STM32U5A5QJI6Q, STM32U5A5RJT6, STM32U5A5RJT6Q, STM32U5A5VJT6, STM32U5A5VJT6Q, STM32U5A5ZJT6, STM32U5A5ZJT6Q, STM32U5A5ZJY6QTR, STM32U5A9BJY6QTR, STM32U5A9J-DK, STM32U5A9NJH6Q, STM32U5A9VJT6Q, STM32U5A9ZJT6Q, STM32U5A9ZJY6QTR, STM32U5F7VIT6, STM32U5F7VIT6Q, STM32U5F7VJT6, STM32U5F7VJT6Q, STM32U5F9BJY6QTR, STM32U5F9NJH6Q, STM32U5F9VIT6Q, STM32U5F9VJT6Q, STM32U5F9ZIJ6QTR, STM32U5F9ZIT6Q, STM32U5F9ZJJ6QTR, STM32U5F9ZJT6Q, STM32U5G7VJT6, STM32U5G7VJT6Q, STM32U5G9BJY6QTR, STM32U5G9J-DK1, STM32U5G9J-DK2, STM32U5G9NJH6Q, STM32U5G9VJT6Q, STM32U5G9ZJJ6QTR, STM32U5G9ZJT6Q, STM32WB05KZV6TR, STM32WB05KZV7TR, STM32WB05TZF6TR, STM32WB05TZF7TR, STM32WB06CCF6TR, STM32WB06CCF7TR, STM32WB06CCV6TR, STM32WB06CCV7TR, STM32WB06KCV6TR, STM32WB06KCV7TR, STM32WB07CCF6TR, STM32WB07CCF7TR, STM32WB07CCV6TR, STM32WB07CCV7TR, STM32WB07KCV6TR, STM32WB07KCV7TR, STM32WB09KEV6TR, STM32WB09KEV7TR, STM32WB09TEF6TR, STM32WB09TEF7TR, STM32WB1MMCH6, STM32WBA50KGU6, STM32WBA50KGU6TR, STM32WBA52CEU6, STM32WBA52CEU6TR, STM32WBA52CEU7, STM32WBA52CEU7TR, STM32WBA52CGU6, STM32WBA52CGU6TR, STM32WBA52CGU6U, STM32WBA52CGU7, STM32WBA52CGU7TR, STM32WBA52KEU6, STM32WBA52KEU6TR, STM32WBA52KGU6, STM32WBA52KGU6TR, STM32WBA54CEU6, STM32WBA54CEU6TR, STM32WBA54CEU7, STM32WBA54CEU7TR, STM32WBA54CGU6, STM32WBA54CGU6TR, STM32WBA54CGU7, STM32WBA54CGU7TR, STM32WBA54KEU6, STM32WBA54KEU6TR, STM32WBA54KEU7, STM32WBA54KEU7TR, STM32WBA54KGU6, STM32WBA54KGU6TR, STM32WBA54KGU7, STM32WBA54KGU7TR, STM32WBA55CEU6, STM32WBA55CEU6TR, STM32WBA55CEU7, STM32WBA55CEU7TR, STM32WBA55CGU6, STM32WBA55CGU6TR, STM32WBA55CGU6U, STM32WBA55CGU7, STM32WBA55CGU7TR, STM32WBA55G-DK1, STM32WBA55HEF6, STM32WBA55HEF7, STM32WBA55HGF6, STM32WBA55HGF7, STM32WBA55UEI6, STM32WBA55UEI6TR, STM32WBA55UEI7, STM32WBA55UEI7TR, STM32WBA55UGI6, STM32WBA55UGI6TR, STM32WBA55UGI7, STM32WBA55UGI7TR, STM32WBA5MMGH6TR, STM32WBA62MGF6, STM32WBA62MIF6, STM32WBA65MGF7, STM32WBA65MIF6, STM32WBA65MIF7, STM32WL30K8V6, STM32WL30KBV6, STM32WL31C8V6, STM32WL31CBV6, STM32WL31K8V6, STM32WL31KBV6, STM32WL33C8V6, STM32WL33C8V6X, STM32WL33CBV6, STM32WL33CBV6X, STM32WL33CCV6, STM32WL33CCV6A, STM32WL33CCV6X, STM32WL33K8V7, STM32WL33K8V7X, STM32WL33KBV7 , STM32WL33KBV7X, STM32WL33KCV7, STM32WL33KCV7X, STM32WL5MOCH6, STM32WL5MOCH6TR]
2026-08-29 11:03:33,337 [INFO] BoardInfo:889 - No configuration file found for board NUCLEO-H553ZG
2026-08-29 11:03:33,338 [INFO] DbBoards:161 - Board is not supported: NUCLEO-H553ZG
2026-08-29 11:03:33,340 [INFO] BoardInfo:889 - No configuration file found for board NUCLEO-H5E5ZJ
2026-08-29 11:03:33,341 [INFO] DbBoards:161 - Board is not supported: NUCLEO-H5E5ZJ
2026-08-29 11:03:33,379 [INFO] BoardInfo:889 - No configuration file found for board NUCLEO-U3C5ZI-Q
2026-08-29 11:03:33,379 [INFO] DbBoards:161 - Board is not supported: NUCLEO-U3C5ZI-Q
2026-08-29 11:03:33,389 [INFO] BoardInfo:889 - No configuration file found for board NUCLEO-WBA25CE1
2026-08-29 11:03:33,390 [INFO] DbBoards:161 - Board is not supported: NUCLEO-WBA25CE1
2026-08-29 11:03:33,396 [INFO] BoardInfo:889 - No configuration file found for board NUCLEO-WL3RKB1
2026-08-29 11:03:33,397 [INFO] DbBoards:161 - Board is not supported: NUCLEO-WL3RKB1
2026-08-29 11:03:33,398 [INFO] BoardInfo:889 - No configuration file found for board NUCLEO-WL3RKB2
2026-08-29 11:03:33,398 [INFO] DbBoards:161 - Board is not supported: NUCLEO-WL3RKB2
2026-08-29 11:03:33,404 [INFO] BoardInfo:889 - No configuration file found for board P-NUCLEO-WB55
2026-08-29 11:03:33,405 [INFO] DbBoards:161 - Kit is not supported: P-NUCLEO-WB55
2026-08-29 11:03:33,409 [INFO] BoardInfo:889 - No configuration file found for board STEVAL-BFA001V1B
2026-08-29 11:03:33,409 [INFO] DbBoards:161 - Kit is not supported: STEVAL-BFA001V1B
2026-08-29 11:03:33,410 [INFO] BoardInfo:889 - No configuration file found for board STEVAL-BFA001V2B
2026-08-29 11:03:33,411 [INFO] DbBoards:161 - Kit is not supported: STEVAL-BFA001V2B
2026-08-29 11:03:33,484 [INFO] BoardInfo:889 - No configuration file found for board STM32H5F5J-DK
2026-08-29 11:03:33,485 [INFO] DbBoards:161 - Board is not supported: STM32H5F5J-DK
2026-08-29 11:03:33,560 [INFO] DbBoards:168 - Found 219 boards, 209 are supported
2026-08-29 11:03:33,560 [INFO] DbBoards:169 - Found 219 boards, 43 of them is supported for  Bsp
2026-08-29 11:03:33,562 [INFO] ApiDb:423 - Load user favorites file C:\Users\student/.stm32cubeide/favorites.boards.txt: 0 item(s)
2026-08-29 11:03:33,562 [INFO] ApiDb:427 - User favorites Boards=[]
2026-08-29 11:03:33,562 [INFO] DbBoards:198 - Set 0 / 0 favorites Boards
2026-08-29 11:03:33,562 [INFO] McuFinderGlobals:76 - Set McuFinderConnectedMode to true
2026-08-29 11:03:33,567 [INFO] MultiScanPanel:200 - Auto-refresh data requested => check proxy status ongoing
2026-08-29 11:03:33,568 [INFO] FinderPluginLoader:96 - Searching for filters in installed packs
2026-08-29 11:03:33,569 [INFO] FinderPluginLoader:109 - Found C:\Users\student\STM32Cube\Repository\Packs\STMicroelectronics\X-CUBE-AI\10.2.1\CubeMX\plugins\ip\ai.10.2.1.jar
2026-08-29 11:03:33,569 [INFO] FinderPluginLoader:119 - Loading ai.10.2.1
2026-08-29 11:03:33,582 [INFO] McuExtendedFiltersManager:95 - Add MCU extended filter: Artificial Intelligence
2026-08-29 11:03:33,963 [INFO] AInterface:116 - AInterface using toolDir: C:/Users/student/STM32Cube/Repository//Packs/STMicroelectronics/X-CUBE-AI/10.2.1/Utilities/windows
2026-08-29 11:03:34,225 [INFO] LoadUrlFilesThread:185 - End of LoadServerUrlFiles without Thread
2026-08-29 11:03:34,231 [INFO] DetailPanel:341 - Set advertising image to C:/Users/student/STM32Cube/Repository/\en.stm32h5cubemxbanner.png
2026-08-29 11:03:36,979 [INFO] MultiScanPanel:200 - Auto-refresh data requested => check proxy status ongoing
2026-08-29 11:03:37,055 [INFO] LoadUrlFilesThread:185 - End of LoadServerUrlFiles without Thread
2026-08-29 11:03:37,055 [INFO] DetailPanel:341 - Set advertising image to C:/Users/student/STM32Cube/Repository/\en.stm32h5cubemxbanner.png
2026-08-29 11:03:37,063 [INFO] DbBoards:642 - Loading board mini-images...
2026-08-29 11:03:37,325 [ERROR] DbBoards:659 - Image file not found for board NUCLEO-H553ZG: C:\Users\student\.stmcufinder\plugins\mcufinder//mcu//boards_images/NUCLEO-H553ZG.jpg
2026-08-29 11:03:38,237 [INFO] DbBoards:665 - Loaded 218 board mini-images
2026-08-29 11:04:06,466 [INFO] MainUpdater:2872 - connection check result : 10
2026-08-29 11:04:06,466 [INFO] MainUpdater:2872 - connection check result : 10
2026-08-29 11:04:06,473 [INFO] MicroXplorer:468 - Change Database Path : 
2026-08-29 11:04:06,474 [INFO] MicroXplorer:498 - Change Database Version : DB.6.0.150
2026-08-29 11:04:06,477 [WARN] ThirdParty:871 - waiting for thirdparty lock release [close project]
2026-08-29 11:04:06,477 [INFO] ThirdParty:873 - entering critical section [close project]
2026-08-29 11:04:06,478 [INFO] ThirdParty:883 - exiting critical section [close project]
2026-08-29 11:04:06,480 [INFO] PinOutPanel:1589 - setPackage(No Configuration,No Configuration)
2026-08-29 11:04:06,481 [INFO] UtilMem:75 - Begin LoadConfig() Used Memory: 985583568 Bytes (1073741824)
2026-08-29 11:04:06,485 [INFO] OpenFileManager:355 - Change cursor
2026-08-29 11:04:06,525 [INFO] ProjectFactory:514 - No CPN specified for board B-L4S5I-IOT01A => set CPN to STM32L4S5VIT6
2026-08-29 11:04:06,525 [INFO] Mcu:2029 - Initializing MCU STM32L4S5VITx STM32L4S5VITx STM32L4S5VIT6
2026-08-29 11:04:07,567 [INFO] Context:786 - Trying to add GPIOservice into a context  which must be forbidden
2026-08-29 11:04:07,921 [INFO] Rule:233 - rule 117617 - U5Cobra4M][GTZC] default value MPCBB3 and MPCBB5 - Not Secured memory - MPCBB1 is applicable
2026-08-29 11:04:07,921 [INFO] Rule:233 - rule 117617 - U5Cobra4M][GTZC] default value MPCBB3 and MPCBB5 - Not Secured memory - MPCBB1 is applicable
2026-08-29 11:04:07,921 [INFO] Rule:233 - rule 117617 - U5Cobra4M][GTZC] default value MPCBB3 and MPCBB5 - Not Secured memory - MPCBB2 is applicable
2026-08-29 11:04:07,921 [INFO] Rule:233 - rule 117617 - U5Cobra4M][GTZC] default value MPCBB3 and MPCBB5 - Not Secured memory - MPCBB2 is applicable
2026-08-29 11:04:07,921 [INFO] Rule:233 - rule 117617 - U5Cobra4M][GTZC] default value MPCBB3 and MPCBB5 - Not Secured memory - MPCBB3 is applicable
2026-08-29 11:04:07,922 [INFO] Rule:233 - rule 117617 - U5Cobra4M][GTZC] default value MPCBB3 and MPCBB5 - Not Secured memory - MPCBB3 is applicable
2026-08-29 11:04:07,922 [INFO] Rule:233 - rule 117617 - U5Cobra4M][GTZC] default value MPCBB3 and MPCBB5 - Not Secured memory - MPCBB4 is applicable
2026-08-29 11:04:07,922 [INFO] Rule:233 - rule 117617 - U5Cobra4M][GTZC] default value MPCBB3 and MPCBB5 - Not Secured memory - MPCBB4 is applicable
2026-08-29 11:04:07,922 [INFO] Rule:233 - rule 117617 - U5Cobra4M][GTZC] default value MPCBB3 and MPCBB5 - Secured memory - MPCBB1 is applicable
2026-08-29 11:04:07,922 [INFO] Rule:233 - rule 117617 - U5Cobra4M][GTZC] default value MPCBB3 and MPCBB5 - Secured memory - MPCBB2 is applicable
2026-08-29 11:04:07,922 [INFO] Rule:233 - rule 117617 - U5Cobra4M][GTZC] default value MPCBB3 and MPCBB5 - Secured memory - MPCBB3 is applicable
2026-08-29 11:04:07,922 [INFO] Rule:233 - rule 117617 - U5Cobra4M][GTZC] default value MPCBB3 and MPCBB5 - Secured memory - MPCBB4 is applicable
2026-08-29 11:04:07,922 [INFO] Rule:233 - rule 117617 - U5Cobra4M][GTZC] default value MPCBB3 and MPCBB5 - Privileged memory - MPCBB1 is applicable
2026-08-29 11:04:07,922 [INFO] Rule:233 - rule 117617 - U5Cobra4M][GTZC] default value MPCBB3 and MPCBB5 - Privileged memory - MPCBB2 is applicable
2026-08-29 11:04:07,922 [INFO] Rule:233 - rule 117617 - U5Cobra4M][GTZC] default value MPCBB3 and MPCBB5 - Privileged memory - MPCBB3 is applicable
2026-08-29 11:04:07,922 [INFO] Rule:233 - rule 117617 - U5Cobra4M][GTZC] default value MPCBB3 and MPCBB5 - Privileged memory - MPCBB4 is applicable
2026-08-29 11:04:07,922 [INFO] Rule:233 - rule 117617 - U5Cobra4M][GTZC] default value MPCBB3 and MPCBB5 - Not Privileged memory - MPCBB1 is applicable
2026-08-29 11:04:07,922 [INFO] Rule:233 - rule 117617 - U5Cobra4M][GTZC] default value MPCBB3 and MPCBB5 - Not Privileged memory - MPCBB2 is applicable
2026-08-29 11:04:07,922 [INFO] Rule:233 - rule 117617 - U5Cobra4M][GTZC] default value MPCBB3 and MPCBB5 - Not Privileged memory - MPCBB3 is applicable
2026-08-29 11:04:07,922 [INFO] Rule:233 - rule 117617 - U5Cobra4M][GTZC] default value MPCBB3 and MPCBB5 - Not Privileged memory - MPCBB4 is applicable
2026-08-29 11:04:07,922 [INFO] Rule:233 - rule 117617 - U5Cobra4M][GTZC] default value MPCBB3 and MPCBB5 - Privileged memory - MPCBB1 is applicable
2026-08-29 11:04:07,922 [INFO] Rule:233 - rule 117617 - U5Cobra4M][GTZC] default value MPCBB3 and MPCBB5 - Privileged memory - MPCBB2 is applicable
2026-08-29 11:04:07,922 [INFO] Rule:233 - rule 117617 - U5Cobra4M][GTZC] default value MPCBB3 and MPCBB5 - Privileged memory - MPCBB3 is applicable
2026-08-29 11:04:07,922 [INFO] Rule:233 - rule 117617 - U5Cobra4M][GTZC] default value MPCBB3 and MPCBB5 - Privileged memory - MPCBB4 is applicable
2026-08-29 11:04:07,922 [INFO] Rule:233 - rule 117617 - U5Cobra4M][GTZC] default value MPCBB3 and MPCBB5 - Privileged memory - MPCBB1 is applicable
2026-08-29 11:04:07,922 [INFO] Rule:233 - rule 117617 - U5Cobra4M][GTZC] default value MPCBB3 and MPCBB5 - Privileged memory - MPCBB2 is applicable
2026-08-29 11:04:07,922 [INFO] Rule:233 - rule 117617 - U5Cobra4M][GTZC] default value MPCBB3 and MPCBB5 - Privileged memory - MPCBB3 is applicable
2026-08-29 11:04:07,922 [INFO] Rule:233 - rule 117617 - U5Cobra4M][GTZC] default value MPCBB3 and MPCBB5 - Privileged memory - MPCBB4 is applicable
2026-08-29 11:04:07,922 [INFO] Rule:233 - rule 117617 - U5Cobra4M][GTZC] default value MPCBB3 and MPCBB5 - Not Privileged memory - MPCBB1 is applicable
2026-08-29 11:04:07,922 [INFO] Rule:233 - rule 117617 - U5Cobra4M][GTZC] default value MPCBB3 and MPCBB5 - Not Privileged memory - MPCBB2 is applicable
2026-08-29 11:04:07,922 [INFO] Rule:233 - rule 117617 - U5Cobra4M][GTZC] default value MPCBB3 and MPCBB5 - Not Privileged memory - MPCBB3 is applicable
2026-08-29 11:04:07,922 [INFO] Rule:233 - rule 117617 - U5Cobra4M][GTZC] default value MPCBB3 and MPCBB5 - Not Privileged memory - MPCBB4 is applicable
2026-08-29 11:04:07,922 [INFO] Rule:233 - rule 117617 - U5Cobra4M][GTZC] default value MPCBB3 and MPCBB5 - Privileged memory - MPCBB1 is applicable
2026-08-29 11:04:07,922 [INFO] Rule:233 - rule 117617 - U5Cobra4M][GTZC] default value MPCBB3 and MPCBB5 - Privileged memory - MPCBB2 is applicable
2026-08-29 11:04:07,922 [INFO] Rule:233 - rule 117617 - U5Cobra4M][GTZC] default value MPCBB3 and MPCBB5 - Privileged memory - MPCBB3 is applicable
2026-08-29 11:04:07,922 [INFO] Rule:233 - rule 117617 - U5Cobra4M][GTZC] default value MPCBB3 and MPCBB5 - Privileged memory - MPCBB4 is applicable
2026-08-29 11:04:07,922 [INFO] Rule:233 - rule WakeUp0 Mode is applicable
2026-08-29 11:04:07,922 [INFO] Rule:233 - rule WakeUp0 SIGNAL is applicable
2026-08-29 11:04:07,922 [INFO] Rule:233 - rule WakeUp1 Mode is applicable
2026-08-29 11:04:07,922 [INFO] Rule:233 - rule WakeUp1 SIGNAL is applicable
2026-08-29 11:04:07,922 [INFO] Rule:233 - rule WakeUp2 Mode is applicable
2026-08-29 11:04:07,922 [INFO] Rule:233 - rule WakeUp2 SIGNAL is applicable
2026-08-29 11:04:07,922 [INFO] Rule:233 - rule WakeUp4 Mode is applicable
2026-08-29 11:04:07,922 [INFO] Rule:233 - rule WakeUp4 SIGNAL is applicable
2026-08-29 11:04:07,922 [INFO] Rule:233 - rule WakeUp5 Mode is applicable
2026-08-29 11:04:07,922 [INFO] Rule:233 - rule WakeUp5 SIGNAL is applicable
2026-08-29 11:04:07,922 [INFO] Rule:233 - rule Change Default Value for LSE Drive Capability for WB family is applicable
2026-08-29 11:04:07,922 [INFO] Rule:233 - rule change FDCAN default value is applicable
2026-08-29 11:04:07,922 [INFO] Rule:233 - rule Adapt Old IOC before rework replace old CORTEX_M33/CORTEX_M55 attributes by the new one. is applicable
2026-08-29 11:04:07,922 [INFO] Rule:233 - rule Rename parametre of RCC RCC_APBDBG_DIV2 to RCC_TIMPRES_DIV2 is applicable
2026-08-29 11:04:07,922 [INFO] Rule:233 - rule Rename DIE493 pin PA10 [PA12] -> PA10 is applicable
2026-08-29 11:04:07,922 [INFO] Rule:233 - rule Rename DIE493 pin PA9 [PA11] -> PA9 is applicable
2026-08-29 11:04:07,922 [INFO] Rule:233 - rule Rename DIE492 PartNumber CPN STM32WBA5MJGHx -> STM32WBA5MMGHx is applicable
2026-08-29 11:04:07,922 [INFO] Rule:233 - rule Rename DIE492 PartNumber  Name STM32WBA5MJGHx -> STM32WBA5MMGHx is applicable
2026-08-29 11:04:07,922 [INFO] Rule:233 - rule Rename DIE492 PartNumber UserName STM32WBA5MJGHx -> STM32WBA5MMGHx is applicable
2026-08-29 11:04:07,922 [INFO] Rule:233 - rule Rename DIE492 PartNumber DeviceId STM32WBA5MJGHx -> STM32WBA5MMGHx is applicable
2026-08-29 11:04:07,922 [INFO] Rule:233 - rule Adapt Old IOC CSI. is applicable
2026-08-29 11:04:07,922 [INFO] Rule:233 - rule Adapt Old IOC DCMIPP. is applicable
2026-08-29 11:04:07,922 [INFO] Rule:233 - rule Adapt Old IOC DCMIPP Mode Parallel. is applicable
2026-08-29 11:04:07,922 [INFO] Rule:233 - rule Adapt Old IOC LTDC. is applicable
2026-08-29 11:04:07,922 [INFO] Rule:233 - rule Rename STM32MP2 RIF Peripheral LTDC RIF.RISUP.LTDC_L0L1.Privilege -> RIF.RISUP.LTDC_L1L2.Privilege is applicable
2026-08-29 11:04:07,922 [INFO] Rule:233 - rule Rename STM32MP2 RIF Peripheral LTDC RIF.RISUP.LTDC_L0L1.Privilege -> RIF.RISUP.LTDC_L1L2.Privilege is applicable
2026-08-29 11:04:07,923 [INFO] Rule:233 - rule Rename STM32MP2 RIF Peripheral LTDC RIF.RISUP.LTDC_L0L1.Lock -> RIF.RISUP.LTDC_L1L2.Lock is applicable
2026-08-29 11:04:07,923 [INFO] Rule:233 - rule Rename STM32MP2 RIF Peripheral LTDC RIF.RISUP.LTDC_L2.Lock -> RIF.RISUP.LTDC_L3.Lock is applicable
2026-08-29 11:04:07,923 [INFO] Rule:233 - rule Adapt the old IOC example for updating the SYS when it is misconfigured. is applicable
2026-08-29 11:04:07,923 [INFO] Rule:233 - rule Rename STM32C09 Mcu.Package LQFP64 -> LQFP48 is applicable
2026-08-29 11:04:07,923 [INFO] Rule:233 - rule Adapt the old IOC example for updating the SYS when it is misconfigured. is applicable
2026-08-29 11:04:07,923 [INFO] Rule:233 - rule Adapt the old IOC example for updating the SYS when it is misconfigured. is applicable
2026-08-29 11:04:07,926 [INFO] DbConfProperties:307 - Apply Compatibility (5/68 Rules)
2026-08-29 11:04:07,941 [INFO] ImportTextPane:234 - (OptionalMessage_ERROR) Pin84 (VP_RIF_VS_RIF1) cannot be retrieved for this MCU
2026-08-29 11:04:08,002 [INFO] RtosManager:558 - Registered RTOS mode: class=CMSIS, group=RTOS, mode=CMSIS_V1, owner=FREERTOS
2026-08-29 11:04:08,003 [INFO] RtosManager:558 - Registered RTOS mode: class=CMSIS, group=RTOS2, mode=CMSIS_V2, owner=FREERTOS
2026-08-29 11:04:08,003 [INFO] RtosManager:558 - Registered RTOS mode: class=RTOS, group=Core, mode=CMSIS_V1, owner=FREERTOS
2026-08-29 11:04:08,003 [INFO] RtosManager:558 - Registered RTOS mode: class=RTOS, group=Core, mode=CMSIS_V2, owner=FREERTOS
2026-08-29 11:04:08,003 [WARN] ModelIntegratedComponent:184 - Missing modes for component STMicroelectronics:FreeRTOS:0.0.1:STMicroelectronics:RTOS:FreeRTOS:Core:::10.2.0:
2026-08-29 11:04:08,037 [WARN] ModelIntegratedComponent:63 - No mode defined for component null
2026-08-29 11:04:08,038 [WARN] ModelIntegratedComponent:63 - No mode defined for component null
2026-08-29 11:04:08,038 [WARN] ModelIntegratedComponent:63 - No mode defined for component null
2026-08-29 11:04:08,038 [WARN] ModelIntegratedComponent:63 - No mode defined for component null
2026-08-29 11:04:08,038 [WARN] ModelIntegratedComponent:63 - No mode defined for component null
2026-08-29 11:04:08,038 [WARN] ModelIntegratedComponent:63 - No mode defined for component null
2026-08-29 11:04:08,038 [WARN] ModelIntegratedComponent:63 - No mode defined for component null
2026-08-29 11:04:08,038 [WARN] ModelIntegratedComponent:63 - No mode defined for component null
2026-08-29 11:04:08,038 [WARN] ModelIntegratedComponent:63 - No mode defined for component null
2026-08-29 11:04:08,038 [WARN] ModelIntegratedComponent:63 - No mode defined for component null
2026-08-29 11:04:08,038 [WARN] ModelIntegratedComponent:63 - No mode defined for component null
2026-08-29 11:04:08,038 [WARN] ModelIntegratedComponent:63 - No mode defined for component null
2026-08-29 11:04:08,038 [WARN] ModelIntegratedComponent:63 - No mode defined for component null
2026-08-29 11:04:08,038 [WARN] ModelIntegratedComponent:63 - No mode defined for component null
2026-08-29 11:04:08,038 [WARN] ModelIntegratedComponent:63 - No mode defined for component null
2026-08-29 11:04:08,038 [WARN] ModelIntegratedComponent:63 - No mode defined for component null
2026-08-29 11:04:08,038 [WARN] ModelIntegratedComponent:63 - No mode defined for component null
2026-08-29 11:04:08,038 [WARN] ModelIntegratedComponent:63 - No mode defined for component null
2026-08-29 11:04:08,038 [WARN] ModelIntegratedComponent:63 - No mode defined for component null
2026-08-29 11:04:08,038 [WARN] ModelIntegratedComponent:63 - No mode defined for component null
2026-08-29 11:04:08,038 [WARN] ModelIntegratedComponent:63 - No mode defined for component null
2026-08-29 11:04:08,038 [WARN] ModelIntegratedComponent:63 - No mode defined for component null
2026-08-29 11:04:08,038 [WARN] ModelIntegratedComponent:63 - No mode defined for component null
2026-08-29 11:04:08,038 [WARN] ModelIntegratedComponent:63 - No mode defined for component null
2026-08-29 11:04:08,038 [WARN] ModelIntegratedComponent:63 - No mode defined for component null
2026-08-29 11:04:08,038 [WARN] ModelIntegratedComponent:63 - No mode defined for component null
2026-08-29 11:04:08,038 [WARN] ModelIntegratedComponent:63 - No mode defined for component null
2026-08-29 11:04:08,038 [WARN] ModelIntegratedComponent:63 - No mode defined for component null
2026-08-29 11:04:08,038 [WARN] ModelIntegratedComponent:63 - No mode defined for component null
2026-08-29 11:04:08,038 [WARN] ModelIntegratedComponent:63 - No mode defined for component null
2026-08-29 11:04:08,038 [WARN] ModelIntegratedComponent:63 - No mode defined for component null
2026-08-29 11:04:08,038 [WARN] ModelIntegratedComponent:63 - No mode defined for component null
2026-08-29 11:04:08,038 [WARN] ModelIntegratedComponent:63 - No mode defined for component null
2026-08-29 11:04:08,038 [WARN] ModelIntegratedComponent:63 - No mode defined for component null
2026-08-29 11:04:08,038 [WARN] ModelIntegratedComponent:63 - No mode defined for component null
2026-08-29 11:04:08,038 [WARN] ModelPack:524 - Component already loaded: STMicroelectronics:HAL Drivers:0.0.0:STMicroelectronics:Device:STMicro_Driver:XSPI:HAL::0.0.1:HAL_XSPI
2026-08-29 11:04:08,056 [INFO] ThirdPartyModel:298 - Start build external matchings
2026-08-29 11:04:08,236 [INFO] ThirdPartyModel:316 - End build external matchings
2026-08-29 11:04:08,255 [WARN] IP:2250 - MaxTran not found: check if there is a RefParameter without a condition.
2026-08-29 11:04:08,255 [WARN] IP:2250 - Refresh not found: check if there is a RefParameter without a condition.
2026-08-29 11:04:08,256 [INFO] ImportTextPane:234 - (OptionalMessage_ERROR) IP (RCC) : Invalid parameter (FamilyName)
2026-08-29 11:04:08,430 [INFO] UtilMem:75 - End LoadConfig() Used Memory: 950370864 Bytes (1073741824)
2026-08-29 11:04:08,499 [WARN] ThirdParty:833 - waiting for thirdparty lock release [change project]
2026-08-29 11:04:08,499 [INFO] ThirdParty:835 - entering critical section [change project]
2026-08-29 11:04:08,499 [INFO] ThirdParty:1030 - CMSIS Pack Vendor :STMicroelectronics X-CUBE-AZRTOS-H7 3.5.0
2026-08-29 11:04:08,499 [INFO] ThirdParty:1030 - CMSIS Pack Vendor :STMicroelectronics X-CUBE-PM33A1 1.0.0
2026-08-29 11:04:08,499 [INFO] ThirdParty:1030 - CMSIS Pack Vendor :STMicroelectronics USBPD 4.1
2026-08-29 11:04:08,499 [INFO] ThirdParty:1030 - CMSIS Pack Vendor :STMicroelectronics X-CUBE-NFC9 1.0.0
2026-08-29 11:04:08,499 [INFO] ThirdParty:1030 - CMSIS Pack Vendor :STMicroelectronics USB_HOST 2.0.0
2026-08-29 11:04:08,499 [INFO] ThirdParty:1030 - CMSIS Pack Vendor :STMicroelectronics FP-ATR-ASTRA1 2.0.3
2026-08-29 11:04:08,500 [INFO] ThirdParty:1030 - CMSIS Pack Vendor :STMicroelectronics X-CUBE-AZRTOS-F4 1.1.0
2026-08-29 11:04:08,500 [INFO] ThirdParty:1030 - CMSIS Pack Vendor :STMicroelectronics LIBJPEG 8.0.0
2026-08-29 11:04:08,500 [INFO] ThirdParty:1030 - CMSIS Pack Vendor :STMicroelectronics X-CUBE-BLE1 7.1.0
2026-08-29 11:04:08,500 [INFO] ThirdParty:1030 - CMSIS Pack Vendor :wolfSSL I-CUBE-wolfMQTT 1.19.2
2026-08-29 11:04:08,500 [INFO] ThirdParty:1030 - CMSIS Pack Vendor :STMicroelectronics USB_DEVICE 3.0.0
2026-08-29 11:04:08,500 [INFO] ThirdParty:1030 - CMSIS Pack Vendor :STMicroelectronics X-CUBE-ISPU 2.1.0
2026-08-29 11:04:08,500 [INFO] ThirdParty:1030 - CMSIS Pack Vendor :STMicroelectronics X-CUBE-EEPRMA1 5.2.0
2026-08-29 11:04:08,500 [INFO] ThirdParty:1030 - CMSIS Pack Vendor :STMicroelectronics X-CUBE-IPS 3.2.0
2026-08-29 11:04:08,500 [INFO] ThirdParty:1030 - CMSIS Pack Vendor :STMicroelectronics eDS-WB_DPC_TT-BIDIR 2.1.1
2026-08-29 11:04:08,500 [INFO] ThirdParty:1030 - CMSIS Pack Vendor :STMicroelectronics X-CUBE-AZRTOS-WB 2.0.0
2026-08-29 11:04:08,500 [INFO] ThirdParty:1030 - CMSIS Pack Vendor :STMicroelectronics X-CUBE-NFC12 1.0.0
2026-08-29 11:04:08,500 [INFO] ThirdParty:1030 - CMSIS Pack Vendor :STMicroelectronics X-CUBE-AZRTOS-F7 1.1.0
2026-08-29 11:04:08,500 [INFO] ThirdParty:1030 - CMSIS Pack Vendor :STMicroelectronics X-CUBE-AZRTOS-L5 2.0.0
2026-08-29 11:04:08,500 [INFO] ThirdParty:1030 - CMSIS Pack Vendor :STMicroelectronics USB_DEVICE 2.0.0
2026-08-29 11:04:08,500 [INFO] ThirdParty:1030 - CMSIS Pack Vendor :STMicroelectronics X-CUBE-FREERTOS 1.6.0
2026-08-29 11:04:08,500 [INFO] ThirdParty:1030 - CMSIS Pack Vendor :STMicroelectronics FP-SNS-STAIOTCFT 1.1.0
2026-08-29 11:04:08,500 [INFO] ThirdParty:1030 - CMSIS Pack Vendor :quantropi X-CUBE-qispace-sdk-base 2.1.0
2026-08-29 11:04:08,500 [INFO] ThirdParty:1030 - CMSIS Pack Vendor :STMicroelectronics X-CUBE-STSE01 2.0.0
2026-08-29 11:04:08,500 [INFO] ThirdParty:1030 - CMSIS Pack Vendor :STMicroelectronics X-CUBE-ALGOBUILD 1.5.0
2026-08-29 11:04:08,500 [INFO] ThirdParty:1030 - CMSIS Pack Vendor :STMicroelectronics FP-SNS-MOTENV1 5.1.0
2026-08-29 11:04:08,500 [INFO] ThirdParty:1030 - CMSIS Pack Vendor :STMicroelectronics FreeRTOS 0.0.1
2026-08-29 11:04:08,500 [INFO] ThirdParty:1030 - CMSIS Pack Vendor :STMicroelectronics X-CUBE-AZRTOS-H7RS 1.3.0
2026-08-29 11:04:08,500 [INFO] ThirdParty:1030 - CMSIS Pack Vendor :STMicroelectronics X-CUBE-AZRTOS-G0 1.1.0
2026-08-29 11:04:08,500 [INFO] ThirdParty:1030 - CMSIS Pack Vendor :STMicroelectronics X-CUBE-NFC4 3.0.0
2026-08-29 11:04:08,500 [INFO] ThirdParty:1030 - CMSIS Pack Vendor :STMicroelectronics X-CUBE-SUBG2 5.0.0
2026-08-29 11:04:08,500 [INFO] ThirdParty:1030 - CMSIS Pack Vendor :STMicroelectronics STM32_WPAN 1.0.0
2026-08-29 11:04:08,500 [INFO] ThirdParty:1030 - CMSIS Pack Vendor :STMicroelectronics eDS-WB_DPC_VIENNA 1.2.0
2026-08-29 11:04:08,500 [INFO] ThirdParty:1030 - CMSIS Pack Vendor :EmbeddedOffice I-CUBE-FS-RTOS 1.0.1
2026-08-29 11:04:08,500 [INFO] ThirdParty:1030 - CMSIS Pack Vendor :STMicroelectronics lwIP 2.0.3
2026-08-29 11:04:08,500 [INFO] ThirdParty:1030 - CMSIS Pack Vendor :WES I-CUBE-Cesium 1.4.0
2026-08-29 11:04:08,500 [INFO] ThirdParty:1030 - CMSIS Pack Vendor :STMicroelectronics X-CUBE-MEMS1 13.0.0
2026-08-29 11:04:08,500 [INFO] ThirdParty:1030 - CMSIS Pack Vendor :STMicroelectronics eDS-WB_DPC_3PH2L-BIDIR 1.1.1
2026-08-29 11:04:08,500 [INFO] ThirdParty:1030 - CMSIS Pack Vendor :STMicroelectronics USB_HOST 1.0.0
2026-08-29 11:04:08,500 [INFO] ThirdParty:1030 - CMSIS Pack Vendor :STMicroelectronics X-CUBE-AZRTOS-G4 2.0.0
2026-08-29 11:04:08,500 [INFO] ThirdParty:1030 - CMSIS Pack Vendor :STMicroelectronics PDM2PCM 3.1.0
2026-08-29 11:04:08,500 [INFO] ThirdParty:1030 - CMSIS Pack Vendor :STMicroelectronics PDM2PCM 3.3.0
2026-08-29 11:04:08,500 [INFO] ThirdParty:1030 - CMSIS Pack Vendor :wolfSSL I-CUBE-wolfTPM 3.8.0
2026-08-29 11:04:08,500 [INFO] ThirdParty:1030 - CMSIS Pack Vendor :STMicroelectronics X-CUBE-DISPLAY 3.0.0
2026-08-29 11:04:08,500 [INFO] ThirdParty:1030 - CMSIS Pack Vendor :wolfSSL I-CUBE-wolfSSH 1.4.20
2026-08-29 11:04:08,500 [INFO] ThirdParty:1030 - CMSIS Pack Vendor :STMicroelectronics X-CUBE-NFC7 2.0.0
2026-08-29 11:04:08,500 [INFO] ThirdParty:1030 - CMSIS Pack Vendor :STMicroelectronics X-CUBE-GNSS1 7.1.1
2026-08-29 11:04:08,500 [INFO] ThirdParty:1030 - CMSIS Pack Vendor :STMicroelectronics FP-SNS-MOTENVWB1 1.5.0
2026-08-29 11:04:08,500 [INFO] ThirdParty:1030 - CMSIS Pack Vendor :STMicroelectronics X-CUBE-TCPP 4.2.0
2026-08-29 11:04:08,500 [INFO] ThirdParty:1030 - CMSIS Pack Vendor :RealThread X-CUBE-RT-Thread_Nano 4.1.1
2026-08-29 11:04:08,500 [INFO] ThirdParty:1030 - CMSIS Pack Vendor :STMicroelectronics FP-ATR-SIGFOX1 3.2.0
2026-08-29 11:04:08,500 [INFO] ThirdParty:1030 - CMSIS Pack Vendor :STMicroelectronics X-CUBE-NFC10 1.0.0
2026-08-29 11:04:08,500 [INFO] ThirdParty:1030 - CMSIS Pack Vendor :STMicroelectronics HAL Drivers 0.0.0
2026-08-29 11:04:08,500 [INFO] ThirdParty:1030 - CMSIS Pack Vendor :STMicroelectronics MBEDTLS 2.16.2
2026-08-29 11:04:08,500 [INFO] ThirdParty:1030 - CMSIS Pack Vendor :STMicroelectronics X-CUBE-ST60 1.1.0
2026-08-29 11:04:08,500 [INFO] ThirdParty:1030 - CMSIS Pack Vendor :STMicroelectronics X-CUBE-ALS 1.0.2
2026-08-29 11:04:08,500 [INFO] ThirdParty:1030 - CMSIS Pack Vendor :emotas I-CUBE-CANOPEN 1.3.0
2026-08-29 11:04:08,500 [INFO] ThirdParty:1030 - CMSIS Pack Vendor :wolfSSL I-CUBE-wolfSSL 5.9.2
2026-08-29 11:04:08,500 [INFO] ThirdParty:1030 - CMSIS Pack Vendor :STMicroelectronics MBEDTLS 2.14.1
2026-08-29 11:04:08,500 [INFO] ThirdParty:1030 - CMSIS Pack Vendor :ITTIA_DB I-CUBE-ITTIADB 8.9.0
2026-08-29 11:04:08,500 [INFO] ThirdParty:1030 - CMSIS Pack Vendor :Cesanta I-CUBE-Mongoose 7.21.7
2026-08-29 11:04:08,500 [INFO] ThirdParty:1030 - CMSIS Pack Vendor :STMicroelectronics X-CUBE-TOUCHGFX 4.26.1
2026-08-29 11:04:08,500 [INFO] ThirdParty:1030 - CMSIS Pack Vendor :STMicroelectronics X-CUBE-NFC6 3.2.0
2026-08-29 11:04:08,500 [INFO] ThirdParty:1030 - CMSIS Pack Vendor :STMicroelectronics FP-SNS-STBOX1 2.1.0
2026-08-29 11:04:08,500 [INFO] ThirdParty:1030 - CMSIS Pack Vendor :STMicroelectronics X-CUBE-AI 10.2.1
2026-08-29 11:04:08,500 [INFO] ThirdParty:1030 - CMSIS Pack Vendor :STMicroelectronics ThreadX 1.0.0
2026-08-29 11:04:08,500 [INFO] ThirdParty:1030 - CMSIS Pack Vendor :STMicroelectronics FP-SNS-SMARTAG2 1.2.0
2026-08-29 11:04:08,500 [INFO] ThirdParty:1030 - CMSIS Pack Vendor :STMicroelectronics FP-SNS-FLIGHT1 5.1.0
2026-08-29 11:04:08,500 [INFO] ThirdParty:1030 - CMSIS Pack Vendor :STMicroelectronics X-CUBE-AZRTOS-WL 2.0.0
2026-08-29 11:04:08,500 [INFO] ThirdParty:1030 - CMSIS Pack Vendor :SEGGER I-CUBE-embOS 1.3.1
2026-08-29 11:04:08,500 [INFO] ThirdParty:1030 - CMSIS Pack Vendor :STMicroelectronics X-CUBE-DPower 1.3.0
2026-08-29 11:04:08,500 [INFO] ThirdParty:1030 - CMSIS Pack Vendor :STMicroelectronics USB_DEVICE 1.0.0
2026-08-29 11:04:08,500 [INFO] ThirdParty:1030 - CMSIS Pack Vendor :STMicroelectronics X-CUBE-AZRTOS-L4 2.0.0
2026-08-29 11:04:08,500 [INFO] ThirdParty:1030 - CMSIS Pack Vendor :STMicroelectronics ThreadX 0.0.2
2026-08-29 11:04:08,500 [INFO] ThirdParty:1030 - CMSIS Pack Vendor :STMicroelectronics lwIP 2.1.2
2026-08-29 11:04:08,500 [INFO] ThirdParty:1030 - CMSIS Pack Vendor :STMicroelectronics X-CUBE-SFXS2LP1 4.0.0
2026-08-29 11:04:08,500 [INFO] ThirdParty:1030 - CMSIS Pack Vendor :STMicroelectronics X-CUBE-BLE2 3.3.0
2026-08-29 11:04:08,500 [INFO] ThirdParty:1030 - CMSIS Pack Vendor :Avnet-IOTCONNECT X-CUBE-iotc-st67-sdk 1.0.0
2026-08-29 11:04:08,500 [INFO] ThirdParty:1030 - CMSIS Pack Vendor :STMicroelectronics X-CUBE-TOF1 3.4.3
2026-08-29 11:04:08,500 [INFO] ThirdParty:1030 - CMSIS Pack Vendor :Infineon AIROC-Wi-Fi-Bluetooth-STM32 1.8.0
2026-08-29 11:04:08,500 [INFO] ThirdParty:1030 - CMSIS Pack Vendor :STMicroelectronics X-CUBE-NFC13 1.0.0
2026-08-29 11:04:08,500 [INFO] ThirdParty:1030 - CMSIS Pack Vendor :STMicroelectronics PDM2PCM 3.2.0
2026-08-29 11:04:08,500 [INFO] ThirdParty:1030 - CMSIS Pack Vendor :STMicroelectronics X-CUBE-WB05N 2.1.0
2026-08-29 11:04:08,501 [INFO] ThirdParty:841 - exiting critical section [change project]
2026-08-29 11:04:08,742 [INFO] PinOutPanel:1589 - setPackage(No Configuration,No Configuration)
2026-08-29 11:04:08,743 [INFO] PinOutPanel:1589 - setPackage(STM32L4S5VITx,LQFP100)
2026-08-29 11:04:09,087 [INFO] UtilMem:75 - Before build in PCC Used Memory: 946017216 Bytes (1073741824)
2026-08-29 11:04:09,549 [INFO] UtilMem:75 - After build in PCC Used Memory: 1002029200 Bytes (1073741824)
2026-08-29 11:04:09,567 [INFO] IPUIPlugin:80 - create IPUIPlugin
2026-08-29 11:04:09,567 [INFO] IPUIPlugin:80 - create IPUIPlugin
2026-08-29 11:04:09,567 [INFO] IPUIPlugin:80 - create IPUIPlugin
2026-08-29 11:04:09,567 [INFO] IPUIPlugin:80 - create IPUIPlugin
2026-08-29 11:04:09,567 [INFO] IPUIPlugin:80 - create IPUIPlugin
2026-08-29 11:04:09,567 [INFO] IPUIPlugin:80 - create IPUIPlugin
2026-08-29 11:04:09,567 [INFO] IPUIPlugin:80 - create IPUIPlugin
2026-08-29 11:04:09,567 [INFO] IPUIPlugin:80 - create IPUIPlugin
2026-08-29 11:04:09,567 [INFO] IPUIPlugin:80 - create IPUIPlugin
2026-08-29 11:04:09,568 [INFO] IPUIPlugin:80 - create IPUIPlugin
2026-08-29 11:04:09,568 [INFO] IPUIPlugin:80 - create IPUIPlugin
2026-08-29 11:04:09,568 [INFO] IPUIPlugin:80 - create IPUIPlugin
2026-08-29 11:04:09,568 [INFO] IPUIPlugin:80 - create IPUIPlugin
2026-08-29 11:04:09,568 [INFO] IPUIPlugin:80 - create IPUIPlugin
2026-08-29 11:04:09,568 [INFO] IPUIPlugin:80 - create IPUIPlugin
2026-08-29 11:04:09,568 [INFO] IPUIPlugin:80 - create IPUIPlugin
2026-08-29 11:04:09,568 [INFO] IPUIPlugin:80 - create IPUIPlugin
2026-08-29 11:04:09,568 [INFO] IPUIPlugin:80 - create IPUIPlugin
2026-08-29 11:04:09,568 [INFO] IPUIPlugin:80 - create IPUIPlugin
2026-08-29 11:04:09,568 [INFO] IPUIPlugin:80 - create IPUIPlugin
2026-08-29 11:04:09,568 [INFO] IPUIPlugin:80 - create IPUIPlugin
2026-08-29 11:04:09,568 [INFO] IPUIPlugin:80 - create IPUIPlugin
2026-08-29 11:04:09,568 [INFO] IPUIPlugin:80 - create IPUIPlugin
2026-08-29 11:04:09,568 [INFO] IPUIPlugin:80 - create IPUIPlugin
2026-08-29 11:04:09,568 [INFO] IPUIPlugin:80 - create IPUIPlugin
2026-08-29 11:04:09,568 [INFO] IPUIPlugin:80 - create IPUIPlugin
2026-08-29 11:04:09,568 [INFO] IPUIPlugin:80 - create IPUIPlugin
2026-08-29 11:04:09,568 [INFO] IPUIPlugin:80 - create IPUIPlugin
2026-08-29 11:04:09,569 [INFO] IPUIPlugin:80 - create IPUIPlugin
2026-08-29 11:04:09,569 [INFO] IPUIPlugin:80 - create IPUIPlugin
2026-08-29 11:04:09,569 [INFO] IPUIPlugin:80 - create IPUIPlugin
2026-08-29 11:04:09,569 [INFO] IPUIPlugin:80 - create IPUIPlugin
2026-08-29 11:04:09,569 [INFO] IPUIPlugin:80 - create IPUIPlugin
2026-08-29 11:04:09,569 [INFO] IPUIPlugin:80 - create IPUIPlugin
2026-08-29 11:04:09,569 [INFO] IPUIPlugin:80 - create IPUIPlugin
2026-08-29 11:04:09,569 [INFO] IPUIPlugin:80 - create IPUIPlugin
2026-08-29 11:04:09,569 [INFO] IPUIPlugin:80 - create IPUIPlugin
2026-08-29 11:04:09,569 [INFO] IPUIPlugin:80 - create IPUIPlugin
2026-08-29 11:04:09,569 [INFO] IPUIPlugin:80 - create IPUIPlugin
2026-08-29 11:04:09,569 [INFO] IPUIPlugin:80 - create IPUIPlugin
2026-08-29 11:04:09,569 [INFO] IPUIPlugin:80 - create IPUIPlugin
2026-08-29 11:04:09,570 [INFO] IPUIPlugin:80 - create IPUIPlugin
2026-08-29 11:04:09,570 [INFO] IPUIPlugin:80 - create IPUIPlugin
2026-08-29 11:04:09,570 [INFO] IPUIPlugin:80 - create IPUIPlugin
2026-08-29 11:04:09,570 [INFO] IPUIPlugin:80 - create IPUIPlugin
2026-08-29 11:04:09,570 [INFO] IPUIPlugin:80 - create IPUIPlugin
2026-08-29 11:04:09,570 [INFO] IPUIPlugin:80 - create IPUIPlugin
2026-08-29 11:04:09,570 [INFO] IPUIPlugin:80 - create IPUIPlugin
2026-08-29 11:04:09,571 [INFO] IPUIPlugin:80 - create IPUIPlugin
2026-08-29 11:04:09,571 [INFO] IPUIPlugin:80 - create IPUIPlugin
2026-08-29 11:04:09,571 [INFO] IPUIPlugin:80 - create IPUIPlugin
2026-08-29 11:04:09,571 [INFO] IPUIPlugin:80 - create IPUIPlugin
2026-08-29 11:04:09,571 [INFO] IPUIPlugin:80 - create IPUIPlugin
2026-08-29 11:04:09,571 [INFO] IPUIPlugin:80 - create IPUIPlugin
2026-08-29 11:04:09,571 [INFO] IPUIPlugin:80 - create IPUIPlugin
2026-08-29 11:04:09,571 [INFO] IPUIPlugin:80 - create IPUIPlugin
2026-08-29 11:04:09,573 [INFO] IPUIPlugin:80 - create IPUIPlugin
2026-08-29 11:04:09,574 [INFO] IPUIPlugin:80 - create IPUIPlugin
2026-08-29 11:04:09,574 [INFO] IPUIPlugin:80 - create IPUIPlugin
2026-08-29 11:04:09,574 [INFO] IPUIPlugin:80 - create IPUIPlugin
2026-08-29 11:04:09,574 [INFO] IPUIPlugin:80 - create IPUIPlugin
2026-08-29 11:04:09,574 [INFO] IPUIPlugin:80 - create IPUIPlugin
2026-08-29 11:04:09,574 [INFO] IPUIPlugin:80 - create IPUIPlugin
2026-08-29 11:04:09,722 [INFO] CADModel:165 - CPN selected for project levelSTM32L4S5VIT6
2026-08-29 11:04:09,723 [INFO] CADModel:114 - Register for checkConnection events
2026-08-29 11:04:09,765 [INFO] OpenFileManager:386 - Restore cursor
2026-08-29 11:04:09,993 [WARN] IP:2250 - MaxTran not found: check if there is a RefParameter without a condition.
2026-08-29 11:04:09,993 [WARN] IP:2250 - Refresh not found: check if there is a RefParameter without a condition.
2026-08-29 11:04:09,993 [WARN] IP:2250 - MaxTran not found: check if there is a RefParameter without a condition.
2026-08-29 11:04:09,993 [WARN] IP:2250 - Refresh not found: check if there is a RefParameter without a condition.
2026-08-29 11:04:10,490 [INFO] UtilMem:75 - End SaveConfig() Used Memory: 945776208 Bytes (1073741824)
2026-08-29 11:04:10,549 [INFO] UtilMem:75 - End SaveConfig() Used Memory: 964648528 Bytes (1073741824)
2026-08-29 11:04:10,772 [INFO] BlockDiagram:2775 - set Specific Code input for plugin: SPI
2026-08-29 11:04:10,773 [INFO] BlockDiagram:2775 - set Specific Code input for plugin: SPI
2026-08-29 11:04:10,773 [INFO] BlockDiagram:2775 - set Specific Code input for plugin: DFSDM
2026-08-29 11:04:10,773 [INFO] BlockDiagram:2775 - set Specific Code input for plugin: SYS
2026-08-29 11:04:10,773 [INFO] BlockDiagram:2775 - set Specific Code input for plugin: ADC
2026-08-29 11:04:10,773 [INFO] BlockDiagram:2775 - set Specific Code input for plugin: RCC
2026-08-29 11:04:10,773 [INFO] BlockDiagram:2775 - set Specific Code input for plugin: I2C
2026-08-29 11:04:10,773 [INFO] BlockDiagram:2775 - set Specific Code input for plugin: I2C
2026-08-29 11:04:10,773 [INFO] BlockDiagram:2775 - set Specific Code input for plugin: USB_OTG_FS
2026-08-29 11:04:10,773 [INFO] BlockDiagram:2775 - set Specific Code input for plugin: NVIC
2026-08-29 11:04:10,773 [INFO] BlockDiagram:2775 - set Specific Code input for plugin: USART
2026-08-29 11:04:10,773 [INFO] BlockDiagram:2775 - set Specific Code input for plugin: USART
2026-08-29 11:04:10,773 [INFO] BlockDiagram:2775 - set Specific Code input for plugin: USART
2026-08-29 11:04:10,773 [INFO] BlockDiagram:2775 - set Specific Code input for plugin: OCTOSPI
2026-08-29 11:04:10,773 [INFO] BlockDiagram:2775 - set Specific Code input for plugin: UART
2026-08-29 11:04:10,773 [INFO] BlockDiagram:2775 - set Specific Code input for plugin: GPIO
2026-08-29 11:04:10,774 [INFO] CodeGenerator:892 - code generatio: config db path: C:\ST\STM32CubeIDE_1.19.0\STM32CubeIDE\plugins\com.st.stm32cube.common.mx_6.15.0.202507011659\\db\
2026-08-29 11:04:10,812 [WARN] IP:2250 - MaxTran not found: check if there is a RefParameter without a condition.
2026-08-29 11:04:10,812 [WARN] IP:2250 - Refresh not found: check if there is a RefParameter without a condition.
2026-08-29 11:04:10,923 [INFO] CodeEngine:265 - oldGeneratedFile, D:\TinyML_Workspace\TinyML\STM32\Nano_Aquisition\MXTmpFiles\license.tmp_save
2026-08-29 11:04:11,126 [INFO] CodeEngine:289 - Generated code: D:\TinyML_Workspace\TinyML\STM32\Nano_Aquisition\MXTmpFiles\license.tmp
2026-08-29 11:04:11,283 [INFO] CodeEngine:265 - oldGeneratedFile, D:\TinyML_Workspace\TinyML\STM32\Nano_Aquisition\MXTmpFiles\gpio.tmp_save
2026-08-29 11:04:11,384 [INFO] CodeEngine:289 - Generated code: D:\TinyML_Workspace\TinyML\STM32\Nano_Aquisition\MXTmpFiles\gpio.tmp
2026-08-29 11:04:12,612 [WARN] IPConfigManager:103 - WARNING: Missing Config File for USB ip!!
2026-08-29 11:04:12,689 [WARN] IPConfigManager:3238 - Warning: the RefConfig PWREx_EnableUSBVoltageDetector is not available in your config.xml file
2026-08-29 11:04:12,700 [INFO] CodeEngine:265 - oldGeneratedFile, D:\TinyML_Workspace\TinyML\STM32\Nano_Aquisition\Core\Src\stm32l4xx_it.c_save
2026-08-29 11:04:12,767 [INFO] CodeEngine:289 - Generated code: D:\TinyML_Workspace\TinyML\STM32\Nano_Aquisition\Core\Src\stm32l4xx_it.c
2026-08-29 11:04:12,770 [INFO] CodeEngine:265 - oldGeneratedFile, D:\TinyML_Workspace\TinyML\STM32\Nano_Aquisition\Core\Inc\stm32l4xx_it.h_save
2026-08-29 11:04:12,800 [INFO] CodeEngine:289 - Generated code: D:\TinyML_Workspace\TinyML\STM32\Nano_Aquisition\Core\Inc\stm32l4xx_it.h
2026-08-29 11:04:12,806 [INFO] CodeEngine:265 - oldGeneratedFile, D:\TinyML_Workspace\TinyML\STM32\Nano_Aquisition\Core\Src\stm32l4xx_hal_msp.c_save
2026-08-29 11:04:12,896 [INFO] CodeEngine:289 - Generated code: D:\TinyML_Workspace\TinyML\STM32\Nano_Aquisition\Core\Src\stm32l4xx_hal_msp.c
2026-08-29 11:04:12,897 [INFO] CodeEngine:265 - oldGeneratedFile, D:\TinyML_Workspace\TinyML\STM32\Nano_Aquisition\MXTmpFiles\system.tmp_save
2026-08-29 11:04:12,934 [INFO] CodeEngine:289 - Generated code: D:\TinyML_Workspace\TinyML\STM32\Nano_Aquisition\MXTmpFiles\system.tmp
2026-08-29 11:04:12,939 [INFO] CodeEngine:321 - oldGeneratedFile, D:\TinyML_Workspace\TinyML\STM32\Nano_Aquisition\Core\Inc\stm32l4xx_hal_conf.h_save
2026-08-29 11:04:12,974 [INFO] CodeEngine:345 - Generated code: D:\TinyML_Workspace\TinyML\STM32\Nano_Aquisition\Core\Inc\stm32l4xx_hal_conf.h
2026-08-29 11:04:12,993 [INFO] ApiDbMcu:532 - Load IP Config File for ADC1
2026-08-29 11:04:13,000 [INFO] ApiDbMcu:532 - Load IP Config File for DFSDM1
2026-08-29 11:04:13,003 [INFO] ApiDbMcu:532 - Load IP Config File for I2C1
2026-08-29 11:04:13,004 [INFO] ApiDbMcu:532 - Load IP Config File for I2C2
2026-08-29 11:04:13,005 [INFO] ApiDbMcu:532 - Load IP Config File for OCTOSPI1
2026-08-29 11:04:13,007 [INFO] ApiDbMcu:532 - Load IP Config File for SPI1
2026-08-29 11:04:13,008 [INFO] ApiDbMcu:532 - Load IP Config File for SPI3
2026-08-29 11:04:13,013 [INFO] ApiDbMcu:532 - Load IP Config File for UART4
2026-08-29 11:04:13,017 [INFO] ApiDbMcu:532 - Load IP Config File for USART1
2026-08-29 11:04:13,022 [INFO] ApiDbMcu:532 - Load IP Config File for USART2
2026-08-29 11:04:13,027 [INFO] ApiDbMcu:532 - Load IP Config File for USART3
2026-08-29 11:04:13,027 [ERROR] ApiDbMcu:560 - Cannot parse USB_OTG_FS_Config file : file do not exist
2026-08-29 11:04:13,027 [ERROR] ApiDbMcu:560 - Cannot parse USB_OTG_FS_Config file : file do not exist
2026-08-29 11:04:13,028 [INFO] ApiDbMcu:532 - Load IP Config File for RCC
2026-08-29 11:04:13,030 [WARN] IPConfigManager:3811 - IP not found : USB_OTG
2026-08-29 11:04:13,031 [WARN] CodeGenerator:4259 - IP not found : null
2026-08-29 11:04:13,033 [INFO] CodeEngine:265 - oldGeneratedFile, D:\TinyML_Workspace\TinyML\STM32\Nano_Aquisition\Core\Inc\main.h_save
2026-08-29 11:04:13,077 [INFO] CodeEngine:289 - Generated code: D:\TinyML_Workspace\TinyML\STM32\Nano_Aquisition\Core\Inc\main.h
2026-08-29 11:04:13,079 [INFO] CodeEngine:265 - oldGeneratedFile, D:\TinyML_Workspace\TinyML\STM32\Nano_Aquisition\Core\Src\main.c_save
2026-08-29 11:04:13,155 [INFO] CodeEngine:289 - Generated code: D:\TinyML_Workspace\TinyML\STM32\Nano_Aquisition\Core\Src\main.c
2026-08-29 11:04:13,327 [INFO] ProjectBuilder:3606 - Time for Copy HAL[1] : 63mS.
2026-08-29 11:04:13,330 [INFO] ProjectBuilder:5216 - Project Generator version: 4.7.0-B52
2026-08-29 11:04:13,376 [INFO] ConfigFileManager:1595 - The Die is : DIE470
2026-08-29 11:04:13,380 [INFO] ApiDbMcu:532 - Load IP Config File for FATFS
2026-08-29 11:04:13,384 [INFO] ApiDbMcu:532 - Load IP Config File for FREERTOS
2026-08-29 11:04:13,389 [INFO] ApiDbMcu:532 - Load IP Config File for TOUCHSENSING
2026-08-29 11:04:13,393 [INFO] ApiDbMcu:532 - Load IP Config File for USB_DEVICE
2026-08-29 11:04:13,396 [INFO] ApiDbMcu:532 - Load IP Config File for USB_HOST
2026-08-29 11:04:13,582 [INFO] LogOutputStream:77 - [STDOUT_REDIRECT] 
2026-08-29 11:04:14,648 [INFO] ProjectBuilder:5496 - Time for Generating toolchain IDE Files: 1318mS.
2026-08-29 11:04:14,648 [INFO] ProjectBuilder:3463 - Time for Copy CMSIS : 0mS.
2026-08-29 11:04:14,649 [INFO] ProjectBuilder:3463 - Time for Copy CMSIS : 0mS.
2026-08-29 11:04:15,188 [INFO] McuFinderGlobals:76 - Set McuFinderConnectedMode to true
2026-08-29 11:04:15,190 [INFO] ApiDb:448 - Save user favorites file C:\Users\student/.stm32cubeide/favorites.mcus.txt: 0 item(s)
2026-08-29 11:04:15,190 [INFO] ApiDb:452 - User favorites MCUs=[]
2026-08-29 11:04:15,191 [INFO] ApiDb:448 - Save user favorites file C:\Users\student/.stm32cubeide/favorites.boards.txt: 0 item(s)
2026-08-29 11:04:15,191 [INFO] ApiDb:452 - User favorites Boards=[]
2026-08-29 11:04:49,861 [INFO] I2cTimingTraitement:330 - 0x30A175AB
2026-08-29 11:05:38,128 [INFO] UtilMem:75 - End SaveConfig() Used Memory: 845057584 Bytes (1073741824)
2026-08-29 11:05:39,736 [INFO] UtilMem:75 - End SaveConfig() Used Memory: 747635968 Bytes (1073741824)
2026-08-29 11:05:40,746 [INFO] UtilMem:75 - End SaveConfig() Used Memory: 794859632 Bytes (1073741824)
2026-08-29 11:05:40,809 [INFO] BlockDiagram:2775 - set Specific Code input for plugin: SYS
2026-08-29 11:05:40,809 [INFO] BlockDiagram:2775 - set Specific Code input for plugin: RCC
2026-08-29 11:05:40,809 [INFO] BlockDiagram:2775 - set Specific Code input for plugin: I2C
2026-08-29 11:05:40,809 [INFO] BlockDiagram:2775 - set Specific Code input for plugin: NVIC
2026-08-29 11:05:40,809 [INFO] BlockDiagram:2775 - set Specific Code input for plugin: USART
2026-08-29 11:05:40,809 [INFO] BlockDiagram:2775 - set Specific Code input for plugin: GPIO
2026-08-29 11:05:40,810 [INFO] CodeGenerator:892 - code generatio: config db path: C:\ST\STM32CubeIDE_1.19.0\STM32CubeIDE\plugins\com.st.stm32cube.common.mx_6.15.0.202507011659\\db\
2026-08-29 11:05:40,845 [INFO] CodeEngine:265 - oldGeneratedFile, D:\TinyML_Workspace\TinyML\STM32\Nano_Aquisition\MXTmpFiles\license.tmp_save
2026-08-29 11:05:40,875 [INFO] CodeEngine:289 - Generated code: D:\TinyML_Workspace\TinyML\STM32\Nano_Aquisition\MXTmpFiles\license.tmp
2026-08-29 11:05:40,883 [INFO] CodeEngine:265 - oldGeneratedFile, D:\TinyML_Workspace\TinyML\STM32\Nano_Aquisition\MXTmpFiles\gpio.tmp_save
2026-08-29 11:05:40,911 [INFO] CodeEngine:289 - Generated code: D:\TinyML_Workspace\TinyML\STM32\Nano_Aquisition\MXTmpFiles\gpio.tmp
2026-08-29 11:05:40,937 [INFO] CodeEngine:265 - oldGeneratedFile, D:\TinyML_Workspace\TinyML\STM32\Nano_Aquisition\Core\Src\stm32l4xx_it.c_save
2026-08-29 11:05:40,975 [INFO] CodeEngine:289 - Generated code: D:\TinyML_Workspace\TinyML\STM32\Nano_Aquisition\Core\Src\stm32l4xx_it.c
2026-08-29 11:05:40,977 [INFO] CodeEngine:265 - oldGeneratedFile, D:\TinyML_Workspace\TinyML\STM32\Nano_Aquisition\Core\Inc\stm32l4xx_it.h_save
2026-08-29 11:05:41,007 [INFO] CodeEngine:289 - Generated code: D:\TinyML_Workspace\TinyML\STM32\Nano_Aquisition\Core\Inc\stm32l4xx_it.h
2026-08-29 11:05:41,011 [INFO] CodeEngine:265 - oldGeneratedFile, D:\TinyML_Workspace\TinyML\STM32\Nano_Aquisition\Core\Src\stm32l4xx_hal_msp.c_save
2026-08-29 11:05:41,069 [INFO] CodeEngine:289 - Generated code: D:\TinyML_Workspace\TinyML\STM32\Nano_Aquisition\Core\Src\stm32l4xx_hal_msp.c
2026-08-29 11:05:41,071 [INFO] CodeEngine:265 - oldGeneratedFile, D:\TinyML_Workspace\TinyML\STM32\Nano_Aquisition\MXTmpFiles\system.tmp_save
2026-08-29 11:05:41,104 [INFO] CodeEngine:289 - Generated code: D:\TinyML_Workspace\TinyML\STM32\Nano_Aquisition\MXTmpFiles\system.tmp
2026-08-29 11:05:41,111 [INFO] CodeEngine:321 - oldGeneratedFile, D:\TinyML_Workspace\TinyML\STM32\Nano_Aquisition\Core\Inc\stm32l4xx_hal_conf.h_save
2026-08-29 11:05:41,142 [INFO] CodeEngine:345 - Generated code: D:\TinyML_Workspace\TinyML\STM32\Nano_Aquisition\Core\Inc\stm32l4xx_hal_conf.h
2026-08-29 11:05:41,150 [INFO] CodeEngine:265 - oldGeneratedFile, D:\TinyML_Workspace\TinyML\STM32\Nano_Aquisition\Core\Inc\main.h_save
2026-08-29 11:05:41,180 [INFO] CodeEngine:289 - Generated code: D:\TinyML_Workspace\TinyML\STM32\Nano_Aquisition\Core\Inc\main.h
2026-08-29 11:05:41,182 [INFO] CodeEngine:265 - oldGeneratedFile, D:\TinyML_Workspace\TinyML\STM32\Nano_Aquisition\Core\Src\main.c_save
2026-08-29 11:05:41,237 [INFO] CodeEngine:289 - Generated code: D:\TinyML_Workspace\TinyML\STM32\Nano_Aquisition\Core\Src\main.c
2026-08-29 11:05:41,354 [INFO] ProjectBuilder:3606 - Time for Copy HAL[1] : 50mS.
2026-08-29 11:05:41,355 [INFO] ProjectBuilder:5216 - Project Generator version: 4.7.0-B52
2026-08-29 11:05:41,388 [INFO] ConfigFileManager:1595 - The Die is : DIE470
2026-08-29 11:05:41,766 [INFO] ProjectBuilder:5496 - Time for Generating toolchain IDE Files: 411mS.
2026-08-29 11:05:41,766 [INFO] ProjectBuilder:3463 - Time for Copy CMSIS : 0mS.
2026-08-29 11:05:41,767 [INFO] ProjectBuilder:3463 - Time for Copy CMSIS : 0mS.
2026-08-29 12:21:15,762 [ERROR] LogOutputStream:75 - [STDERR_REDIRECT] 
